{"years":[{"date":"1987","value":"16598","year":"1987","month":"","quarter":"","sourceDataset":"CSDB10","updateDate":"2016-01-28T09:29:34.988Z"},{"date":"1988","value":"19924","year":"1988","month":"","quarter":"","sourceDataset":"CSDB10","updateDate":"2016-01-28T09:29:34.988Z"},{"date":"1989","value":"25644","year":"1989","month":"","quarter":"","sourceDataset":"CSDB10","updateDate":"2016-01-28T09:29:34.988Z"},{"date":"1990","value":"26565","year":"1990","month":"","quarter":"","sourceDataset":"CSDB10","updateDate":"2016-01-28T09:29:34.988Z"},{"date":"1991","value":"24724","year":"1991","month":"","quarter":"","sourceDataset":"CSDB10","updateDate":"2016-01-28T09:29:34.988Z"},{"date":"1992","value":"26114","year":"1992","month":"","quarter":"","sourceDataset":"CSDB10","updateDate":"2016-01-28T09:29:34.988Z"},{"date":"1993","value":"32507","year":"1993","month":"","quarter":"","sourceDataset":"CSDB10","updateDate":"2016-01-28T09:29:34.988Z"},{"date":"1994","value":"35046","year":"1994","month":"","quarter":"","sourceDataset":"CSDB10","updateDate":"2016-01-28T09:29:34.988Z"},{"date":"1995","value":"39088","year":"1995","month":"","quarter":"","sourceDataset":"CSDB10","updateDate":"2016-01-28T09:29:34.988Z"},{"date":"1996","value":"41285","year":"1996","month":"","quarter":"","sourceDataset":"CSDB10","updateDate":"2016-01-28T09:29:34.988Z"},{"date":"1997","value":"47617","year":"1997","month":"","quarter":"","sourceDataset":"CSDB10","updateDate":"2016-01-28T09:29:34.988Z"},{"date":"1998","value":"48870","year":"1998","month":"","quarter":"","sourceDataset":"CSDB10","updateDate":"2016-01-28T09:29:34.988Z"},{"date":"1999","value":"51901","year":"1999","month":"","quarter":"","sourceDataset":"CSDB10","updateDate":"2016-01-28T09:29:34.988Z"},{"date":"2000","value":"66283","year":"2000","month":"","quarter":"","sourceDataset":"CSDB10","updateDate":"2016-01-28T09:29:34.988Z"},{"date":"2001","value":"70395","year":"2001","month":"","quarter":"","sourceDataset":"CSDB10","updateDate":"2016-01-28T09:29:34.988Z"},{"date":"2002","value":"72282","year":"2002","month":"","quarter":"","sourceDataset":"CSDB10","updateDate":"2016-01-28T09:29:34.988Z"},{"date":"2003","value":"75043","year":"2003","month":"","quarter":"","sourceDataset":"CSDB10","updateDate":"2016-01-28T09:29:34.988Z"},{"date":"2004","value":"85577","year":"2004","month":"","quarter":"","sourceDataset":"CSDB10","updateDate":"2016-01-28T09:29:34.988Z"},{"date":"2005","value":"114036","year":"2005","month":"","quarter":"","sourceDataset":"CSDB10","updateDate":"2016-01-28T09:29:34.988Z"},{"date":"2006","value":"135978","year":"2006","month":"","quarter":"","sourceDataset":"CSDB10","updateDate":"2016-01-28T09:29:34.988Z"},{"date":"2007","value":"152273","year":"2007","month":"","quarter":"","sourceDataset":"CSDB10","updateDate":"2016-01-28T09:29:34.988Z"},{"date":"2008","value":"135072","year":"2008","month":"","quarter":"","sourceDataset":"CSDB10","updateDate":"2016-01-28T09:29:34.988Z"},{"date":"2009","value":"111928","year":"2009","month":"","quarter":"","sourceDataset":"CSDB10","updateDate":"2016-01-28T09:29:34.988Z"},{"date":"2010","value":"126581","year":"2010","month":"","quarter":"","sourceDataset":"CSDB10","updateDate":"2016-01-28T09:29:34.988Z"},{"date":"2011","value":"139229","year":"2011","month":"","quarter":"","sourceDataset":"CSDB10","updateDate":"2016-01-28T09:29:34.988Z"},{"date":"2012","value":"123450","year":"2012","month":"","quarter":"","sourceDataset":"CSDB10","updateDate":"2016-01-28T09:29:34.988Z"},{"date":"2013","value":"110229","year":"2013","month":"","quarter":"","sourceDataset":"CSDB10","updateDate":"2016-01-28T09:29:34.988Z"},{"date":"2014","value":"107075","year":"2014","month":"","quarter":"","sourceDataset":"CSDB10","updateDate":"2016-01-28T09:29:34.988Z"}],"quarters":[{"date":"1987 Q1","value":"4063","year":"1987","month":"","quarter":"Q1","sourceDataset":"CSDB10","updateDate":"2016-01-28T09:29:34.988Z"},{"date":"1987 Q2","value":"4226","year":"1987","month":"","quarter":"Q2","sourceDataset":"CSDB10","updateDate":"2016-01-28T09:29:34.988Z"},{"date":"1987 Q3","value":"4223","year":"1987","month":"","quarter":"Q3","sourceDataset":"CSDB10","updateDate":"2016-01-28T09:29:34.988Z"},{"date":"1987 Q4","value":"4086","year":"1987","month":"","quarter":"Q4","sourceDataset":"CSDB10","updateDate":"2016-01-28T09:29:34.988Z"},{"date":"1988 Q1","value":"4423","year":"1988","month":"","quarter":"Q1","sourceDataset":"CSDB10","updateDate":"2016-01-28T09:29:34.988Z"},{"date":"1988 Q2","value":"4926","year":"1988","month":"","quarter":"Q2","sourceDataset":"CSDB10","updateDate":"2016-01-28T09:29:34.988Z"},{"date":"1988 Q3","value":"5180","year":"1988","month":"","quarter":"Q3","sourceDataset":"CSDB10","updateDate":"2016-01-28T09:29:34.988Z"},{"date":"1988 Q4","value":"5395","year":"1988","month":"","quarter":"Q4","sourceDataset":"CSDB10","updateDate":"2016-01-28T09:29:34.988Z"},{"date":"1989 Q1","value":"6119","year":"1989","month":"","quarter":"Q1","sourceDataset":"CSDB10","updateDate":"2016-01-28T09:29:34.988Z"},{"date":"1989 Q2","value":"6714","year":"1989","month":"","quarter":"Q2","sourceDataset":"CSDB10","updateDate":"2016-01-28T09:29:34.988Z"},{"date":"1989 Q3","value":"5935","year":"1989","month":"","quarter":"Q3","sourceDataset":"CSDB10","updateDate":"2016-01-28T09:29:34.988Z"},{"date":"1989 Q4","value":"6876","year":"1989","month":"","quarter":"Q4","sourceDataset":"CSDB10","updateDate":"2016-01-28T09:29:34.988Z"},{"date":"1990 Q1","value":"6097","year":"1990","month":"","quarter":"Q1","sourceDataset":"CSDB10","updateDate":"2016-01-28T09:29:34.988Z"},{"date":"1990 Q2","value":"6077","year":"1990","month":"","quarter":"Q2","sourceDataset":"CSDB10","updateDate":"2016-01-28T09:29:34.988Z"},{"date":"1990 Q3","value":"7225","year":"1990","month":"","quarter":"Q3","sourceDataset":"CSDB10","updateDate":"2016-01-28T09:29:34.988Z"},{"date":"1990 Q4","value":"7166","year":"1990","month":"","quarter":"Q4","sourceDataset":"CSDB10","updateDate":"2016-01-28T09:29:34.988Z"},{"date":"1991 Q1","value":"5764","year":"1991","month":"","quarter":"Q1","sourceDataset":"CSDB10","updateDate":"2016-01-28T09:29:34.988Z"},{"date":"1991 Q2","value":"6271","year":"1991","month":"","quarter":"Q2","sourceDataset":"CSDB10","updateDate":"2016-01-28T09:29:34.988Z"},{"date":"1991 Q3","value":"6172","year":"1991","month":"","quarter":"Q3","sourceDataset":"CSDB10","updateDate":"2016-01-28T09:29:34.988Z"},{"date":"1991 Q4","value":"6517","year":"1991","month":"","quarter":"Q4","sourceDataset":"CSDB10","updateDate":"2016-01-28T09:29:34.988Z"},{"date":"1992 Q1","value":"5887","year":"1992","month":"","quarter":"Q1","sourceDataset":"CSDB10","updateDate":"2016-01-28T09:29:34.988Z"},{"date":"1992 Q2","value":"6405","year":"1992","month":"","quarter":"Q2","sourceDataset":"CSDB10","updateDate":"2016-01-28T09:29:34.988Z"},{"date":"1992 Q3","value":"6666","year":"1992","month":"","quarter":"Q3","sourceDataset":"CSDB10","updateDate":"2016-01-28T09:29:34.988Z"},{"date":"1992 Q4","value":"7156","year":"1992","month":"","quarter":"Q4","sourceDataset":"CSDB10","updateDate":"2016-01-28T09:29:34.988Z"},{"date":"1993 Q1","value":"7324","year":"1993","month":"","quarter":"Q1","sourceDataset":"CSDB10","updateDate":"2016-01-28T09:29:34.988Z"},{"date":"1993 Q2","value":"8074","year":"1993","month":"","quarter":"Q2","sourceDataset":"CSDB10","updateDate":"2016-01-28T09:29:34.988Z"},{"date":"1993 Q3","value":"8716","year":"1993","month":"","quarter":"Q3","sourceDataset":"CSDB10","updateDate":"2016-01-28T09:29:34.988Z"},{"date":"1993 Q4","value":"8393","year":"1993","month":"","quarter":"Q4","sourceDataset":"CSDB10","updateDate":"2016-01-28T09:29:34.988Z"},{"date":"1994 Q1","value":"8129","year":"1994","month":"","quarter":"Q1","sourceDataset":"CSDB10","updateDate":"2016-01-28T09:29:34.988Z"},{"date":"1994 Q2","value":"8921","year":"1994","month":"","quarter":"Q2","sourceDataset":"CSDB10","updateDate":"2016-01-28T09:29:34.988Z"},{"date":"1994 Q3","value":"9305","year":"1994","month":"","quarter":"Q3","sourceDataset":"CSDB10","updateDate":"2016-01-28T09:29:34.988Z"},{"date":"1994 Q4","value":"8691","year":"1994","month":"","quarter":"Q4","sourceDataset":"CSDB10","updateDate":"2016-01-28T09:29:34.988Z"},{"date":"1995 Q1","value":"8637","year":"1995","month":"","quarter":"Q1","sourceDataset":"CSDB10","updateDate":"2016-01-28T09:29:34.988Z"},{"date":"1995 Q2","value":"10009","year":"1995","month":"","quarter":"Q2","sourceDataset":"CSDB10","updateDate":"2016-01-28T09:29:34.988Z"},{"date":"1995 Q3","value":"9846","year":"1995","month":"","quarter":"Q3","sourceDataset":"CSDB10","updateDate":"2016-01-28T09:29:34.988Z"},{"date":"1995 Q4","value":"10596","year":"1995","month":"","quarter":"Q4","sourceDataset":"CSDB10","updateDate":"2016-01-28T09:29:34.988Z"},{"date":"1996 Q1","value":"9855","year":"1996","month":"","quarter":"Q1","sourceDataset":"CSDB10","updateDate":"2016-01-28T09:29:34.988Z"},{"date":"1996 Q2","value":"10660","year":"1996","month":"","quarter":"Q2","sourceDataset":"CSDB10","updateDate":"2016-01-28T09:29:34.988Z"},{"date":"1996 Q3","value":"10397","year":"1996","month":"","quarter":"Q3","sourceDataset":"CSDB10","updateDate":"2016-01-28T09:29:34.988Z"},{"date":"1996 Q4","value":"10373","year":"1996","month":"","quarter":"Q4","sourceDataset":"CSDB10","updateDate":"2016-01-28T09:29:34.988Z"},{"date":"1997 Q1","value":"10955","year":"1997","month":"","quarter":"Q1","sourceDataset":"CSDB10","updateDate":"2016-01-28T09:29:34.988Z"},{"date":"1997 Q2","value":"12798","year":"1997","month":"","quarter":"Q2","sourceDataset":"CSDB10","updateDate":"2016-01-28T09:29:34.988Z"},{"date":"1997 Q3","value":"13260","year":"1997","month":"","quarter":"Q3","sourceDataset":"CSDB10","updateDate":"2016-01-28T09:29:34.988Z"},{"date":"1997 Q4","value":"10604","year":"1997","month":"","quarter":"Q4","sourceDataset":"CSDB10","updateDate":"2016-01-28T09:29:34.988Z"},{"date":"1998 Q1","value":"11264","year":"1998","month":"","quarter":"Q1","sourceDataset":"CSDB10","updateDate":"2016-01-28T09:29:34.988Z"},{"date":"1998 Q2","value":"12938","year":"1998","month":"","quarter":"Q2","sourceDataset":"CSDB10","updateDate":"2016-01-28T09:29:34.988Z"},{"date":"1998 Q3","value":"13256","year":"1998","month":"","quarter":"Q3","sourceDataset":"CSDB10","updateDate":"2016-01-28T09:29:34.988Z"},{"date":"1998 Q4","value":"11412","year":"1998","month":"","quarter":"Q4","sourceDataset":"CSDB10","updateDate":"2016-01-28T09:29:34.988Z"},{"date":"1999 Q1","value":"10307","year":"1999","month":"","quarter":"Q1","sourceDataset":"CSDB10","updateDate":"2016-01-28T09:29:34.988Z"},{"date":"1999 Q2","value":"13650","year":"1999","month":"","quarter":"Q2","sourceDataset":"CSDB10","updateDate":"2016-01-28T09:29:34.988Z"},{"date":"1999 Q3","value":"14719","year":"1999","month":"","quarter":"Q3","sourceDataset":"CSDB10","updateDate":"2016-01-28T09:29:34.988Z"},{"date":"1999 Q4","value":"13225","year":"1999","month":"","quarter":"Q4","sourceDataset":"CSDB10","updateDate":"2016-01-28T09:29:34.988Z"},{"date":"2000 Q1","value":"15011","year":"2000","month":"","quarter":"Q1","sourceDataset":"CSDB10","updateDate":"2016-01-28T09:29:34.988Z"},{"date":"2000 Q2","value":"16833","year":"2000","month":"","quarter":"Q2","sourceDataset":"CSDB10","updateDate":"2016-01-28T09:29:34.988Z"},{"date":"2000 Q3","value":"18031","year":"2000","month":"","quarter":"Q3","sourceDataset":"CSDB10","updateDate":"2016-01-28T09:29:34.988Z"},{"date":"2000 Q4","value":"16408","year":"2000","month":"","quarter":"Q4","sourceDataset":"CSDB10","updateDate":"2016-01-28T09:29:34.988Z"},{"date":"2001 Q1","value":"19946","year":"2001","month":"","quarter":"Q1","sourceDataset":"CSDB10","updateDate":"2016-01-28T09:29:34.988Z"},{"date":"2001 Q2","value":"18209","year":"2001","month":"","quarter":"Q2","sourceDataset":"CSDB10","updateDate":"2016-01-28T09:29:34.988Z"},{"date":"2001 Q3","value":"17329","year":"2001","month":"","quarter":"Q3","sourceDataset":"CSDB10","updateDate":"2016-01-28T09:29:34.988Z"},{"date":"2001 Q4","value":"14911","year":"2001","month":"","quarter":"Q4","sourceDataset":"CSDB10","updateDate":"2016-01-28T09:29:34.988Z"},{"date":"2002 Q1","value":"17047","year":"2002","month":"","quarter":"Q1","sourceDataset":"CSDB10","updateDate":"2016-01-28T09:29:34.988Z"},{"date":"2002 Q2","value":"17988","year":"2002","month":"","quarter":"Q2","sourceDataset":"CSDB10","updateDate":"2016-01-28T09:29:34.988Z"},{"date":"2002 Q3","value":"19083","year":"2002","month":"","quarter":"Q3","sourceDataset":"CSDB10","updateDate":"2016-01-28T09:29:34.988Z"},{"date":"2002 Q4","value":"18164","year":"2002","month":"","quarter":"Q4","sourceDataset":"CSDB10","updateDate":"2016-01-28T09:29:34.988Z"},{"date":"2003 Q1","value":"18382","year":"2003","month":"","quarter":"Q1","sourceDataset":"CSDB10","updateDate":"2016-01-28T09:29:34.988Z"},{"date":"2003 Q2","value":"18543","year":"2003","month":"","quarter":"Q2","sourceDataset":"CSDB10","updateDate":"2016-01-28T09:29:34.988Z"},{"date":"2003 Q3","value":"19022","year":"2003","month":"","quarter":"Q3","sourceDataset":"CSDB10","updateDate":"2016-01-28T09:29:34.988Z"},{"date":"2003 Q4","value":"19096","year":"2003","month":"","quarter":"Q4","sourceDataset":"CSDB10","updateDate":"2016-01-28T09:29:34.988Z"},{"date":"2004 Q1","value":"18522","year":"2004","month":"","quarter":"Q1","sourceDataset":"CSDB10","updateDate":"2016-01-28T09:29:34.988Z"},{"date":"2004 Q2","value":"20103","year":"2004","month":"","quarter":"Q2","sourceDataset":"CSDB10","updateDate":"2016-01-28T09:29:34.988Z"},{"date":"2004 Q3","value":"21714","year":"2004","month":"","quarter":"Q3","sourceDataset":"CSDB10","updateDate":"2016-01-28T09:29:34.988Z"},{"date":"2004 Q4","value":"25238","year":"2004","month":"","quarter":"Q4","sourceDataset":"CSDB10","updateDate":"2016-01-28T09:29:34.988Z"},{"date":"2005 Q1","value":"24906","year":"2005","month":"","quarter":"Q1","sourceDataset":"CSDB10","updateDate":"2016-01-28T09:29:34.988Z"},{"date":"2005 Q2","value":"29734","year":"2005","month":"","quarter":"Q2","sourceDataset":"CSDB10","updateDate":"2016-01-28T09:29:34.988Z"},{"date":"2005 Q3","value":"29589","year":"2005","month":"","quarter":"Q3","sourceDataset":"CSDB10","updateDate":"2016-01-28T09:29:34.988Z"},{"date":"2005 Q4","value":"29807","year":"2005","month":"","quarter":"Q4","sourceDataset":"CSDB10","updateDate":"2016-01-28T09:29:34.988Z"},{"date":"2006 Q1","value":"29370","year":"2006","month":"","quarter":"Q1","sourceDataset":"CSDB10","updateDate":"2016-01-28T09:29:34.988Z"},{"date":"2006 Q2","value":"33763","year":"2006","month":"","quarter":"Q2","sourceDataset":"CSDB10","updateDate":"2016-01-28T09:29:34.988Z"},{"date":"2006 Q3","value":"36003","year":"2006","month":"","quarter":"Q3","sourceDataset":"CSDB10","updateDate":"2016-01-28T09:29:34.988Z"},{"date":"2006 Q4","value":"36842","year":"2006","month":"","quarter":"Q4","sourceDataset":"CSDB10","updateDate":"2016-01-28T09:29:34.988Z"},{"date":"2007 Q1","value":"35073","year":"2007","month":"","quarter":"Q1","sourceDataset":"CSDB10","updateDate":"2016-01-28T09:29:34.988Z"},{"date":"2007 Q2","value":"39372","year":"2007","month":"","quarter":"Q2","sourceDataset":"CSDB10","updateDate":"2016-01-28T09:29:34.988Z"},{"date":"2007 Q3","value":"39092","year":"2007","month":"","quarter":"Q3","sourceDataset":"CSDB10","updateDate":"2016-01-28T09:29:34.988Z"},{"date":"2007 Q4","value":"38736","year":"2007","month":"","quarter":"Q4","sourceDataset":"CSDB10","updateDate":"2016-01-28T09:29:34.988Z"},{"date":"2008 Q1","value":"37383","year":"2008","month":"","quarter":"Q1","sourceDataset":"CSDB10","updateDate":"2016-01-28T09:29:34.988Z"},{"date":"2008 Q2","value":"39343","year":"2008","month":"","quarter":"Q2","sourceDataset":"CSDB10","updateDate":"2016-01-28T09:29:34.988Z"},{"date":"2008 Q3","value":"34820","year":"2008","month":"","quarter":"Q3","sourceDataset":"CSDB10","updateDate":"2016-01-28T09:29:34.988Z"},{"date":"2008 Q4","value":"23526","year":"2008","month":"","quarter":"Q4","sourceDataset":"CSDB10","updateDate":"2016-01-28T09:29:34.988Z"},{"date":"2009 Q1","value":"26246","year":"2009","month":"","quarter":"Q1","sourceDataset":"CSDB10","updateDate":"2016-01-28T09:29:34.988Z"},{"date":"2009 Q2","value":"26629","year":"2009","month":"","quarter":"Q2","sourceDataset":"CSDB10","updateDate":"2016-01-28T09:29:34.988Z"},{"date":"2009 Q3","value":"30398","year":"2009","month":"","quarter":"Q3","sourceDataset":"CSDB10","updateDate":"2016-01-28T09:29:34.988Z"},{"date":"2009 Q4","value":"28655","year":"2009","month":"","quarter":"Q4","sourceDataset":"CSDB10","updateDate":"2016-01-28T09:29:34.988Z"},{"date":"2010 Q1","value":"30291","year":"2010","month":"","quarter":"Q1","sourceDataset":"CSDB10","updateDate":"2016-01-28T09:29:34.988Z"},{"date":"2010 Q2","value":"31286","year":"2010","month":"","quarter":"Q2","sourceDataset":"CSDB10","updateDate":"2016-01-28T09:29:34.988Z"},{"date":"2010 Q3","value":"32505","year":"2010","month":"","quarter":"Q3","sourceDataset":"CSDB10","updateDate":"2016-01-28T09:29:34.988Z"},{"date":"2010 Q4","value":"32499","year":"2010","month":"","quarter":"Q4","sourceDataset":"CSDB10","updateDate":"2016-01-28T09:29:34.988Z"},{"date":"2011 Q1","value":"33167","year":"2011","month":"","quarter":"Q1","sourceDataset":"CSDB10","updateDate":"2016-01-28T09:29:34.988Z"},{"date":"2011 Q2","value":"38000","year":"2011","month":"","quarter":"Q2","sourceDataset":"CSDB10","updateDate":"2016-01-28T09:29:34.988Z"},{"date":"2011 Q3","value":"34210","year":"2011","month":"","quarter":"Q3","sourceDataset":"CSDB10","updateDate":"2016-01-28T09:29:34.988Z"},{"date":"2011 Q4","value":"33852","year":"2011","month":"","quarter":"Q4","sourceDataset":"CSDB10","updateDate":"2016-01-28T09:29:34.988Z"},{"date":"2012 Q1","value":"31730","year":"2012","month":"","quarter":"Q1","sourceDataset":"CSDB10","updateDate":"2016-01-28T09:29:34.988Z"},{"date":"2012 Q2","value":"32888","year":"2012","month":"","quarter":"Q2","sourceDataset":"CSDB10","updateDate":"2016-01-28T09:29:34.988Z"},{"date":"2012 Q3","value":"31488","year":"2012","month":"","quarter":"Q3","sourceDataset":"CSDB10","updateDate":"2016-01-28T09:29:34.988Z"},{"date":"2012 Q4","value":"27344","year":"2012","month":"","quarter":"Q4","sourceDataset":"CSDB10","updateDate":"2016-01-28T09:29:34.988Z"},{"date":"2013 Q1","value":"24208","year":"2013","month":"","quarter":"Q1","sourceDataset":"CSDB10","updateDate":"2016-01-28T09:29:34.988Z"},{"date":"2013 Q2","value":"32938","year":"2013","month":"","quarter":"Q2","sourceDataset":"CSDB10","updateDate":"2016-01-28T09:29:34.988Z"},{"date":"2013 Q3","value":"27179","year":"2013","month":"","quarter":"Q3","sourceDataset":"CSDB10","updateDate":"2016-01-28T09:29:34.988Z"},{"date":"2013 Q4","value":"25904","year":"2013","month":"","quarter":"Q4","sourceDataset":"CSDB10","updateDate":"2016-01-28T09:29:34.988Z"},{"date":"2014 Q1","value":"27753","year":"2014","month":"","quarter":"Q1","sourceDataset":"CSDB10","updateDate":"2016-01-28T09:29:34.988Z"},{"date":"2014 Q2","value":"29509","year":"2014","month":"","quarter":"Q2","sourceDataset":"CSDB10","updateDate":"2016-01-28T09:29:34.988Z"},{"date":"2014 Q3","value":"23506","year":"2014","month":"","quarter":"Q3","sourceDataset":"CSDB10","updateDate":"2016-01-28T09:29:34.988Z"},{"date":"2014 Q4","value":"26307","year":"2014","month":"","quarter":"Q4","sourceDataset":"CSDB10","updateDate":"2016-01-28T09:29:34.988Z"},{"date":"2015 Q1","value":"30061","year":"2015","month":"","quarter":"Q1","sourceDataset":"CSDB10","updateDate":"2016-01-28T09:29:34.988Z"},{"date":"2015 Q2","value":"27758","year":"2015","month":"","quarter":"Q2","sourceDataset":"CSDB10","updateDate":"2016-01-28T09:29:34.988Z"},{"date":"2015 Q3","value":"25515","year":"2015","month":"","quarter":"Q3","sourceDataset":"CSDB10","updateDate":"2016-01-28T09:29:34.988Z"}],"months":[],"sourceDatasets":["CSDB10"],"relatedDatasets":[{"uri":"/economy/environmentalaccounts/datasets/werwerwerwerwerwr/2015"}],"relatedDocuments":[],"type":"timeseries","description":{"title":"BoP Inc credits total other sectors NSA £m                              ","contact":{"email":"","name":"","telephone":""},"releaseDate":"2016-01-27T00:00:00.000Z","nextRelease":"","cdid":"CGNW","unit":"","preUnit":"","source":"","seasonalAdjustment":"NSA","date":"2015 Q3","number":"25515"}}