{"years":[{"date":"1999","value":"15","year":"1999","month":"","quarter":"","sourceDataset":"CSDB10","updateDate":"2016-01-28T09:29:35.256Z"},{"date":"2000","value":"15","year":"2000","month":"","quarter":"","sourceDataset":"CSDB10","updateDate":"2016-01-28T09:29:35.256Z"},{"date":"2001","value":"16","year":"2001","month":"","quarter":"","sourceDataset":"CSDB10","updateDate":"2016-01-28T09:29:35.256Z"},{"date":"2002","value":"28","year":"2002","month":"","quarter":"","sourceDataset":"CSDB10","updateDate":"2016-01-28T09:29:35.256Z"},{"date":"2003","value":"23","year":"2003","month":"","quarter":"","sourceDataset":"CSDB10","updateDate":"2016-01-28T09:29:35.256Z"},{"date":"2004","value":"25","year":"2004","month":"","quarter":"","sourceDataset":"CSDB10","updateDate":"2016-01-28T09:29:35.256Z"},{"date":"2005","value":"32","year":"2005","month":"","quarter":"","sourceDataset":"CSDB10","updateDate":"2016-01-28T09:29:35.256Z"},{"date":"2006","value":"81","year":"2006","month":"","quarter":"","sourceDataset":"CSDB10","updateDate":"2016-01-28T09:29:35.256Z"},{"date":"2007","value":"50","year":"2007","month":"","quarter":"","sourceDataset":"CSDB10","updateDate":"2016-01-28T09:29:35.256Z"},{"date":"2008","value":"56","year":"2008","month":"","quarter":"","sourceDataset":"CSDB10","updateDate":"2016-01-28T09:29:35.256Z"},{"date":"2009","value":"43","year":"2009","month":"","quarter":"","sourceDataset":"CSDB10","updateDate":"2016-01-28T09:29:35.256Z"},{"date":"2010","value":"56","year":"2010","month":"","quarter":"","sourceDataset":"CSDB10","updateDate":"2016-01-28T09:29:35.256Z"},{"date":"2011","value":"53","year":"2011","month":"","quarter":"","sourceDataset":"CSDB10","updateDate":"2016-01-28T09:29:35.256Z"},{"date":"2012","value":"67","year":"2012","month":"","quarter":"","sourceDataset":"CSDB10","updateDate":"2016-01-28T09:29:35.256Z"},{"date":"2013","value":"80","year":"2013","month":"","quarter":"","sourceDataset":"CSDB10","updateDate":"2016-01-28T09:29:35.256Z"},{"date":"2014","value":"80","year":"2014","month":"","quarter":"","sourceDataset":"CSDB10","updateDate":"2016-01-28T09:29:35.256Z"}],"quarters":[{"date":"1999 Q1","value":"4","year":"1999","month":"","quarter":"Q1","sourceDataset":"CSDB10","updateDate":"2016-01-28T09:29:35.256Z"},{"date":"1999 Q2","value":"4","year":"1999","month":"","quarter":"Q2","sourceDataset":"CSDB10","updateDate":"2016-01-28T09:29:35.256Z"},{"date":"1999 Q3","value":"3","year":"1999","month":"","quarter":"Q3","sourceDataset":"CSDB10","updateDate":"2016-01-28T09:29:35.256Z"},{"date":"1999 Q4","value":"4","year":"1999","month":"","quarter":"Q4","sourceDataset":"CSDB10","updateDate":"2016-01-28T09:29:35.256Z"},{"date":"2000 Q1","value":"4","year":"2000","month":"","quarter":"Q1","sourceDataset":"CSDB10","updateDate":"2016-01-28T09:29:35.256Z"},{"date":"2000 Q2","value":"4","year":"2000","month":"","quarter":"Q2","sourceDataset":"CSDB10","updateDate":"2016-01-28T09:29:35.256Z"},{"date":"2000 Q3","value":"4","year":"2000","month":"","quarter":"Q3","sourceDataset":"CSDB10","updateDate":"2016-01-28T09:29:35.256Z"},{"date":"2000 Q4","value":"3","year":"2000","month":"","quarter":"Q4","sourceDataset":"CSDB10","updateDate":"2016-01-28T09:29:35.256Z"},{"date":"2001 Q1","value":"3","year":"2001","month":"","quarter":"Q1","sourceDataset":"CSDB10","updateDate":"2016-01-28T09:29:35.256Z"},{"date":"2001 Q2","value":"3","year":"2001","month":"","quarter":"Q2","sourceDataset":"CSDB10","updateDate":"2016-01-28T09:29:35.256Z"},{"date":"2001 Q3","value":"7","year":"2001","month":"","quarter":"Q3","sourceDataset":"CSDB10","updateDate":"2016-01-28T09:29:35.256Z"},{"date":"2001 Q4","value":"3","year":"2001","month":"","quarter":"Q4","sourceDataset":"CSDB10","updateDate":"2016-01-28T09:29:35.256Z"},{"date":"2002 Q1","value":"5","year":"2002","month":"","quarter":"Q1","sourceDataset":"CSDB10","updateDate":"2016-01-28T09:29:35.256Z"},{"date":"2002 Q2","value":"5","year":"2002","month":"","quarter":"Q2","sourceDataset":"CSDB10","updateDate":"2016-01-28T09:29:35.256Z"},{"date":"2002 Q3","value":"8","year":"2002","month":"","quarter":"Q3","sourceDataset":"CSDB10","updateDate":"2016-01-28T09:29:35.256Z"},{"date":"2002 Q4","value":"10","year":"2002","month":"","quarter":"Q4","sourceDataset":"CSDB10","updateDate":"2016-01-28T09:29:35.256Z"},{"date":"2003 Q1","value":"6","year":"2003","month":"","quarter":"Q1","sourceDataset":"CSDB10","updateDate":"2016-01-28T09:29:35.256Z"},{"date":"2003 Q2","value":"6","year":"2003","month":"","quarter":"Q2","sourceDataset":"CSDB10","updateDate":"2016-01-28T09:29:35.256Z"},{"date":"2003 Q3","value":"6","year":"2003","month":"","quarter":"Q3","sourceDataset":"CSDB10","updateDate":"2016-01-28T09:29:35.256Z"},{"date":"2003 Q4","value":"5","year":"2003","month":"","quarter":"Q4","sourceDataset":"CSDB10","updateDate":"2016-01-28T09:29:35.256Z"},{"date":"2004 Q1","value":"7","year":"2004","month":"","quarter":"Q1","sourceDataset":"CSDB10","updateDate":"2016-01-28T09:29:35.256Z"},{"date":"2004 Q2","value":"7","year":"2004","month":"","quarter":"Q2","sourceDataset":"CSDB10","updateDate":"2016-01-28T09:29:35.256Z"},{"date":"2004 Q3","value":"6","year":"2004","month":"","quarter":"Q3","sourceDataset":"CSDB10","updateDate":"2016-01-28T09:29:35.256Z"},{"date":"2004 Q4","value":"5","year":"2004","month":"","quarter":"Q4","sourceDataset":"CSDB10","updateDate":"2016-01-28T09:29:35.256Z"},{"date":"2005 Q1","value":"6","year":"2005","month":"","quarter":"Q1","sourceDataset":"CSDB10","updateDate":"2016-01-28T09:29:35.256Z"},{"date":"2005 Q2","value":"6","year":"2005","month":"","quarter":"Q2","sourceDataset":"CSDB10","updateDate":"2016-01-28T09:29:35.256Z"},{"date":"2005 Q3","value":"13","year":"2005","month":"","quarter":"Q3","sourceDataset":"CSDB10","updateDate":"2016-01-28T09:29:35.256Z"},{"date":"2005 Q4","value":"7","year":"2005","month":"","quarter":"Q4","sourceDataset":"CSDB10","updateDate":"2016-01-28T09:29:35.256Z"},{"date":"2006 Q1","value":"15","year":"2006","month":"","quarter":"Q1","sourceDataset":"CSDB10","updateDate":"2016-01-28T09:29:35.256Z"},{"date":"2006 Q2","value":"20","year":"2006","month":"","quarter":"Q2","sourceDataset":"CSDB10","updateDate":"2016-01-28T09:29:35.256Z"},{"date":"2006 Q3","value":"22","year":"2006","month":"","quarter":"Q3","sourceDataset":"CSDB10","updateDate":"2016-01-28T09:29:35.256Z"},{"date":"2006 Q4","value":"24","year":"2006","month":"","quarter":"Q4","sourceDataset":"CSDB10","updateDate":"2016-01-28T09:29:35.256Z"},{"date":"2007 Q1","value":"10","year":"2007","month":"","quarter":"Q1","sourceDataset":"CSDB10","updateDate":"2016-01-28T09:29:35.256Z"},{"date":"2007 Q2","value":"14","year":"2007","month":"","quarter":"Q2","sourceDataset":"CSDB10","updateDate":"2016-01-28T09:29:35.256Z"},{"date":"2007 Q3","value":"12","year":"2007","month":"","quarter":"Q3","sourceDataset":"CSDB10","updateDate":"2016-01-28T09:29:35.256Z"},{"date":"2007 Q4","value":"14","year":"2007","month":"","quarter":"Q4","sourceDataset":"CSDB10","updateDate":"2016-01-28T09:29:35.256Z"},{"date":"2008 Q1","value":"16","year":"2008","month":"","quarter":"Q1","sourceDataset":"CSDB10","updateDate":"2016-01-28T09:29:35.256Z"},{"date":"2008 Q2","value":"14","year":"2008","month":"","quarter":"Q2","sourceDataset":"CSDB10","updateDate":"2016-01-28T09:29:35.256Z"},{"date":"2008 Q3","value":"14","year":"2008","month":"","quarter":"Q3","sourceDataset":"CSDB10","updateDate":"2016-01-28T09:29:35.256Z"},{"date":"2008 Q4","value":"12","year":"2008","month":"","quarter":"Q4","sourceDataset":"CSDB10","updateDate":"2016-01-28T09:29:35.256Z"},{"date":"2009 Q1","value":"9","year":"2009","month":"","quarter":"Q1","sourceDataset":"CSDB10","updateDate":"2016-01-28T09:29:35.256Z"},{"date":"2009 Q2","value":"10","year":"2009","month":"","quarter":"Q2","sourceDataset":"CSDB10","updateDate":"2016-01-28T09:29:35.256Z"},{"date":"2009 Q3","value":"11","year":"2009","month":"","quarter":"Q3","sourceDataset":"CSDB10","updateDate":"2016-01-28T09:29:35.256Z"},{"date":"2009 Q4","value":"13","year":"2009","month":"","quarter":"Q4","sourceDataset":"CSDB10","updateDate":"2016-01-28T09:29:35.256Z"},{"date":"2010 Q1","value":"12","year":"2010","month":"","quarter":"Q1","sourceDataset":"CSDB10","updateDate":"2016-01-28T09:29:35.256Z"},{"date":"2010 Q2","value":"13","year":"2010","month":"","quarter":"Q2","sourceDataset":"CSDB10","updateDate":"2016-01-28T09:29:35.256Z"},{"date":"2010 Q3","value":"15","year":"2010","month":"","quarter":"Q3","sourceDataset":"CSDB10","updateDate":"2016-01-28T09:29:35.256Z"},{"date":"2010 Q4","value":"16","year":"2010","month":"","quarter":"Q4","sourceDataset":"CSDB10","updateDate":"2016-01-28T09:29:35.256Z"},{"date":"2011 Q1","value":"14","year":"2011","month":"","quarter":"Q1","sourceDataset":"CSDB10","updateDate":"2016-01-28T09:29:35.256Z"},{"date":"2011 Q2","value":"13","year":"2011","month":"","quarter":"Q2","sourceDataset":"CSDB10","updateDate":"2016-01-28T09:29:35.256Z"},{"date":"2011 Q3","value":"13","year":"2011","month":"","quarter":"Q3","sourceDataset":"CSDB10","updateDate":"2016-01-28T09:29:35.256Z"},{"date":"2011 Q4","value":"13","year":"2011","month":"","quarter":"Q4","sourceDataset":"CSDB10","updateDate":"2016-01-28T09:29:35.256Z"},{"date":"2012 Q1","value":"17","year":"2012","month":"","quarter":"Q1","sourceDataset":"CSDB10","updateDate":"2016-01-28T09:29:35.256Z"},{"date":"2012 Q2","value":"16","year":"2012","month":"","quarter":"Q2","sourceDataset":"CSDB10","updateDate":"2016-01-28T09:29:35.256Z"},{"date":"2012 Q3","value":"17","year":"2012","month":"","quarter":"Q3","sourceDataset":"CSDB10","updateDate":"2016-01-28T09:29:35.256Z"},{"date":"2012 Q4","value":"17","year":"2012","month":"","quarter":"Q4","sourceDataset":"CSDB10","updateDate":"2016-01-28T09:29:35.256Z"},{"date":"2013 Q1","value":"20","year":"2013","month":"","quarter":"Q1","sourceDataset":"CSDB10","updateDate":"2016-01-28T09:29:35.256Z"},{"date":"2013 Q2","value":"21","year":"2013","month":"","quarter":"Q2","sourceDataset":"CSDB10","updateDate":"2016-01-28T09:29:35.256Z"},{"date":"2013 Q3","value":"19","year":"2013","month":"","quarter":"Q3","sourceDataset":"CSDB10","updateDate":"2016-01-28T09:29:35.256Z"},{"date":"2013 Q4","value":"20","year":"2013","month":"","quarter":"Q4","sourceDataset":"CSDB10","updateDate":"2016-01-28T09:29:35.256Z"},{"date":"2014 Q1","value":"21","year":"2014","month":"","quarter":"Q1","sourceDataset":"CSDB10","updateDate":"2016-01-28T09:29:35.256Z"},{"date":"2014 Q2","value":"21","year":"2014","month":"","quarter":"Q2","sourceDataset":"CSDB10","updateDate":"2016-01-28T09:29:35.256Z"},{"date":"2014 Q3","value":"20","year":"2014","month":"","quarter":"Q3","sourceDataset":"CSDB10","updateDate":"2016-01-28T09:29:35.256Z"},{"date":"2014 Q4","value":"18","year":"2014","month":"","quarter":"Q4","sourceDataset":"CSDB10","updateDate":"2016-01-28T09:29:35.256Z"},{"date":"2015 Q1","value":"20","year":"2015","month":"","quarter":"Q1","sourceDataset":"CSDB10","updateDate":"2016-01-28T09:29:35.256Z"},{"date":"2015 Q2","value":"19","year":"2015","month":"","quarter":"Q2","sourceDataset":"CSDB10","updateDate":"2016-01-28T09:29:35.256Z"},{"date":"2015 Q3","value":"19","year":"2015","month":"","quarter":"Q3","sourceDataset":"CSDB10","updateDate":"2016-01-28T09:29:35.256Z"}],"months":[],"sourceDatasets":["CSDB10"],"relatedDatasets":[{"uri":"/economy/environmentalaccounts/datasets/werwerwerwerwerwr/2015"}],"relatedDocuments":[],"type":"timeseries","description":{"title":"Secondary Income: Exports/Credits: India SA                             ","contact":{"email":"","name":"","telephone":""},"releaseDate":"2016-01-27T00:00:00.000Z","nextRelease":"","cdid":"EVQ2","unit":"","preUnit":"","source":"","seasonalAdjustment":"NSA","date":"2015 Q3","number":"19"}}