{"years":[{"date":"1948","value":"3.7","year":"1948","month":"","quarter":"","sourceDataset":"CSDB2","updateDate":"2016-01-27T15:25:46.727Z"},{"date":"1949","value":"3.8","year":"1949","month":"","quarter":"","sourceDataset":"CSDB2","updateDate":"2016-01-27T15:25:46.727Z"},{"date":"1950","value":"3.8","year":"1950","month":"","quarter":"","sourceDataset":"CSDB2","updateDate":"2016-01-27T15:25:46.727Z"},{"date":"1951","value":"4.1","year":"1951","month":"","quarter":"","sourceDataset":"CSDB2","updateDate":"2016-01-27T15:25:46.727Z"},{"date":"1952","value":"4.4","year":"1952","month":"","quarter":"","sourceDataset":"CSDB2","updateDate":"2016-01-27T15:25:46.727Z"},{"date":"1953","value":"4.5","year":"1953","month":"","quarter":"","sourceDataset":"CSDB2","updateDate":"2016-01-27T15:25:46.727Z"},{"date":"1954","value":"4.5","year":"1954","month":"","quarter":"","sourceDataset":"CSDB2","updateDate":"2016-01-27T15:25:46.727Z"},{"date":"1955","value":"4.7","year":"1955","month":"","quarter":"","sourceDataset":"CSDB2","updateDate":"2016-01-27T15:25:46.727Z"},{"date":"1956","value":"5.0","year":"1956","month":"","quarter":"","sourceDataset":"CSDB2","updateDate":"2016-01-27T15:25:46.727Z"},{"date":"1957","value":"5.3","year":"1957","month":"","quarter":"","sourceDataset":"CSDB2","updateDate":"2016-01-27T15:25:46.727Z"},{"date":"1958","value":"5.5","year":"1958","month":"","quarter":"","sourceDataset":"CSDB2","updateDate":"2016-01-27T15:25:46.727Z"},{"date":"1959","value":"5.5","year":"1959","month":"","quarter":"","sourceDataset":"CSDB2","updateDate":"2016-01-27T15:25:46.727Z"},{"date":"1960","value":"5.6","year":"1960","month":"","quarter":"","sourceDataset":"CSDB2","updateDate":"2016-01-27T15:25:46.727Z"},{"date":"1961","value":"5.8","year":"1961","month":"","quarter":"","sourceDataset":"CSDB2","updateDate":"2016-01-27T15:25:46.727Z"},{"date":"1962","value":"5.9","year":"1962","month":"","quarter":"","sourceDataset":"CSDB2","updateDate":"2016-01-27T15:25:46.727Z"},{"date":"1963","value":"6.0","year":"1963","month":"","quarter":"","sourceDataset":"CSDB2","updateDate":"2016-01-27T15:25:46.727Z"},{"date":"1964","value":"6.2","year":"1964","month":"","quarter":"","sourceDataset":"CSDB2","updateDate":"2016-01-27T15:25:46.727Z"},{"date":"1965","value":"6.5","year":"1965","month":"","quarter":"","sourceDataset":"CSDB2","updateDate":"2016-01-27T15:25:46.727Z"},{"date":"1966","value":"6.8","year":"1966","month":"","quarter":"","sourceDataset":"CSDB2","updateDate":"2016-01-27T15:25:46.727Z"},{"date":"1967","value":"7.1","year":"1967","month":"","quarter":"","sourceDataset":"CSDB2","updateDate":"2016-01-27T15:25:46.727Z"},{"date":"1968","value":"7.3","year":"1968","month":"","quarter":"","sourceDataset":"CSDB2","updateDate":"2016-01-27T15:25:46.727Z"},{"date":"1969","value":"7.7","year":"1969","month":"","quarter":"","sourceDataset":"CSDB2","updateDate":"2016-01-27T15:25:46.727Z"},{"date":"1970","value":"8.4","year":"1970","month":"","quarter":"","sourceDataset":"CSDB2","updateDate":"2016-01-27T15:25:46.727Z"},{"date":"1971","value":"9.2","year":"1971","month":"","quarter":"","sourceDataset":"CSDB2","updateDate":"2016-01-27T15:25:46.727Z"},{"date":"1972","value":"9.9","year":"1972","month":"","quarter":"","sourceDataset":"CSDB2","updateDate":"2016-01-27T15:25:46.727Z"},{"date":"1973","value":"10.7","year":"1973","month":"","quarter":"","sourceDataset":"CSDB2","updateDate":"2016-01-27T15:25:46.727Z"},{"date":"1974","value":"12.4","year":"1974","month":"","quarter":"","sourceDataset":"CSDB2","updateDate":"2016-01-27T15:25:46.727Z"},{"date":"1975","value":"15.7","year":"1975","month":"","quarter":"","sourceDataset":"CSDB2","updateDate":"2016-01-27T15:25:46.727Z"},{"date":"1976","value":"17.9","year":"1976","month":"","quarter":"","sourceDataset":"CSDB2","updateDate":"2016-01-27T15:25:46.727Z"},{"date":"1977","value":"20.3","year":"1977","month":"","quarter":"","sourceDataset":"CSDB2","updateDate":"2016-01-27T15:25:46.727Z"},{"date":"1978","value":"22.8","year":"1978","month":"","quarter":"","sourceDataset":"CSDB2","updateDate":"2016-01-27T15:25:46.727Z"},{"date":"1979","value":"25.9","year":"1979","month":"","quarter":"","sourceDataset":"CSDB2","updateDate":"2016-01-27T15:25:46.727Z"},{"date":"1980","value":"30.8","year":"1980","month":"","quarter":"","sourceDataset":"CSDB2","updateDate":"2016-01-27T15:25:46.727Z"},{"date":"1981","value":"34.4","year":"1981","month":"","quarter":"","sourceDataset":"CSDB2","updateDate":"2016-01-27T15:25:46.727Z"},{"date":"1982","value":"36.5","year":"1982","month":"","quarter":"","sourceDataset":"CSDB2","updateDate":"2016-01-27T15:25:46.727Z"},{"date":"1983","value":"38.4","year":"1983","month":"","quarter":"","sourceDataset":"CSDB2","updateDate":"2016-01-27T15:25:46.727Z"},{"date":"1984","value":"40.3","year":"1984","month":"","quarter":"","sourceDataset":"CSDB2","updateDate":"2016-01-27T15:25:46.727Z"},{"date":"1985","value":"42.6","year":"1985","month":"","quarter":"","sourceDataset":"CSDB2","updateDate":"2016-01-27T15:25:46.727Z"},{"date":"1986","value":"44.3","year":"1986","month":"","quarter":"","sourceDataset":"CSDB2","updateDate":"2016-01-27T15:25:46.727Z"},{"date":"1987","value":"46.6","year":"1987","month":"","quarter":"","sourceDataset":"CSDB2","updateDate":"2016-01-27T15:25:46.727Z"},{"date":"1988","value":"49.4","year":"1988","month":"","quarter":"","sourceDataset":"CSDB2","updateDate":"2016-01-27T15:25:46.727Z"},{"date":"1989","value":"53.5","year":"1989","month":"","quarter":"","sourceDataset":"CSDB2","updateDate":"2016-01-27T15:25:46.727Z"},{"date":"1990","value":"57.9","year":"1990","month":"","quarter":"","sourceDataset":"CSDB2","updateDate":"2016-01-27T15:25:46.727Z"},{"date":"1991","value":"61.0","year":"1991","month":"","quarter":"","sourceDataset":"CSDB2","updateDate":"2016-01-27T15:25:46.727Z"},{"date":"1992","value":"62.9","year":"1992","month":"","quarter":"","sourceDataset":"CSDB2","updateDate":"2016-01-27T15:25:46.727Z"},{"date":"1993","value":"64.6","year":"1993","month":"","quarter":"","sourceDataset":"CSDB2","updateDate":"2016-01-27T15:25:46.727Z"},{"date":"1994","value":"65.3","year":"1994","month":"","quarter":"","sourceDataset":"CSDB2","updateDate":"2016-01-27T15:25:46.727Z"},{"date":"1995","value":"66.9","year":"1995","month":"","quarter":"","sourceDataset":"CSDB2","updateDate":"2016-01-27T15:25:46.727Z"},{"date":"1996","value":"69.8","year":"1996","month":"","quarter":"","sourceDataset":"CSDB2","updateDate":"2016-01-27T15:25:46.727Z"},{"date":"1997","value":"71.3","year":"1997","month":"","quarter":"","sourceDataset":"CSDB2","updateDate":"2016-01-27T15:25:46.727Z"},{"date":"1998","value":"72.1","year":"1998","month":"","quarter":"","sourceDataset":"CSDB2","updateDate":"2016-01-27T15:25:46.727Z"},{"date":"1999","value":"72.5","year":"1999","month":"","quarter":"","sourceDataset":"CSDB2","updateDate":"2016-01-27T15:25:46.727Z"},{"date":"2000","value":"74.1","year":"2000","month":"","quarter":"","sourceDataset":"CSDB2","updateDate":"2016-01-27T15:25:46.727Z"},{"date":"2001","value":"75.3","year":"2001","month":"","quarter":"","sourceDataset":"CSDB2","updateDate":"2016-01-27T15:25:46.727Z"},{"date":"2002","value":"77.5","year":"2002","month":"","quarter":"","sourceDataset":"CSDB2","updateDate":"2016-01-27T15:25:46.727Z"},{"date":"2003","value":"79.7","year":"2003","month":"","quarter":"","sourceDataset":"CSDB2","updateDate":"2016-01-27T15:25:46.727Z"},{"date":"2004","value":"82.1","year":"2004","month":"","quarter":"","sourceDataset":"CSDB2","updateDate":"2016-01-27T15:25:46.727Z"},{"date":"2005","value":"84.4","year":"2005","month":"","quarter":"","sourceDataset":"CSDB2","updateDate":"2016-01-27T15:25:46.728Z"},{"date":"2006","value":"87.0","year":"2006","month":"","quarter":"","sourceDataset":"CSDB2","updateDate":"2016-01-27T15:25:46.728Z"},{"date":"2007","value":"89.5","year":"2007","month":"","quarter":"","sourceDataset":"CSDB2","updateDate":"2016-01-27T15:25:46.728Z"},{"date":"2008","value":"92.3","year":"2008","month":"","quarter":"","sourceDataset":"CSDB2","updateDate":"2016-01-27T15:25:46.728Z"},{"date":"2009","value":"95.0","year":"2009","month":"","quarter":"","sourceDataset":"CSDB2","updateDate":"2016-01-27T15:25:46.728Z"},{"date":"2010","value":"96.8","year":"2010","month":"","quarter":"","sourceDataset":"CSDB2","updateDate":"2016-01-27T15:25:46.728Z"},{"date":"2011","value":"98.1","year":"2011","month":"","quarter":"","sourceDataset":"CSDB2","updateDate":"2016-01-27T15:25:46.728Z"},{"date":"2012","value":"100.0","year":"2012","month":"","quarter":"","sourceDataset":"CSDB2","updateDate":"2016-01-27T15:25:46.728Z"},{"date":"2013","value":"101.9","year":"2013","month":"","quarter":"","sourceDataset":"CSDB2","updateDate":"2016-01-27T15:25:46.728Z"},{"date":"2014","value":"103.8","year":"2014","month":"","quarter":"","sourceDataset":"CSDB2","updateDate":"2016-01-27T15:25:46.728Z"}],"quarters":[{"date":"1955 Q1","value":"4.7","year":"1955","month":"","quarter":"Q1","sourceDataset":"CSDB2","updateDate":"2016-01-27T15:25:46.728Z"},{"date":"1955 Q2","value":"4.7","year":"1955","month":"","quarter":"Q2","sourceDataset":"CSDB2","updateDate":"2016-01-27T15:25:46.728Z"},{"date":"1955 Q3","value":"4.7","year":"1955","month":"","quarter":"Q3","sourceDataset":"CSDB2","updateDate":"2016-01-27T15:25:46.728Z"},{"date":"1955 Q4","value":"4.9","year":"1955","month":"","quarter":"Q4","sourceDataset":"CSDB2","updateDate":"2016-01-27T15:25:46.728Z"},{"date":"1956 Q1","value":"4.9","year":"1956","month":"","quarter":"Q1","sourceDataset":"CSDB2","updateDate":"2016-01-27T15:25:46.728Z"},{"date":"1956 Q2","value":"5.0","year":"1956","month":"","quarter":"Q2","sourceDataset":"CSDB2","updateDate":"2016-01-27T15:25:46.728Z"},{"date":"1956 Q3","value":"5.1","year":"1956","month":"","quarter":"Q3","sourceDataset":"CSDB2","updateDate":"2016-01-27T15:25:46.728Z"},{"date":"1956 Q4","value":"5.2","year":"1956","month":"","quarter":"Q4","sourceDataset":"CSDB2","updateDate":"2016-01-27T15:25:46.728Z"},{"date":"1957 Q1","value":"5.1","year":"1957","month":"","quarter":"Q1","sourceDataset":"CSDB2","updateDate":"2016-01-27T15:25:46.728Z"},{"date":"1957 Q2","value":"5.2","year":"1957","month":"","quarter":"Q2","sourceDataset":"CSDB2","updateDate":"2016-01-27T15:25:46.728Z"},{"date":"1957 Q3","value":"5.3","year":"1957","month":"","quarter":"Q3","sourceDataset":"CSDB2","updateDate":"2016-01-27T15:25:46.728Z"},{"date":"1957 Q4","value":"5.4","year":"1957","month":"","quarter":"Q4","sourceDataset":"CSDB2","updateDate":"2016-01-27T15:25:46.728Z"},{"date":"1958 Q1","value":"5.4","year":"1958","month":"","quarter":"Q1","sourceDataset":"CSDB2","updateDate":"2016-01-27T15:25:46.728Z"},{"date":"1958 Q2","value":"5.5","year":"1958","month":"","quarter":"Q2","sourceDataset":"CSDB2","updateDate":"2016-01-27T15:25:46.728Z"},{"date":"1958 Q3","value":"5.5","year":"1958","month":"","quarter":"Q3","sourceDataset":"CSDB2","updateDate":"2016-01-27T15:25:46.728Z"},{"date":"1958 Q4","value":"5.5","year":"1958","month":"","quarter":"Q4","sourceDataset":"CSDB2","updateDate":"2016-01-27T15:25:46.728Z"},{"date":"1959 Q1","value":"5.5","year":"1959","month":"","quarter":"Q1","sourceDataset":"CSDB2","updateDate":"2016-01-27T15:25:46.728Z"},{"date":"1959 Q2","value":"5.6","year":"1959","month":"","quarter":"Q2","sourceDataset":"CSDB2","updateDate":"2016-01-27T15:25:46.728Z"},{"date":"1959 Q3","value":"5.5","year":"1959","month":"","quarter":"Q3","sourceDataset":"CSDB2","updateDate":"2016-01-27T15:25:46.728Z"},{"date":"1959 Q4","value":"5.5","year":"1959","month":"","quarter":"Q4","sourceDataset":"CSDB2","updateDate":"2016-01-27T15:25:46.728Z"},{"date":"1960 Q1","value":"5.5","year":"1960","month":"","quarter":"Q1","sourceDataset":"CSDB2","updateDate":"2016-01-27T15:25:46.728Z"},{"date":"1960 Q2","value":"5.6","year":"1960","month":"","quarter":"Q2","sourceDataset":"CSDB2","updateDate":"2016-01-27T15:25:46.728Z"},{"date":"1960 Q3","value":"5.6","year":"1960","month":"","quarter":"Q3","sourceDataset":"CSDB2","updateDate":"2016-01-27T15:25:46.728Z"},{"date":"1960 Q4","value":"5.7","year":"1960","month":"","quarter":"Q4","sourceDataset":"CSDB2","updateDate":"2016-01-27T15:25:46.728Z"},{"date":"1961 Q1","value":"5.7","year":"1961","month":"","quarter":"Q1","sourceDataset":"CSDB2","updateDate":"2016-01-27T15:25:46.728Z"},{"date":"1961 Q2","value":"5.7","year":"1961","month":"","quarter":"Q2","sourceDataset":"CSDB2","updateDate":"2016-01-27T15:25:46.728Z"},{"date":"1961 Q3","value":"5.9","year":"1961","month":"","quarter":"Q3","sourceDataset":"CSDB2","updateDate":"2016-01-27T15:25:46.728Z"},{"date":"1961 Q4","value":"5.8","year":"1961","month":"","quarter":"Q4","sourceDataset":"CSDB2","updateDate":"2016-01-27T15:25:46.728Z"},{"date":"1962 Q1","value":"5.8","year":"1962","month":"","quarter":"Q1","sourceDataset":"CSDB2","updateDate":"2016-01-27T15:25:46.728Z"},{"date":"1962 Q2","value":"5.9","year":"1962","month":"","quarter":"Q2","sourceDataset":"CSDB2","updateDate":"2016-01-27T15:25:46.728Z"},{"date":"1962 Q3","value":"6.0","year":"1962","month":"","quarter":"Q3","sourceDataset":"CSDB2","updateDate":"2016-01-27T15:25:46.728Z"},{"date":"1962 Q4","value":"6.0","year":"1962","month":"","quarter":"Q4","sourceDataset":"CSDB2","updateDate":"2016-01-27T15:25:46.728Z"},{"date":"1963 Q1","value":"5.9","year":"1963","month":"","quarter":"Q1","sourceDataset":"CSDB2","updateDate":"2016-01-27T15:25:46.728Z"},{"date":"1963 Q2","value":"6.0","year":"1963","month":"","quarter":"Q2","sourceDataset":"CSDB2","updateDate":"2016-01-27T15:25:46.728Z"},{"date":"1963 Q3","value":"6.1","year":"1963","month":"","quarter":"Q3","sourceDataset":"CSDB2","updateDate":"2016-01-27T15:25:46.728Z"},{"date":"1963 Q4","value":"6.1","year":"1963","month":"","quarter":"Q4","sourceDataset":"CSDB2","updateDate":"2016-01-27T15:25:46.728Z"},{"date":"1964 Q1","value":"6.0","year":"1964","month":"","quarter":"Q1","sourceDataset":"CSDB2","updateDate":"2016-01-27T15:25:46.728Z"},{"date":"1964 Q2","value":"6.2","year":"1964","month":"","quarter":"Q2","sourceDataset":"CSDB2","updateDate":"2016-01-27T15:25:46.728Z"},{"date":"1964 Q3","value":"6.3","year":"1964","month":"","quarter":"Q3","sourceDataset":"CSDB2","updateDate":"2016-01-27T15:25:46.728Z"},{"date":"1964 Q4","value":"6.3","year":"1964","month":"","quarter":"Q4","sourceDataset":"CSDB2","updateDate":"2016-01-27T15:25:46.728Z"},{"date":"1965 Q1","value":"6.4","year":"1965","month":"","quarter":"Q1","sourceDataset":"CSDB2","updateDate":"2016-01-27T15:25:46.728Z"},{"date":"1965 Q2","value":"6.4","year":"1965","month":"","quarter":"Q2","sourceDataset":"CSDB2","updateDate":"2016-01-27T15:25:46.728Z"},{"date":"1965 Q3","value":"6.5","year":"1965","month":"","quarter":"Q3","sourceDataset":"CSDB2","updateDate":"2016-01-27T15:25:46.728Z"},{"date":"1965 Q4","value":"6.6","year":"1965","month":"","quarter":"Q4","sourceDataset":"CSDB2","updateDate":"2016-01-27T15:25:46.728Z"},{"date":"1966 Q1","value":"6.7","year":"1966","month":"","quarter":"Q1","sourceDataset":"CSDB2","updateDate":"2016-01-27T15:25:46.728Z"},{"date":"1966 Q2","value":"6.8","year":"1966","month":"","quarter":"Q2","sourceDataset":"CSDB2","updateDate":"2016-01-27T15:25:46.728Z"},{"date":"1966 Q3","value":"6.8","year":"1966","month":"","quarter":"Q3","sourceDataset":"CSDB2","updateDate":"2016-01-27T15:25:46.728Z"},{"date":"1966 Q4","value":"7.0","year":"1966","month":"","quarter":"Q4","sourceDataset":"CSDB2","updateDate":"2016-01-27T15:25:46.728Z"},{"date":"1967 Q1","value":"7.0","year":"1967","month":"","quarter":"Q1","sourceDataset":"CSDB2","updateDate":"2016-01-27T15:25:46.728Z"},{"date":"1967 Q2","value":"7.1","year":"1967","month":"","quarter":"Q2","sourceDataset":"CSDB2","updateDate":"2016-01-27T15:25:46.728Z"},{"date":"1967 Q3","value":"7.1","year":"1967","month":"","quarter":"Q3","sourceDataset":"CSDB2","updateDate":"2016-01-27T15:25:46.728Z"},{"date":"1967 Q4","value":"7.2","year":"1967","month":"","quarter":"Q4","sourceDataset":"CSDB2","updateDate":"2016-01-27T15:25:46.728Z"},{"date":"1968 Q1","value":"7.2","year":"1968","month":"","quarter":"Q1","sourceDataset":"CSDB2","updateDate":"2016-01-27T15:25:46.728Z"},{"date":"1968 Q2","value":"7.2","year":"1968","month":"","quarter":"Q2","sourceDataset":"CSDB2","updateDate":"2016-01-27T15:25:46.728Z"},{"date":"1968 Q3","value":"7.3","year":"1968","month":"","quarter":"Q3","sourceDataset":"CSDB2","updateDate":"2016-01-27T15:25:46.728Z"},{"date":"1968 Q4","value":"7.5","year":"1968","month":"","quarter":"Q4","sourceDataset":"CSDB2","updateDate":"2016-01-27T15:25:46.728Z"},{"date":"1969 Q1","value":"7.5","year":"1969","month":"","quarter":"Q1","sourceDataset":"CSDB2","updateDate":"2016-01-27T15:25:46.728Z"},{"date":"1969 Q2","value":"7.6","year":"1969","month":"","quarter":"Q2","sourceDataset":"CSDB2","updateDate":"2016-01-27T15:25:46.728Z"},{"date":"1969 Q3","value":"7.7","year":"1969","month":"","quarter":"Q3","sourceDataset":"CSDB2","updateDate":"2016-01-27T15:25:46.728Z"},{"date":"1969 Q4","value":"7.9","year":"1969","month":"","quarter":"Q4","sourceDataset":"CSDB2","updateDate":"2016-01-27T15:25:46.728Z"},{"date":"1970 Q1","value":"8.1","year":"1970","month":"","quarter":"Q1","sourceDataset":"CSDB2","updateDate":"2016-01-27T15:25:46.728Z"},{"date":"1970 Q2","value":"8.3","year":"1970","month":"","quarter":"Q2","sourceDataset":"CSDB2","updateDate":"2016-01-27T15:25:46.728Z"},{"date":"1970 Q3","value":"8.5","year":"1970","month":"","quarter":"Q3","sourceDataset":"CSDB2","updateDate":"2016-01-27T15:25:46.728Z"},{"date":"1970 Q4","value":"8.7","year":"1970","month":"","quarter":"Q4","sourceDataset":"CSDB2","updateDate":"2016-01-27T15:25:46.728Z"},{"date":"1971 Q1","value":"8.9","year":"1971","month":"","quarter":"Q1","sourceDataset":"CSDB2","updateDate":"2016-01-27T15:25:46.728Z"},{"date":"1971 Q2","value":"9.1","year":"1971","month":"","quarter":"Q2","sourceDataset":"CSDB2","updateDate":"2016-01-27T15:25:46.728Z"},{"date":"1971 Q3","value":"9.2","year":"1971","month":"","quarter":"Q3","sourceDataset":"CSDB2","updateDate":"2016-01-27T15:25:46.728Z"},{"date":"1971 Q4","value":"9.4","year":"1971","month":"","quarter":"Q4","sourceDataset":"CSDB2","updateDate":"2016-01-27T15:25:46.728Z"},{"date":"1972 Q1","value":"9.5","year":"1972","month":"","quarter":"Q1","sourceDataset":"CSDB2","updateDate":"2016-01-27T15:25:46.728Z"},{"date":"1972 Q2","value":"9.7","year":"1972","month":"","quarter":"Q2","sourceDataset":"CSDB2","updateDate":"2016-01-27T15:25:46.728Z"},{"date":"1972 Q3","value":"9.9","year":"1972","month":"","quarter":"Q3","sourceDataset":"CSDB2","updateDate":"2016-01-27T15:25:46.728Z"},{"date":"1972 Q4","value":"10.3","year":"1972","month":"","quarter":"Q4","sourceDataset":"CSDB2","updateDate":"2016-01-27T15:25:46.728Z"},{"date":"1973 Q1","value":"10.5","year":"1973","month":"","quarter":"Q1","sourceDataset":"CSDB2","updateDate":"2016-01-27T15:25:46.728Z"},{"date":"1973 Q2","value":"10.4","year":"1973","month":"","quarter":"Q2","sourceDataset":"CSDB2","updateDate":"2016-01-27T15:25:46.728Z"},{"date":"1973 Q3","value":"10.8","year":"1973","month":"","quarter":"Q3","sourceDataset":"CSDB2","updateDate":"2016-01-27T15:25:46.728Z"},{"date":"1973 Q4","value":"11.3","year":"1973","month":"","quarter":"Q4","sourceDataset":"CSDB2","updateDate":"2016-01-27T15:25:46.728Z"},{"date":"1974 Q1","value":"11.5","year":"1974","month":"","quarter":"Q1","sourceDataset":"CSDB2","updateDate":"2016-01-27T15:25:46.728Z"},{"date":"1974 Q2","value":"12.0","year":"1974","month":"","quarter":"Q2","sourceDataset":"CSDB2","updateDate":"2016-01-27T15:25:46.728Z"},{"date":"1974 Q3","value":"12.7","year":"1974","month":"","quarter":"Q3","sourceDataset":"CSDB2","updateDate":"2016-01-27T15:25:46.728Z"},{"date":"1974 Q4","value":"13.5","year":"1974","month":"","quarter":"Q4","sourceDataset":"CSDB2","updateDate":"2016-01-27T15:25:46.728Z"},{"date":"1975 Q1","value":"14.5","year":"1975","month":"","quarter":"Q1","sourceDataset":"CSDB2","updateDate":"2016-01-27T15:25:46.728Z"},{"date":"1975 Q2","value":"15.4","year":"1975","month":"","quarter":"Q2","sourceDataset":"CSDB2","updateDate":"2016-01-27T15:25:46.728Z"},{"date":"1975 Q3","value":"16.0","year":"1975","month":"","quarter":"Q3","sourceDataset":"CSDB2","updateDate":"2016-01-27T15:25:46.728Z"},{"date":"1975 Q4","value":"16.7","year":"1975","month":"","quarter":"Q4","sourceDataset":"CSDB2","updateDate":"2016-01-27T15:25:46.728Z"},{"date":"1976 Q1","value":"17.1","year":"1976","month":"","quarter":"Q1","sourceDataset":"CSDB2","updateDate":"2016-01-27T15:25:46.728Z"},{"date":"1976 Q2","value":"17.7","year":"1976","month":"","quarter":"Q2","sourceDataset":"CSDB2","updateDate":"2016-01-27T15:25:46.728Z"},{"date":"1976 Q3","value":"18.1","year":"1976","month":"","quarter":"Q3","sourceDataset":"CSDB2","updateDate":"2016-01-27T15:25:46.728Z"},{"date":"1976 Q4","value":"18.7","year":"1976","month":"","quarter":"Q4","sourceDataset":"CSDB2","updateDate":"2016-01-27T15:25:46.728Z"},{"date":"1977 Q1","value":"19.2","year":"1977","month":"","quarter":"Q1","sourceDataset":"CSDB2","updateDate":"2016-01-27T15:25:46.728Z"},{"date":"1977 Q2","value":"20.1","year":"1977","month":"","quarter":"Q2","sourceDataset":"CSDB2","updateDate":"2016-01-27T15:25:46.728Z"},{"date":"1977 Q3","value":"20.6","year":"1977","month":"","quarter":"Q3","sourceDataset":"CSDB2","updateDate":"2016-01-27T15:25:46.728Z"},{"date":"1977 Q4","value":"21.2","year":"1977","month":"","quarter":"Q4","sourceDataset":"CSDB2","updateDate":"2016-01-27T15:25:46.728Z"},{"date":"1978 Q1","value":"22.0","year":"1978","month":"","quarter":"Q1","sourceDataset":"CSDB2","updateDate":"2016-01-27T15:25:46.728Z"},{"date":"1978 Q2","value":"22.6","year":"1978","month":"","quarter":"Q2","sourceDataset":"CSDB2","updateDate":"2016-01-27T15:25:46.728Z"},{"date":"1978 Q3","value":"23.0","year":"1978","month":"","quarter":"Q3","sourceDataset":"CSDB2","updateDate":"2016-01-27T15:25:46.728Z"},{"date":"1978 Q4","value":"23.6","year":"1978","month":"","quarter":"Q4","sourceDataset":"CSDB2","updateDate":"2016-01-27T15:25:46.728Z"},{"date":"1979 Q1","value":"24.5","year":"1979","month":"","quarter":"Q1","sourceDataset":"CSDB2","updateDate":"2016-01-27T15:25:46.728Z"},{"date":"1979 Q2","value":"25.1","year":"1979","month":"","quarter":"Q2","sourceDataset":"CSDB2","updateDate":"2016-01-27T15:25:46.728Z"},{"date":"1979 Q3","value":"26.6","year":"1979","month":"","quarter":"Q3","sourceDataset":"CSDB2","updateDate":"2016-01-27T15:25:46.728Z"},{"date":"1979 Q4","value":"27.6","year":"1979","month":"","quarter":"Q4","sourceDataset":"CSDB2","updateDate":"2016-01-27T15:25:46.728Z"},{"date":"1980 Q1","value":"28.9","year":"1980","month":"","quarter":"Q1","sourceDataset":"CSDB2","updateDate":"2016-01-27T15:25:46.728Z"},{"date":"1980 Q2","value":"30.3","year":"1980","month":"","quarter":"Q2","sourceDataset":"CSDB2","updateDate":"2016-01-27T15:25:46.728Z"},{"date":"1980 Q3","value":"31.4","year":"1980","month":"","quarter":"Q3","sourceDataset":"CSDB2","updateDate":"2016-01-27T15:25:46.728Z"},{"date":"1980 Q4","value":"32.8","year":"1980","month":"","quarter":"Q4","sourceDataset":"CSDB2","updateDate":"2016-01-27T15:25:46.728Z"},{"date":"1981 Q1","value":"33.7","year":"1981","month":"","quarter":"Q1","sourceDataset":"CSDB2","updateDate":"2016-01-27T15:25:46.728Z"},{"date":"1981 Q2","value":"34.0","year":"1981","month":"","quarter":"Q2","sourceDataset":"CSDB2","updateDate":"2016-01-27T15:25:46.728Z"},{"date":"1981 Q3","value":"34.5","year":"1981","month":"","quarter":"Q3","sourceDataset":"CSDB2","updateDate":"2016-01-27T15:25:46.728Z"},{"date":"1981 Q4","value":"35.4","year":"1981","month":"","quarter":"Q4","sourceDataset":"CSDB2","updateDate":"2016-01-27T15:25:46.728Z"},{"date":"1982 Q1","value":"35.9","year":"1982","month":"","quarter":"Q1","sourceDataset":"CSDB2","updateDate":"2016-01-27T15:25:46.728Z"},{"date":"1982 Q2","value":"36.0","year":"1982","month":"","quarter":"Q2","sourceDataset":"CSDB2","updateDate":"2016-01-27T15:25:46.728Z"},{"date":"1982 Q3","value":"36.5","year":"1982","month":"","quarter":"Q3","sourceDataset":"CSDB2","updateDate":"2016-01-27T15:25:46.728Z"},{"date":"1982 Q4","value":"37.4","year":"1982","month":"","quarter":"Q4","sourceDataset":"CSDB2","updateDate":"2016-01-27T15:25:46.728Z"},{"date":"1983 Q1","value":"37.9","year":"1983","month":"","quarter":"Q1","sourceDataset":"CSDB2","updateDate":"2016-01-27T15:25:46.728Z"},{"date":"1983 Q2","value":"37.9","year":"1983","month":"","quarter":"Q2","sourceDataset":"CSDB2","updateDate":"2016-01-27T15:25:46.728Z"},{"date":"1983 Q3","value":"38.6","year":"1983","month":"","quarter":"Q3","sourceDataset":"CSDB2","updateDate":"2016-01-27T15:25:46.728Z"},{"date":"1983 Q4","value":"39.2","year":"1983","month":"","quarter":"Q4","sourceDataset":"CSDB2","updateDate":"2016-01-27T15:25:46.728Z"},{"date":"1984 Q1","value":"39.0","year":"1984","month":"","quarter":"Q1","sourceDataset":"CSDB2","updateDate":"2016-01-27T15:25:46.728Z"},{"date":"1984 Q2","value":"40.3","year":"1984","month":"","quarter":"Q2","sourceDataset":"CSDB2","updateDate":"2016-01-27T15:25:46.728Z"},{"date":"1984 Q3","value":"40.6","year":"1984","month":"","quarter":"Q3","sourceDataset":"CSDB2","updateDate":"2016-01-27T15:25:46.728Z"},{"date":"1984 Q4","value":"41.3","year":"1984","month":"","quarter":"Q4","sourceDataset":"CSDB2","updateDate":"2016-01-27T15:25:46.728Z"},{"date":"1985 Q1","value":"41.3","year":"1985","month":"","quarter":"Q1","sourceDataset":"CSDB2","updateDate":"2016-01-27T15:25:46.728Z"},{"date":"1985 Q2","value":"42.4","year":"1985","month":"","quarter":"Q2","sourceDataset":"CSDB2","updateDate":"2016-01-27T15:25:46.728Z"},{"date":"1985 Q3","value":"43.0","year":"1985","month":"","quarter":"Q3","sourceDataset":"CSDB2","updateDate":"2016-01-27T15:25:46.728Z"},{"date":"1985 Q4","value":"43.5","year":"1985","month":"","quarter":"Q4","sourceDataset":"CSDB2","updateDate":"2016-01-27T15:25:46.728Z"},{"date":"1986 Q1","value":"43.9","year":"1986","month":"","quarter":"Q1","sourceDataset":"CSDB2","updateDate":"2016-01-27T15:25:46.728Z"},{"date":"1986 Q2","value":"43.9","year":"1986","month":"","quarter":"Q2","sourceDataset":"CSDB2","updateDate":"2016-01-27T15:25:46.728Z"},{"date":"1986 Q3","value":"44.3","year":"1986","month":"","quarter":"Q3","sourceDataset":"CSDB2","updateDate":"2016-01-27T15:25:46.728Z"},{"date":"1986 Q4","value":"45.0","year":"1986","month":"","quarter":"Q4","sourceDataset":"CSDB2","updateDate":"2016-01-27T15:25:46.728Z"},{"date":"1987 Q1","value":"45.5","year":"1987","month":"","quarter":"Q1","sourceDataset":"CSDB2","updateDate":"2016-01-27T15:25:46.728Z"},{"date":"1987 Q2","value":"46.3","year":"1987","month":"","quarter":"Q2","sourceDataset":"CSDB2","updateDate":"2016-01-27T15:25:46.728Z"},{"date":"1987 Q3","value":"47.1","year":"1987","month":"","quarter":"Q3","sourceDataset":"CSDB2","updateDate":"2016-01-27T15:25:46.728Z"},{"date":"1987 Q4","value":"47.4","year":"1987","month":"","quarter":"Q4","sourceDataset":"CSDB2","updateDate":"2016-01-27T15:25:46.728Z"},{"date":"1988 Q1","value":"48.1","year":"1988","month":"","quarter":"Q1","sourceDataset":"CSDB2","updateDate":"2016-01-27T15:25:46.728Z"},{"date":"1988 Q2","value":"48.8","year":"1988","month":"","quarter":"Q2","sourceDataset":"CSDB2","updateDate":"2016-01-27T15:25:46.728Z"},{"date":"1988 Q3","value":"49.7","year":"1988","month":"","quarter":"Q3","sourceDataset":"CSDB2","updateDate":"2016-01-27T15:25:46.728Z"},{"date":"1988 Q4","value":"51.0","year":"1988","month":"","quarter":"Q4","sourceDataset":"CSDB2","updateDate":"2016-01-27T15:25:46.728Z"},{"date":"1989 Q1","value":"52.0","year":"1989","month":"","quarter":"Q1","sourceDataset":"CSDB2","updateDate":"2016-01-27T15:25:46.728Z"},{"date":"1989 Q2","value":"52.6","year":"1989","month":"","quarter":"Q2","sourceDataset":"CSDB2","updateDate":"2016-01-27T15:25:46.728Z"},{"date":"1989 Q3","value":"54.2","year":"1989","month":"","quarter":"Q3","sourceDataset":"CSDB2","updateDate":"2016-01-27T15:25:46.728Z"},{"date":"1989 Q4","value":"55.3","year":"1989","month":"","quarter":"Q4","sourceDataset":"CSDB2","updateDate":"2016-01-27T15:25:46.728Z"},{"date":"1990 Q1","value":"55.8","year":"1990","month":"","quarter":"Q1","sourceDataset":"CSDB2","updateDate":"2016-01-27T15:25:46.728Z"},{"date":"1990 Q2","value":"57.3","year":"1990","month":"","quarter":"Q2","sourceDataset":"CSDB2","updateDate":"2016-01-27T15:25:46.728Z"},{"date":"1990 Q3","value":"59.0","year":"1990","month":"","quarter":"Q3","sourceDataset":"CSDB2","updateDate":"2016-01-27T15:25:46.728Z"},{"date":"1990 Q4","value":"59.3","year":"1990","month":"","quarter":"Q4","sourceDataset":"CSDB2","updateDate":"2016-01-27T15:25:46.728Z"},{"date":"1991 Q1","value":"60.2","year":"1991","month":"","quarter":"Q1","sourceDataset":"CSDB2","updateDate":"2016-01-27T15:25:46.728Z"},{"date":"1991 Q2","value":"60.8","year":"1991","month":"","quarter":"Q2","sourceDataset":"CSDB2","updateDate":"2016-01-27T15:25:46.728Z"},{"date":"1991 Q3","value":"61.2","year":"1991","month":"","quarter":"Q3","sourceDataset":"CSDB2","updateDate":"2016-01-27T15:25:46.728Z"},{"date":"1991 Q4","value":"61.9","year":"1991","month":"","quarter":"Q4","sourceDataset":"CSDB2","updateDate":"2016-01-27T15:25:46.728Z"},{"date":"1992 Q1","value":"62.8","year":"1992","month":"","quarter":"Q1","sourceDataset":"CSDB2","updateDate":"2016-01-27T15:25:46.728Z"},{"date":"1992 Q2","value":"63.1","year":"1992","month":"","quarter":"Q2","sourceDataset":"CSDB2","updateDate":"2016-01-27T15:25:46.728Z"},{"date":"1992 Q3","value":"62.7","year":"1992","month":"","quarter":"Q3","sourceDataset":"CSDB2","updateDate":"2016-01-27T15:25:46.728Z"},{"date":"1992 Q4","value":"63.2","year":"1992","month":"","quarter":"Q4","sourceDataset":"CSDB2","updateDate":"2016-01-27T15:25:46.728Z"},{"date":"1993 Q1","value":"64.5","year":"1993","month":"","quarter":"Q1","sourceDataset":"CSDB2","updateDate":"2016-01-27T15:25:46.728Z"},{"date":"1993 Q2","value":"64.2","year":"1993","month":"","quarter":"Q2","sourceDataset":"CSDB2","updateDate":"2016-01-27T15:25:46.728Z"},{"date":"1993 Q3","value":"64.7","year":"1993","month":"","quarter":"Q3","sourceDataset":"CSDB2","updateDate":"2016-01-27T15:25:46.728Z"},{"date":"1993 Q4","value":"65.0","year":"1993","month":"","quarter":"Q4","sourceDataset":"CSDB2","updateDate":"2016-01-27T15:25:46.728Z"},{"date":"1994 Q1","value":"65.3","year":"1994","month":"","quarter":"Q1","sourceDataset":"CSDB2","updateDate":"2016-01-27T15:25:46.728Z"},{"date":"1994 Q2","value":"65.1","year":"1994","month":"","quarter":"Q2","sourceDataset":"CSDB2","updateDate":"2016-01-27T15:25:46.728Z"},{"date":"1994 Q3","value":"65.0","year":"1994","month":"","quarter":"Q3","sourceDataset":"CSDB2","updateDate":"2016-01-27T15:25:46.728Z"},{"date":"1994 Q4","value":"66.0","year":"1994","month":"","quarter":"Q4","sourceDataset":"CSDB2","updateDate":"2016-01-27T15:25:46.728Z"},{"date":"1995 Q1","value":"66.0","year":"1995","month":"","quarter":"Q1","sourceDataset":"CSDB2","updateDate":"2016-01-27T15:25:46.728Z"},{"date":"1995 Q2","value":"66.5","year":"1995","month":"","quarter":"Q2","sourceDataset":"CSDB2","updateDate":"2016-01-27T15:25:46.728Z"},{"date":"1995 Q3","value":"67.2","year":"1995","month":"","quarter":"Q3","sourceDataset":"CSDB2","updateDate":"2016-01-27T15:25:46.728Z"},{"date":"1995 Q4","value":"67.9","year":"1995","month":"","quarter":"Q4","sourceDataset":"CSDB2","updateDate":"2016-01-27T15:25:46.728Z"},{"date":"1996 Q1","value":"68.6","year":"1996","month":"","quarter":"Q1","sourceDataset":"CSDB2","updateDate":"2016-01-27T15:25:46.728Z"},{"date":"1996 Q2","value":"70.0","year":"1996","month":"","quarter":"Q2","sourceDataset":"CSDB2","updateDate":"2016-01-27T15:25:46.728Z"},{"date":"1996 Q3","value":"70.3","year":"1996","month":"","quarter":"Q3","sourceDataset":"CSDB2","updateDate":"2016-01-27T15:25:46.728Z"},{"date":"1996 Q4","value":"70.4","year":"1996","month":"","quarter":"Q4","sourceDataset":"CSDB2","updateDate":"2016-01-27T15:25:46.728Z"},{"date":"1997 Q1","value":"71.6","year":"1997","month":"","quarter":"Q1","sourceDataset":"CSDB2","updateDate":"2016-01-27T15:25:46.728Z"},{"date":"1997 Q2","value":"71.1","year":"1997","month":"","quarter":"Q2","sourceDataset":"CSDB2","updateDate":"2016-01-27T15:25:46.728Z"},{"date":"1997 Q3","value":"71.9","year":"1997","month":"","quarter":"Q3","sourceDataset":"CSDB2","updateDate":"2016-01-27T15:25:46.728Z"},{"date":"1997 Q4","value":"70.6","year":"1997","month":"","quarter":"Q4","sourceDataset":"CSDB2","updateDate":"2016-01-27T15:25:46.728Z"},{"date":"1998 Q1","value":"72.0","year":"1998","month":"","quarter":"Q1","sourceDataset":"CSDB2","updateDate":"2016-01-27T15:25:46.728Z"},{"date":"1998 Q2","value":"72.1","year":"1998","month":"","quarter":"Q2","sourceDataset":"CSDB2","updateDate":"2016-01-27T15:25:46.728Z"},{"date":"1998 Q3","value":"71.7","year":"1998","month":"","quarter":"Q3","sourceDataset":"CSDB2","updateDate":"2016-01-27T15:25:46.728Z"},{"date":"1998 Q4","value":"72.7","year":"1998","month":"","quarter":"Q4","sourceDataset":"CSDB2","updateDate":"2016-01-27T15:25:46.728Z"},{"date":"1999 Q1","value":"73.1","year":"1999","month":"","quarter":"Q1","sourceDataset":"CSDB2","updateDate":"2016-01-27T15:25:46.728Z"},{"date":"1999 Q2","value":"72.6","year":"1999","month":"","quarter":"Q2","sourceDataset":"CSDB2","updateDate":"2016-01-27T15:25:46.728Z"},{"date":"1999 Q3","value":"72.1","year":"1999","month":"","quarter":"Q3","sourceDataset":"CSDB2","updateDate":"2016-01-27T15:25:46.728Z"},{"date":"1999 Q4","value":"72.1","year":"1999","month":"","quarter":"Q4","sourceDataset":"CSDB2","updateDate":"2016-01-27T15:25:46.728Z"},{"date":"2000 Q1","value":"73.6","year":"2000","month":"","quarter":"Q1","sourceDataset":"CSDB2","updateDate":"2016-01-27T15:25:46.728Z"},{"date":"2000 Q2","value":"74.0","year":"2000","month":"","quarter":"Q2","sourceDataset":"CSDB2","updateDate":"2016-01-27T15:25:46.728Z"},{"date":"2000 Q3","value":"74.5","year":"2000","month":"","quarter":"Q3","sourceDataset":"CSDB2","updateDate":"2016-01-27T15:25:46.728Z"},{"date":"2000 Q4","value":"74.4","year":"2000","month":"","quarter":"Q4","sourceDataset":"CSDB2","updateDate":"2016-01-27T15:25:46.728Z"},{"date":"2001 Q1","value":"74.4","year":"2001","month":"","quarter":"Q1","sourceDataset":"CSDB2","updateDate":"2016-01-27T15:25:46.728Z"},{"date":"2001 Q2","value":"75.6","year":"2001","month":"","quarter":"Q2","sourceDataset":"CSDB2","updateDate":"2016-01-27T15:25:46.728Z"},{"date":"2001 Q3","value":"75.4","year":"2001","month":"","quarter":"Q3","sourceDataset":"CSDB2","updateDate":"2016-01-27T15:25:46.728Z"},{"date":"2001 Q4","value":"75.8","year":"2001","month":"","quarter":"Q4","sourceDataset":"CSDB2","updateDate":"2016-01-27T15:25:46.728Z"},{"date":"2002 Q1","value":"76.6","year":"2002","month":"","quarter":"Q1","sourceDataset":"CSDB2","updateDate":"2016-01-27T15:25:46.728Z"},{"date":"2002 Q2","value":"77.2","year":"2002","month":"","quarter":"Q2","sourceDataset":"CSDB2","updateDate":"2016-01-27T15:25:46.728Z"},{"date":"2002 Q3","value":"77.9","year":"2002","month":"","quarter":"Q3","sourceDataset":"CSDB2","updateDate":"2016-01-27T15:25:46.728Z"},{"date":"2002 Q4","value":"78.4","year":"2002","month":"","quarter":"Q4","sourceDataset":"CSDB2","updateDate":"2016-01-27T15:25:46.728Z"},{"date":"2003 Q1","value":"79.5","year":"2003","month":"","quarter":"Q1","sourceDataset":"CSDB2","updateDate":"2016-01-27T15:25:46.728Z"},{"date":"2003 Q2","value":"79.5","year":"2003","month":"","quarter":"Q2","sourceDataset":"CSDB2","updateDate":"2016-01-27T15:25:46.728Z"},{"date":"2003 Q3","value":"79.9","year":"2003","month":"","quarter":"Q3","sourceDataset":"CSDB2","updateDate":"2016-01-27T15:25:46.728Z"},{"date":"2003 Q4","value":"80.0","year":"2003","month":"","quarter":"Q4","sourceDataset":"CSDB2","updateDate":"2016-01-27T15:25:46.728Z"},{"date":"2004 Q1","value":"80.5","year":"2004","month":"","quarter":"Q1","sourceDataset":"CSDB2","updateDate":"2016-01-27T15:25:46.728Z"},{"date":"2004 Q2","value":"82.0","year":"2004","month":"","quarter":"Q2","sourceDataset":"CSDB2","updateDate":"2016-01-27T15:25:46.728Z"},{"date":"2004 Q3","value":"82.7","year":"2004","month":"","quarter":"Q3","sourceDataset":"CSDB2","updateDate":"2016-01-27T15:25:46.728Z"},{"date":"2004 Q4","value":"83.2","year":"2004","month":"","quarter":"Q4","sourceDataset":"CSDB2","updateDate":"2016-01-27T15:25:46.728Z"},{"date":"2005 Q1","value":"83.5","year":"2005","month":"","quarter":"Q1","sourceDataset":"CSDB2","updateDate":"2016-01-27T15:25:46.728Z"},{"date":"2005 Q2","value":"84.8","year":"2005","month":"","quarter":"Q2","sourceDataset":"CSDB2","updateDate":"2016-01-27T15:25:46.728Z"},{"date":"2005 Q3","value":"84.3","year":"2005","month":"","quarter":"Q3","sourceDataset":"CSDB2","updateDate":"2016-01-27T15:25:46.728Z"},{"date":"2005 Q4","value":"85.2","year":"2005","month":"","quarter":"Q4","sourceDataset":"CSDB2","updateDate":"2016-01-27T15:25:46.728Z"},{"date":"2006 Q1","value":"86.2","year":"2006","month":"","quarter":"Q1","sourceDataset":"CSDB2","updateDate":"2016-01-27T15:25:46.728Z"},{"date":"2006 Q2","value":"87.0","year":"2006","month":"","quarter":"Q2","sourceDataset":"CSDB2","updateDate":"2016-01-27T15:25:46.728Z"},{"date":"2006 Q3","value":"87.4","year":"2006","month":"","quarter":"Q3","sourceDataset":"CSDB2","updateDate":"2016-01-27T15:25:46.728Z"},{"date":"2006 Q4","value":"87.5","year":"2006","month":"","quarter":"Q4","sourceDataset":"CSDB2","updateDate":"2016-01-27T15:25:46.728Z"},{"date":"2007 Q1","value":"88.6","year":"2007","month":"","quarter":"Q1","sourceDataset":"CSDB2","updateDate":"2016-01-27T15:25:46.728Z"},{"date":"2007 Q2","value":"89.1","year":"2007","month":"","quarter":"Q2","sourceDataset":"CSDB2","updateDate":"2016-01-27T15:25:46.728Z"},{"date":"2007 Q3","value":"89.8","year":"2007","month":"","quarter":"Q3","sourceDataset":"CSDB2","updateDate":"2016-01-27T15:25:46.728Z"},{"date":"2007 Q4","value":"90.6","year":"2007","month":"","quarter":"Q4","sourceDataset":"CSDB2","updateDate":"2016-01-27T15:25:46.728Z"},{"date":"2008 Q1","value":"91.6","year":"2008","month":"","quarter":"Q1","sourceDataset":"CSDB2","updateDate":"2016-01-27T15:25:46.728Z"},{"date":"2008 Q2","value":"91.4","year":"2008","month":"","quarter":"Q2","sourceDataset":"CSDB2","updateDate":"2016-01-27T15:25:46.728Z"},{"date":"2008 Q3","value":"92.7","year":"2008","month":"","quarter":"Q3","sourceDataset":"CSDB2","updateDate":"2016-01-27T15:25:46.728Z"},{"date":"2008 Q4","value":"93.6","year":"2008","month":"","quarter":"Q4","sourceDataset":"CSDB2","updateDate":"2016-01-27T15:25:46.728Z"},{"date":"2009 Q1","value":"94.6","year":"2009","month":"","quarter":"Q1","sourceDataset":"CSDB2","updateDate":"2016-01-27T15:25:46.728Z"},{"date":"2009 Q2","value":"94.4","year":"2009","month":"","quarter":"Q2","sourceDataset":"CSDB2","updateDate":"2016-01-27T15:25:46.728Z"},{"date":"2009 Q3","value":"95.1","year":"2009","month":"","quarter":"Q3","sourceDataset":"CSDB2","updateDate":"2016-01-27T15:25:46.728Z"},{"date":"2009 Q4","value":"95.9","year":"2009","month":"","quarter":"Q4","sourceDataset":"CSDB2","updateDate":"2016-01-27T15:25:46.728Z"},{"date":"2010 Q1","value":"96.8","year":"2010","month":"","quarter":"Q1","sourceDataset":"CSDB2","updateDate":"2016-01-27T15:25:46.728Z"},{"date":"2010 Q2","value":"96.8","year":"2010","month":"","quarter":"Q2","sourceDataset":"CSDB2","updateDate":"2016-01-27T15:25:46.728Z"},{"date":"2010 Q3","value":"96.4","year":"2010","month":"","quarter":"Q3","sourceDataset":"CSDB2","updateDate":"2016-01-27T15:25:46.728Z"},{"date":"2010 Q4","value":"97.2","year":"2010","month":"","quarter":"Q4","sourceDataset":"CSDB2","updateDate":"2016-01-27T15:25:46.728Z"},{"date":"2011 Q1","value":"98.6","year":"2011","month":"","quarter":"Q1","sourceDataset":"CSDB2","updateDate":"2016-01-27T15:25:46.728Z"},{"date":"2011 Q2","value":"97.6","year":"2011","month":"","quarter":"Q2","sourceDataset":"CSDB2","updateDate":"2016-01-27T15:25:46.728Z"},{"date":"2011 Q3","value":"97.7","year":"2011","month":"","quarter":"Q3","sourceDataset":"CSDB2","updateDate":"2016-01-27T15:25:46.728Z"},{"date":"2011 Q4","value":"98.6","year":"2011","month":"","quarter":"Q4","sourceDataset":"CSDB2","updateDate":"2016-01-27T15:25:46.728Z"},{"date":"2012 Q1","value":"99.4","year":"2012","month":"","quarter":"Q1","sourceDataset":"CSDB2","updateDate":"2016-01-27T15:25:46.728Z"},{"date":"2012 Q2","value":"99.3","year":"2012","month":"","quarter":"Q2","sourceDataset":"CSDB2","updateDate":"2016-01-27T15:25:46.728Z"},{"date":"2012 Q3","value":"100.4","year":"2012","month":"","quarter":"Q3","sourceDataset":"CSDB2","updateDate":"2016-01-27T15:25:46.728Z"},{"date":"2012 Q4","value":"100.9","year":"2012","month":"","quarter":"Q4","sourceDataset":"CSDB2","updateDate":"2016-01-27T15:25:46.728Z"},{"date":"2013 Q1","value":"101.4","year":"2013","month":"","quarter":"Q1","sourceDataset":"CSDB2","updateDate":"2016-01-27T15:25:46.728Z"},{"date":"2013 Q2","value":"101.4","year":"2013","month":"","quarter":"Q2","sourceDataset":"CSDB2","updateDate":"2016-01-27T15:25:46.728Z"},{"date":"2013 Q3","value":"102.4","year":"2013","month":"","quarter":"Q3","sourceDataset":"CSDB2","updateDate":"2016-01-27T15:25:46.728Z"},{"date":"2013 Q4","value":"102.3","year":"2013","month":"","quarter":"Q4","sourceDataset":"CSDB2","updateDate":"2016-01-27T15:25:46.728Z"},{"date":"2014 Q1","value":"103.1","year":"2014","month":"","quarter":"Q1","sourceDataset":"CSDB2","updateDate":"2016-01-27T15:25:46.728Z"},{"date":"2014 Q2","value":"103.9","year":"2014","month":"","quarter":"Q2","sourceDataset":"CSDB2","updateDate":"2016-01-27T15:25:46.728Z"},{"date":"2014 Q3","value":"104.6","year":"2014","month":"","quarter":"Q3","sourceDataset":"CSDB2","updateDate":"2016-01-27T15:25:46.728Z"},{"date":"2014 Q4","value":"103.6","year":"2014","month":"","quarter":"Q4","sourceDataset":"CSDB2","updateDate":"2016-01-27T15:25:46.728Z"},{"date":"2015 Q1","value":"104.2","year":"2015","month":"","quarter":"Q1","sourceDataset":"CSDB2","updateDate":"2016-01-27T15:25:46.728Z"},{"date":"2015 Q2","value":"104.1","year":"2015","month":"","quarter":"Q2","sourceDataset":"CSDB2","updateDate":"2016-01-27T15:25:46.728Z"},{"date":"2015 Q3","value":"104.5","year":"2015","month":"","quarter":"Q3","sourceDataset":"CSDB2","updateDate":"2016-01-27T15:25:46.728Z"}],"months":[],"sourceDatasets":["CSDB2","CSDB10"],"relatedDatasets":[{"uri":"/economy/environmentalaccounts/datasets/asdasdasdasdsadqwdeqweqe/2046"},{"uri":"/economy/environmentalaccounts/datasets/werwerwerwerwerwr/2015"}],"relatedDocuments":[],"versions":[{"uri":"/economy/environmentalaccounts/timeseries/cgbv/previous/v1","updateDate":"2016-01-27T00:00:00.000Z","correctionNotice":"","label":"v1"}],"type":"timeseries","description":{"title":"Gross Value Added at basic prices: Implied deflator £m                  ","contact":{"email":"","name":"","telephone":""},"releaseDate":"2016-01-27T00:00:00.000Z","nextRelease":"","cdid":"CGBV","unit":"","preUnit":"","source":"","seasonalAdjustment":"NSA","date":"2015 Q3","number":"104.5"}}