{"years":[{"date":"1948","value":"11780","year":"1948","month":"","quarter":"","sourceDataset":"CSDB2","updateDate":"2016-01-27T15:25:46.180Z"},{"date":"1949","value":"12517","year":"1949","month":"","quarter":"","sourceDataset":"CSDB2","updateDate":"2016-01-27T15:25:46.180Z"},{"date":"1950","value":"13255","year":"1950","month":"","quarter":"","sourceDataset":"CSDB2","updateDate":"2016-01-27T15:25:46.180Z"},{"date":"1951","value":"14778","year":"1951","month":"","quarter":"","sourceDataset":"CSDB2","updateDate":"2016-01-27T15:25:46.180Z"},{"date":"1952","value":"15924","year":"1952","month":"","quarter":"","sourceDataset":"CSDB2","updateDate":"2016-01-27T15:25:46.180Z"},{"date":"1953","value":"17024","year":"1953","month":"","quarter":"","sourceDataset":"CSDB2","updateDate":"2016-01-27T15:25:46.180Z"},{"date":"1954","value":"17954","year":"1954","month":"","quarter":"","sourceDataset":"CSDB2","updateDate":"2016-01-27T15:25:46.180Z"},{"date":"1955","value":"19414","year":"1955","month":"","quarter":"","sourceDataset":"CSDB2","updateDate":"2016-01-27T15:25:46.180Z"},{"date":"1956","value":"21106","year":"1956","month":"","quarter":"","sourceDataset":"CSDB2","updateDate":"2016-01-27T15:25:46.180Z"},{"date":"1957","value":"22371","year":"1957","month":"","quarter":"","sourceDataset":"CSDB2","updateDate":"2016-01-27T15:25:46.180Z"},{"date":"1958","value":"23497","year":"1958","month":"","quarter":"","sourceDataset":"CSDB2","updateDate":"2016-01-27T15:25:46.180Z"},{"date":"1959","value":"24572","year":"1959","month":"","quarter":"","sourceDataset":"CSDB2","updateDate":"2016-01-27T15:25:46.180Z"},{"date":"1960","value":"26318","year":"1960","month":"","quarter":"","sourceDataset":"CSDB2","updateDate":"2016-01-27T15:25:46.180Z"},{"date":"1961","value":"27953","year":"1961","month":"","quarter":"","sourceDataset":"CSDB2","updateDate":"2016-01-27T15:25:46.180Z"},{"date":"1962","value":"29281","year":"1962","month":"","quarter":"","sourceDataset":"CSDB2","updateDate":"2016-01-27T15:25:46.180Z"},{"date":"1963","value":"31241","year":"1963","month":"","quarter":"","sourceDataset":"CSDB2","updateDate":"2016-01-27T15:25:46.180Z"},{"date":"1964","value":"34049","year":"1964","month":"","quarter":"","sourceDataset":"CSDB2","updateDate":"2016-01-27T15:25:46.180Z"},{"date":"1965","value":"36737","year":"1965","month":"","quarter":"","sourceDataset":"CSDB2","updateDate":"2016-01-27T15:25:46.180Z"},{"date":"1966","value":"39095","year":"1966","month":"","quarter":"","sourceDataset":"CSDB2","updateDate":"2016-01-27T15:25:46.180Z"},{"date":"1967","value":"41275","year":"1967","month":"","quarter":"","sourceDataset":"CSDB2","updateDate":"2016-01-27T15:25:46.180Z"},{"date":"1968","value":"45155","year":"1968","month":"","quarter":"","sourceDataset":"CSDB2","updateDate":"2016-01-27T15:25:46.180Z"},{"date":"1969","value":"48948","year":"1969","month":"","quarter":"","sourceDataset":"CSDB2","updateDate":"2016-01-27T15:25:46.180Z"},{"date":"1970","value":"54920","year":"1970","month":"","quarter":"","sourceDataset":"CSDB2","updateDate":"2016-01-27T15:25:46.180Z"},{"date":"1971","value":"61251","year":"1971","month":"","quarter":"","sourceDataset":"CSDB2","updateDate":"2016-01-27T15:25:46.180Z"},{"date":"1972","value":"68352","year":"1972","month":"","quarter":"","sourceDataset":"CSDB2","updateDate":"2016-01-27T15:25:46.180Z"},{"date":"1973","value":"79342","year":"1973","month":"","quarter":"","sourceDataset":"CSDB2","updateDate":"2016-01-27T15:25:46.180Z"},{"date":"1974","value":"88994","year":"1974","month":"","quarter":"","sourceDataset":"CSDB2","updateDate":"2016-01-27T15:25:46.180Z"},{"date":"1975","value":"109392","year":"1975","month":"","quarter":"","sourceDataset":"CSDB2","updateDate":"2016-01-27T15:25:46.180Z"},{"date":"1976","value":"129779","year":"1976","month":"","quarter":"","sourceDataset":"CSDB2","updateDate":"2016-01-27T15:25:46.180Z"},{"date":"1977","value":"149383","year":"1977","month":"","quarter":"","sourceDataset":"CSDB2","updateDate":"2016-01-27T15:25:46.180Z"},{"date":"1978","value":"174066","year":"1978","month":"","quarter":"","sourceDataset":"CSDB2","updateDate":"2016-01-27T15:25:46.180Z"},{"date":"1979","value":"205203","year":"1979","month":"","quarter":"","sourceDataset":"CSDB2","updateDate":"2016-01-27T15:25:46.180Z"},{"date":"1980","value":"239393","year":"1980","month":"","quarter":"","sourceDataset":"CSDB2","updateDate":"2016-01-27T15:25:46.180Z"},{"date":"1981","value":"265609","year":"1981","month":"","quarter":"","sourceDataset":"CSDB2","updateDate":"2016-01-27T15:25:46.180Z"},{"date":"1982","value":"290292","year":"1982","month":"","quarter":"","sourceDataset":"CSDB2","updateDate":"2016-01-27T15:25:46.180Z"},{"date":"1983","value":"319935","year":"1983","month":"","quarter":"","sourceDataset":"CSDB2","updateDate":"2016-01-27T15:25:46.180Z"},{"date":"1984","value":"344610","year":"1984","month":"","quarter":"","sourceDataset":"CSDB2","updateDate":"2016-01-27T15:25:46.180Z"},{"date":"1985","value":"376813","year":"1985","month":"","quarter":"","sourceDataset":"CSDB2","updateDate":"2016-01-27T15:25:46.180Z"},{"date":"1986","value":"408004","year":"1986","month":"","quarter":"","sourceDataset":"CSDB2","updateDate":"2016-01-27T15:25:46.180Z"},{"date":"1987","value":"455383","year":"1987","month":"","quarter":"","sourceDataset":"CSDB2","updateDate":"2016-01-27T15:25:46.180Z"},{"date":"1988","value":"510710","year":"1988","month":"","quarter":"","sourceDataset":"CSDB2","updateDate":"2016-01-27T15:25:46.180Z"},{"date":"1989","value":"564235","year":"1989","month":"","quarter":"","sourceDataset":"CSDB2","updateDate":"2016-01-27T15:25:46.180Z"},{"date":"1990","value":"611593","year":"1990","month":"","quarter":"","sourceDataset":"CSDB2","updateDate":"2016-01-27T15:25:46.180Z"},{"date":"1991","value":"643083","year":"1991","month":"","quarter":"","sourceDataset":"CSDB2","updateDate":"2016-01-27T15:25:46.180Z"},{"date":"1992","value":"672083","year":"1992","month":"","quarter":"","sourceDataset":"CSDB2","updateDate":"2016-01-27T15:25:46.180Z"},{"date":"1993","value":"706404","year":"1993","month":"","quarter":"","sourceDataset":"CSDB2","updateDate":"2016-01-27T15:25:46.180Z"},{"date":"1994","value":"747937","year":"1994","month":"","quarter":"","sourceDataset":"CSDB2","updateDate":"2016-01-27T15:25:46.180Z"},{"date":"1995","value":"783430","year":"1995","month":"","quarter":"","sourceDataset":"CSDB2","updateDate":"2016-01-27T15:25:46.180Z"},{"date":"1996","value":"836873","year":"1996","month":"","quarter":"","sourceDataset":"CSDB2","updateDate":"2016-01-27T15:25:46.180Z"},{"date":"1997","value":"883957","year":"1997","month":"","quarter":"","sourceDataset":"CSDB2","updateDate":"2016-01-27T15:25:46.180Z"},{"date":"1998","value":"940704","year":"1998","month":"","quarter":"","sourceDataset":"CSDB2","updateDate":"2016-01-27T15:25:46.180Z"},{"date":"1999","value":"966962","year":"1999","month":"","quarter":"","sourceDataset":"CSDB2","updateDate":"2016-01-27T15:25:46.180Z"},{"date":"2000","value":"1034827","year":"2000","month":"","quarter":"","sourceDataset":"CSDB2","updateDate":"2016-01-27T15:25:46.180Z"},{"date":"2001","value":"1078276","year":"2001","month":"","quarter":"","sourceDataset":"CSDB2","updateDate":"2016-01-27T15:25:46.180Z"},{"date":"2002","value":"1139964","year":"2002","month":"","quarter":"","sourceDataset":"CSDB2","updateDate":"2016-01-27T15:25:46.180Z"},{"date":"2003","value":"1210758","year":"2003","month":"","quarter":"","sourceDataset":"CSDB2","updateDate":"2016-01-27T15:25:46.180Z"},{"date":"2004","value":"1278587","year":"2004","month":"","quarter":"","sourceDataset":"CSDB2","updateDate":"2016-01-27T15:25:46.180Z"},{"date":"2005","value":"1363046","year":"2005","month":"","quarter":"","sourceDataset":"CSDB2","updateDate":"2016-01-27T15:25:46.180Z"},{"date":"2006","value":"1423149","year":"2006","month":"","quarter":"","sourceDataset":"CSDB2","updateDate":"2016-01-27T15:25:46.180Z"},{"date":"2007","value":"1500711","year":"2007","month":"","quarter":"","sourceDataset":"CSDB2","updateDate":"2016-01-27T15:25:46.180Z"},{"date":"2008","value":"1524934","year":"2008","month":"","quarter":"","sourceDataset":"CSDB2","updateDate":"2016-01-27T15:25:46.180Z"},{"date":"2009","value":"1491096","year":"2009","month":"","quarter":"","sourceDataset":"CSDB2","updateDate":"2016-01-27T15:25:46.180Z"},{"date":"2010","value":"1575743","year":"2010","month":"","quarter":"","sourceDataset":"CSDB2","updateDate":"2016-01-27T15:25:46.180Z"},{"date":"2011","value":"1639967","year":"2011","month":"","quarter":"","sourceDataset":"CSDB2","updateDate":"2016-01-27T15:25:46.180Z"},{"date":"2012","value":"1666312","year":"2012","month":"","quarter":"","sourceDataset":"CSDB2","updateDate":"2016-01-27T15:25:46.180Z"},{"date":"2013","value":"1718117","year":"2013","month":"","quarter":"","sourceDataset":"CSDB2","updateDate":"2016-01-27T15:25:46.180Z"},{"date":"2014","value":"1784333","year":"2014","month":"","quarter":"","sourceDataset":"CSDB2","updateDate":"2016-01-27T15:25:46.180Z"}],"quarters":[{"date":"1955 Q1","value":"4726","year":"1955","month":"","quarter":"Q1","sourceDataset":"CSDB2","updateDate":"2016-01-27T15:25:46.180Z"},{"date":"1955 Q2","value":"4758","year":"1955","month":"","quarter":"Q2","sourceDataset":"CSDB2","updateDate":"2016-01-27T15:25:46.180Z"},{"date":"1955 Q3","value":"4939","year":"1955","month":"","quarter":"Q3","sourceDataset":"CSDB2","updateDate":"2016-01-27T15:25:46.180Z"},{"date":"1955 Q4","value":"4991","year":"1955","month":"","quarter":"Q4","sourceDataset":"CSDB2","updateDate":"2016-01-27T15:25:46.180Z"},{"date":"1956 Q1","value":"5131","year":"1956","month":"","quarter":"Q1","sourceDataset":"CSDB2","updateDate":"2016-01-27T15:25:46.180Z"},{"date":"1956 Q2","value":"5213","year":"1956","month":"","quarter":"Q2","sourceDataset":"CSDB2","updateDate":"2016-01-27T15:25:46.180Z"},{"date":"1956 Q3","value":"5311","year":"1956","month":"","quarter":"Q3","sourceDataset":"CSDB2","updateDate":"2016-01-27T15:25:46.180Z"},{"date":"1956 Q4","value":"5451","year":"1956","month":"","quarter":"Q4","sourceDataset":"CSDB2","updateDate":"2016-01-27T15:25:46.180Z"},{"date":"1957 Q1","value":"5420","year":"1957","month":"","quarter":"Q1","sourceDataset":"CSDB2","updateDate":"2016-01-27T15:25:46.180Z"},{"date":"1957 Q2","value":"5521","year":"1957","month":"","quarter":"Q2","sourceDataset":"CSDB2","updateDate":"2016-01-27T15:25:46.180Z"},{"date":"1957 Q3","value":"5651","year":"1957","month":"","quarter":"Q3","sourceDataset":"CSDB2","updateDate":"2016-01-27T15:25:46.180Z"},{"date":"1957 Q4","value":"5779","year":"1957","month":"","quarter":"Q4","sourceDataset":"CSDB2","updateDate":"2016-01-27T15:25:46.180Z"},{"date":"1958 Q1","value":"5871","year":"1958","month":"","quarter":"Q1","sourceDataset":"CSDB2","updateDate":"2016-01-27T15:25:46.180Z"},{"date":"1958 Q2","value":"5753","year":"1958","month":"","quarter":"Q2","sourceDataset":"CSDB2","updateDate":"2016-01-27T15:25:46.180Z"},{"date":"1958 Q3","value":"5925","year":"1958","month":"","quarter":"Q3","sourceDataset":"CSDB2","updateDate":"2016-01-27T15:25:46.180Z"},{"date":"1958 Q4","value":"5948","year":"1958","month":"","quarter":"Q4","sourceDataset":"CSDB2","updateDate":"2016-01-27T15:25:46.180Z"},{"date":"1959 Q1","value":"5920","year":"1959","month":"","quarter":"Q1","sourceDataset":"CSDB2","updateDate":"2016-01-27T15:25:46.180Z"},{"date":"1959 Q2","value":"6145","year":"1959","month":"","quarter":"Q2","sourceDataset":"CSDB2","updateDate":"2016-01-27T15:25:46.180Z"},{"date":"1959 Q3","value":"6162","year":"1959","month":"","quarter":"Q3","sourceDataset":"CSDB2","updateDate":"2016-01-27T15:25:46.180Z"},{"date":"1959 Q4","value":"6345","year":"1959","month":"","quarter":"Q4","sourceDataset":"CSDB2","updateDate":"2016-01-27T15:25:46.180Z"},{"date":"1960 Q1","value":"6446","year":"1960","month":"","quarter":"Q1","sourceDataset":"CSDB2","updateDate":"2016-01-27T15:25:46.180Z"},{"date":"1960 Q2","value":"6497","year":"1960","month":"","quarter":"Q2","sourceDataset":"CSDB2","updateDate":"2016-01-27T15:25:46.180Z"},{"date":"1960 Q3","value":"6610","year":"1960","month":"","quarter":"Q3","sourceDataset":"CSDB2","updateDate":"2016-01-27T15:25:46.180Z"},{"date":"1960 Q4","value":"6765","year":"1960","month":"","quarter":"Q4","sourceDataset":"CSDB2","updateDate":"2016-01-27T15:25:46.180Z"},{"date":"1961 Q1","value":"6924","year":"1961","month":"","quarter":"Q1","sourceDataset":"CSDB2","updateDate":"2016-01-27T15:25:46.180Z"},{"date":"1961 Q2","value":"6867","year":"1961","month":"","quarter":"Q2","sourceDataset":"CSDB2","updateDate":"2016-01-27T15:25:46.180Z"},{"date":"1961 Q3","value":"7133","year":"1961","month":"","quarter":"Q3","sourceDataset":"CSDB2","updateDate":"2016-01-27T15:25:46.180Z"},{"date":"1961 Q4","value":"7029","year":"1961","month":"","quarter":"Q4","sourceDataset":"CSDB2","updateDate":"2016-01-27T15:25:46.180Z"},{"date":"1962 Q1","value":"7152","year":"1962","month":"","quarter":"Q1","sourceDataset":"CSDB2","updateDate":"2016-01-27T15:25:46.180Z"},{"date":"1962 Q2","value":"7323","year":"1962","month":"","quarter":"Q2","sourceDataset":"CSDB2","updateDate":"2016-01-27T15:25:46.180Z"},{"date":"1962 Q3","value":"7393","year":"1962","month":"","quarter":"Q3","sourceDataset":"CSDB2","updateDate":"2016-01-27T15:25:46.180Z"},{"date":"1962 Q4","value":"7413","year":"1962","month":"","quarter":"Q4","sourceDataset":"CSDB2","updateDate":"2016-01-27T15:25:46.180Z"},{"date":"1963 Q1","value":"7403","year":"1963","month":"","quarter":"Q1","sourceDataset":"CSDB2","updateDate":"2016-01-27T15:25:46.180Z"},{"date":"1963 Q2","value":"7785","year":"1963","month":"","quarter":"Q2","sourceDataset":"CSDB2","updateDate":"2016-01-27T15:25:46.180Z"},{"date":"1963 Q3","value":"7913","year":"1963","month":"","quarter":"Q3","sourceDataset":"CSDB2","updateDate":"2016-01-27T15:25:46.180Z"},{"date":"1963 Q4","value":"8140","year":"1963","month":"","quarter":"Q4","sourceDataset":"CSDB2","updateDate":"2016-01-27T15:25:46.180Z"},{"date":"1964 Q1","value":"8192","year":"1964","month":"","quarter":"Q1","sourceDataset":"CSDB2","updateDate":"2016-01-27T15:25:46.180Z"},{"date":"1964 Q2","value":"8446","year":"1964","month":"","quarter":"Q2","sourceDataset":"CSDB2","updateDate":"2016-01-27T15:25:46.180Z"},{"date":"1964 Q3","value":"8596","year":"1964","month":"","quarter":"Q3","sourceDataset":"CSDB2","updateDate":"2016-01-27T15:25:46.180Z"},{"date":"1964 Q4","value":"8815","year":"1964","month":"","quarter":"Q4","sourceDataset":"CSDB2","updateDate":"2016-01-27T15:25:46.180Z"},{"date":"1965 Q1","value":"9007","year":"1965","month":"","quarter":"Q1","sourceDataset":"CSDB2","updateDate":"2016-01-27T15:25:46.180Z"},{"date":"1965 Q2","value":"9063","year":"1965","month":"","quarter":"Q2","sourceDataset":"CSDB2","updateDate":"2016-01-27T15:25:46.180Z"},{"date":"1965 Q3","value":"9261","year":"1965","month":"","quarter":"Q3","sourceDataset":"CSDB2","updateDate":"2016-01-27T15:25:46.180Z"},{"date":"1965 Q4","value":"9406","year":"1965","month":"","quarter":"Q4","sourceDataset":"CSDB2","updateDate":"2016-01-27T15:25:46.180Z"},{"date":"1966 Q1","value":"9544","year":"1966","month":"","quarter":"Q1","sourceDataset":"CSDB2","updateDate":"2016-01-27T15:25:46.180Z"},{"date":"1966 Q2","value":"9735","year":"1966","month":"","quarter":"Q2","sourceDataset":"CSDB2","updateDate":"2016-01-27T15:25:46.180Z"},{"date":"1966 Q3","value":"9871","year":"1966","month":"","quarter":"Q3","sourceDataset":"CSDB2","updateDate":"2016-01-27T15:25:46.180Z"},{"date":"1966 Q4","value":"9945","year":"1966","month":"","quarter":"Q4","sourceDataset":"CSDB2","updateDate":"2016-01-27T15:25:46.180Z"},{"date":"1967 Q1","value":"10066","year":"1967","month":"","quarter":"Q1","sourceDataset":"CSDB2","updateDate":"2016-01-27T15:25:46.180Z"},{"date":"1967 Q2","value":"10310","year":"1967","month":"","quarter":"Q2","sourceDataset":"CSDB2","updateDate":"2016-01-27T15:25:46.180Z"},{"date":"1967 Q3","value":"10371","year":"1967","month":"","quarter":"Q3","sourceDataset":"CSDB2","updateDate":"2016-01-27T15:25:46.180Z"},{"date":"1967 Q4","value":"10528","year":"1967","month":"","quarter":"Q4","sourceDataset":"CSDB2","updateDate":"2016-01-27T15:25:46.180Z"},{"date":"1968 Q1","value":"10958","year":"1968","month":"","quarter":"Q1","sourceDataset":"CSDB2","updateDate":"2016-01-27T15:25:46.180Z"},{"date":"1968 Q2","value":"11104","year":"1968","month":"","quarter":"Q2","sourceDataset":"CSDB2","updateDate":"2016-01-27T15:25:46.180Z"},{"date":"1968 Q3","value":"11445","year":"1968","month":"","quarter":"Q3","sourceDataset":"CSDB2","updateDate":"2016-01-27T15:25:46.180Z"},{"date":"1968 Q4","value":"11648","year":"1968","month":"","quarter":"Q4","sourceDataset":"CSDB2","updateDate":"2016-01-27T15:25:46.180Z"},{"date":"1969 Q1","value":"11925","year":"1969","month":"","quarter":"Q1","sourceDataset":"CSDB2","updateDate":"2016-01-27T15:25:46.180Z"},{"date":"1969 Q2","value":"12077","year":"1969","month":"","quarter":"Q2","sourceDataset":"CSDB2","updateDate":"2016-01-27T15:25:46.180Z"},{"date":"1969 Q3","value":"12304","year":"1969","month":"","quarter":"Q3","sourceDataset":"CSDB2","updateDate":"2016-01-27T15:25:46.180Z"},{"date":"1969 Q4","value":"12642","year":"1969","month":"","quarter":"Q4","sourceDataset":"CSDB2","updateDate":"2016-01-27T15:25:46.180Z"},{"date":"1970 Q1","value":"12958","year":"1970","month":"","quarter":"Q1","sourceDataset":"CSDB2","updateDate":"2016-01-27T15:25:46.180Z"},{"date":"1970 Q2","value":"13564","year":"1970","month":"","quarter":"Q2","sourceDataset":"CSDB2","updateDate":"2016-01-27T15:25:46.180Z"},{"date":"1970 Q3","value":"13959","year":"1970","month":"","quarter":"Q3","sourceDataset":"CSDB2","updateDate":"2016-01-27T15:25:46.180Z"},{"date":"1970 Q4","value":"14439","year":"1970","month":"","quarter":"Q4","sourceDataset":"CSDB2","updateDate":"2016-01-27T15:25:46.180Z"},{"date":"1971 Q1","value":"14617","year":"1971","month":"","quarter":"Q1","sourceDataset":"CSDB2","updateDate":"2016-01-27T15:25:46.180Z"},{"date":"1971 Q2","value":"15122","year":"1971","month":"","quarter":"Q2","sourceDataset":"CSDB2","updateDate":"2016-01-27T15:25:46.180Z"},{"date":"1971 Q3","value":"15579","year":"1971","month":"","quarter":"Q3","sourceDataset":"CSDB2","updateDate":"2016-01-27T15:25:46.180Z"},{"date":"1971 Q4","value":"15933","year":"1971","month":"","quarter":"Q4","sourceDataset":"CSDB2","updateDate":"2016-01-27T15:25:46.180Z"},{"date":"1972 Q1","value":"16121","year":"1972","month":"","quarter":"Q1","sourceDataset":"CSDB2","updateDate":"2016-01-27T15:25:46.180Z"},{"date":"1972 Q2","value":"16888","year":"1972","month":"","quarter":"Q2","sourceDataset":"CSDB2","updateDate":"2016-01-27T15:25:46.180Z"},{"date":"1972 Q3","value":"17179","year":"1972","month":"","quarter":"Q3","sourceDataset":"CSDB2","updateDate":"2016-01-27T15:25:46.180Z"},{"date":"1972 Q4","value":"18164","year":"1972","month":"","quarter":"Q4","sourceDataset":"CSDB2","updateDate":"2016-01-27T15:25:46.180Z"},{"date":"1973 Q1","value":"19256","year":"1973","month":"","quarter":"Q1","sourceDataset":"CSDB2","updateDate":"2016-01-27T15:25:46.180Z"},{"date":"1973 Q2","value":"19375","year":"1973","month":"","quarter":"Q2","sourceDataset":"CSDB2","updateDate":"2016-01-27T15:25:46.180Z"},{"date":"1973 Q3","value":"19924","year":"1973","month":"","quarter":"Q3","sourceDataset":"CSDB2","updateDate":"2016-01-27T15:25:46.180Z"},{"date":"1973 Q4","value":"20787","year":"1973","month":"","quarter":"Q4","sourceDataset":"CSDB2","updateDate":"2016-01-27T15:25:46.180Z"},{"date":"1974 Q1","value":"20370","year":"1974","month":"","quarter":"Q1","sourceDataset":"CSDB2","updateDate":"2016-01-27T15:25:46.180Z"},{"date":"1974 Q2","value":"21841","year":"1974","month":"","quarter":"Q2","sourceDataset":"CSDB2","updateDate":"2016-01-27T15:25:46.180Z"},{"date":"1974 Q3","value":"22858","year":"1974","month":"","quarter":"Q3","sourceDataset":"CSDB2","updateDate":"2016-01-27T15:25:46.180Z"},{"date":"1974 Q4","value":"23925","year":"1974","month":"","quarter":"Q4","sourceDataset":"CSDB2","updateDate":"2016-01-27T15:25:46.180Z"},{"date":"1975 Q1","value":"25460","year":"1975","month":"","quarter":"Q1","sourceDataset":"CSDB2","updateDate":"2016-01-27T15:25:46.180Z"},{"date":"1975 Q2","value":"26739","year":"1975","month":"","quarter":"Q2","sourceDataset":"CSDB2","updateDate":"2016-01-27T15:25:46.180Z"},{"date":"1975 Q3","value":"27810","year":"1975","month":"","quarter":"Q3","sourceDataset":"CSDB2","updateDate":"2016-01-27T15:25:46.180Z"},{"date":"1975 Q4","value":"29383","year":"1975","month":"","quarter":"Q4","sourceDataset":"CSDB2","updateDate":"2016-01-27T15:25:46.180Z"},{"date":"1976 Q1","value":"30669","year":"1976","month":"","quarter":"Q1","sourceDataset":"CSDB2","updateDate":"2016-01-27T15:25:46.180Z"},{"date":"1976 Q2","value":"31631","year":"1976","month":"","quarter":"Q2","sourceDataset":"CSDB2","updateDate":"2016-01-27T15:25:46.180Z"},{"date":"1976 Q3","value":"32723","year":"1976","month":"","quarter":"Q3","sourceDataset":"CSDB2","updateDate":"2016-01-27T15:25:46.180Z"},{"date":"1976 Q4","value":"34756","year":"1976","month":"","quarter":"Q4","sourceDataset":"CSDB2","updateDate":"2016-01-27T15:25:46.180Z"},{"date":"1977 Q1","value":"35515","year":"1977","month":"","quarter":"Q1","sourceDataset":"CSDB2","updateDate":"2016-01-27T15:25:46.180Z"},{"date":"1977 Q2","value":"36669","year":"1977","month":"","quarter":"Q2","sourceDataset":"CSDB2","updateDate":"2016-01-27T15:25:46.180Z"},{"date":"1977 Q3","value":"37734","year":"1977","month":"","quarter":"Q3","sourceDataset":"CSDB2","updateDate":"2016-01-27T15:25:46.180Z"},{"date":"1977 Q4","value":"39465","year":"1977","month":"","quarter":"Q4","sourceDataset":"CSDB2","updateDate":"2016-01-27T15:25:46.180Z"},{"date":"1978 Q1","value":"41168","year":"1978","month":"","quarter":"Q1","sourceDataset":"CSDB2","updateDate":"2016-01-27T15:25:46.180Z"},{"date":"1978 Q2","value":"43025","year":"1978","month":"","quarter":"Q2","sourceDataset":"CSDB2","updateDate":"2016-01-27T15:25:46.180Z"},{"date":"1978 Q3","value":"44184","year":"1978","month":"","quarter":"Q3","sourceDataset":"CSDB2","updateDate":"2016-01-27T15:25:46.180Z"},{"date":"1978 Q4","value":"45689","year":"1978","month":"","quarter":"Q4","sourceDataset":"CSDB2","updateDate":"2016-01-27T15:25:46.180Z"},{"date":"1979 Q1","value":"46899","year":"1979","month":"","quarter":"Q1","sourceDataset":"CSDB2","updateDate":"2016-01-27T15:25:46.180Z"},{"date":"1979 Q2","value":"50090","year":"1979","month":"","quarter":"Q2","sourceDataset":"CSDB2","updateDate":"2016-01-27T15:25:46.180Z"},{"date":"1979 Q3","value":"52929","year":"1979","month":"","quarter":"Q3","sourceDataset":"CSDB2","updateDate":"2016-01-27T15:25:46.180Z"},{"date":"1979 Q4","value":"55285","year":"1979","month":"","quarter":"Q4","sourceDataset":"CSDB2","updateDate":"2016-01-27T15:25:46.180Z"},{"date":"1980 Q1","value":"57101","year":"1980","month":"","quarter":"Q1","sourceDataset":"CSDB2","updateDate":"2016-01-27T15:25:46.180Z"},{"date":"1980 Q2","value":"58700","year":"1980","month":"","quarter":"Q2","sourceDataset":"CSDB2","updateDate":"2016-01-27T15:25:46.180Z"},{"date":"1980 Q3","value":"60824","year":"1980","month":"","quarter":"Q3","sourceDataset":"CSDB2","updateDate":"2016-01-27T15:25:46.180Z"},{"date":"1980 Q4","value":"62768","year":"1980","month":"","quarter":"Q4","sourceDataset":"CSDB2","updateDate":"2016-01-27T15:25:46.180Z"},{"date":"1981 Q1","value":"64166","year":"1981","month":"","quarter":"Q1","sourceDataset":"CSDB2","updateDate":"2016-01-27T15:25:46.180Z"},{"date":"1981 Q2","value":"65548","year":"1981","month":"","quarter":"Q2","sourceDataset":"CSDB2","updateDate":"2016-01-27T15:25:46.180Z"},{"date":"1981 Q3","value":"66836","year":"1981","month":"","quarter":"Q3","sourceDataset":"CSDB2","updateDate":"2016-01-27T15:25:46.180Z"},{"date":"1981 Q4","value":"69059","year":"1981","month":"","quarter":"Q4","sourceDataset":"CSDB2","updateDate":"2016-01-27T15:25:46.180Z"},{"date":"1982 Q1","value":"70079","year":"1982","month":"","quarter":"Q1","sourceDataset":"CSDB2","updateDate":"2016-01-27T15:25:46.180Z"},{"date":"1982 Q2","value":"71924","year":"1982","month":"","quarter":"Q2","sourceDataset":"CSDB2","updateDate":"2016-01-27T15:25:46.180Z"},{"date":"1982 Q3","value":"73008","year":"1982","month":"","quarter":"Q3","sourceDataset":"CSDB2","updateDate":"2016-01-27T15:25:46.180Z"},{"date":"1982 Q4","value":"75281","year":"1982","month":"","quarter":"Q4","sourceDataset":"CSDB2","updateDate":"2016-01-27T15:25:46.180Z"},{"date":"1983 Q1","value":"77829","year":"1983","month":"","quarter":"Q1","sourceDataset":"CSDB2","updateDate":"2016-01-27T15:25:46.180Z"},{"date":"1983 Q2","value":"78452","year":"1983","month":"","quarter":"Q2","sourceDataset":"CSDB2","updateDate":"2016-01-27T15:25:46.180Z"},{"date":"1983 Q3","value":"81185","year":"1983","month":"","quarter":"Q3","sourceDataset":"CSDB2","updateDate":"2016-01-27T15:25:46.180Z"},{"date":"1983 Q4","value":"82469","year":"1983","month":"","quarter":"Q4","sourceDataset":"CSDB2","updateDate":"2016-01-27T15:25:46.180Z"},{"date":"1984 Q1","value":"83837","year":"1984","month":"","quarter":"Q1","sourceDataset":"CSDB2","updateDate":"2016-01-27T15:25:46.180Z"},{"date":"1984 Q2","value":"85188","year":"1984","month":"","quarter":"Q2","sourceDataset":"CSDB2","updateDate":"2016-01-27T15:25:46.180Z"},{"date":"1984 Q3","value":"86140","year":"1984","month":"","quarter":"Q3","sourceDataset":"CSDB2","updateDate":"2016-01-27T15:25:46.180Z"},{"date":"1984 Q4","value":"89445","year":"1984","month":"","quarter":"Q4","sourceDataset":"CSDB2","updateDate":"2016-01-27T15:25:46.180Z"},{"date":"1985 Q1","value":"90250","year":"1985","month":"","quarter":"Q1","sourceDataset":"CSDB2","updateDate":"2016-01-27T15:25:46.180Z"},{"date":"1985 Q2","value":"93907","year":"1985","month":"","quarter":"Q2","sourceDataset":"CSDB2","updateDate":"2016-01-27T15:25:46.180Z"},{"date":"1985 Q3","value":"95456","year":"1985","month":"","quarter":"Q3","sourceDataset":"CSDB2","updateDate":"2016-01-27T15:25:46.180Z"},{"date":"1985 Q4","value":"97200","year":"1985","month":"","quarter":"Q4","sourceDataset":"CSDB2","updateDate":"2016-01-27T15:25:46.180Z"},{"date":"1986 Q1","value":"99393","year":"1986","month":"","quarter":"Q1","sourceDataset":"CSDB2","updateDate":"2016-01-27T15:25:46.180Z"},{"date":"1986 Q2","value":"100743","year":"1986","month":"","quarter":"Q2","sourceDataset":"CSDB2","updateDate":"2016-01-27T15:25:46.180Z"},{"date":"1986 Q3","value":"102123","year":"1986","month":"","quarter":"Q3","sourceDataset":"CSDB2","updateDate":"2016-01-27T15:25:46.180Z"},{"date":"1986 Q4","value":"105745","year":"1986","month":"","quarter":"Q4","sourceDataset":"CSDB2","updateDate":"2016-01-27T15:25:46.180Z"},{"date":"1987 Q1","value":"108912","year":"1987","month":"","quarter":"Q1","sourceDataset":"CSDB2","updateDate":"2016-01-27T15:25:46.180Z"},{"date":"1987 Q2","value":"111765","year":"1987","month":"","quarter":"Q2","sourceDataset":"CSDB2","updateDate":"2016-01-27T15:25:46.180Z"},{"date":"1987 Q3","value":"116446","year":"1987","month":"","quarter":"Q3","sourceDataset":"CSDB2","updateDate":"2016-01-27T15:25:46.180Z"},{"date":"1987 Q4","value":"118260","year":"1987","month":"","quarter":"Q4","sourceDataset":"CSDB2","updateDate":"2016-01-27T15:25:46.180Z"},{"date":"1988 Q1","value":"122140","year":"1988","month":"","quarter":"Q1","sourceDataset":"CSDB2","updateDate":"2016-01-27T15:25:46.180Z"},{"date":"1988 Q2","value":"125434","year":"1988","month":"","quarter":"Q2","sourceDataset":"CSDB2","updateDate":"2016-01-27T15:25:46.180Z"},{"date":"1988 Q3","value":"129307","year":"1988","month":"","quarter":"Q3","sourceDataset":"CSDB2","updateDate":"2016-01-27T15:25:46.180Z"},{"date":"1988 Q4","value":"133829","year":"1988","month":"","quarter":"Q4","sourceDataset":"CSDB2","updateDate":"2016-01-27T15:25:46.180Z"},{"date":"1989 Q1","value":"137155","year":"1989","month":"","quarter":"Q1","sourceDataset":"CSDB2","updateDate":"2016-01-27T15:25:46.180Z"},{"date":"1989 Q2","value":"138910","year":"1989","month":"","quarter":"Q2","sourceDataset":"CSDB2","updateDate":"2016-01-27T15:25:46.180Z"},{"date":"1989 Q3","value":"142518","year":"1989","month":"","quarter":"Q3","sourceDataset":"CSDB2","updateDate":"2016-01-27T15:25:46.180Z"},{"date":"1989 Q4","value":"145652","year":"1989","month":"","quarter":"Q4","sourceDataset":"CSDB2","updateDate":"2016-01-27T15:25:46.180Z"},{"date":"1990 Q1","value":"147853","year":"1990","month":"","quarter":"Q1","sourceDataset":"CSDB2","updateDate":"2016-01-27T15:25:46.180Z"},{"date":"1990 Q2","value":"152205","year":"1990","month":"","quarter":"Q2","sourceDataset":"CSDB2","updateDate":"2016-01-27T15:25:46.180Z"},{"date":"1990 Q3","value":"155788","year":"1990","month":"","quarter":"Q3","sourceDataset":"CSDB2","updateDate":"2016-01-27T15:25:46.180Z"},{"date":"1990 Q4","value":"155747","year":"1990","month":"","quarter":"Q4","sourceDataset":"CSDB2","updateDate":"2016-01-27T15:25:46.180Z"},{"date":"1991 Q1","value":"157919","year":"1991","month":"","quarter":"Q1","sourceDataset":"CSDB2","updateDate":"2016-01-27T15:25:46.180Z"},{"date":"1991 Q2","value":"159717","year":"1991","month":"","quarter":"Q2","sourceDataset":"CSDB2","updateDate":"2016-01-27T15:25:46.180Z"},{"date":"1991 Q3","value":"161393","year":"1991","month":"","quarter":"Q3","sourceDataset":"CSDB2","updateDate":"2016-01-27T15:25:46.180Z"},{"date":"1991 Q4","value":"164054","year":"1991","month":"","quarter":"Q4","sourceDataset":"CSDB2","updateDate":"2016-01-27T15:25:46.180Z"},{"date":"1992 Q1","value":"166673","year":"1992","month":"","quarter":"Q1","sourceDataset":"CSDB2","updateDate":"2016-01-27T15:25:46.180Z"},{"date":"1992 Q2","value":"167158","year":"1992","month":"","quarter":"Q2","sourceDataset":"CSDB2","updateDate":"2016-01-27T15:25:46.180Z"},{"date":"1992 Q3","value":"168085","year":"1992","month":"","quarter":"Q3","sourceDataset":"CSDB2","updateDate":"2016-01-27T15:25:46.180Z"},{"date":"1992 Q4","value":"170167","year":"1992","month":"","quarter":"Q4","sourceDataset":"CSDB2","updateDate":"2016-01-27T15:25:46.180Z"},{"date":"1993 Q1","value":"174104","year":"1993","month":"","quarter":"Q1","sourceDataset":"CSDB2","updateDate":"2016-01-27T15:25:46.180Z"},{"date":"1993 Q2","value":"174571","year":"1993","month":"","quarter":"Q2","sourceDataset":"CSDB2","updateDate":"2016-01-27T15:25:46.180Z"},{"date":"1993 Q3","value":"177992","year":"1993","month":"","quarter":"Q3","sourceDataset":"CSDB2","updateDate":"2016-01-27T15:25:46.180Z"},{"date":"1993 Q4","value":"179737","year":"1993","month":"","quarter":"Q4","sourceDataset":"CSDB2","updateDate":"2016-01-27T15:25:46.180Z"},{"date":"1994 Q1","value":"184151","year":"1994","month":"","quarter":"Q1","sourceDataset":"CSDB2","updateDate":"2016-01-27T15:25:46.180Z"},{"date":"1994 Q2","value":"185445","year":"1994","month":"","quarter":"Q2","sourceDataset":"CSDB2","updateDate":"2016-01-27T15:25:46.180Z"},{"date":"1994 Q3","value":"187719","year":"1994","month":"","quarter":"Q3","sourceDataset":"CSDB2","updateDate":"2016-01-27T15:25:46.180Z"},{"date":"1994 Q4","value":"190622","year":"1994","month":"","quarter":"Q4","sourceDataset":"CSDB2","updateDate":"2016-01-27T15:25:46.180Z"},{"date":"1995 Q1","value":"191220","year":"1995","month":"","quarter":"Q1","sourceDataset":"CSDB2","updateDate":"2016-01-27T15:25:46.180Z"},{"date":"1995 Q2","value":"193697","year":"1995","month":"","quarter":"Q2","sourceDataset":"CSDB2","updateDate":"2016-01-27T15:25:46.180Z"},{"date":"1995 Q3","value":"197821","year":"1995","month":"","quarter":"Q3","sourceDataset":"CSDB2","updateDate":"2016-01-27T15:25:46.180Z"},{"date":"1995 Q4","value":"200692","year":"1995","month":"","quarter":"Q4","sourceDataset":"CSDB2","updateDate":"2016-01-27T15:25:46.180Z"},{"date":"1996 Q1","value":"205488","year":"1996","month":"","quarter":"Q1","sourceDataset":"CSDB2","updateDate":"2016-01-27T15:25:46.180Z"},{"date":"1996 Q2","value":"209607","year":"1996","month":"","quarter":"Q2","sourceDataset":"CSDB2","updateDate":"2016-01-27T15:25:46.180Z"},{"date":"1996 Q3","value":"210173","year":"1996","month":"","quarter":"Q3","sourceDataset":"CSDB2","updateDate":"2016-01-27T15:25:46.180Z"},{"date":"1996 Q4","value":"211605","year":"1996","month":"","quarter":"Q4","sourceDataset":"CSDB2","updateDate":"2016-01-27T15:25:46.180Z"},{"date":"1997 Q1","value":"217485","year":"1997","month":"","quarter":"Q1","sourceDataset":"CSDB2","updateDate":"2016-01-27T15:25:46.180Z"},{"date":"1997 Q2","value":"220239","year":"1997","month":"","quarter":"Q2","sourceDataset":"CSDB2","updateDate":"2016-01-27T15:25:46.180Z"},{"date":"1997 Q3","value":"222863","year":"1997","month":"","quarter":"Q3","sourceDataset":"CSDB2","updateDate":"2016-01-27T15:25:46.180Z"},{"date":"1997 Q4","value":"223370","year":"1997","month":"","quarter":"Q4","sourceDataset":"CSDB2","updateDate":"2016-01-27T15:25:46.180Z"},{"date":"1998 Q1","value":"228632","year":"1998","month":"","quarter":"Q1","sourceDataset":"CSDB2","updateDate":"2016-01-27T15:25:46.180Z"},{"date":"1998 Q2","value":"232438","year":"1998","month":"","quarter":"Q2","sourceDataset":"CSDB2","updateDate":"2016-01-27T15:25:46.180Z"},{"date":"1998 Q3","value":"236980","year":"1998","month":"","quarter":"Q3","sourceDataset":"CSDB2","updateDate":"2016-01-27T15:25:46.180Z"},{"date":"1998 Q4","value":"242654","year":"1998","month":"","quarter":"Q4","sourceDataset":"CSDB2","updateDate":"2016-01-27T15:25:46.180Z"},{"date":"1999 Q1","value":"238975","year":"1999","month":"","quarter":"Q1","sourceDataset":"CSDB2","updateDate":"2016-01-27T15:25:46.180Z"},{"date":"1999 Q2","value":"239567","year":"1999","month":"","quarter":"Q2","sourceDataset":"CSDB2","updateDate":"2016-01-27T15:25:46.180Z"},{"date":"1999 Q3","value":"241580","year":"1999","month":"","quarter":"Q3","sourceDataset":"CSDB2","updateDate":"2016-01-27T15:25:46.180Z"},{"date":"1999 Q4","value":"246840","year":"1999","month":"","quarter":"Q4","sourceDataset":"CSDB2","updateDate":"2016-01-27T15:25:46.180Z"},{"date":"2000 Q1","value":"253550","year":"2000","month":"","quarter":"Q1","sourceDataset":"CSDB2","updateDate":"2016-01-27T15:25:46.180Z"},{"date":"2000 Q2","value":"256868","year":"2000","month":"","quarter":"Q2","sourceDataset":"CSDB2","updateDate":"2016-01-27T15:25:46.180Z"},{"date":"2000 Q3","value":"261831","year":"2000","month":"","quarter":"Q3","sourceDataset":"CSDB2","updateDate":"2016-01-27T15:25:46.180Z"},{"date":"2000 Q4","value":"262578","year":"2000","month":"","quarter":"Q4","sourceDataset":"CSDB2","updateDate":"2016-01-27T15:25:46.180Z"},{"date":"2001 Q1","value":"264784","year":"2001","month":"","quarter":"Q1","sourceDataset":"CSDB2","updateDate":"2016-01-27T15:25:46.180Z"},{"date":"2001 Q2","value":"270831","year":"2001","month":"","quarter":"Q2","sourceDataset":"CSDB2","updateDate":"2016-01-27T15:25:46.180Z"},{"date":"2001 Q3","value":"269820","year":"2001","month":"","quarter":"Q3","sourceDataset":"CSDB2","updateDate":"2016-01-27T15:25:46.180Z"},{"date":"2001 Q4","value":"272841","year":"2001","month":"","quarter":"Q4","sourceDataset":"CSDB2","updateDate":"2016-01-27T15:25:46.180Z"},{"date":"2002 Q1","value":"278077","year":"2002","month":"","quarter":"Q1","sourceDataset":"CSDB2","updateDate":"2016-01-27T15:25:46.180Z"},{"date":"2002 Q2","value":"281434","year":"2002","month":"","quarter":"Q2","sourceDataset":"CSDB2","updateDate":"2016-01-27T15:25:46.180Z"},{"date":"2002 Q3","value":"287405","year":"2002","month":"","quarter":"Q3","sourceDataset":"CSDB2","updateDate":"2016-01-27T15:25:46.180Z"},{"date":"2002 Q4","value":"293048","year":"2002","month":"","quarter":"Q4","sourceDataset":"CSDB2","updateDate":"2016-01-27T15:25:46.180Z"},{"date":"2003 Q1","value":"297528","year":"2003","month":"","quarter":"Q1","sourceDataset":"CSDB2","updateDate":"2016-01-27T15:25:46.180Z"},{"date":"2003 Q2","value":"300037","year":"2003","month":"","quarter":"Q2","sourceDataset":"CSDB2","updateDate":"2016-01-27T15:25:46.180Z"},{"date":"2003 Q3","value":"302537","year":"2003","month":"","quarter":"Q3","sourceDataset":"CSDB2","updateDate":"2016-01-27T15:25:46.180Z"},{"date":"2003 Q4","value":"310656","year":"2003","month":"","quarter":"Q4","sourceDataset":"CSDB2","updateDate":"2016-01-27T15:25:46.180Z"},{"date":"2004 Q1","value":"312444","year":"2004","month":"","quarter":"Q1","sourceDataset":"CSDB2","updateDate":"2016-01-27T15:25:46.180Z"},{"date":"2004 Q2","value":"318811","year":"2004","month":"","quarter":"Q2","sourceDataset":"CSDB2","updateDate":"2016-01-27T15:25:46.180Z"},{"date":"2004 Q3","value":"319249","year":"2004","month":"","quarter":"Q3","sourceDataset":"CSDB2","updateDate":"2016-01-27T15:25:46.180Z"},{"date":"2004 Q4","value":"328083","year":"2004","month":"","quarter":"Q4","sourceDataset":"CSDB2","updateDate":"2016-01-27T15:25:46.180Z"},{"date":"2005 Q1","value":"331236","year":"2005","month":"","quarter":"Q1","sourceDataset":"CSDB2","updateDate":"2016-01-27T15:25:46.180Z"},{"date":"2005 Q2","value":"342224","year":"2005","month":"","quarter":"Q2","sourceDataset":"CSDB2","updateDate":"2016-01-27T15:25:46.180Z"},{"date":"2005 Q3","value":"341224","year":"2005","month":"","quarter":"Q3","sourceDataset":"CSDB2","updateDate":"2016-01-27T15:25:46.180Z"},{"date":"2005 Q4","value":"348362","year":"2005","month":"","quarter":"Q4","sourceDataset":"CSDB2","updateDate":"2016-01-27T15:25:46.180Z"},{"date":"2006 Q1","value":"351378","year":"2006","month":"","quarter":"Q1","sourceDataset":"CSDB2","updateDate":"2016-01-27T15:25:46.180Z"},{"date":"2006 Q2","value":"355452","year":"2006","month":"","quarter":"Q2","sourceDataset":"CSDB2","updateDate":"2016-01-27T15:25:46.180Z"},{"date":"2006 Q3","value":"355442","year":"2006","month":"","quarter":"Q3","sourceDataset":"CSDB2","updateDate":"2016-01-27T15:25:46.180Z"},{"date":"2006 Q4","value":"360877","year":"2006","month":"","quarter":"Q4","sourceDataset":"CSDB2","updateDate":"2016-01-27T15:25:46.180Z"},{"date":"2007 Q1","value":"367937","year":"2007","month":"","quarter":"Q1","sourceDataset":"CSDB2","updateDate":"2016-01-27T15:25:46.180Z"},{"date":"2007 Q2","value":"373536","year":"2007","month":"","quarter":"Q2","sourceDataset":"CSDB2","updateDate":"2016-01-27T15:25:46.180Z"},{"date":"2007 Q3","value":"376409","year":"2007","month":"","quarter":"Q3","sourceDataset":"CSDB2","updateDate":"2016-01-27T15:25:46.180Z"},{"date":"2007 Q4","value":"382829","year":"2007","month":"","quarter":"Q4","sourceDataset":"CSDB2","updateDate":"2016-01-27T15:25:46.180Z"},{"date":"2008 Q1","value":"390563","year":"2008","month":"","quarter":"Q1","sourceDataset":"CSDB2","updateDate":"2016-01-27T15:25:46.180Z"},{"date":"2008 Q2","value":"384496","year":"2008","month":"","quarter":"Q2","sourceDataset":"CSDB2","updateDate":"2016-01-27T15:25:46.180Z"},{"date":"2008 Q3","value":"381761","year":"2008","month":"","quarter":"Q3","sourceDataset":"CSDB2","updateDate":"2016-01-27T15:25:46.180Z"},{"date":"2008 Q4","value":"368114","year":"2008","month":"","quarter":"Q4","sourceDataset":"CSDB2","updateDate":"2016-01-27T15:25:46.180Z"},{"date":"2009 Q1","value":"365635","year":"2009","month":"","quarter":"Q1","sourceDataset":"CSDB2","updateDate":"2016-01-27T15:25:46.180Z"},{"date":"2009 Q2","value":"367267","year":"2009","month":"","quarter":"Q2","sourceDataset":"CSDB2","updateDate":"2016-01-27T15:25:46.180Z"},{"date":"2009 Q3","value":"378511","year":"2009","month":"","quarter":"Q3","sourceDataset":"CSDB2","updateDate":"2016-01-27T15:25:46.180Z"},{"date":"2009 Q4","value":"379683","year":"2009","month":"","quarter":"Q4","sourceDataset":"CSDB2","updateDate":"2016-01-27T15:25:46.180Z"},{"date":"2010 Q1","value":"389119","year":"2010","month":"","quarter":"Q1","sourceDataset":"CSDB2","updateDate":"2016-01-27T15:25:46.180Z"},{"date":"2010 Q2","value":"394675","year":"2010","month":"","quarter":"Q2","sourceDataset":"CSDB2","updateDate":"2016-01-27T15:25:46.180Z"},{"date":"2010 Q3","value":"394208","year":"2010","month":"","quarter":"Q3","sourceDataset":"CSDB2","updateDate":"2016-01-27T15:25:46.180Z"},{"date":"2010 Q4","value":"397741","year":"2010","month":"","quarter":"Q4","sourceDataset":"CSDB2","updateDate":"2016-01-27T15:25:46.180Z"},{"date":"2011 Q1","value":"407808","year":"2011","month":"","quarter":"Q1","sourceDataset":"CSDB2","updateDate":"2016-01-27T15:25:46.180Z"},{"date":"2011 Q2","value":"410105","year":"2011","month":"","quarter":"Q2","sourceDataset":"CSDB2","updateDate":"2016-01-27T15:25:46.180Z"},{"date":"2011 Q3","value":"409612","year":"2011","month":"","quarter":"Q3","sourceDataset":"CSDB2","updateDate":"2016-01-27T15:25:46.180Z"},{"date":"2011 Q4","value":"412442","year":"2011","month":"","quarter":"Q4","sourceDataset":"CSDB2","updateDate":"2016-01-27T15:25:46.180Z"},{"date":"2012 Q1","value":"414830","year":"2012","month":"","quarter":"Q1","sourceDataset":"CSDB2","updateDate":"2016-01-27T15:25:46.180Z"},{"date":"2012 Q2","value":"412381","year":"2012","month":"","quarter":"Q2","sourceDataset":"CSDB2","updateDate":"2016-01-27T15:25:46.180Z"},{"date":"2012 Q3","value":"418865","year":"2012","month":"","quarter":"Q3","sourceDataset":"CSDB2","updateDate":"2016-01-27T15:25:46.180Z"},{"date":"2012 Q4","value":"420236","year":"2012","month":"","quarter":"Q4","sourceDataset":"CSDB2","updateDate":"2016-01-27T15:25:46.180Z"},{"date":"2013 Q1","value":"421532","year":"2013","month":"","quarter":"Q1","sourceDataset":"CSDB2","updateDate":"2016-01-27T15:25:46.180Z"},{"date":"2013 Q2","value":"430460","year":"2013","month":"","quarter":"Q2","sourceDataset":"CSDB2","updateDate":"2016-01-27T15:25:46.180Z"},{"date":"2013 Q3","value":"432197","year":"2013","month":"","quarter":"Q3","sourceDataset":"CSDB2","updateDate":"2016-01-27T15:25:46.180Z"},{"date":"2013 Q4","value":"433928","year":"2013","month":"","quarter":"Q4","sourceDataset":"CSDB2","updateDate":"2016-01-27T15:25:46.180Z"},{"date":"2014 Q1","value":"441499","year":"2014","month":"","quarter":"Q1","sourceDataset":"CSDB2","updateDate":"2016-01-27T15:25:46.180Z"},{"date":"2014 Q2","value":"447543","year":"2014","month":"","quarter":"Q2","sourceDataset":"CSDB2","updateDate":"2016-01-27T15:25:46.180Z"},{"date":"2014 Q3","value":"447763","year":"2014","month":"","quarter":"Q3","sourceDataset":"CSDB2","updateDate":"2016-01-27T15:25:46.180Z"},{"date":"2014 Q4","value":"447528","year":"2014","month":"","quarter":"Q4","sourceDataset":"CSDB2","updateDate":"2016-01-27T15:25:46.180Z"},{"date":"2015 Q1","value":"454167","year":"2015","month":"","quarter":"Q1","sourceDataset":"CSDB2","updateDate":"2016-01-27T15:25:46.180Z"},{"date":"2015 Q2","value":"458087","year":"2015","month":"","quarter":"Q2","sourceDataset":"CSDB2","updateDate":"2016-01-27T15:25:46.180Z"},{"date":"2015 Q3","value":"464785","year":"2015","month":"","quarter":"Q3","sourceDataset":"CSDB2","updateDate":"2016-01-27T15:25:46.180Z"}],"months":[],"sourceDatasets":["CSDB2","CSDB10"],"relatedDatasets":[{"uri":"/economy/environmentalaccounts/datasets/asdasdasdasdsadqwdeqweqe/2046"},{"uri":"/economy/environmentalaccounts/datasets/werwerwerwerwerwr/2015"}],"relatedDocuments":[],"versions":[{"uri":"/economy/environmentalaccounts/timeseries/abmz/previous/v1","updateDate":"2016-01-27T00:00:00.000Z","correctionNotice":"","label":"v1"}],"type":"timeseries","description":{"title":"Gross National Income: Current price: Seasonally adjusted £m            ","contact":{"email":"","name":"","telephone":""},"releaseDate":"2016-01-27T00:00:00.000Z","nextRelease":"","cdid":"ABMZ","unit":"","preUnit":"","source":"","seasonalAdjustment":"NSA","date":"2015 Q3","number":"464785"}}