{"years":[{"date":"1987","value":"362","year":"1987","month":"","quarter":"","sourceDataset":"CSDB10","updateDate":"2016-01-28T09:29:36.652Z"},{"date":"1988","value":"450","year":"1988","month":"","quarter":"","sourceDataset":"CSDB10","updateDate":"2016-01-28T09:29:36.652Z"},{"date":"1989","value":"916","year":"1989","month":"","quarter":"","sourceDataset":"CSDB10","updateDate":"2016-01-28T09:29:36.652Z"},{"date":"1990","value":"1596","year":"1990","month":"","quarter":"","sourceDataset":"CSDB10","updateDate":"2016-01-28T09:29:36.652Z"},{"date":"1991","value":"658","year":"1991","month":"","quarter":"","sourceDataset":"CSDB10","updateDate":"2016-01-28T09:29:36.652Z"},{"date":"1992","value":"246","year":"1992","month":"","quarter":"","sourceDataset":"CSDB10","updateDate":"2016-01-28T09:29:36.652Z"},{"date":"1993","value":"651","year":"1993","month":"","quarter":"","sourceDataset":"CSDB10","updateDate":"2016-01-28T09:29:36.652Z"},{"date":"1994","value":"389","year":"1994","month":"","quarter":"","sourceDataset":"CSDB10","updateDate":"2016-01-28T09:29:36.652Z"},{"date":"1995","value":"4255","year":"1995","month":"","quarter":"","sourceDataset":"CSDB10","updateDate":"2016-01-28T09:29:36.652Z"},{"date":"1996","value":"6510","year":"1996","month":"","quarter":"","sourceDataset":"CSDB10","updateDate":"2016-01-28T09:29:36.652Z"},{"date":"1997","value":"7434","year":"1997","month":"","quarter":"","sourceDataset":"CSDB10","updateDate":"2016-01-28T09:29:36.652Z"},{"date":"1998","value":"24660","year":"1998","month":"","quarter":"","sourceDataset":"CSDB10","updateDate":"2016-01-28T09:29:36.652Z"},{"date":"1999","value":"40393","year":"1999","month":"","quarter":"","sourceDataset":"CSDB10","updateDate":"2016-01-28T09:29:36.652Z"},{"date":"2000","value":"16253","year":"2000","month":"","quarter":"","sourceDataset":"CSDB10","updateDate":"2016-01-28T09:29:36.652Z"},{"date":"2001","value":"3502","year":"2001","month":"","quarter":"","sourceDataset":"CSDB10","updateDate":"2016-01-28T09:29:36.652Z"},{"date":"2002","value":"5951","year":"2002","month":"","quarter":"","sourceDataset":"CSDB10","updateDate":"2016-01-28T09:29:36.652Z"},{"date":"2003","value":"1739","year":"2003","month":"","quarter":"","sourceDataset":"CSDB10","updateDate":"2016-01-28T09:29:36.652Z"},{"date":"2004","value":"19181","year":"2004","month":"","quarter":"","sourceDataset":"CSDB10","updateDate":"2016-01-28T09:29:36.652Z"},{"date":"2005","value":"64495","year":"2005","month":"","quarter":"","sourceDataset":"CSDB10","updateDate":"2016-01-28T09:29:36.652Z"},{"date":"2006","value":"44436","year":"2006","month":"","quarter":"","sourceDataset":"CSDB10","updateDate":"2016-01-28T09:29:36.652Z"},{"date":"2007","value":"43421","year":"2007","month":"","quarter":"","sourceDataset":"CSDB10","updateDate":"2016-01-28T09:29:36.652Z"},{"date":"2008","value":"24876","year":"2008","month":"","quarter":"","sourceDataset":"CSDB10","updateDate":"2016-01-28T09:29:36.652Z"},{"date":"2009","value":"8220","year":"2009","month":"","quarter":"","sourceDataset":"CSDB10","updateDate":"2016-01-28T09:29:36.652Z"},{"date":"2010","value":"25414","year":"2010","month":"","quarter":"","sourceDataset":"CSDB10","updateDate":"2016-01-28T09:29:36.652Z"},{"date":"2011","value":"14542","year":"2011","month":"","quarter":"","sourceDataset":"CSDB10","updateDate":"2016-01-28T09:29:36.652Z"},{"date":"2012","value":"7","year":"2012","month":"","quarter":"","sourceDataset":"CSDB10","updateDate":"2016-01-28T09:29:36.652Z"},{"date":"2013","value":"677","year":"2013","month":"","quarter":"","sourceDataset":"CSDB10","updateDate":"2016-01-28T09:29:36.652Z"},{"date":"2014","value":"1828","year":"2014","month":"","quarter":"","sourceDataset":"CSDB10","updateDate":"2016-01-28T09:29:36.652Z"}],"quarters":[{"date":"1987 Q1","value":"77","year":"1987","month":"","quarter":"Q1","sourceDataset":"CSDB10","updateDate":"2016-01-28T09:29:36.652Z"},{"date":"1987 Q2","value":"45","year":"1987","month":"","quarter":"Q2","sourceDataset":"CSDB10","updateDate":"2016-01-28T09:29:36.652Z"},{"date":"1987 Q3","value":"210","year":"1987","month":"","quarter":"Q3","sourceDataset":"CSDB10","updateDate":"2016-01-28T09:29:36.652Z"},{"date":"1987 Q4","value":"30","year":"1987","month":"","quarter":"Q4","sourceDataset":"CSDB10","updateDate":"2016-01-28T09:29:36.652Z"},{"date":"1988 Q1","value":"47","year":"1988","month":"","quarter":"Q1","sourceDataset":"CSDB10","updateDate":"2016-01-28T09:29:36.652Z"},{"date":"1988 Q2","value":"106","year":"1988","month":"","quarter":"Q2","sourceDataset":"CSDB10","updateDate":"2016-01-28T09:29:36.652Z"},{"date":"1988 Q3","value":"154","year":"1988","month":"","quarter":"Q3","sourceDataset":"CSDB10","updateDate":"2016-01-28T09:29:36.652Z"},{"date":"1988 Q4","value":"143","year":"1988","month":"","quarter":"Q4","sourceDataset":"CSDB10","updateDate":"2016-01-28T09:29:36.652Z"},{"date":"1989 Q1","value":"124","year":"1989","month":"","quarter":"Q1","sourceDataset":"CSDB10","updateDate":"2016-01-28T09:29:36.652Z"},{"date":"1989 Q2","value":"152","year":"1989","month":"","quarter":"Q2","sourceDataset":"CSDB10","updateDate":"2016-01-28T09:29:36.652Z"},{"date":"1989 Q3","value":"191","year":"1989","month":"","quarter":"Q3","sourceDataset":"CSDB10","updateDate":"2016-01-28T09:29:36.652Z"},{"date":"1989 Q4","value":"449","year":"1989","month":"","quarter":"Q4","sourceDataset":"CSDB10","updateDate":"2016-01-28T09:29:36.652Z"},{"date":"1990 Q1","value":"332","year":"1990","month":"","quarter":"Q1","sourceDataset":"CSDB10","updateDate":"2016-01-28T09:29:36.652Z"},{"date":"1990 Q2","value":"244","year":"1990","month":"","quarter":"Q2","sourceDataset":"CSDB10","updateDate":"2016-01-28T09:29:36.652Z"},{"date":"1990 Q3","value":"891","year":"1990","month":"","quarter":"Q3","sourceDataset":"CSDB10","updateDate":"2016-01-28T09:29:36.652Z"},{"date":"1990 Q4","value":"129","year":"1990","month":"","quarter":"Q4","sourceDataset":"CSDB10","updateDate":"2016-01-28T09:29:36.652Z"},{"date":"1991 Q1","value":"115","year":"1991","month":"","quarter":"Q1","sourceDataset":"CSDB10","updateDate":"2016-01-28T09:29:36.652Z"},{"date":"1991 Q2","value":"382","year":"1991","month":"","quarter":"Q2","sourceDataset":"CSDB10","updateDate":"2016-01-28T09:29:36.652Z"},{"date":"1991 Q3","value":"36","year":"1991","month":"","quarter":"Q3","sourceDataset":"CSDB10","updateDate":"2016-01-28T09:29:36.652Z"},{"date":"1991 Q4","value":"125","year":"1991","month":"","quarter":"Q4","sourceDataset":"CSDB10","updateDate":"2016-01-28T09:29:36.652Z"},{"date":"1992 Q1","value":"0","year":"1992","month":"","quarter":"Q1","sourceDataset":"CSDB10","updateDate":"2016-01-28T09:29:36.652Z"},{"date":"1992 Q2","value":"246","year":"1992","month":"","quarter":"Q2","sourceDataset":"CSDB10","updateDate":"2016-01-28T09:29:36.652Z"},{"date":"1992 Q3","value":"0","year":"1992","month":"","quarter":"Q3","sourceDataset":"CSDB10","updateDate":"2016-01-28T09:29:36.652Z"},{"date":"1992 Q4","value":"0","year":"1992","month":"","quarter":"Q4","sourceDataset":"CSDB10","updateDate":"2016-01-28T09:29:36.652Z"},{"date":"1993 Q1","value":"0","year":"1993","month":"","quarter":"Q1","sourceDataset":"CSDB10","updateDate":"2016-01-28T09:29:36.652Z"},{"date":"1993 Q2","value":"0","year":"1993","month":"","quarter":"Q2","sourceDataset":"CSDB10","updateDate":"2016-01-28T09:29:36.652Z"},{"date":"1993 Q3","value":"286","year":"1993","month":"","quarter":"Q3","sourceDataset":"CSDB10","updateDate":"2016-01-28T09:29:36.652Z"},{"date":"1993 Q4","value":"365","year":"1993","month":"","quarter":"Q4","sourceDataset":"CSDB10","updateDate":"2016-01-28T09:29:36.652Z"},{"date":"1994 Q1","value":"0","year":"1994","month":"","quarter":"Q1","sourceDataset":"CSDB10","updateDate":"2016-01-28T09:29:36.652Z"},{"date":"1994 Q2","value":"0","year":"1994","month":"","quarter":"Q2","sourceDataset":"CSDB10","updateDate":"2016-01-28T09:29:36.652Z"},{"date":"1994 Q3","value":"158","year":"1994","month":"","quarter":"Q3","sourceDataset":"CSDB10","updateDate":"2016-01-28T09:29:36.652Z"},{"date":"1994 Q4","value":"231","year":"1994","month":"","quarter":"Q4","sourceDataset":"CSDB10","updateDate":"2016-01-28T09:29:36.652Z"},{"date":"1995 Q1","value":"2","year":"1995","month":"","quarter":"Q1","sourceDataset":"CSDB10","updateDate":"2016-01-28T09:29:36.652Z"},{"date":"1995 Q2","value":"286","year":"1995","month":"","quarter":"Q2","sourceDataset":"CSDB10","updateDate":"2016-01-28T09:29:36.652Z"},{"date":"1995 Q3","value":"738","year":"1995","month":"","quarter":"Q3","sourceDataset":"CSDB10","updateDate":"2016-01-28T09:29:36.652Z"},{"date":"1995 Q4","value":"3229","year":"1995","month":"","quarter":"Q4","sourceDataset":"CSDB10","updateDate":"2016-01-28T09:29:36.652Z"},{"date":"1996 Q1","value":"1423","year":"1996","month":"","quarter":"Q1","sourceDataset":"CSDB10","updateDate":"2016-01-28T09:29:36.652Z"},{"date":"1996 Q2","value":"1678","year":"1996","month":"","quarter":"Q2","sourceDataset":"CSDB10","updateDate":"2016-01-28T09:29:36.652Z"},{"date":"1996 Q3","value":"1720","year":"1996","month":"","quarter":"Q3","sourceDataset":"CSDB10","updateDate":"2016-01-28T09:29:36.652Z"},{"date":"1996 Q4","value":"1689","year":"1996","month":"","quarter":"Q4","sourceDataset":"CSDB10","updateDate":"2016-01-28T09:29:36.652Z"},{"date":"1997 Q1","value":"2667","year":"1997","month":"","quarter":"Q1","sourceDataset":"CSDB10","updateDate":"2016-01-28T09:29:36.652Z"},{"date":"1997 Q2","value":"2952","year":"1997","month":"","quarter":"Q2","sourceDataset":"CSDB10","updateDate":"2016-01-28T09:29:36.652Z"},{"date":"1997 Q3","value":"1115","year":"1997","month":"","quarter":"Q3","sourceDataset":"CSDB10","updateDate":"2016-01-28T09:29:36.652Z"},{"date":"1997 Q4","value":"700","year":"1997","month":"","quarter":"Q4","sourceDataset":"CSDB10","updateDate":"2016-01-28T09:29:36.652Z"},{"date":"1998 Q1","value":"1776","year":"1998","month":"","quarter":"Q1","sourceDataset":"CSDB10","updateDate":"2016-01-28T09:29:36.652Z"},{"date":"1998 Q2","value":"5396","year":"1998","month":"","quarter":"Q2","sourceDataset":"CSDB10","updateDate":"2016-01-28T09:29:36.652Z"},{"date":"1998 Q3","value":"8030","year":"1998","month":"","quarter":"Q3","sourceDataset":"CSDB10","updateDate":"2016-01-28T09:29:36.652Z"},{"date":"1998 Q4","value":"9458","year":"1998","month":"","quarter":"Q4","sourceDataset":"CSDB10","updateDate":"2016-01-28T09:29:36.652Z"},{"date":"1999 Q1","value":"6006","year":"1999","month":"","quarter":"Q1","sourceDataset":"CSDB10","updateDate":"2016-01-28T09:29:36.652Z"},{"date":"1999 Q2","value":"2712","year":"1999","month":"","quarter":"Q2","sourceDataset":"CSDB10","updateDate":"2016-01-28T09:29:36.652Z"},{"date":"1999 Q3","value":"8739","year":"1999","month":"","quarter":"Q3","sourceDataset":"CSDB10","updateDate":"2016-01-28T09:29:36.652Z"},{"date":"1999 Q4","value":"22936","year":"1999","month":"","quarter":"Q4","sourceDataset":"CSDB10","updateDate":"2016-01-28T09:29:36.652Z"},{"date":"2000 Q1","value":"3557","year":"2000","month":"","quarter":"Q1","sourceDataset":"CSDB10","updateDate":"2016-01-28T09:29:36.652Z"},{"date":"2000 Q2","value":"3351","year":"2000","month":"","quarter":"Q2","sourceDataset":"CSDB10","updateDate":"2016-01-28T09:29:36.652Z"},{"date":"2000 Q3","value":"5423","year":"2000","month":"","quarter":"Q3","sourceDataset":"CSDB10","updateDate":"2016-01-28T09:29:36.652Z"},{"date":"2000 Q4","value":"3922","year":"2000","month":"","quarter":"Q4","sourceDataset":"CSDB10","updateDate":"2016-01-28T09:29:36.652Z"},{"date":"2001 Q1","value":"767","year":"2001","month":"","quarter":"Q1","sourceDataset":"CSDB10","updateDate":"2016-01-28T09:29:36.652Z"},{"date":"2001 Q2","value":"1912","year":"2001","month":"","quarter":"Q2","sourceDataset":"CSDB10","updateDate":"2016-01-28T09:29:36.652Z"},{"date":"2001 Q3","value":"689","year":"2001","month":"","quarter":"Q3","sourceDataset":"CSDB10","updateDate":"2016-01-28T09:29:36.652Z"},{"date":"2001 Q4","value":"134","year":"2001","month":"","quarter":"Q4","sourceDataset":"CSDB10","updateDate":"2016-01-28T09:29:36.652Z"},{"date":"2002 Q1","value":"160","year":"2002","month":"","quarter":"Q1","sourceDataset":"CSDB10","updateDate":"2016-01-28T09:29:36.652Z"},{"date":"2002 Q2","value":"63","year":"2002","month":"","quarter":"Q2","sourceDataset":"CSDB10","updateDate":"2016-01-28T09:29:36.652Z"},{"date":"2002 Q3","value":"4787","year":"2002","month":"","quarter":"Q3","sourceDataset":"CSDB10","updateDate":"2016-01-28T09:29:36.652Z"},{"date":"2002 Q4","value":"941","year":"2002","month":"","quarter":"Q4","sourceDataset":"CSDB10","updateDate":"2016-01-28T09:29:36.652Z"},{"date":"2003 Q1","value":"105","year":"2003","month":"","quarter":"Q1","sourceDataset":"CSDB10","updateDate":"2016-01-28T09:29:36.652Z"},{"date":"2003 Q2","value":"58","year":"2003","month":"","quarter":"Q2","sourceDataset":"CSDB10","updateDate":"2016-01-28T09:29:36.652Z"},{"date":"2003 Q3","value":"894","year":"2003","month":"","quarter":"Q3","sourceDataset":"CSDB10","updateDate":"2016-01-28T09:29:36.652Z"},{"date":"2003 Q4","value":"682","year":"2003","month":"","quarter":"Q4","sourceDataset":"CSDB10","updateDate":"2016-01-28T09:29:36.652Z"},{"date":"2004 Q1","value":"252","year":"2004","month":"","quarter":"Q1","sourceDataset":"CSDB10","updateDate":"2016-01-28T09:29:36.652Z"},{"date":"2004 Q2","value":"5588","year":"2004","month":"","quarter":"Q2","sourceDataset":"CSDB10","updateDate":"2016-01-28T09:29:36.652Z"},{"date":"2004 Q3","value":"2573","year":"2004","month":"","quarter":"Q3","sourceDataset":"CSDB10","updateDate":"2016-01-28T09:29:36.652Z"},{"date":"2004 Q4","value":"10768","year":"2004","month":"","quarter":"Q4","sourceDataset":"CSDB10","updateDate":"2016-01-28T09:29:36.652Z"},{"date":"2005 Q1","value":"4835","year":"2005","month":"","quarter":"Q1","sourceDataset":"CSDB10","updateDate":"2016-01-28T09:29:36.652Z"},{"date":"2005 Q2","value":"714","year":"2005","month":"","quarter":"Q2","sourceDataset":"CSDB10","updateDate":"2016-01-28T09:29:36.652Z"},{"date":"2005 Q3","value":"52999","year":"2005","month":"","quarter":"Q3","sourceDataset":"CSDB10","updateDate":"2016-01-28T09:29:36.652Z"},{"date":"2005 Q4","value":"5947","year":"2005","month":"","quarter":"Q4","sourceDataset":"CSDB10","updateDate":"2016-01-28T09:29:36.652Z"},{"date":"2006 Q1","value":"22968","year":"2006","month":"","quarter":"Q1","sourceDataset":"CSDB10","updateDate":"2016-01-28T09:29:36.652Z"},{"date":"2006 Q2","value":"10398","year":"2006","month":"","quarter":"Q2","sourceDataset":"CSDB10","updateDate":"2016-01-28T09:29:36.652Z"},{"date":"2006 Q3","value":"9987","year":"2006","month":"","quarter":"Q3","sourceDataset":"CSDB10","updateDate":"2016-01-28T09:29:36.652Z"},{"date":"2006 Q4","value":"1083","year":"2006","month":"","quarter":"Q4","sourceDataset":"CSDB10","updateDate":"2016-01-28T09:29:36.652Z"},{"date":"2007 Q1","value":"6708","year":"2007","month":"","quarter":"Q1","sourceDataset":"CSDB10","updateDate":"2016-01-28T09:29:36.652Z"},{"date":"2007 Q2","value":"23646","year":"2007","month":"","quarter":"Q2","sourceDataset":"CSDB10","updateDate":"2016-01-28T09:29:36.652Z"},{"date":"2007 Q3","value":"10701","year":"2007","month":"","quarter":"Q3","sourceDataset":"CSDB10","updateDate":"2016-01-28T09:29:36.652Z"},{"date":"2007 Q4","value":"2366","year":"2007","month":"","quarter":"Q4","sourceDataset":"CSDB10","updateDate":"2016-01-28T09:29:36.652Z"},{"date":"2008 Q1","value":"7403","year":"2008","month":"","quarter":"Q1","sourceDataset":"CSDB10","updateDate":"2016-01-28T09:29:36.652Z"},{"date":"2008 Q2","value":"9060","year":"2008","month":"","quarter":"Q2","sourceDataset":"CSDB10","updateDate":"2016-01-28T09:29:36.652Z"},{"date":"2008 Q3","value":"1099","year":"2008","month":"","quarter":"Q3","sourceDataset":"CSDB10","updateDate":"2016-01-28T09:29:36.652Z"},{"date":"2008 Q4","value":"7314","year":"2008","month":"","quarter":"Q4","sourceDataset":"CSDB10","updateDate":"2016-01-28T09:29:36.652Z"},{"date":"2009 Q1","value":"3373","year":"2009","month":"","quarter":"Q1","sourceDataset":"CSDB10","updateDate":"2016-01-28T09:29:36.652Z"},{"date":"2009 Q2","value":"1739","year":"2009","month":"","quarter":"Q2","sourceDataset":"CSDB10","updateDate":"2016-01-28T09:29:36.652Z"},{"date":"2009 Q3","value":"1123","year":"2009","month":"","quarter":"Q3","sourceDataset":"CSDB10","updateDate":"2016-01-28T09:29:36.652Z"},{"date":"2009 Q4","value":"1985","year":"2009","month":"","quarter":"Q4","sourceDataset":"CSDB10","updateDate":"2016-01-28T09:29:36.652Z"},{"date":"2010 Q1","value":"11694","year":"2010","month":"","quarter":"Q1","sourceDataset":"CSDB10","updateDate":"2016-01-28T09:29:36.652Z"},{"date":"2010 Q2","value":"266","year":"2010","month":"","quarter":"Q2","sourceDataset":"CSDB10","updateDate":"2016-01-28T09:29:36.652Z"},{"date":"2010 Q3","value":"6839","year":"2010","month":"","quarter":"Q3","sourceDataset":"CSDB10","updateDate":"2016-01-28T09:29:36.652Z"},{"date":"2010 Q4","value":"6615","year":"2010","month":"","quarter":"Q4","sourceDataset":"CSDB10","updateDate":"2016-01-28T09:29:36.652Z"},{"date":"2011 Q1","value":"6553","year":"2011","month":"","quarter":"Q1","sourceDataset":"CSDB10","updateDate":"2016-01-28T09:29:36.652Z"},{"date":"2011 Q2","value":"1757","year":"2011","month":"","quarter":"Q2","sourceDataset":"CSDB10","updateDate":"2016-01-28T09:29:36.652Z"},{"date":"2011 Q3","value":"1835","year":"2011","month":"","quarter":"Q3","sourceDataset":"CSDB10","updateDate":"2016-01-28T09:29:36.652Z"},{"date":"2011 Q4","value":"4397","year":"2011","month":"","quarter":"Q4","sourceDataset":"CSDB10","updateDate":"2016-01-28T09:29:36.652Z"},{"date":"2012 Q1","value":"0","year":"2012","month":"","quarter":"Q1","sourceDataset":"CSDB10","updateDate":"2016-01-28T09:29:36.652Z"},{"date":"2012 Q2","value":"5","year":"2012","month":"","quarter":"Q2","sourceDataset":"CSDB10","updateDate":"2016-01-28T09:29:36.652Z"},{"date":"2012 Q3","value":"2","year":"2012","month":"","quarter":"Q3","sourceDataset":"CSDB10","updateDate":"2016-01-28T09:29:36.652Z"},{"date":"2012 Q4","value":"0","year":"2012","month":"","quarter":"Q4","sourceDataset":"CSDB10","updateDate":"2016-01-28T09:29:36.652Z"},{"date":"2013 Q1","value":"568","year":"2013","month":"","quarter":"Q1","sourceDataset":"CSDB10","updateDate":"2016-01-28T09:29:36.652Z"},{"date":"2013 Q2","value":"3","year":"2013","month":"","quarter":"Q2","sourceDataset":"CSDB10","updateDate":"2016-01-28T09:29:36.652Z"},{"date":"2013 Q3","value":"22","year":"2013","month":"","quarter":"Q3","sourceDataset":"CSDB10","updateDate":"2016-01-28T09:29:36.652Z"},{"date":"2013 Q4","value":"84","year":"2013","month":"","quarter":"Q4","sourceDataset":"CSDB10","updateDate":"2016-01-28T09:29:36.652Z"},{"date":"2014 Q1","value":"144","year":"2014","month":"","quarter":"Q1","sourceDataset":"CSDB10","updateDate":"2016-01-28T09:29:36.652Z"},{"date":"2014 Q2","value":"0","year":"2014","month":"","quarter":"Q2","sourceDataset":"CSDB10","updateDate":"2016-01-28T09:29:36.652Z"},{"date":"2014 Q3","value":"757","year":"2014","month":"","quarter":"Q3","sourceDataset":"CSDB10","updateDate":"2016-01-28T09:29:36.652Z"},{"date":"2014 Q4","value":"927","year":"2014","month":"","quarter":"Q4","sourceDataset":"CSDB10","updateDate":"2016-01-28T09:29:36.652Z"},{"date":"2015 Q1","value":"6","year":"2015","month":"","quarter":"Q1","sourceDataset":"CSDB10","updateDate":"2016-01-28T09:29:36.652Z"},{"date":"2015 Q2","value":"2066","year":"2015","month":"","quarter":"Q2","sourceDataset":"CSDB10","updateDate":"2016-01-28T09:29:36.652Z"},{"date":"2015 Q3","value":"1284","year":"2015","month":"","quarter":"Q3","sourceDataset":"CSDB10","updateDate":"2016-01-28T09:29:36.652Z"}],"months":[],"sourceDatasets":["CSDB10"],"relatedDatasets":[{"uri":"/economy/environmentalaccounts/datasets/werwerwerwerwerwr/2015"}],"relatedDocuments":[],"type":"timeseries","description":{"title":"FDI : Inward : Total NFC \u0026 FCs : Purchases of Quoted Ordinary Shares : nsa : £m","contact":{"email":"","name":"","telephone":""},"releaseDate":"2016-01-27T00:00:00.000Z","nextRelease":"","cdid":"CYFY","unit":"","preUnit":"","source":"","seasonalAdjustment":"NSA","date":"2015 Q3","number":"1284"}}