{"years":[{"date":"1999","value":"-380","year":"1999","month":"","quarter":"","sourceDataset":"CSDB10","updateDate":"2016-01-28T09:29:35.839Z"},{"date":"2000","value":"-480","year":"2000","month":"","quarter":"","sourceDataset":"CSDB10","updateDate":"2016-01-28T09:29:35.839Z"},{"date":"2001","value":"-503","year":"2001","month":"","quarter":"","sourceDataset":"CSDB10","updateDate":"2016-01-28T09:29:35.839Z"},{"date":"2002","value":"-601","year":"2002","month":"","quarter":"","sourceDataset":"CSDB10","updateDate":"2016-01-28T09:29:35.839Z"},{"date":"2003","value":"-651","year":"2003","month":"","quarter":"","sourceDataset":"CSDB10","updateDate":"2016-01-28T09:29:35.839Z"},{"date":"2004","value":"-695","year":"2004","month":"","quarter":"","sourceDataset":"CSDB10","updateDate":"2016-01-28T09:29:35.839Z"},{"date":"2005","value":"-780","year":"2005","month":"","quarter":"","sourceDataset":"CSDB10","updateDate":"2016-01-28T09:29:35.839Z"},{"date":"2006","value":"-912","year":"2006","month":"","quarter":"","sourceDataset":"CSDB10","updateDate":"2016-01-28T09:29:35.839Z"},{"date":"2007","value":"-735","year":"2007","month":"","quarter":"","sourceDataset":"CSDB10","updateDate":"2016-01-28T09:29:35.839Z"},{"date":"2008","value":"-978","year":"2008","month":"","quarter":"","sourceDataset":"CSDB10","updateDate":"2016-01-28T09:29:35.839Z"},{"date":"2009","value":"-833","year":"2009","month":"","quarter":"","sourceDataset":"CSDB10","updateDate":"2016-01-28T09:29:35.839Z"},{"date":"2010","value":"-998","year":"2010","month":"","quarter":"","sourceDataset":"CSDB10","updateDate":"2016-01-28T09:29:35.839Z"},{"date":"2011","value":"-1046","year":"2011","month":"","quarter":"","sourceDataset":"CSDB10","updateDate":"2016-01-28T09:29:35.839Z"},{"date":"2012","value":"-1158","year":"2012","month":"","quarter":"","sourceDataset":"CSDB10","updateDate":"2016-01-28T09:29:35.839Z"},{"date":"2013","value":"-1407","year":"2013","month":"","quarter":"","sourceDataset":"CSDB10","updateDate":"2016-01-28T09:29:35.839Z"},{"date":"2014","value":"-1460","year":"2014","month":"","quarter":"","sourceDataset":"CSDB10","updateDate":"2016-01-28T09:29:35.839Z"}],"quarters":[{"date":"1999 Q1","value":"-89","year":"1999","month":"","quarter":"Q1","sourceDataset":"CSDB10","updateDate":"2016-01-28T09:29:35.839Z"},{"date":"1999 Q2","value":"-98","year":"1999","month":"","quarter":"Q2","sourceDataset":"CSDB10","updateDate":"2016-01-28T09:29:35.839Z"},{"date":"1999 Q3","value":"-88","year":"1999","month":"","quarter":"Q3","sourceDataset":"CSDB10","updateDate":"2016-01-28T09:29:35.839Z"},{"date":"1999 Q4","value":"-105","year":"1999","month":"","quarter":"Q4","sourceDataset":"CSDB10","updateDate":"2016-01-28T09:29:35.839Z"},{"date":"2000 Q1","value":"-125","year":"2000","month":"","quarter":"Q1","sourceDataset":"CSDB10","updateDate":"2016-01-28T09:29:35.839Z"},{"date":"2000 Q2","value":"-112","year":"2000","month":"","quarter":"Q2","sourceDataset":"CSDB10","updateDate":"2016-01-28T09:29:35.839Z"},{"date":"2000 Q3","value":"-126","year":"2000","month":"","quarter":"Q3","sourceDataset":"CSDB10","updateDate":"2016-01-28T09:29:35.839Z"},{"date":"2000 Q4","value":"-117","year":"2000","month":"","quarter":"Q4","sourceDataset":"CSDB10","updateDate":"2016-01-28T09:29:35.839Z"},{"date":"2001 Q1","value":"-105","year":"2001","month":"","quarter":"Q1","sourceDataset":"CSDB10","updateDate":"2016-01-28T09:29:35.839Z"},{"date":"2001 Q2","value":"-114","year":"2001","month":"","quarter":"Q2","sourceDataset":"CSDB10","updateDate":"2016-01-28T09:29:35.839Z"},{"date":"2001 Q3","value":"-182","year":"2001","month":"","quarter":"Q3","sourceDataset":"CSDB10","updateDate":"2016-01-28T09:29:35.839Z"},{"date":"2001 Q4","value":"-102","year":"2001","month":"","quarter":"Q4","sourceDataset":"CSDB10","updateDate":"2016-01-28T09:29:35.839Z"},{"date":"2002 Q1","value":"-127","year":"2002","month":"","quarter":"Q1","sourceDataset":"CSDB10","updateDate":"2016-01-28T09:29:35.839Z"},{"date":"2002 Q2","value":"-149","year":"2002","month":"","quarter":"Q2","sourceDataset":"CSDB10","updateDate":"2016-01-28T09:29:35.839Z"},{"date":"2002 Q3","value":"-157","year":"2002","month":"","quarter":"Q3","sourceDataset":"CSDB10","updateDate":"2016-01-28T09:29:35.839Z"},{"date":"2002 Q4","value":"-168","year":"2002","month":"","quarter":"Q4","sourceDataset":"CSDB10","updateDate":"2016-01-28T09:29:35.839Z"},{"date":"2003 Q1","value":"-151","year":"2003","month":"","quarter":"Q1","sourceDataset":"CSDB10","updateDate":"2016-01-28T09:29:35.839Z"},{"date":"2003 Q2","value":"-169","year":"2003","month":"","quarter":"Q2","sourceDataset":"CSDB10","updateDate":"2016-01-28T09:29:35.839Z"},{"date":"2003 Q3","value":"-174","year":"2003","month":"","quarter":"Q3","sourceDataset":"CSDB10","updateDate":"2016-01-28T09:29:35.839Z"},{"date":"2003 Q4","value":"-157","year":"2003","month":"","quarter":"Q4","sourceDataset":"CSDB10","updateDate":"2016-01-28T09:29:35.839Z"},{"date":"2004 Q1","value":"-179","year":"2004","month":"","quarter":"Q1","sourceDataset":"CSDB10","updateDate":"2016-01-28T09:29:35.839Z"},{"date":"2004 Q2","value":"-174","year":"2004","month":"","quarter":"Q2","sourceDataset":"CSDB10","updateDate":"2016-01-28T09:29:35.839Z"},{"date":"2004 Q3","value":"-172","year":"2004","month":"","quarter":"Q3","sourceDataset":"CSDB10","updateDate":"2016-01-28T09:29:35.839Z"},{"date":"2004 Q4","value":"-170","year":"2004","month":"","quarter":"Q4","sourceDataset":"CSDB10","updateDate":"2016-01-28T09:29:35.839Z"},{"date":"2005 Q1","value":"-178","year":"2005","month":"","quarter":"Q1","sourceDataset":"CSDB10","updateDate":"2016-01-28T09:29:35.839Z"},{"date":"2005 Q2","value":"-160","year":"2005","month":"","quarter":"Q2","sourceDataset":"CSDB10","updateDate":"2016-01-28T09:29:35.839Z"},{"date":"2005 Q3","value":"-281","year":"2005","month":"","quarter":"Q3","sourceDataset":"CSDB10","updateDate":"2016-01-28T09:29:35.839Z"},{"date":"2005 Q4","value":"-161","year":"2005","month":"","quarter":"Q4","sourceDataset":"CSDB10","updateDate":"2016-01-28T09:29:35.839Z"},{"date":"2006 Q1","value":"-235","year":"2006","month":"","quarter":"Q1","sourceDataset":"CSDB10","updateDate":"2016-01-28T09:29:35.839Z"},{"date":"2006 Q2","value":"-234","year":"2006","month":"","quarter":"Q2","sourceDataset":"CSDB10","updateDate":"2016-01-28T09:29:35.839Z"},{"date":"2006 Q3","value":"-231","year":"2006","month":"","quarter":"Q3","sourceDataset":"CSDB10","updateDate":"2016-01-28T09:29:35.839Z"},{"date":"2006 Q4","value":"-212","year":"2006","month":"","quarter":"Q4","sourceDataset":"CSDB10","updateDate":"2016-01-28T09:29:35.839Z"},{"date":"2007 Q1","value":"-164","year":"2007","month":"","quarter":"Q1","sourceDataset":"CSDB10","updateDate":"2016-01-28T09:29:35.839Z"},{"date":"2007 Q2","value":"-184","year":"2007","month":"","quarter":"Q2","sourceDataset":"CSDB10","updateDate":"2016-01-28T09:29:35.839Z"},{"date":"2007 Q3","value":"-172","year":"2007","month":"","quarter":"Q3","sourceDataset":"CSDB10","updateDate":"2016-01-28T09:29:35.839Z"},{"date":"2007 Q4","value":"-215","year":"2007","month":"","quarter":"Q4","sourceDataset":"CSDB10","updateDate":"2016-01-28T09:29:35.839Z"},{"date":"2008 Q1","value":"-259","year":"2008","month":"","quarter":"Q1","sourceDataset":"CSDB10","updateDate":"2016-01-28T09:29:35.839Z"},{"date":"2008 Q2","value":"-243","year":"2008","month":"","quarter":"Q2","sourceDataset":"CSDB10","updateDate":"2016-01-28T09:29:35.839Z"},{"date":"2008 Q3","value":"-247","year":"2008","month":"","quarter":"Q3","sourceDataset":"CSDB10","updateDate":"2016-01-28T09:29:35.839Z"},{"date":"2008 Q4","value":"-229","year":"2008","month":"","quarter":"Q4","sourceDataset":"CSDB10","updateDate":"2016-01-28T09:29:35.839Z"},{"date":"2009 Q1","value":"-217","year":"2009","month":"","quarter":"Q1","sourceDataset":"CSDB10","updateDate":"2016-01-28T09:29:35.839Z"},{"date":"2009 Q2","value":"-203","year":"2009","month":"","quarter":"Q2","sourceDataset":"CSDB10","updateDate":"2016-01-28T09:29:35.839Z"},{"date":"2009 Q3","value":"-207","year":"2009","month":"","quarter":"Q3","sourceDataset":"CSDB10","updateDate":"2016-01-28T09:29:35.839Z"},{"date":"2009 Q4","value":"-206","year":"2009","month":"","quarter":"Q4","sourceDataset":"CSDB10","updateDate":"2016-01-28T09:29:35.839Z"},{"date":"2010 Q1","value":"-233","year":"2010","month":"","quarter":"Q1","sourceDataset":"CSDB10","updateDate":"2016-01-28T09:29:35.839Z"},{"date":"2010 Q2","value":"-242","year":"2010","month":"","quarter":"Q2","sourceDataset":"CSDB10","updateDate":"2016-01-28T09:29:35.839Z"},{"date":"2010 Q3","value":"-245","year":"2010","month":"","quarter":"Q3","sourceDataset":"CSDB10","updateDate":"2016-01-28T09:29:35.839Z"},{"date":"2010 Q4","value":"-278","year":"2010","month":"","quarter":"Q4","sourceDataset":"CSDB10","updateDate":"2016-01-28T09:29:35.839Z"},{"date":"2011 Q1","value":"-269","year":"2011","month":"","quarter":"Q1","sourceDataset":"CSDB10","updateDate":"2016-01-28T09:29:35.839Z"},{"date":"2011 Q2","value":"-228","year":"2011","month":"","quarter":"Q2","sourceDataset":"CSDB10","updateDate":"2016-01-28T09:29:35.839Z"},{"date":"2011 Q3","value":"-265","year":"2011","month":"","quarter":"Q3","sourceDataset":"CSDB10","updateDate":"2016-01-28T09:29:35.839Z"},{"date":"2011 Q4","value":"-284","year":"2011","month":"","quarter":"Q4","sourceDataset":"CSDB10","updateDate":"2016-01-28T09:29:35.839Z"},{"date":"2012 Q1","value":"-291","year":"2012","month":"","quarter":"Q1","sourceDataset":"CSDB10","updateDate":"2016-01-28T09:29:35.839Z"},{"date":"2012 Q2","value":"-275","year":"2012","month":"","quarter":"Q2","sourceDataset":"CSDB10","updateDate":"2016-01-28T09:29:35.839Z"},{"date":"2012 Q3","value":"-289","year":"2012","month":"","quarter":"Q3","sourceDataset":"CSDB10","updateDate":"2016-01-28T09:29:35.839Z"},{"date":"2012 Q4","value":"-303","year":"2012","month":"","quarter":"Q4","sourceDataset":"CSDB10","updateDate":"2016-01-28T09:29:35.839Z"},{"date":"2013 Q1","value":"-309","year":"2013","month":"","quarter":"Q1","sourceDataset":"CSDB10","updateDate":"2016-01-28T09:29:35.839Z"},{"date":"2013 Q2","value":"-333","year":"2013","month":"","quarter":"Q2","sourceDataset":"CSDB10","updateDate":"2016-01-28T09:29:35.839Z"},{"date":"2013 Q3","value":"-340","year":"2013","month":"","quarter":"Q3","sourceDataset":"CSDB10","updateDate":"2016-01-28T09:29:35.839Z"},{"date":"2013 Q4","value":"-425","year":"2013","month":"","quarter":"Q4","sourceDataset":"CSDB10","updateDate":"2016-01-28T09:29:35.839Z"},{"date":"2014 Q1","value":"-323","year":"2014","month":"","quarter":"Q1","sourceDataset":"CSDB10","updateDate":"2016-01-28T09:29:35.839Z"},{"date":"2014 Q2","value":"-362","year":"2014","month":"","quarter":"Q2","sourceDataset":"CSDB10","updateDate":"2016-01-28T09:29:35.839Z"},{"date":"2014 Q3","value":"-342","year":"2014","month":"","quarter":"Q3","sourceDataset":"CSDB10","updateDate":"2016-01-28T09:29:35.839Z"},{"date":"2014 Q4","value":"-433","year":"2014","month":"","quarter":"Q4","sourceDataset":"CSDB10","updateDate":"2016-01-28T09:29:35.839Z"},{"date":"2015 Q1","value":"-320","year":"2015","month":"","quarter":"Q1","sourceDataset":"CSDB10","updateDate":"2016-01-28T09:29:35.839Z"},{"date":"2015 Q2","value":"-341","year":"2015","month":"","quarter":"Q2","sourceDataset":"CSDB10","updateDate":"2016-01-28T09:29:35.839Z"},{"date":"2015 Q3","value":"-361","year":"2015","month":"","quarter":"Q3","sourceDataset":"CSDB10","updateDate":"2016-01-28T09:29:35.839Z"}],"months":[],"sourceDatasets":["CSDB10"],"relatedDatasets":[{"uri":"/economy/environmentalaccounts/datasets/werwerwerwerwerwr/2015"}],"relatedDocuments":[],"type":"timeseries","description":{"title":"Secondary income: Balance/Net: India SA                                 ","contact":{"email":"","name":"","telephone":""},"releaseDate":"2016-01-27T00:00:00.000Z","nextRelease":"","cdid":"EVV2","unit":"","preUnit":"","source":"","seasonalAdjustment":"NSA","date":"2015 Q3","number":"-361"}}