{"years":[{"date":"1987","value":"101.3","year":"1987","month":"","quarter":"","sourceDataset":"CSDB","updateDate":"2016-01-14T16:25:12.623Z"},{"date":"1988","value":"104.2","year":"1988","month":"","quarter":"","sourceDataset":"CSDB","updateDate":"2016-01-14T16:25:12.623Z"},{"date":"1989","value":"109.6","year":"1989","month":"","quarter":"","sourceDataset":"CSDB","updateDate":"2016-01-14T16:25:12.623Z"},{"date":"1990","value":"120.4","year":"1990","month":"","quarter":"","sourceDataset":"CSDB","updateDate":"2016-01-14T16:25:12.623Z"},{"date":"1991","value":"131.3","year":"1991","month":"","quarter":"","sourceDataset":"CSDB","updateDate":"2016-01-14T16:25:12.623Z"},{"date":"1992","value":"138.4","year":"1992","month":"","quarter":"","sourceDataset":"CSDB","updateDate":"2016-01-14T16:25:12.623Z"},{"date":"1993","value":"137.5","year":"1993","month":"","quarter":"","sourceDataset":"CSDB","updateDate":"2016-01-14T16:25:12.623Z"},{"date":"1994","value":"136.4","year":"1994","month":"","quarter":"","sourceDataset":"CSDB","updateDate":"2016-01-14T16:25:12.623Z"},{"date":"1995","value":"154.9","year":"1995","month":"","quarter":"","sourceDataset":"CSDB","updateDate":"2016-01-14T16:25:12.623Z"},{"date":"1996","value":"155.2","year":"1996","month":"","quarter":"","sourceDataset":"CSDB","updateDate":"2016-01-14T16:25:12.623Z"},{"date":"1997","value":"142.9","year":"1997","month":"","quarter":"","sourceDataset":"CSDB","updateDate":"2016-01-14T16:25:12.623Z"},{"date":"1998","value":"149.0","year":"1998","month":"","quarter":"","sourceDataset":"CSDB","updateDate":"2016-01-14T16:25:12.623Z"},{"date":"1999","value":"162.8","year":"1999","month":"","quarter":"","sourceDataset":"CSDB","updateDate":"2016-01-14T16:25:12.623Z"},{"date":"2000","value":"154.3","year":"2000","month":"","quarter":"","sourceDataset":"CSDB","updateDate":"2016-01-14T16:25:12.623Z"},{"date":"2001","value":"153.0","year":"2001","month":"","quarter":"","sourceDataset":"CSDB","updateDate":"2016-01-14T16:25:12.623Z"},{"date":"2002","value":"152.8","year":"2002","month":"","quarter":"","sourceDataset":"CSDB","updateDate":"2016-01-14T16:25:12.623Z"},{"date":"2003","value":"149.8","year":"2003","month":"","quarter":"","sourceDataset":"CSDB","updateDate":"2016-01-14T16:25:12.623Z"},{"date":"2004","value":"149.8","year":"2004","month":"","quarter":"","sourceDataset":"CSDB","updateDate":"2016-01-14T16:25:12.623Z"},{"date":"2005","value":"149.4","year":"2005","month":"","quarter":"","sourceDataset":"CSDB","updateDate":"2016-01-14T16:25:12.623Z"},{"date":"2006","value":"153.5","year":"2006","month":"","quarter":"","sourceDataset":"CSDB","updateDate":"2016-01-14T16:25:12.623Z"},{"date":"2007","value":"163.3","year":"2007","month":"","quarter":"","sourceDataset":"CSDB","updateDate":"2016-01-14T16:25:12.623Z"},{"date":"2008","value":"173.6","year":"2008","month":"","quarter":"","sourceDataset":"CSDB","updateDate":"2016-01-14T16:25:12.623Z"},{"date":"2009","value":"182.2","year":"2009","month":"","quarter":"","sourceDataset":"CSDB","updateDate":"2016-01-14T16:25:12.623Z"},{"date":"2010","value":"186.8","year":"2010","month":"","quarter":"","sourceDataset":"CSDB","updateDate":"2016-01-14T16:25:12.623Z"},{"date":"2011","value":"204.7","year":"2011","month":"","quarter":"","sourceDataset":"CSDB","updateDate":"2016-01-14T16:25:12.623Z"},{"date":"2012","value":"211.3","year":"2012","month":"","quarter":"","sourceDataset":"CSDB","updateDate":"2016-01-14T16:25:12.623Z"},{"date":"2013","value":"228.4","year":"2013","month":"","quarter":"","sourceDataset":"CSDB","updateDate":"2016-01-14T16:25:12.623Z"},{"date":"2014","value":"228.3","year":"2014","month":"","quarter":"","sourceDataset":"CSDB","updateDate":"2016-01-14T16:25:12.623Z"}],"quarters":[{"date":"1987 Q1","value":"100.0","year":"1987","month":"","quarter":"Q1","sourceDataset":"CSDB","updateDate":"2016-01-14T16:25:12.623Z"},{"date":"1987 Q2","value":"101.0","year":"1987","month":"","quarter":"Q2","sourceDataset":"CSDB","updateDate":"2016-01-14T16:25:12.623Z"},{"date":"1987 Q3","value":"101.7","year":"1987","month":"","quarter":"Q3","sourceDataset":"CSDB","updateDate":"2016-01-14T16:25:12.623Z"},{"date":"1987 Q4","value":"102.4","year":"1987","month":"","quarter":"Q4","sourceDataset":"CSDB","updateDate":"2016-01-14T16:25:12.623Z"},{"date":"1988 Q1","value":"102.0","year":"1988","month":"","quarter":"Q1","sourceDataset":"CSDB","updateDate":"2016-01-14T16:25:12.623Z"},{"date":"1988 Q2","value":"102.9","year":"1988","month":"","quarter":"Q2","sourceDataset":"CSDB","updateDate":"2016-01-14T16:25:12.623Z"},{"date":"1988 Q3","value":"105.6","year":"1988","month":"","quarter":"Q3","sourceDataset":"CSDB","updateDate":"2016-01-14T16:25:12.623Z"},{"date":"1988 Q4","value":"106.4","year":"1988","month":"","quarter":"Q4","sourceDataset":"CSDB","updateDate":"2016-01-14T16:25:12.623Z"},{"date":"1989 Q1","value":"106.6","year":"1989","month":"","quarter":"Q1","sourceDataset":"CSDB","updateDate":"2016-01-14T16:25:12.623Z"},{"date":"1989 Q2","value":"107.3","year":"1989","month":"","quarter":"Q2","sourceDataset":"CSDB","updateDate":"2016-01-14T16:25:12.623Z"},{"date":"1989 Q3","value":"111.1","year":"1989","month":"","quarter":"Q3","sourceDataset":"CSDB","updateDate":"2016-01-14T16:25:12.623Z"},{"date":"1989 Q4","value":"113.6","year":"1989","month":"","quarter":"Q4","sourceDataset":"CSDB","updateDate":"2016-01-14T16:25:12.623Z"},{"date":"1990 Q1","value":"115.2","year":"1990","month":"","quarter":"Q1","sourceDataset":"CSDB","updateDate":"2016-01-14T16:25:12.623Z"},{"date":"1990 Q2","value":"118.1","year":"1990","month":"","quarter":"Q2","sourceDataset":"CSDB","updateDate":"2016-01-14T16:25:12.623Z"},{"date":"1990 Q3","value":"123.9","year":"1990","month":"","quarter":"Q3","sourceDataset":"CSDB","updateDate":"2016-01-14T16:25:12.623Z"},{"date":"1990 Q4","value":"124.2","year":"1990","month":"","quarter":"Q4","sourceDataset":"CSDB","updateDate":"2016-01-14T16:25:12.623Z"},{"date":"1991 Q1","value":"123.7","year":"1991","month":"","quarter":"Q1","sourceDataset":"CSDB","updateDate":"2016-01-14T16:25:12.623Z"},{"date":"1991 Q2","value":"129.7","year":"1991","month":"","quarter":"Q2","sourceDataset":"CSDB","updateDate":"2016-01-14T16:25:12.623Z"},{"date":"1991 Q3","value":"135.9","year":"1991","month":"","quarter":"Q3","sourceDataset":"CSDB","updateDate":"2016-01-14T16:25:12.623Z"},{"date":"1991 Q4","value":"136.1","year":"1991","month":"","quarter":"Q4","sourceDataset":"CSDB","updateDate":"2016-01-14T16:25:12.623Z"},{"date":"1992 Q1","value":"134.8","year":"1992","month":"","quarter":"Q1","sourceDataset":"CSDB","updateDate":"2016-01-14T16:25:12.623Z"},{"date":"1992 Q2","value":"138.0","year":"1992","month":"","quarter":"Q2","sourceDataset":"CSDB","updateDate":"2016-01-14T16:25:12.623Z"},{"date":"1992 Q3","value":"140.6","year":"1992","month":"","quarter":"Q3","sourceDataset":"CSDB","updateDate":"2016-01-14T16:25:12.623Z"},{"date":"1992 Q4","value":"140.1","year":"1992","month":"","quarter":"Q4","sourceDataset":"CSDB","updateDate":"2016-01-14T16:25:12.623Z"},{"date":"1993 Q1","value":"139.5","year":"1993","month":"","quarter":"Q1","sourceDataset":"CSDB","updateDate":"2016-01-14T16:25:12.623Z"},{"date":"1993 Q2","value":"139.1","year":"1993","month":"","quarter":"Q2","sourceDataset":"CSDB","updateDate":"2016-01-14T16:25:12.623Z"},{"date":"1993 Q3","value":"137.2","year":"1993","month":"","quarter":"Q3","sourceDataset":"CSDB","updateDate":"2016-01-14T16:25:12.623Z"},{"date":"1993 Q4","value":"134.3","year":"1993","month":"","quarter":"Q4","sourceDataset":"CSDB","updateDate":"2016-01-14T16:25:12.623Z"},{"date":"1994 Q1","value":"132.6","year":"1994","month":"","quarter":"Q1","sourceDataset":"CSDB","updateDate":"2016-01-14T16:25:12.623Z"},{"date":"1994 Q2","value":"135.2","year":"1994","month":"","quarter":"Q2","sourceDataset":"CSDB","updateDate":"2016-01-14T16:25:12.623Z"},{"date":"1994 Q3","value":"137.7","year":"1994","month":"","quarter":"Q3","sourceDataset":"CSDB","updateDate":"2016-01-14T16:25:12.623Z"},{"date":"1994 Q4","value":"140.4","year":"1994","month":"","quarter":"Q4","sourceDataset":"CSDB","updateDate":"2016-01-14T16:25:12.623Z"},{"date":"1995 Q1","value":"146.7","year":"1995","month":"","quarter":"Q1","sourceDataset":"CSDB","updateDate":"2016-01-14T16:25:12.623Z"},{"date":"1995 Q2","value":"155.1","year":"1995","month":"","quarter":"Q2","sourceDataset":"CSDB","updateDate":"2016-01-14T16:25:12.623Z"},{"date":"1995 Q3","value":"158.3","year":"1995","month":"","quarter":"Q3","sourceDataset":"CSDB","updateDate":"2016-01-14T16:25:12.623Z"},{"date":"1995 Q4","value":"159.6","year":"1995","month":"","quarter":"Q4","sourceDataset":"CSDB","updateDate":"2016-01-14T16:25:12.623Z"},{"date":"1996 Q1","value":"159.5","year":"1996","month":"","quarter":"Q1","sourceDataset":"CSDB","updateDate":"2016-01-14T16:25:12.623Z"},{"date":"1996 Q2","value":"157.2","year":"1996","month":"","quarter":"Q2","sourceDataset":"CSDB","updateDate":"2016-01-14T16:25:12.623Z"},{"date":"1996 Q3","value":"155.5","year":"1996","month":"","quarter":"Q3","sourceDataset":"CSDB","updateDate":"2016-01-14T16:25:12.623Z"},{"date":"1996 Q4","value":"148.4","year":"1996","month":"","quarter":"Q4","sourceDataset":"CSDB","updateDate":"2016-01-14T16:25:12.623Z"},{"date":"1997 Q1","value":"144.8","year":"1997","month":"","quarter":"Q1","sourceDataset":"CSDB","updateDate":"2016-01-14T16:25:12.623Z"},{"date":"1997 Q2","value":"142.4","year":"1997","month":"","quarter":"Q2","sourceDataset":"CSDB","updateDate":"2016-01-14T16:25:12.623Z"},{"date":"1997 Q3","value":"142.8","year":"1997","month":"","quarter":"Q3","sourceDataset":"CSDB","updateDate":"2016-01-14T16:25:12.623Z"},{"date":"1997 Q4","value":"141.8","year":"1997","month":"","quarter":"Q4","sourceDataset":"CSDB","updateDate":"2016-01-14T16:25:12.623Z"},{"date":"1998 Q1","value":"143.4","year":"1998","month":"","quarter":"Q1","sourceDataset":"CSDB","updateDate":"2016-01-14T16:25:12.623Z"},{"date":"1998 Q2","value":"149.8","year":"1998","month":"","quarter":"Q2","sourceDataset":"CSDB","updateDate":"2016-01-14T16:25:12.623Z"},{"date":"1998 Q3","value":"149.9","year":"1998","month":"","quarter":"Q3","sourceDataset":"CSDB","updateDate":"2016-01-14T16:25:12.623Z"},{"date":"1998 Q4","value":"152.9","year":"1998","month":"","quarter":"Q4","sourceDataset":"CSDB","updateDate":"2016-01-14T16:25:12.623Z"},{"date":"1999 Q1","value":"165.0","year":"1999","month":"","quarter":"Q1","sourceDataset":"CSDB","updateDate":"2016-01-14T16:25:12.623Z"},{"date":"1999 Q2","value":"166.0","year":"1999","month":"","quarter":"Q2","sourceDataset":"CSDB","updateDate":"2016-01-14T16:25:12.623Z"},{"date":"1999 Q3","value":"162.5","year":"1999","month":"","quarter":"Q3","sourceDataset":"CSDB","updateDate":"2016-01-14T16:25:12.623Z"},{"date":"1999 Q4","value":"157.6","year":"1999","month":"","quarter":"Q4","sourceDataset":"CSDB","updateDate":"2016-01-14T16:25:12.623Z"},{"date":"2000 Q1","value":"155.3","year":"2000","month":"","quarter":"Q1","sourceDataset":"CSDB","updateDate":"2016-01-14T16:25:12.623Z"},{"date":"2000 Q2","value":"154.0","year":"2000","month":"","quarter":"Q2","sourceDataset":"CSDB","updateDate":"2016-01-14T16:25:12.623Z"},{"date":"2000 Q3","value":"153.5","year":"2000","month":"","quarter":"Q3","sourceDataset":"CSDB","updateDate":"2016-01-14T16:25:12.623Z"},{"date":"2000 Q4","value":"154.2","year":"2000","month":"","quarter":"Q4","sourceDataset":"CSDB","updateDate":"2016-01-14T16:25:12.623Z"},{"date":"2001 Q1","value":"153.9","year":"2001","month":"","quarter":"Q1","sourceDataset":"CSDB","updateDate":"2016-01-14T16:25:12.623Z"},{"date":"2001 Q2","value":"153.5","year":"2001","month":"","quarter":"Q2","sourceDataset":"CSDB","updateDate":"2016-01-14T16:25:12.623Z"},{"date":"2001 Q3","value":"152.7","year":"2001","month":"","quarter":"Q3","sourceDataset":"CSDB","updateDate":"2016-01-14T16:25:12.623Z"},{"date":"2001 Q4","value":"151.9","year":"2001","month":"","quarter":"Q4","sourceDataset":"CSDB","updateDate":"2016-01-14T16:25:12.623Z"},{"date":"2002 Q1","value":"151.7","year":"2002","month":"","quarter":"Q1","sourceDataset":"CSDB","updateDate":"2016-01-14T16:25:12.623Z"},{"date":"2002 Q2","value":"154.4","year":"2002","month":"","quarter":"Q2","sourceDataset":"CSDB","updateDate":"2016-01-14T16:25:12.623Z"},{"date":"2002 Q3","value":"153.4","year":"2002","month":"","quarter":"Q3","sourceDataset":"CSDB","updateDate":"2016-01-14T16:25:12.623Z"},{"date":"2002 Q4","value":"151.7","year":"2002","month":"","quarter":"Q4","sourceDataset":"CSDB","updateDate":"2016-01-14T16:25:12.623Z"},{"date":"2003 Q1","value":"149.2","year":"2003","month":"","quarter":"Q1","sourceDataset":"CSDB","updateDate":"2016-01-14T16:25:12.623Z"},{"date":"2003 Q2","value":"149.8","year":"2003","month":"","quarter":"Q2","sourceDataset":"CSDB","updateDate":"2016-01-14T16:25:12.623Z"},{"date":"2003 Q3","value":"150.5","year":"2003","month":"","quarter":"Q3","sourceDataset":"CSDB","updateDate":"2016-01-14T16:25:12.623Z"},{"date":"2003 Q4","value":"149.7","year":"2003","month":"","quarter":"Q4","sourceDataset":"CSDB","updateDate":"2016-01-14T16:25:12.623Z"},{"date":"2004 Q1","value":"151.2","year":"2004","month":"","quarter":"Q1","sourceDataset":"CSDB","updateDate":"2016-01-14T16:25:12.623Z"},{"date":"2004 Q2","value":"149.5","year":"2004","month":"","quarter":"Q2","sourceDataset":"CSDB","updateDate":"2016-01-14T16:25:12.623Z"},{"date":"2004 Q3","value":"149.4","year":"2004","month":"","quarter":"Q3","sourceDataset":"CSDB","updateDate":"2016-01-14T16:25:12.623Z"},{"date":"2004 Q4","value":"149.2","year":"2004","month":"","quarter":"Q4","sourceDataset":"CSDB","updateDate":"2016-01-14T16:25:12.623Z"},{"date":"2005 Q1","value":"151.8","year":"2005","month":"","quarter":"Q1","sourceDataset":"CSDB","updateDate":"2016-01-14T16:25:12.623Z"},{"date":"2005 Q2","value":"150.2","year":"2005","month":"","quarter":"Q2","sourceDataset":"CSDB","updateDate":"2016-01-14T16:25:12.623Z"},{"date":"2005 Q3","value":"148.0","year":"2005","month":"","quarter":"Q3","sourceDataset":"CSDB","updateDate":"2016-01-14T16:25:12.623Z"},{"date":"2005 Q4","value":"147.6","year":"2005","month":"","quarter":"Q4","sourceDataset":"CSDB","updateDate":"2016-01-14T16:25:12.623Z"},{"date":"2006 Q1","value":"152.2","year":"2006","month":"","quarter":"Q1","sourceDataset":"CSDB","updateDate":"2016-01-14T16:25:12.623Z"},{"date":"2006 Q2","value":"152.3","year":"2006","month":"","quarter":"Q2","sourceDataset":"CSDB","updateDate":"2016-01-14T16:25:12.623Z"},{"date":"2006 Q3","value":"151.1","year":"2006","month":"","quarter":"Q3","sourceDataset":"CSDB","updateDate":"2016-01-14T16:25:12.623Z"},{"date":"2006 Q4","value":"158.4","year":"2006","month":"","quarter":"Q4","sourceDataset":"CSDB","updateDate":"2016-01-14T16:25:12.623Z"},{"date":"2007 Q1","value":"162.8","year":"2007","month":"","quarter":"Q1","sourceDataset":"CSDB","updateDate":"2016-01-14T16:25:12.623Z"},{"date":"2007 Q2","value":"164.4","year":"2007","month":"","quarter":"Q2","sourceDataset":"CSDB","updateDate":"2016-01-14T16:25:12.623Z"},{"date":"2007 Q3","value":"162.4","year":"2007","month":"","quarter":"Q3","sourceDataset":"CSDB","updateDate":"2016-01-14T16:25:12.623Z"},{"date":"2007 Q4","value":"163.4","year":"2007","month":"","quarter":"Q4","sourceDataset":"CSDB","updateDate":"2016-01-14T16:25:12.623Z"},{"date":"2008 Q1","value":"165.1","year":"2008","month":"","quarter":"Q1","sourceDataset":"CSDB","updateDate":"2016-01-14T16:25:12.623Z"},{"date":"2008 Q2","value":"169.3","year":"2008","month":"","quarter":"Q2","sourceDataset":"CSDB","updateDate":"2016-01-14T16:25:12.623Z"},{"date":"2008 Q3","value":"178.6","year":"2008","month":"","quarter":"Q3","sourceDataset":"CSDB","updateDate":"2016-01-14T16:25:12.623Z"},{"date":"2008 Q4","value":"181.5","year":"2008","month":"","quarter":"Q4","sourceDataset":"CSDB","updateDate":"2016-01-14T16:25:12.623Z"},{"date":"2009 Q1","value":"183.1","year":"2009","month":"","quarter":"Q1","sourceDataset":"CSDB","updateDate":"2016-01-14T16:25:12.623Z"},{"date":"2009 Q2","value":"182.8","year":"2009","month":"","quarter":"Q2","sourceDataset":"CSDB","updateDate":"2016-01-14T16:25:12.623Z"},{"date":"2009 Q3","value":"181.7","year":"2009","month":"","quarter":"Q3","sourceDataset":"CSDB","updateDate":"2016-01-14T16:25:12.623Z"},{"date":"2009 Q4","value":"181.3","year":"2009","month":"","quarter":"Q4","sourceDataset":"CSDB","updateDate":"2016-01-14T16:25:12.623Z"},{"date":"2010 Q1","value":"181.3","year":"2010","month":"","quarter":"Q1","sourceDataset":"CSDB","updateDate":"2016-01-14T16:25:12.623Z"},{"date":"2010 Q2","value":"185.6","year":"2010","month":"","quarter":"Q2","sourceDataset":"CSDB","updateDate":"2016-01-14T16:25:12.623Z"},{"date":"2010 Q3","value":"189.1","year":"2010","month":"","quarter":"Q3","sourceDataset":"CSDB","updateDate":"2016-01-14T16:25:12.623Z"},{"date":"2010 Q4","value":"191.3","year":"2010","month":"","quarter":"Q4","sourceDataset":"CSDB","updateDate":"2016-01-14T16:25:12.623Z"},{"date":"2011 Q1","value":"197.3","year":"2011","month":"","quarter":"Q1","sourceDataset":"CSDB","updateDate":"2016-01-14T16:25:12.623Z"},{"date":"2011 Q2","value":"205.7","year":"2011","month":"","quarter":"Q2","sourceDataset":"CSDB","updateDate":"2016-01-14T16:25:12.623Z"},{"date":"2011 Q3","value":"209.4","year":"2011","month":"","quarter":"Q3","sourceDataset":"CSDB","updateDate":"2016-01-14T16:25:12.623Z"},{"date":"2011 Q4","value":"206.4","year":"2011","month":"","quarter":"Q4","sourceDataset":"CSDB","updateDate":"2016-01-14T16:25:12.623Z"},{"date":"2012 Q1","value":"211.1","year":"2012","month":"","quarter":"Q1","sourceDataset":"CSDB","updateDate":"2016-01-14T16:25:12.623Z"},{"date":"2012 Q2","value":"209.5","year":"2012","month":"","quarter":"Q2","sourceDataset":"CSDB","updateDate":"2016-01-14T16:25:12.623Z"},{"date":"2012 Q3","value":"211.6","year":"2012","month":"","quarter":"Q3","sourceDataset":"CSDB","updateDate":"2016-01-14T16:25:12.623Z"},{"date":"2012 Q4","value":"213.1","year":"2012","month":"","quarter":"Q4","sourceDataset":"CSDB","updateDate":"2016-01-14T16:25:12.623Z"},{"date":"2013 Q1","value":"226.6","year":"2013","month":"","quarter":"Q1","sourceDataset":"CSDB","updateDate":"2016-01-14T16:25:12.623Z"},{"date":"2013 Q2","value":"228.9","year":"2013","month":"","quarter":"Q2","sourceDataset":"CSDB","updateDate":"2016-01-14T16:25:12.623Z"},{"date":"2013 Q3","value":"229.0","year":"2013","month":"","quarter":"Q3","sourceDataset":"CSDB","updateDate":"2016-01-14T16:25:12.623Z"},{"date":"2013 Q4","value":"229.1","year":"2013","month":"","quarter":"Q4","sourceDataset":"CSDB","updateDate":"2016-01-14T16:25:12.623Z"},{"date":"2014 Q1","value":"232.1","year":"2014","month":"","quarter":"Q1","sourceDataset":"CSDB","updateDate":"2016-01-14T16:25:12.623Z"},{"date":"2014 Q2","value":"226.8","year":"2014","month":"","quarter":"Q2","sourceDataset":"CSDB","updateDate":"2016-01-14T16:25:12.623Z"},{"date":"2014 Q3","value":"229.9","year":"2014","month":"","quarter":"Q3","sourceDataset":"CSDB","updateDate":"2016-01-14T16:25:12.623Z"},{"date":"2014 Q4","value":"224.5","year":"2014","month":"","quarter":"Q4","sourceDataset":"CSDB","updateDate":"2016-01-14T16:25:12.623Z"},{"date":"2015 Q1","value":"218.8","year":"2015","month":"","quarter":"Q1","sourceDataset":"CSDB","updateDate":"2016-01-14T16:25:12.623Z"},{"date":"2015 Q2","value":"213.3","year":"2015","month":"","quarter":"Q2","sourceDataset":"CSDB","updateDate":"2016-01-14T16:25:12.623Z"}],"months":[{"date":"1987 JAN","value":"100.0","year":"1987","month":"January","quarter":"","sourceDataset":"CSDB","updateDate":"2016-01-14T16:25:12.623Z"},{"date":"1987 FEB","value":"100.1","year":"1987","month":"February","quarter":"","sourceDataset":"CSDB","updateDate":"2016-01-14T16:25:12.623Z"},{"date":"1987 MAR","value":"99.8","year":"1987","month":"March","quarter":"","sourceDataset":"CSDB","updateDate":"2016-01-14T16:25:12.623Z"},{"date":"1987 APR","value":"100.8","year":"1987","month":"April","quarter":"","sourceDataset":"CSDB","updateDate":"2016-01-14T16:25:12.623Z"},{"date":"1987 MAY","value":"100.9","year":"1987","month":"May","quarter":"","sourceDataset":"CSDB","updateDate":"2016-01-14T16:25:12.623Z"},{"date":"1987 JUN","value":"101.3","year":"1987","month":"June","quarter":"","sourceDataset":"CSDB","updateDate":"2016-01-14T16:25:12.623Z"},{"date":"1987 JUL","value":"101.3","year":"1987","month":"July","quarter":"","sourceDataset":"CSDB","updateDate":"2016-01-14T16:25:12.623Z"},{"date":"1987 AUG","value":"101.8","year":"1987","month":"August","quarter":"","sourceDataset":"CSDB","updateDate":"2016-01-14T16:25:12.623Z"},{"date":"1987 SEP","value":"102.0","year":"1987","month":"September","quarter":"","sourceDataset":"CSDB","updateDate":"2016-01-14T16:25:12.623Z"},{"date":"1987 OCT","value":"103.3","year":"1987","month":"October","quarter":"","sourceDataset":"CSDB","updateDate":"2016-01-14T16:25:12.623Z"},{"date":"1987 NOV","value":"101.8","year":"1987","month":"November","quarter":"","sourceDataset":"CSDB","updateDate":"2016-01-14T16:25:12.623Z"},{"date":"1987 DEC","value":"102.1","year":"1987","month":"December","quarter":"","sourceDataset":"CSDB","updateDate":"2016-01-14T16:25:12.623Z"},{"date":"1988 JAN","value":"102.3","year":"1988","month":"January","quarter":"","sourceDataset":"CSDB","updateDate":"2016-01-14T16:25:12.623Z"},{"date":"1988 FEB","value":"101.7","year":"1988","month":"February","quarter":"","sourceDataset":"CSDB","updateDate":"2016-01-14T16:25:12.623Z"},{"date":"1988 MAR","value":"102.1","year":"1988","month":"March","quarter":"","sourceDataset":"CSDB","updateDate":"2016-01-14T16:25:12.623Z"},{"date":"1988 APR","value":"101.4","year":"1988","month":"April","quarter":"","sourceDataset":"CSDB","updateDate":"2016-01-14T16:25:12.623Z"},{"date":"1988 MAY","value":"102.9","year":"1988","month":"May","quarter":"","sourceDataset":"CSDB","updateDate":"2016-01-14T16:25:12.623Z"},{"date":"1988 JUN","value":"104.3","year":"1988","month":"June","quarter":"","sourceDataset":"CSDB","updateDate":"2016-01-14T16:25:12.623Z"},{"date":"1988 JUL","value":"104.9","year":"1988","month":"July","quarter":"","sourceDataset":"CSDB","updateDate":"2016-01-14T16:25:12.623Z"},{"date":"1988 AUG","value":"105.9","year":"1988","month":"August","quarter":"","sourceDataset":"CSDB","updateDate":"2016-01-14T16:25:12.623Z"},{"date":"1988 SEP","value":"106.0","year":"1988","month":"September","quarter":"","sourceDataset":"CSDB","updateDate":"2016-01-14T16:25:12.623Z"},{"date":"1988 OCT","value":"106.2","year":"1988","month":"October","quarter":"","sourceDataset":"CSDB","updateDate":"2016-01-14T16:25:12.623Z"},{"date":"1988 NOV","value":"106.3","year":"1988","month":"November","quarter":"","sourceDataset":"CSDB","updateDate":"2016-01-14T16:25:12.623Z"},{"date":"1988 DEC","value":"106.7","year":"1988","month":"December","quarter":"","sourceDataset":"CSDB","updateDate":"2016-01-14T16:25:12.623Z"},{"date":"1989 JAN","value":"106.6","year":"1989","month":"January","quarter":"","sourceDataset":"CSDB","updateDate":"2016-01-14T16:25:12.623Z"},{"date":"1989 FEB","value":"106.5","year":"1989","month":"February","quarter":"","sourceDataset":"CSDB","updateDate":"2016-01-14T16:25:12.623Z"},{"date":"1989 MAR","value":"106.6","year":"1989","month":"March","quarter":"","sourceDataset":"CSDB","updateDate":"2016-01-14T16:25:12.623Z"},{"date":"1989 APR","value":"107.0","year":"1989","month":"April","quarter":"","sourceDataset":"CSDB","updateDate":"2016-01-14T16:25:12.623Z"},{"date":"1989 MAY","value":"107.3","year":"1989","month":"May","quarter":"","sourceDataset":"CSDB","updateDate":"2016-01-14T16:25:12.623Z"},{"date":"1989 JUN","value":"107.5","year":"1989","month":"June","quarter":"","sourceDataset":"CSDB","updateDate":"2016-01-14T16:25:12.623Z"},{"date":"1989 JUL","value":"109.4","year":"1989","month":"July","quarter":"","sourceDataset":"CSDB","updateDate":"2016-01-14T16:25:12.623Z"},{"date":"1989 AUG","value":"111.3","year":"1989","month":"August","quarter":"","sourceDataset":"CSDB","updateDate":"2016-01-14T16:25:12.623Z"},{"date":"1989 SEP","value":"112.6","year":"1989","month":"September","quarter":"","sourceDataset":"CSDB","updateDate":"2016-01-14T16:25:12.623Z"},{"date":"1989 OCT","value":"112.8","year":"1989","month":"October","quarter":"","sourceDataset":"CSDB","updateDate":"2016-01-14T16:25:12.623Z"},{"date":"1989 NOV","value":"114.0","year":"1989","month":"November","quarter":"","sourceDataset":"CSDB","updateDate":"2016-01-14T16:25:12.623Z"},{"date":"1989 DEC","value":"114.1","year":"1989","month":"December","quarter":"","sourceDataset":"CSDB","updateDate":"2016-01-14T16:25:12.623Z"},{"date":"1990 JAN","value":"114.8","year":"1990","month":"January","quarter":"","sourceDataset":"CSDB","updateDate":"2016-01-14T16:25:12.623Z"},{"date":"1990 FEB","value":"115.0","year":"1990","month":"February","quarter":"","sourceDataset":"CSDB","updateDate":"2016-01-14T16:25:12.623Z"},{"date":"1990 MAR","value":"115.8","year":"1990","month":"March","quarter":"","sourceDataset":"CSDB","updateDate":"2016-01-14T16:25:12.623Z"},{"date":"1990 APR","value":"116.6","year":"1990","month":"April","quarter":"","sourceDataset":"CSDB","updateDate":"2016-01-14T16:25:12.623Z"},{"date":"1990 MAY","value":"118.2","year":"1990","month":"May","quarter":"","sourceDataset":"CSDB","updateDate":"2016-01-14T16:25:12.624Z"},{"date":"1990 JUN","value":"119.6","year":"1990","month":"June","quarter":"","sourceDataset":"CSDB","updateDate":"2016-01-14T16:25:12.624Z"},{"date":"1990 JUL","value":"122.9","year":"1990","month":"July","quarter":"","sourceDataset":"CSDB","updateDate":"2016-01-14T16:25:12.624Z"},{"date":"1990 AUG","value":"124.6","year":"1990","month":"August","quarter":"","sourceDataset":"CSDB","updateDate":"2016-01-14T16:25:12.624Z"},{"date":"1990 SEP","value":"124.1","year":"1990","month":"September","quarter":"","sourceDataset":"CSDB","updateDate":"2016-01-14T16:25:12.624Z"},{"date":"1990 OCT","value":"124.0","year":"1990","month":"October","quarter":"","sourceDataset":"CSDB","updateDate":"2016-01-14T16:25:12.624Z"},{"date":"1990 NOV","value":"124.5","year":"1990","month":"November","quarter":"","sourceDataset":"CSDB","updateDate":"2016-01-14T16:25:12.624Z"},{"date":"1990 DEC","value":"124.2","year":"1990","month":"December","quarter":"","sourceDataset":"CSDB","updateDate":"2016-01-14T16:25:12.624Z"},{"date":"1991 JAN","value":"123.7","year":"1991","month":"January","quarter":"","sourceDataset":"CSDB","updateDate":"2016-01-14T16:25:12.624Z"},{"date":"1991 FEB","value":"123.7","year":"1991","month":"February","quarter":"","sourceDataset":"CSDB","updateDate":"2016-01-14T16:25:12.624Z"},{"date":"1991 MAR","value":"123.7","year":"1991","month":"March","quarter":"","sourceDataset":"CSDB","updateDate":"2016-01-14T16:25:12.624Z"},{"date":"1991 APR","value":"125.7","year":"1991","month":"April","quarter":"","sourceDataset":"CSDB","updateDate":"2016-01-14T16:25:12.624Z"},{"date":"1991 MAY","value":"130.4","year":"1991","month":"May","quarter":"","sourceDataset":"CSDB","updateDate":"2016-01-14T16:25:12.624Z"},{"date":"1991 JUN","value":"133.0","year":"1991","month":"June","quarter":"","sourceDataset":"CSDB","updateDate":"2016-01-14T16:25:12.624Z"},{"date":"1991 JUL","value":"135.7","year":"1991","month":"July","quarter":"","sourceDataset":"CSDB","updateDate":"2016-01-14T16:25:12.624Z"},{"date":"1991 AUG","value":"135.9","year":"1991","month":"August","quarter":"","sourceDataset":"CSDB","updateDate":"2016-01-14T16:25:12.624Z"},{"date":"1991 SEP","value":"136.2","year":"1991","month":"September","quarter":"","sourceDataset":"CSDB","updateDate":"2016-01-14T16:25:12.624Z"},{"date":"1991 OCT","value":"136.6","year":"1991","month":"October","quarter":"","sourceDataset":"CSDB","updateDate":"2016-01-14T16:25:12.624Z"},{"date":"1991 NOV","value":"135.7","year":"1991","month":"November","quarter":"","sourceDataset":"CSDB","updateDate":"2016-01-14T16:25:12.624Z"},{"date":"1991 DEC","value":"135.9","year":"1991","month":"December","quarter":"","sourceDataset":"CSDB","updateDate":"2016-01-14T16:25:12.624Z"},{"date":"1992 JAN","value":"134.5","year":"1992","month":"January","quarter":"","sourceDataset":"CSDB","updateDate":"2016-01-14T16:25:12.624Z"},{"date":"1992 FEB","value":"134.5","year":"1992","month":"February","quarter":"","sourceDataset":"CSDB","updateDate":"2016-01-14T16:25:12.624Z"},{"date":"1992 MAR","value":"135.3","year":"1992","month":"March","quarter":"","sourceDataset":"CSDB","updateDate":"2016-01-14T16:25:12.624Z"},{"date":"1992 APR","value":"135.6","year":"1992","month":"April","quarter":"","sourceDataset":"CSDB","updateDate":"2016-01-14T16:25:12.624Z"},{"date":"1992 MAY","value":"138.5","year":"1992","month":"May","quarter":"","sourceDataset":"CSDB","updateDate":"2016-01-14T16:25:12.624Z"},{"date":"1992 JUN","value":"140.0","year":"1992","month":"June","quarter":"","sourceDataset":"CSDB","updateDate":"2016-01-14T16:25:12.624Z"},{"date":"1992 JUL","value":"140.5","year":"1992","month":"July","quarter":"","sourceDataset":"CSDB","updateDate":"2016-01-14T16:25:12.624Z"},{"date":"1992 AUG","value":"140.9","year":"1992","month":"August","quarter":"","sourceDataset":"CSDB","updateDate":"2016-01-14T16:25:12.624Z"},{"date":"1992 SEP","value":"140.5","year":"1992","month":"September","quarter":"","sourceDataset":"CSDB","updateDate":"2016-01-14T16:25:12.624Z"},{"date":"1992 OCT","value":"140.0","year":"1992","month":"October","quarter":"","sourceDataset":"CSDB","updateDate":"2016-01-14T16:25:12.624Z"},{"date":"1992 NOV","value":"139.6","year":"1992","month":"November","quarter":"","sourceDataset":"CSDB","updateDate":"2016-01-14T16:25:12.624Z"},{"date":"1992 DEC","value":"140.7","year":"1992","month":"December","quarter":"","sourceDataset":"CSDB","updateDate":"2016-01-14T16:25:12.624Z"},{"date":"1993 JAN","value":"138.9","year":"1993","month":"January","quarter":"","sourceDataset":"CSDB","updateDate":"2016-01-14T16:25:12.624Z"},{"date":"1993 FEB","value":"139.9","year":"1993","month":"February","quarter":"","sourceDataset":"CSDB","updateDate":"2016-01-14T16:25:12.624Z"},{"date":"1993 MAR","value":"139.7","year":"1993","month":"March","quarter":"","sourceDataset":"CSDB","updateDate":"2016-01-14T16:25:12.624Z"},{"date":"1993 APR","value":"139.7","year":"1993","month":"April","quarter":"","sourceDataset":"CSDB","updateDate":"2016-01-14T16:25:12.624Z"},{"date":"1993 MAY","value":"139.2","year":"1993","month":"May","quarter":"","sourceDataset":"CSDB","updateDate":"2016-01-14T16:25:12.624Z"},{"date":"1993 JUN","value":"138.3","year":"1993","month":"June","quarter":"","sourceDataset":"CSDB","updateDate":"2016-01-14T16:25:12.624Z"},{"date":"1993 JUL","value":"138.6","year":"1993","month":"July","quarter":"","sourceDataset":"CSDB","updateDate":"2016-01-14T16:25:12.624Z"},{"date":"1993 AUG","value":"138.0","year":"1993","month":"August","quarter":"","sourceDataset":"CSDB","updateDate":"2016-01-14T16:25:12.624Z"},{"date":"1993 SEP","value":"135.1","year":"1993","month":"September","quarter":"","sourceDataset":"CSDB","updateDate":"2016-01-14T16:25:12.624Z"},{"date":"1993 OCT","value":"136.1","year":"1993","month":"October","quarter":"","sourceDataset":"CSDB","updateDate":"2016-01-14T16:25:12.624Z"},{"date":"1993 NOV","value":"133.0","year":"1993","month":"November","quarter":"","sourceDataset":"CSDB","updateDate":"2016-01-14T16:25:12.624Z"},{"date":"1993 DEC","value":"133.8","year":"1993","month":"December","quarter":"","sourceDataset":"CSDB","updateDate":"2016-01-14T16:25:12.624Z"},{"date":"1994 JAN","value":"132.7","year":"1994","month":"January","quarter":"","sourceDataset":"CSDB","updateDate":"2016-01-14T16:25:12.624Z"},{"date":"1994 FEB","value":"132.2","year":"1994","month":"February","quarter":"","sourceDataset":"CSDB","updateDate":"2016-01-14T16:25:12.624Z"},{"date":"1994 MAR","value":"132.8","year":"1994","month":"March","quarter":"","sourceDataset":"CSDB","updateDate":"2016-01-14T16:25:12.624Z"},{"date":"1994 APR","value":"132.0","year":"1994","month":"April","quarter":"","sourceDataset":"CSDB","updateDate":"2016-01-14T16:25:12.624Z"},{"date":"1994 MAY","value":"136.0","year":"1994","month":"May","quarter":"","sourceDataset":"CSDB","updateDate":"2016-01-14T16:25:12.624Z"},{"date":"1994 JUN","value":"137.5","year":"1994","month":"June","quarter":"","sourceDataset":"CSDB","updateDate":"2016-01-14T16:25:12.624Z"},{"date":"1994 JUL","value":"137.2","year":"1994","month":"July","quarter":"","sourceDataset":"CSDB","updateDate":"2016-01-14T16:25:12.624Z"},{"date":"1994 AUG","value":"138.1","year":"1994","month":"August","quarter":"","sourceDataset":"CSDB","updateDate":"2016-01-14T16:25:12.624Z"},{"date":"1994 SEP","value":"137.7","year":"1994","month":"September","quarter":"","sourceDataset":"CSDB","updateDate":"2016-01-14T16:25:12.624Z"},{"date":"1994 OCT","value":"138.1","year":"1994","month":"October","quarter":"","sourceDataset":"CSDB","updateDate":"2016-01-14T16:25:12.624Z"},{"date":"1994 NOV","value":"141.6","year":"1994","month":"November","quarter":"","sourceDataset":"CSDB","updateDate":"2016-01-14T16:25:12.624Z"},{"date":"1994 DEC","value":"141.4","year":"1994","month":"December","quarter":"","sourceDataset":"CSDB","updateDate":"2016-01-14T16:25:12.624Z"},{"date":"1995 JAN","value":"144.4","year":"1995","month":"January","quarter":"","sourceDataset":"CSDB","updateDate":"2016-01-14T16:25:12.624Z"},{"date":"1995 FEB","value":"146.9","year":"1995","month":"February","quarter":"","sourceDataset":"CSDB","updateDate":"2016-01-14T16:25:12.624Z"},{"date":"1995 MAR","value":"148.8","year":"1995","month":"March","quarter":"","sourceDataset":"CSDB","updateDate":"2016-01-14T16:25:12.624Z"},{"date":"1995 APR","value":"149.5","year":"1995","month":"April","quarter":"","sourceDataset":"CSDB","updateDate":"2016-01-14T16:25:12.624Z"},{"date":"1995 MAY","value":"157.4","year":"1995","month":"May","quarter":"","sourceDataset":"CSDB","updateDate":"2016-01-14T16:25:12.624Z"},{"date":"1995 JUN","value":"158.5","year":"1995","month":"June","quarter":"","sourceDataset":"CSDB","updateDate":"2016-01-14T16:25:12.624Z"},{"date":"1995 JUL","value":"158.5","year":"1995","month":"July","quarter":"","sourceDataset":"CSDB","updateDate":"2016-01-14T16:25:12.624Z"},{"date":"1995 AUG","value":"157.7","year":"1995","month":"August","quarter":"","sourceDataset":"CSDB","updateDate":"2016-01-14T16:25:12.624Z"},{"date":"1995 SEP","value":"158.6","year":"1995","month":"September","quarter":"","sourceDataset":"CSDB","updateDate":"2016-01-14T16:25:12.624Z"},{"date":"1995 OCT","value":"157.0","year":"1995","month":"October","quarter":"","sourceDataset":"CSDB","updateDate":"2016-01-14T16:25:12.624Z"},{"date":"1995 NOV","value":"160.9","year":"1995","month":"November","quarter":"","sourceDataset":"CSDB","updateDate":"2016-01-14T16:25:12.624Z"},{"date":"1995 DEC","value":"160.9","year":"1995","month":"December","quarter":"","sourceDataset":"CSDB","updateDate":"2016-01-14T16:25:12.624Z"},{"date":"1996 JAN","value":"161.3","year":"1996","month":"January","quarter":"","sourceDataset":"CSDB","updateDate":"2016-01-14T16:25:12.624Z"},{"date":"1996 FEB","value":"158.4","year":"1996","month":"February","quarter":"","sourceDataset":"CSDB","updateDate":"2016-01-14T16:25:12.624Z"},{"date":"1996 MAR","value":"158.9","year":"1996","month":"March","quarter":"","sourceDataset":"CSDB","updateDate":"2016-01-14T16:25:12.624Z"},{"date":"1996 APR","value":"156.7","year":"1996","month":"April","quarter":"","sourceDataset":"CSDB","updateDate":"2016-01-14T16:25:12.624Z"},{"date":"1996 MAY","value":"158.8","year":"1996","month":"May","quarter":"","sourceDataset":"CSDB","updateDate":"2016-01-14T16:25:12.624Z"},{"date":"1996 JUN","value":"156.2","year":"1996","month":"June","quarter":"","sourceDataset":"CSDB","updateDate":"2016-01-14T16:25:12.624Z"},{"date":"1996 JUL","value":"156.4","year":"1996","month":"July","quarter":"","sourceDataset":"CSDB","updateDate":"2016-01-14T16:25:12.624Z"},{"date":"1996 AUG","value":"157.4","year":"1996","month":"August","quarter":"","sourceDataset":"CSDB","updateDate":"2016-01-14T16:25:12.624Z"},{"date":"1996 SEP","value":"152.6","year":"1996","month":"September","quarter":"","sourceDataset":"CSDB","updateDate":"2016-01-14T16:25:12.624Z"},{"date":"1996 OCT","value":"149.1","year":"1996","month":"October","quarter":"","sourceDataset":"CSDB","updateDate":"2016-01-14T16:25:12.624Z"},{"date":"1996 NOV","value":"148.3","year":"1996","month":"November","quarter":"","sourceDataset":"CSDB","updateDate":"2016-01-14T16:25:12.624Z"},{"date":"1996 DEC","value":"147.7","year":"1996","month":"December","quarter":"","sourceDataset":"CSDB","updateDate":"2016-01-14T16:25:12.624Z"},{"date":"1997 JAN","value":"147.1","year":"1997","month":"January","quarter":"","sourceDataset":"CSDB","updateDate":"2016-01-14T16:25:12.624Z"},{"date":"1997 FEB","value":"144.2","year":"1997","month":"February","quarter":"","sourceDataset":"CSDB","updateDate":"2016-01-14T16:25:12.624Z"},{"date":"1997 MAR","value":"143.1","year":"1997","month":"March","quarter":"","sourceDataset":"CSDB","updateDate":"2016-01-14T16:25:12.624Z"},{"date":"1997 APR","value":"142.0","year":"1997","month":"April","quarter":"","sourceDataset":"CSDB","updateDate":"2016-01-14T16:25:12.624Z"},{"date":"1997 MAY","value":"142.5","year":"1997","month":"May","quarter":"","sourceDataset":"CSDB","updateDate":"2016-01-14T16:25:12.624Z"},{"date":"1997 JUN","value":"142.6","year":"1997","month":"June","quarter":"","sourceDataset":"CSDB","updateDate":"2016-01-14T16:25:12.624Z"},{"date":"1997 JUL","value":"143.3","year":"1997","month":"July","quarter":"","sourceDataset":"CSDB","updateDate":"2016-01-14T16:25:12.624Z"},{"date":"1997 AUG","value":"143.4","year":"1997","month":"August","quarter":"","sourceDataset":"CSDB","updateDate":"2016-01-14T16:25:12.624Z"},{"date":"1997 SEP","value":"141.7","year":"1997","month":"September","quarter":"","sourceDataset":"CSDB","updateDate":"2016-01-14T16:25:12.624Z"},{"date":"1997 OCT","value":"142.2","year":"1997","month":"October","quarter":"","sourceDataset":"CSDB","updateDate":"2016-01-14T16:25:12.624Z"},{"date":"1997 NOV","value":"141.5","year":"1997","month":"November","quarter":"","sourceDataset":"CSDB","updateDate":"2016-01-14T16:25:12.624Z"},{"date":"1997 DEC","value":"141.6","year":"1997","month":"December","quarter":"","sourceDataset":"CSDB","updateDate":"2016-01-14T16:25:12.624Z"},{"date":"1998 JAN","value":"141.9","year":"1998","month":"January","quarter":"","sourceDataset":"CSDB","updateDate":"2016-01-14T16:25:12.624Z"},{"date":"1998 FEB","value":"142.9","year":"1998","month":"February","quarter":"","sourceDataset":"CSDB","updateDate":"2016-01-14T16:25:12.624Z"},{"date":"1998 MAR","value":"145.5","year":"1998","month":"March","quarter":"","sourceDataset":"CSDB","updateDate":"2016-01-14T16:25:12.624Z"},{"date":"1998 APR","value":"149.7","year":"1998","month":"April","quarter":"","sourceDataset":"CSDB","updateDate":"2016-01-14T16:25:12.624Z"},{"date":"1998 MAY","value":"149.5","year":"1998","month":"May","quarter":"","sourceDataset":"CSDB","updateDate":"2016-01-14T16:25:12.624Z"},{"date":"1998 JUN","value":"150.1","year":"1998","month":"June","quarter":"","sourceDataset":"CSDB","updateDate":"2016-01-14T16:25:12.624Z"},{"date":"1998 JUL","value":"148.1","year":"1998","month":"July","quarter":"","sourceDataset":"CSDB","updateDate":"2016-01-14T16:25:12.624Z"},{"date":"1998 AUG","value":"150.4","year":"1998","month":"August","quarter":"","sourceDataset":"CSDB","updateDate":"2016-01-14T16:25:12.624Z"},{"date":"1998 SEP","value":"151.1","year":"1998","month":"September","quarter":"","sourceDataset":"CSDB","updateDate":"2016-01-14T16:25:12.624Z"},{"date":"1998 OCT","value":"151.3","year":"1998","month":"October","quarter":"","sourceDataset":"CSDB","updateDate":"2016-01-14T16:25:12.624Z"},{"date":"1998 NOV","value":"153.7","year":"1998","month":"November","quarter":"","sourceDataset":"CSDB","updateDate":"2016-01-14T16:25:12.624Z"},{"date":"1998 DEC","value":"153.8","year":"1998","month":"December","quarter":"","sourceDataset":"CSDB","updateDate":"2016-01-14T16:25:12.624Z"},{"date":"1999 JAN","value":"164.0","year":"1999","month":"January","quarter":"","sourceDataset":"CSDB","updateDate":"2016-01-14T16:25:12.624Z"},{"date":"1999 FEB","value":"165.9","year":"1999","month":"February","quarter":"","sourceDataset":"CSDB","updateDate":"2016-01-14T16:25:12.624Z"},{"date":"1999 MAR","value":"165.1","year":"1999","month":"March","quarter":"","sourceDataset":"CSDB","updateDate":"2016-01-14T16:25:12.624Z"},{"date":"1999 APR","value":"166.0","year":"1999","month":"April","quarter":"","sourceDataset":"CSDB","updateDate":"2016-01-14T16:25:12.624Z"},{"date":"1999 MAY","value":"166.5","year":"1999","month":"May","quarter":"","sourceDataset":"CSDB","updateDate":"2016-01-14T16:25:12.624Z"},{"date":"1999 JUN","value":"165.6","year":"1999","month":"June","quarter":"","sourceDataset":"CSDB","updateDate":"2016-01-14T16:25:12.624Z"},{"date":"1999 JUL","value":"166.7","year":"1999","month":"July","quarter":"","sourceDataset":"CSDB","updateDate":"2016-01-14T16:25:12.624Z"},{"date":"1999 AUG","value":"162.5","year":"1999","month":"August","quarter":"","sourceDataset":"CSDB","updateDate":"2016-01-14T16:25:12.624Z"},{"date":"1999 SEP","value":"158.2","year":"1999","month":"September","quarter":"","sourceDataset":"CSDB","updateDate":"2016-01-14T16:25:12.624Z"},{"date":"1999 OCT","value":"158.7","year":"1999","month":"October","quarter":"","sourceDataset":"CSDB","updateDate":"2016-01-14T16:25:12.624Z"},{"date":"1999 NOV","value":"157.4","year":"1999","month":"November","quarter":"","sourceDataset":"CSDB","updateDate":"2016-01-14T16:25:12.624Z"},{"date":"1999 DEC","value":"156.7","year":"1999","month":"December","quarter":"","sourceDataset":"CSDB","updateDate":"2016-01-14T16:25:12.624Z"},{"date":"2000 JAN","value":"155.7","year":"2000","month":"January","quarter":"","sourceDataset":"CSDB","updateDate":"2016-01-14T16:25:12.624Z"},{"date":"2000 FEB","value":"155.2","year":"2000","month":"February","quarter":"","sourceDataset":"CSDB","updateDate":"2016-01-14T16:25:12.624Z"},{"date":"2000 MAR","value":"155.1","year":"2000","month":"March","quarter":"","sourceDataset":"CSDB","updateDate":"2016-01-14T16:25:12.624Z"},{"date":"2000 APR","value":"153.8","year":"2000","month":"April","quarter":"","sourceDataset":"CSDB","updateDate":"2016-01-14T16:25:12.624Z"},{"date":"2000 MAY","value":"154.4","year":"2000","month":"May","quarter":"","sourceDataset":"CSDB","updateDate":"2016-01-14T16:25:12.624Z"},{"date":"2000 JUN","value":"153.9","year":"2000","month":"June","quarter":"","sourceDataset":"CSDB","updateDate":"2016-01-14T16:25:12.624Z"},{"date":"2000 JUL","value":"153.3","year":"2000","month":"July","quarter":"","sourceDataset":"CSDB","updateDate":"2016-01-14T16:25:12.624Z"},{"date":"2000 AUG","value":"153.3","year":"2000","month":"August","quarter":"","sourceDataset":"CSDB","updateDate":"2016-01-14T16:25:12.624Z"},{"date":"2000 SEP","value":"154.0","year":"2000","month":"September","quarter":"","sourceDataset":"CSDB","updateDate":"2016-01-14T16:25:12.624Z"},{"date":"2000 OCT","value":"154.1","year":"2000","month":"October","quarter":"","sourceDataset":"CSDB","updateDate":"2016-01-14T16:25:12.624Z"},{"date":"2000 NOV","value":"154.9","year":"2000","month":"November","quarter":"","sourceDataset":"CSDB","updateDate":"2016-01-14T16:25:12.624Z"},{"date":"2000 DEC","value":"153.6","year":"2000","month":"December","quarter":"","sourceDataset":"CSDB","updateDate":"2016-01-14T16:25:12.624Z"},{"date":"2001 JAN","value":"154.7","year":"2001","month":"January","quarter":"","sourceDataset":"CSDB","updateDate":"2016-01-14T16:25:12.624Z"},{"date":"2001 FEB","value":"153.2","year":"2001","month":"February","quarter":"","sourceDataset":"CSDB","updateDate":"2016-01-14T16:25:12.624Z"},{"date":"2001 MAR","value":"153.9","year":"2001","month":"March","quarter":"","sourceDataset":"CSDB","updateDate":"2016-01-14T16:25:12.624Z"},{"date":"2001 APR","value":"153.0","year":"2001","month":"April","quarter":"","sourceDataset":"CSDB","updateDate":"2016-01-14T16:25:12.624Z"},{"date":"2001 MAY","value":"153.6","year":"2001","month":"May","quarter":"","sourceDataset":"CSDB","updateDate":"2016-01-14T16:25:12.624Z"},{"date":"2001 JUN","value":"154.0","year":"2001","month":"June","quarter":"","sourceDataset":"CSDB","updateDate":"2016-01-14T16:25:12.624Z"},{"date":"2001 JUL","value":"153.5","year":"2001","month":"July","quarter":"","sourceDataset":"CSDB","updateDate":"2016-01-14T16:25:12.624Z"},{"date":"2001 AUG","value":"153.0","year":"2001","month":"August","quarter":"","sourceDataset":"CSDB","updateDate":"2016-01-14T16:25:12.624Z"},{"date":"2001 SEP","value":"151.7","year":"2001","month":"September","quarter":"","sourceDataset":"CSDB","updateDate":"2016-01-14T16:25:12.624Z"},{"date":"2001 OCT","value":"153.0","year":"2001","month":"October","quarter":"","sourceDataset":"CSDB","updateDate":"2016-01-14T16:25:12.624Z"},{"date":"2001 NOV","value":"151.4","year":"2001","month":"November","quarter":"","sourceDataset":"CSDB","updateDate":"2016-01-14T16:25:12.624Z"},{"date":"2001 DEC","value":"151.3","year":"2001","month":"December","quarter":"","sourceDataset":"CSDB","updateDate":"2016-01-14T16:25:12.624Z"},{"date":"2002 JAN","value":"152.3","year":"2002","month":"January","quarter":"","sourceDataset":"CSDB","updateDate":"2016-01-14T16:25:12.624Z"},{"date":"2002 FEB","value":"152.4","year":"2002","month":"February","quarter":"","sourceDataset":"CSDB","updateDate":"2016-01-14T16:25:12.624Z"},{"date":"2002 MAR","value":"150.3","year":"2002","month":"March","quarter":"","sourceDataset":"CSDB","updateDate":"2016-01-14T16:25:12.624Z"},{"date":"2002 APR","value":"153.7","year":"2002","month":"April","quarter":"","sourceDataset":"CSDB","updateDate":"2016-01-14T16:25:12.624Z"},{"date":"2002 MAY","value":"154.7","year":"2002","month":"May","quarter":"","sourceDataset":"CSDB","updateDate":"2016-01-14T16:25:12.624Z"},{"date":"2002 JUN","value":"154.7","year":"2002","month":"June","quarter":"","sourceDataset":"CSDB","updateDate":"2016-01-14T16:25:12.624Z"},{"date":"2002 JUL","value":"154.5","year":"2002","month":"July","quarter":"","sourceDataset":"CSDB","updateDate":"2016-01-14T16:25:12.624Z"},{"date":"2002 AUG","value":"153.1","year":"2002","month":"August","quarter":"","sourceDataset":"CSDB","updateDate":"2016-01-14T16:25:12.624Z"},{"date":"2002 SEP","value":"152.5","year":"2002","month":"September","quarter":"","sourceDataset":"CSDB","updateDate":"2016-01-14T16:25:12.624Z"},{"date":"2002 OCT","value":"151.7","year":"2002","month":"October","quarter":"","sourceDataset":"CSDB","updateDate":"2016-01-14T16:25:12.624Z"},{"date":"2002 NOV","value":"152.1","year":"2002","month":"November","quarter":"","sourceDataset":"CSDB","updateDate":"2016-01-14T16:25:12.624Z"},{"date":"2002 DEC","value":"151.2","year":"2002","month":"December","quarter":"","sourceDataset":"CSDB","updateDate":"2016-01-14T16:25:12.624Z"},{"date":"2003 JAN","value":"148.7","year":"2003","month":"January","quarter":"","sourceDataset":"CSDB","updateDate":"2016-01-14T16:25:12.624Z"},{"date":"2003 FEB","value":"149.6","year":"2003","month":"February","quarter":"","sourceDataset":"CSDB","updateDate":"2016-01-14T16:25:12.624Z"},{"date":"2003 MAR","value":"149.4","year":"2003","month":"March","quarter":"","sourceDataset":"CSDB","updateDate":"2016-01-14T16:25:12.624Z"},{"date":"2003 APR","value":"149.9","year":"2003","month":"April","quarter":"","sourceDataset":"CSDB","updateDate":"2016-01-14T16:25:12.624Z"},{"date":"2003 MAY","value":"149.2","year":"2003","month":"May","quarter":"","sourceDataset":"CSDB","updateDate":"2016-01-14T16:25:12.624Z"},{"date":"2003 JUN","value":"150.3","year":"2003","month":"June","quarter":"","sourceDataset":"CSDB","updateDate":"2016-01-14T16:25:12.624Z"},{"date":"2003 JUL","value":"150.9","year":"2003","month":"July","quarter":"","sourceDataset":"CSDB","updateDate":"2016-01-14T16:25:12.624Z"},{"date":"2003 AUG","value":"150.8","year":"2003","month":"August","quarter":"","sourceDataset":"CSDB","updateDate":"2016-01-14T16:25:12.624Z"},{"date":"2003 SEP","value":"149.8","year":"2003","month":"September","quarter":"","sourceDataset":"CSDB","updateDate":"2016-01-14T16:25:12.624Z"},{"date":"2003 OCT","value":"149.3","year":"2003","month":"October","quarter":"","sourceDataset":"CSDB","updateDate":"2016-01-14T16:25:12.624Z"},{"date":"2003 NOV","value":"150.7","year":"2003","month":"November","quarter":"","sourceDataset":"CSDB","updateDate":"2016-01-14T16:25:12.624Z"},{"date":"2003 DEC","value":"149.1","year":"2003","month":"December","quarter":"","sourceDataset":"CSDB","updateDate":"2016-01-14T16:25:12.624Z"},{"date":"2004 JAN","value":"152.4","year":"2004","month":"January","quarter":"","sourceDataset":"CSDB","updateDate":"2016-01-14T16:25:12.624Z"},{"date":"2004 FEB","value":"151.3","year":"2004","month":"February","quarter":"","sourceDataset":"CSDB","updateDate":"2016-01-14T16:25:12.624Z"},{"date":"2004 MAR","value":"149.8","year":"2004","month":"March","quarter":"","sourceDataset":"CSDB","updateDate":"2016-01-14T16:25:12.624Z"},{"date":"2004 APR","value":"149.6","year":"2004","month":"April","quarter":"","sourceDataset":"CSDB","updateDate":"2016-01-14T16:25:12.624Z"},{"date":"2004 MAY","value":"149.3","year":"2004","month":"May","quarter":"","sourceDataset":"CSDB","updateDate":"2016-01-14T16:25:12.624Z"},{"date":"2004 JUN","value":"149.5","year":"2004","month":"June","quarter":"","sourceDataset":"CSDB","updateDate":"2016-01-14T16:25:12.624Z"},{"date":"2004 JUL","value":"148.9","year":"2004","month":"July","quarter":"","sourceDataset":"CSDB","updateDate":"2016-01-14T16:25:12.624Z"},{"date":"2004 AUG","value":"149.3","year":"2004","month":"August","quarter":"","sourceDataset":"CSDB","updateDate":"2016-01-14T16:25:12.624Z"},{"date":"2004 SEP","value":"149.9","year":"2004","month":"September","quarter":"","sourceDataset":"CSDB","updateDate":"2016-01-14T16:25:12.624Z"},{"date":"2004 OCT","value":"149.5","year":"2004","month":"October","quarter":"","sourceDataset":"CSDB","updateDate":"2016-01-14T16:25:12.624Z"},{"date":"2004 NOV","value":"149.9","year":"2004","month":"November","quarter":"","sourceDataset":"CSDB","updateDate":"2016-01-14T16:25:12.624Z"},{"date":"2004 DEC","value":"148.2","year":"2004","month":"December","quarter":"","sourceDataset":"CSDB","updateDate":"2016-01-14T16:25:12.624Z"},{"date":"2005 JAN","value":"150.6","year":"2005","month":"January","quarter":"","sourceDataset":"CSDB","updateDate":"2016-01-14T16:25:12.624Z"},{"date":"2005 FEB","value":"152.0","year":"2005","month":"February","quarter":"","sourceDataset":"CSDB","updateDate":"2016-01-14T16:25:12.624Z"},{"date":"2005 MAR","value":"152.7","year":"2005","month":"March","quarter":"","sourceDataset":"CSDB","updateDate":"2016-01-14T16:25:12.624Z"},{"date":"2005 APR","value":"151.7","year":"2005","month":"April","quarter":"","sourceDataset":"CSDB","updateDate":"2016-01-14T16:25:12.624Z"},{"date":"2005 MAY","value":"150.0","year":"2005","month":"May","quarter":"","sourceDataset":"CSDB","updateDate":"2016-01-14T16:25:12.624Z"},{"date":"2005 JUN","value":"148.9","year":"2005","month":"June","quarter":"","sourceDataset":"CSDB","updateDate":"2016-01-14T16:25:12.624Z"},{"date":"2005 JUL","value":"149.4","year":"2005","month":"July","quarter":"","sourceDataset":"CSDB","updateDate":"2016-01-14T16:25:12.624Z"},{"date":"2005 AUG","value":"147.0","year":"2005","month":"August","quarter":"","sourceDataset":"CSDB","updateDate":"2016-01-14T16:25:12.624Z"},{"date":"2005 SEP","value":"147.6","year":"2005","month":"September","quarter":"","sourceDataset":"CSDB","updateDate":"2016-01-14T16:25:12.624Z"},{"date":"2005 OCT","value":"148.1","year":"2005","month":"October","quarter":"","sourceDataset":"CSDB","updateDate":"2016-01-14T16:25:12.624Z"},{"date":"2005 NOV","value":"146.8","year":"2005","month":"November","quarter":"","sourceDataset":"CSDB","updateDate":"2016-01-14T16:25:12.624Z"},{"date":"2005 DEC","value":"147.8","year":"2005","month":"December","quarter":"","sourceDataset":"CSDB","updateDate":"2016-01-14T16:25:12.624Z"},{"date":"2006 JAN","value":"150.4","year":"2006","month":"January","quarter":"","sourceDataset":"CSDB","updateDate":"2016-01-14T16:25:12.624Z"},{"date":"2006 FEB","value":"153.2","year":"2006","month":"February","quarter":"","sourceDataset":"CSDB","updateDate":"2016-01-14T16:25:12.624Z"},{"date":"2006 MAR","value":"153.0","year":"2006","month":"March","quarter":"","sourceDataset":"CSDB","updateDate":"2016-01-14T16:25:12.624Z"},{"date":"2006 APR","value":"151.6","year":"2006","month":"April","quarter":"","sourceDataset":"CSDB","updateDate":"2016-01-14T16:25:12.624Z"},{"date":"2006 MAY","value":"150.9","year":"2006","month":"May","quarter":"","sourceDataset":"CSDB","updateDate":"2016-01-14T16:25:12.624Z"},{"date":"2006 JUN","value":"154.5","year":"2006","month":"June","quarter":"","sourceDataset":"CSDB","updateDate":"2016-01-14T16:25:12.624Z"},{"date":"2006 JUL","value":"150.9","year":"2006","month":"July","quarter":"","sourceDataset":"CSDB","updateDate":"2016-01-14T16:25:12.624Z"},{"date":"2006 AUG","value":"151.2","year":"2006","month":"August","quarter":"","sourceDataset":"CSDB","updateDate":"2016-01-14T16:25:12.624Z"},{"date":"2006 SEP","value":"151.1","year":"2006","month":"September","quarter":"","sourceDataset":"CSDB","updateDate":"2016-01-14T16:25:12.624Z"},{"date":"2006 OCT","value":"154.0","year":"2006","month":"October","quarter":"","sourceDataset":"CSDB","updateDate":"2016-01-14T16:25:12.624Z"},{"date":"2006 NOV","value":"160.3","year":"2006","month":"November","quarter":"","sourceDataset":"CSDB","updateDate":"2016-01-14T16:25:12.624Z"},{"date":"2006 DEC","value":"160.9","year":"2006","month":"December","quarter":"","sourceDataset":"CSDB","updateDate":"2016-01-14T16:25:12.624Z"},{"date":"2007 JAN","value":"157.4","year":"2007","month":"January","quarter":"","sourceDataset":"CSDB","updateDate":"2016-01-14T16:25:12.624Z"},{"date":"2007 FEB","value":"165.4","year":"2007","month":"February","quarter":"","sourceDataset":"CSDB","updateDate":"2016-01-14T16:25:12.624Z"},{"date":"2007 MAR","value":"165.5","year":"2007","month":"March","quarter":"","sourceDataset":"CSDB","updateDate":"2016-01-14T16:25:12.624Z"},{"date":"2007 APR","value":"162.0","year":"2007","month":"April","quarter":"","sourceDataset":"CSDB","updateDate":"2016-01-14T16:25:12.624Z"},{"date":"2007 MAY","value":"165.2","year":"2007","month":"May","quarter":"","sourceDataset":"CSDB","updateDate":"2016-01-14T16:25:12.624Z"},{"date":"2007 JUN","value":"166.1","year":"2007","month":"June","quarter":"","sourceDataset":"CSDB","updateDate":"2016-01-14T16:25:12.624Z"},{"date":"2007 JUL","value":"162.1","year":"2007","month":"July","quarter":"","sourceDataset":"CSDB","updateDate":"2016-01-14T16:25:12.624Z"},{"date":"2007 AUG","value":"164.2","year":"2007","month":"August","quarter":"","sourceDataset":"CSDB","updateDate":"2016-01-14T16:25:12.624Z"},{"date":"2007 SEP","value":"161.0","year":"2007","month":"September","quarter":"","sourceDataset":"CSDB","updateDate":"2016-01-14T16:25:12.624Z"},{"date":"2007 OCT","value":"161.0","year":"2007","month":"October","quarter":"","sourceDataset":"CSDB","updateDate":"2016-01-14T16:25:12.624Z"},{"date":"2007 NOV","value":"166.4","year":"2007","month":"November","quarter":"","sourceDataset":"CSDB","updateDate":"2016-01-14T16:25:12.624Z"},{"date":"2007 DEC","value":"162.8","year":"2007","month":"December","quarter":"","sourceDataset":"CSDB","updateDate":"2016-01-14T16:25:12.624Z"},{"date":"2008 JAN","value":"161.6","year":"2008","month":"January","quarter":"","sourceDataset":"CSDB","updateDate":"2016-01-14T16:25:12.624Z"},{"date":"2008 FEB","value":"168.8","year":"2008","month":"February","quarter":"","sourceDataset":"CSDB","updateDate":"2016-01-14T16:25:12.624Z"},{"date":"2008 MAR","value":"164.9","year":"2008","month":"March","quarter":"","sourceDataset":"CSDB","updateDate":"2016-01-14T16:25:12.624Z"},{"date":"2008 APR","value":"167.1","year":"2008","month":"April","quarter":"","sourceDataset":"CSDB","updateDate":"2016-01-14T16:25:12.624Z"},{"date":"2008 MAY","value":"166.5","year":"2008","month":"May","quarter":"","sourceDataset":"CSDB","updateDate":"2016-01-14T16:25:12.624Z"},{"date":"2008 JUN","value":"174.3","year":"2008","month":"June","quarter":"","sourceDataset":"CSDB","updateDate":"2016-01-14T16:25:12.624Z"},{"date":"2008 JUL","value":"177.2","year":"2008","month":"July","quarter":"","sourceDataset":"CSDB","updateDate":"2016-01-14T16:25:12.624Z"},{"date":"2008 AUG","value":"178.1","year":"2008","month":"August","quarter":"","sourceDataset":"CSDB","updateDate":"2016-01-14T16:25:12.624Z"},{"date":"2008 SEP","value":"180.4","year":"2008","month":"September","quarter":"","sourceDataset":"CSDB","updateDate":"2016-01-14T16:25:12.624Z"},{"date":"2008 OCT","value":"175.9","year":"2008","month":"October","quarter":"","sourceDataset":"CSDB","updateDate":"2016-01-14T16:25:12.624Z"},{"date":"2008 NOV","value":"186.3","year":"2008","month":"November","quarter":"","sourceDataset":"CSDB","updateDate":"2016-01-14T16:25:12.624Z"},{"date":"2008 DEC","value":"182.4","year":"2008","month":"December","quarter":"","sourceDataset":"CSDB","updateDate":"2016-01-14T16:25:12.624Z"},{"date":"2009 JAN","value":"178.6","year":"2009","month":"January","quarter":"","sourceDataset":"CSDB","updateDate":"2016-01-14T16:25:12.624Z"},{"date":"2009 FEB","value":"184.7","year":"2009","month":"February","quarter":"","sourceDataset":"CSDB","updateDate":"2016-01-14T16:25:12.624Z"},{"date":"2009 MAR","value":"186.0","year":"2009","month":"March","quarter":"","sourceDataset":"CSDB","updateDate":"2016-01-14T16:25:12.624Z"},{"date":"2009 APR","value":"182.6","year":"2009","month":"April","quarter":"","sourceDataset":"CSDB","updateDate":"2016-01-14T16:25:12.624Z"},{"date":"2009 MAY","value":"184.7","year":"2009","month":"May","quarter":"","sourceDataset":"CSDB","updateDate":"2016-01-14T16:25:12.624Z"},{"date":"2009 JUN","value":"181.0","year":"2009","month":"June","quarter":"","sourceDataset":"CSDB","updateDate":"2016-01-14T16:25:12.624Z"},{"date":"2009 JUL","value":"184.5","year":"2009","month":"July","quarter":"","sourceDataset":"CSDB","updateDate":"2016-01-14T16:25:12.624Z"},{"date":"2009 AUG","value":"179.0","year":"2009","month":"August","quarter":"","sourceDataset":"CSDB","updateDate":"2016-01-14T16:25:12.624Z"},{"date":"2009 SEP","value":"181.7","year":"2009","month":"September","quarter":"","sourceDataset":"CSDB","updateDate":"2016-01-14T16:25:12.624Z"},{"date":"2009 OCT","value":"181.5","year":"2009","month":"October","quarter":"","sourceDataset":"CSDB","updateDate":"2016-01-14T16:25:12.624Z"},{"date":"2009 NOV","value":"180.1","year":"2009","month":"November","quarter":"","sourceDataset":"CSDB","updateDate":"2016-01-14T16:25:12.624Z"},{"date":"2009 DEC","value":"182.3","year":"2009","month":"December","quarter":"","sourceDataset":"CSDB","updateDate":"2016-01-14T16:25:12.624Z"},{"date":"2010 JAN","value":"177.3","year":"2010","month":"January","quarter":"","sourceDataset":"CSDB","updateDate":"2016-01-14T16:25:12.624Z"},{"date":"2010 FEB","value":"183.2","year":"2010","month":"February","quarter":"","sourceDataset":"CSDB","updateDate":"2016-01-14T16:25:12.624Z"},{"date":"2010 MAR","value":"183.3","year":"2010","month":"March","quarter":"","sourceDataset":"CSDB","updateDate":"2016-01-14T16:25:12.624Z"},{"date":"2010 APR","value":"185.8","year":"2010","month":"April","quarter":"","sourceDataset":"CSDB","updateDate":"2016-01-14T16:25:12.624Z"},{"date":"2010 MAY","value":"186.5","year":"2010","month":"May","quarter":"","sourceDataset":"CSDB","updateDate":"2016-01-14T16:25:12.624Z"},{"date":"2010 JUN","value":"184.6","year":"2010","month":"June","quarter":"","sourceDataset":"CSDB","updateDate":"2016-01-14T16:25:12.624Z"},{"date":"2010 JUL","value":"189.2","year":"2010","month":"July","quarter":"","sourceDataset":"CSDB","updateDate":"2016-01-14T16:25:12.624Z"},{"date":"2010 AUG","value":"188.0","year":"2010","month":"August","quarter":"","sourceDataset":"CSDB","updateDate":"2016-01-14T16:25:12.624Z"},{"date":"2010 SEP","value":"190.0","year":"2010","month":"September","quarter":"","sourceDataset":"CSDB","updateDate":"2016-01-14T16:25:12.624Z"},{"date":"2010 OCT","value":"186.8","year":"2010","month":"October","quarter":"","sourceDataset":"CSDB","updateDate":"2016-01-14T16:25:12.624Z"},{"date":"2010 NOV","value":"194.7","year":"2010","month":"November","quarter":"","sourceDataset":"CSDB","updateDate":"2016-01-14T16:25:12.624Z"},{"date":"2010 DEC","value":"192.5","year":"2010","month":"December","quarter":"","sourceDataset":"CSDB","updateDate":"2016-01-14T16:25:12.624Z"},{"date":"2011 JAN","value":"195.6","year":"2011","month":"January","quarter":"","sourceDataset":"CSDB","updateDate":"2016-01-14T16:25:12.624Z"},{"date":"2011 FEB","value":"196.0","year":"2011","month":"February","quarter":"","sourceDataset":"CSDB","updateDate":"2016-01-14T16:25:12.624Z"},{"date":"2011 MAR","value":"200.4","year":"2011","month":"March","quarter":"","sourceDataset":"CSDB","updateDate":"2016-01-14T16:25:12.624Z"},{"date":"2011 APR","value":"202.3","year":"2011","month":"April","quarter":"","sourceDataset":"CSDB","updateDate":"2016-01-14T16:25:12.624Z"},{"date":"2011 MAY","value":"208.1","year":"2011","month":"May","quarter":"","sourceDataset":"CSDB","updateDate":"2016-01-14T16:25:12.624Z"},{"date":"2011 JUN","value":"206.6","year":"2011","month":"June","quarter":"","sourceDataset":"CSDB","updateDate":"2016-01-14T16:25:12.624Z"},{"date":"2011 JUL","value":"209.5","year":"2011","month":"July","quarter":"","sourceDataset":"CSDB","updateDate":"2016-01-14T16:25:12.624Z"},{"date":"2011 AUG","value":"208.1","year":"2011","month":"August","quarter":"","sourceDataset":"CSDB","updateDate":"2016-01-14T16:25:12.624Z"},{"date":"2011 SEP","value":"210.7","year":"2011","month":"September","quarter":"","sourceDataset":"CSDB","updateDate":"2016-01-14T16:25:12.624Z"},{"date":"2011 OCT","value":"205.0","year":"2011","month":"October","quarter":"","sourceDataset":"CSDB","updateDate":"2016-01-14T16:25:12.624Z"},{"date":"2011 NOV","value":"206.4","year":"2011","month":"November","quarter":"","sourceDataset":"CSDB","updateDate":"2016-01-14T16:25:12.624Z"},{"date":"2011 DEC","value":"207.8","year":"2011","month":"December","quarter":"","sourceDataset":"CSDB","updateDate":"2016-01-14T16:25:12.624Z"},{"date":"2012 JAN","value":"204.8","year":"2012","month":"January","quarter":"","sourceDataset":"CSDB","updateDate":"2016-01-14T16:25:12.624Z"},{"date":"2012 FEB","value":"212.7","year":"2012","month":"February","quarter":"","sourceDataset":"CSDB","updateDate":"2016-01-14T16:25:12.624Z"},{"date":"2012 MAR","value":"215.8","year":"2012","month":"March","quarter":"","sourceDataset":"CSDB","updateDate":"2016-01-14T16:25:12.624Z"},{"date":"2012 APR","value":"206.2","year":"2012","month":"April","quarter":"","sourceDataset":"CSDB","updateDate":"2016-01-14T16:25:12.624Z"},{"date":"2012 MAY","value":"209.1","year":"2012","month":"May","quarter":"","sourceDataset":"CSDB","updateDate":"2016-01-14T16:25:12.624Z"},{"date":"2012 JUN","value":"213.3","year":"2012","month":"June","quarter":"","sourceDataset":"CSDB","updateDate":"2016-01-14T16:25:12.624Z"},{"date":"2012 JUL","value":"209.7","year":"2012","month":"July","quarter":"","sourceDataset":"CSDB","updateDate":"2016-01-14T16:25:12.624Z"},{"date":"2012 AUG","value":"213.3","year":"2012","month":"August","quarter":"","sourceDataset":"CSDB","updateDate":"2016-01-14T16:25:12.624Z"},{"date":"2012 SEP","value":"211.8","year":"2012","month":"September","quarter":"","sourceDataset":"CSDB","updateDate":"2016-01-14T16:25:12.624Z"},{"date":"2012 OCT","value":"213.0","year":"2012","month":"October","quarter":"","sourceDataset":"CSDB","updateDate":"2016-01-14T16:25:12.624Z"},{"date":"2012 NOV","value":"212.0","year":"2012","month":"November","quarter":"","sourceDataset":"CSDB","updateDate":"2016-01-14T16:25:12.624Z"},{"date":"2012 DEC","value":"214.3","year":"2012","month":"December","quarter":"","sourceDataset":"CSDB","updateDate":"2016-01-14T16:25:12.624Z"},{"date":"2013 JAN","value":"219.1","year":"2013","month":"January","quarter":"","sourceDataset":"CSDB","updateDate":"2016-01-14T16:25:12.624Z"},{"date":"2013 FEB","value":"231.6","year":"2013","month":"February","quarter":"","sourceDataset":"CSDB","updateDate":"2016-01-14T16:25:12.624Z"},{"date":"2013 MAR","value":"229.1","year":"2013","month":"March","quarter":"","sourceDataset":"CSDB","updateDate":"2016-01-14T16:25:12.624Z"},{"date":"2013 APR","value":"232.8","year":"2013","month":"April","quarter":"","sourceDataset":"CSDB","updateDate":"2016-01-14T16:25:12.624Z"},{"date":"2013 MAY","value":"230.3","year":"2013","month":"May","quarter":"","sourceDataset":"CSDB","updateDate":"2016-01-14T16:25:12.624Z"},{"date":"2013 JUN","value":"223.5","year":"2013","month":"June","quarter":"","sourceDataset":"CSDB","updateDate":"2016-01-14T16:25:12.624Z"},{"date":"2013 JUL","value":"230.0","year":"2013","month":"July","quarter":"","sourceDataset":"CSDB","updateDate":"2016-01-14T16:25:12.624Z"},{"date":"2013 AUG","value":"226.7","year":"2013","month":"August","quarter":"","sourceDataset":"CSDB","updateDate":"2016-01-14T16:25:12.624Z"},{"date":"2013 SEP","value":"230.3","year":"2013","month":"September","quarter":"","sourceDataset":"CSDB","updateDate":"2016-01-14T16:25:12.624Z"},{"date":"2013 OCT","value":"227.3","year":"2013","month":"October","quarter":"","sourceDataset":"CSDB","updateDate":"2016-01-14T16:25:12.625Z"},{"date":"2013 NOV","value":"228.8","year":"2013","month":"November","quarter":"","sourceDataset":"CSDB","updateDate":"2016-01-14T16:25:12.625Z"},{"date":"2013 DEC","value":"231.3","year":"2013","month":"December","quarter":"","sourceDataset":"CSDB","updateDate":"2016-01-14T16:25:12.625Z"},{"date":"2014 JAN","value":"231.6","year":"2014","month":"January","quarter":"","sourceDataset":"CSDB","updateDate":"2016-01-14T16:25:12.625Z"},{"date":"2014 FEB","value":"232.4","year":"2014","month":"February","quarter":"","sourceDataset":"CSDB","updateDate":"2016-01-14T16:25:12.625Z"},{"date":"2014 MAR","value":"232.2","year":"2014","month":"March","quarter":"","sourceDataset":"CSDB","updateDate":"2016-01-14T16:25:12.625Z"},{"date":"2014 APR","value":"229.3","year":"2014","month":"April","quarter":"","sourceDataset":"CSDB","updateDate":"2016-01-14T16:25:12.625Z"},{"date":"2014 MAY","value":"225.0","year":"2014","month":"May","quarter":"","sourceDataset":"CSDB","updateDate":"2016-01-14T16:25:12.625Z"},{"date":"2014 JUN","value":"226.1","year":"2014","month":"June","quarter":"","sourceDataset":"CSDB","updateDate":"2016-01-14T16:25:12.625Z"},{"date":"2014 JUL","value":"231.1","year":"2014","month":"July","quarter":"","sourceDataset":"CSDB","updateDate":"2016-01-14T16:25:12.625Z"},{"date":"2014 AUG","value":"230.5","year":"2014","month":"August","quarter":"","sourceDataset":"CSDB","updateDate":"2016-01-14T16:25:12.625Z"},{"date":"2014 SEP","value":"228.0","year":"2014","month":"September","quarter":"","sourceDataset":"CSDB","updateDate":"2016-01-14T16:25:12.625Z"},{"date":"2014 OCT","value":"225.1","year":"2014","month":"October","quarter":"","sourceDataset":"CSDB","updateDate":"2016-01-14T16:25:12.625Z"},{"date":"2014 NOV","value":"221.6","year":"2014","month":"November","quarter":"","sourceDataset":"CSDB","updateDate":"2016-01-14T16:25:12.625Z"},{"date":"2014 DEC","value":"226.9","year":"2014","month":"December","quarter":"","sourceDataset":"CSDB","updateDate":"2016-01-14T16:25:12.625Z"},{"date":"2015 JAN","value":"227.8","year":"2015","month":"January","quarter":"","sourceDataset":"CSDB","updateDate":"2016-01-14T16:25:12.625Z"},{"date":"2015 FEB","value":"215.5","year":"2015","month":"February","quarter":"","sourceDataset":"CSDB","updateDate":"2016-01-14T16:25:12.625Z"},{"date":"2015 MAR","value":"213.0","year":"2015","month":"March","quarter":"","sourceDataset":"CSDB","updateDate":"2016-01-14T16:25:12.625Z"},{"date":"2015 APR","value":"211.8","year":"2015","month":"April","quarter":"","sourceDataset":"CSDB","updateDate":"2016-01-14T16:25:12.625Z"},{"date":"2015 MAY","value":"208.9","year":"2015","month":"May","quarter":"","sourceDataset":"CSDB","updateDate":"2016-01-14T16:25:12.625Z"},{"date":"2015 JUN","value":"219.2","year":"2015","month":"June","quarter":"","sourceDataset":"CSDB","updateDate":"2016-01-14T16:25:12.625Z"},{"date":"2015 JUL","value":"217.7","year":"2015","month":"July","quarter":"","sourceDataset":"CSDB","updateDate":"2016-01-14T16:25:12.625Z"},{"date":"2015 AUG","value":"207.8","year":"2015","month":"August","quarter":"","sourceDataset":"CSDB","updateDate":"2016-01-22T20:07:41.070Z"}],"sourceDatasets":["CSDB"],"relatedDatasets":[{"uri":"/businessindustryandtrade/changestobusiness/bankruptcyinsolvency/datasets/carlsxmasrelease/2015"},{"uri":"/businessindustryandtrade/changestobusiness/bankruptcyinsolvency/datasets/wahasaqewqeqwe/2015"},{"uri":"/businessindustryandtrade/changestobusiness/bankruptcyinsolvency/datasets/releaseisreleaseygyug/2015"},{"uri":"/businessindustryandtrade/changestobusiness/bankruptcyinsolvency/datasets/releaseisreleaseadffd/2015"},{"uri":"/businessindustryandtrade/changestobusiness/bankruptcyinsolvency/datasets/pageunencrypted/2015"}],"relatedDocuments":[],"versions":[{"uri":"/businessindustryandtrade/changestobusiness/bankruptcyinsolvency/timeseries/ibus/previous/v1","updateDate":"2016-01-26T00:00:00.000Z","correctionNotice":"","label":"v1"}],"type":"timeseries","description":{"title":"RPI: Potato products (Jan 1987\u003d100)                                     ","contact":{"email":"","name":"","telephone":""},"releaseDate":"2016-01-28T00:00:00.000Z","nextRelease":"","cdid":"IBUS","unit":"","preUnit":"","source":"","seasonalAdjustment":"NSA","date":"2015 AUG","number":"207.8"}}