{"years":[{"date":"1987","value":"37569","year":"1987","month":"","quarter":"","sourceDataset":"CSDB10","updateDate":"2016-01-28T09:29:35.007Z"},{"date":"1988","value":"39786","year":"1988","month":"","quarter":"","sourceDataset":"CSDB10","updateDate":"2016-01-28T09:29:35.007Z"},{"date":"1989","value":"44542","year":"1989","month":"","quarter":"","sourceDataset":"CSDB10","updateDate":"2016-01-28T09:29:35.007Z"},{"date":"1990","value":"49777","year":"1990","month":"","quarter":"","sourceDataset":"CSDB10","updateDate":"2016-01-28T09:29:35.007Z"},{"date":"1991","value":"51579","year":"1991","month":"","quarter":"","sourceDataset":"CSDB10","updateDate":"2016-01-28T09:29:35.007Z"},{"date":"1992","value":"52677","year":"1992","month":"","quarter":"","sourceDataset":"CSDB10","updateDate":"2016-01-28T09:29:35.007Z"},{"date":"1993","value":"53684","year":"1993","month":"","quarter":"","sourceDataset":"CSDB10","updateDate":"2016-01-28T09:29:35.007Z"},{"date":"1994","value":"57927","year":"1994","month":"","quarter":"","sourceDataset":"CSDB10","updateDate":"2016-01-28T09:29:35.007Z"},{"date":"1995","value":"61633","year":"1995","month":"","quarter":"","sourceDataset":"CSDB10","updateDate":"2016-01-28T09:29:35.007Z"},{"date":"1996","value":"63332","year":"1996","month":"","quarter":"","sourceDataset":"CSDB10","updateDate":"2016-01-28T09:29:35.007Z"},{"date":"1997","value":"65783","year":"1997","month":"","quarter":"","sourceDataset":"CSDB10","updateDate":"2016-01-28T09:29:35.007Z"},{"date":"1998","value":"70432","year":"1998","month":"","quarter":"","sourceDataset":"CSDB10","updateDate":"2016-01-28T09:29:35.007Z"},{"date":"1999","value":"76982","year":"1999","month":"","quarter":"","sourceDataset":"CSDB10","updateDate":"2016-01-28T09:29:35.007Z"},{"date":"2000","value":"86299","year":"2000","month":"","quarter":"","sourceDataset":"CSDB10","updateDate":"2016-01-28T09:29:35.007Z"},{"date":"2001","value":"91122","year":"2001","month":"","quarter":"","sourceDataset":"CSDB10","updateDate":"2016-01-28T09:29:35.007Z"},{"date":"2002","value":"92943","year":"2002","month":"","quarter":"","sourceDataset":"CSDB10","updateDate":"2016-01-28T09:29:35.007Z"},{"date":"2003","value":"96727","year":"2003","month":"","quarter":"","sourceDataset":"CSDB10","updateDate":"2016-01-28T09:29:35.007Z"},{"date":"2004","value":"104334","year":"2004","month":"","quarter":"","sourceDataset":"CSDB10","updateDate":"2016-01-28T09:29:35.007Z"},{"date":"2005","value":"111558","year":"2005","month":"","quarter":"","sourceDataset":"CSDB10","updateDate":"2016-01-28T09:29:35.007Z"},{"date":"2006","value":"118887","year":"2006","month":"","quarter":"","sourceDataset":"CSDB10","updateDate":"2016-01-28T09:29:35.007Z"},{"date":"2007","value":"129052","year":"2007","month":"","quarter":"","sourceDataset":"CSDB10","updateDate":"2016-01-28T09:29:35.007Z"},{"date":"2008","value":"129790","year":"2008","month":"","quarter":"","sourceDataset":"CSDB10","updateDate":"2016-01-28T09:29:35.007Z"},{"date":"2009","value":"121479","year":"2009","month":"","quarter":"","sourceDataset":"CSDB10","updateDate":"2016-01-28T09:29:35.007Z"},{"date":"2010","value":"126872","year":"2010","month":"","quarter":"","sourceDataset":"CSDB10","updateDate":"2016-01-28T09:29:35.007Z"},{"date":"2011","value":"129821","year":"2011","month":"","quarter":"","sourceDataset":"CSDB10","updateDate":"2016-01-28T09:29:35.007Z"},{"date":"2012","value":"128622","year":"2012","month":"","quarter":"","sourceDataset":"CSDB10","updateDate":"2016-01-28T09:29:35.007Z"},{"date":"2013","value":"131068","year":"2013","month":"","quarter":"","sourceDataset":"CSDB10","updateDate":"2016-01-28T09:29:35.007Z"},{"date":"2014","value":"136201","year":"2014","month":"","quarter":"","sourceDataset":"CSDB10","updateDate":"2016-01-28T09:29:35.007Z"}],"quarters":[{"date":"1987 Q1","value":"9349","year":"1987","month":"","quarter":"Q1","sourceDataset":"CSDB10","updateDate":"2016-01-28T09:29:35.007Z"},{"date":"1987 Q2","value":"8991","year":"1987","month":"","quarter":"Q2","sourceDataset":"CSDB10","updateDate":"2016-01-28T09:29:35.007Z"},{"date":"1987 Q3","value":"9470","year":"1987","month":"","quarter":"Q3","sourceDataset":"CSDB10","updateDate":"2016-01-28T09:29:35.007Z"},{"date":"1987 Q4","value":"9759","year":"1987","month":"","quarter":"Q4","sourceDataset":"CSDB10","updateDate":"2016-01-28T09:29:35.007Z"},{"date":"1988 Q1","value":"10036","year":"1988","month":"","quarter":"Q1","sourceDataset":"CSDB10","updateDate":"2016-01-28T09:29:35.007Z"},{"date":"1988 Q2","value":"9652","year":"1988","month":"","quarter":"Q2","sourceDataset":"CSDB10","updateDate":"2016-01-28T09:29:35.007Z"},{"date":"1988 Q3","value":"9790","year":"1988","month":"","quarter":"Q3","sourceDataset":"CSDB10","updateDate":"2016-01-28T09:29:35.007Z"},{"date":"1988 Q4","value":"10308","year":"1988","month":"","quarter":"Q4","sourceDataset":"CSDB10","updateDate":"2016-01-28T09:29:35.007Z"},{"date":"1989 Q1","value":"10505","year":"1989","month":"","quarter":"Q1","sourceDataset":"CSDB10","updateDate":"2016-01-28T09:29:35.007Z"},{"date":"1989 Q2","value":"10955","year":"1989","month":"","quarter":"Q2","sourceDataset":"CSDB10","updateDate":"2016-01-28T09:29:35.007Z"},{"date":"1989 Q3","value":"11269","year":"1989","month":"","quarter":"Q3","sourceDataset":"CSDB10","updateDate":"2016-01-28T09:29:35.007Z"},{"date":"1989 Q4","value":"11813","year":"1989","month":"","quarter":"Q4","sourceDataset":"CSDB10","updateDate":"2016-01-28T09:29:35.007Z"},{"date":"1990 Q1","value":"12013","year":"1990","month":"","quarter":"Q1","sourceDataset":"CSDB10","updateDate":"2016-01-28T09:29:35.007Z"},{"date":"1990 Q2","value":"12596","year":"1990","month":"","quarter":"Q2","sourceDataset":"CSDB10","updateDate":"2016-01-28T09:29:35.007Z"},{"date":"1990 Q3","value":"12458","year":"1990","month":"","quarter":"Q3","sourceDataset":"CSDB10","updateDate":"2016-01-28T09:29:35.007Z"},{"date":"1990 Q4","value":"12710","year":"1990","month":"","quarter":"Q4","sourceDataset":"CSDB10","updateDate":"2016-01-28T09:29:35.007Z"},{"date":"1991 Q1","value":"12590","year":"1991","month":"","quarter":"Q1","sourceDataset":"CSDB10","updateDate":"2016-01-28T09:29:35.007Z"},{"date":"1991 Q2","value":"12917","year":"1991","month":"","quarter":"Q2","sourceDataset":"CSDB10","updateDate":"2016-01-28T09:29:35.007Z"},{"date":"1991 Q3","value":"12848","year":"1991","month":"","quarter":"Q3","sourceDataset":"CSDB10","updateDate":"2016-01-28T09:29:35.007Z"},{"date":"1991 Q4","value":"13224","year":"1991","month":"","quarter":"Q4","sourceDataset":"CSDB10","updateDate":"2016-01-28T09:29:35.007Z"},{"date":"1992 Q1","value":"14104","year":"1992","month":"","quarter":"Q1","sourceDataset":"CSDB10","updateDate":"2016-01-28T09:29:35.007Z"},{"date":"1992 Q2","value":"12809","year":"1992","month":"","quarter":"Q2","sourceDataset":"CSDB10","updateDate":"2016-01-28T09:29:35.007Z"},{"date":"1992 Q3","value":"12676","year":"1992","month":"","quarter":"Q3","sourceDataset":"CSDB10","updateDate":"2016-01-28T09:29:35.007Z"},{"date":"1992 Q4","value":"13088","year":"1992","month":"","quarter":"Q4","sourceDataset":"CSDB10","updateDate":"2016-01-28T09:29:35.007Z"},{"date":"1993 Q1","value":"13524","year":"1993","month":"","quarter":"Q1","sourceDataset":"CSDB10","updateDate":"2016-01-28T09:29:35.007Z"},{"date":"1993 Q2","value":"13350","year":"1993","month":"","quarter":"Q2","sourceDataset":"CSDB10","updateDate":"2016-01-28T09:29:35.007Z"},{"date":"1993 Q3","value":"13172","year":"1993","month":"","quarter":"Q3","sourceDataset":"CSDB10","updateDate":"2016-01-28T09:29:35.007Z"},{"date":"1993 Q4","value":"13638","year":"1993","month":"","quarter":"Q4","sourceDataset":"CSDB10","updateDate":"2016-01-28T09:29:35.007Z"},{"date":"1994 Q1","value":"14228","year":"1994","month":"","quarter":"Q1","sourceDataset":"CSDB10","updateDate":"2016-01-28T09:29:35.007Z"},{"date":"1994 Q2","value":"14376","year":"1994","month":"","quarter":"Q2","sourceDataset":"CSDB10","updateDate":"2016-01-28T09:29:35.007Z"},{"date":"1994 Q3","value":"14582","year":"1994","month":"","quarter":"Q3","sourceDataset":"CSDB10","updateDate":"2016-01-28T09:29:35.007Z"},{"date":"1994 Q4","value":"14741","year":"1994","month":"","quarter":"Q4","sourceDataset":"CSDB10","updateDate":"2016-01-28T09:29:35.007Z"},{"date":"1995 Q1","value":"15292","year":"1995","month":"","quarter":"Q1","sourceDataset":"CSDB10","updateDate":"2016-01-28T09:29:35.007Z"},{"date":"1995 Q2","value":"15260","year":"1995","month":"","quarter":"Q2","sourceDataset":"CSDB10","updateDate":"2016-01-28T09:29:35.007Z"},{"date":"1995 Q3","value":"15224","year":"1995","month":"","quarter":"Q3","sourceDataset":"CSDB10","updateDate":"2016-01-28T09:29:35.007Z"},{"date":"1995 Q4","value":"15857","year":"1995","month":"","quarter":"Q4","sourceDataset":"CSDB10","updateDate":"2016-01-28T09:29:35.007Z"},{"date":"1996 Q1","value":"16439","year":"1996","month":"","quarter":"Q1","sourceDataset":"CSDB10","updateDate":"2016-01-28T09:29:35.007Z"},{"date":"1996 Q2","value":"15391","year":"1996","month":"","quarter":"Q2","sourceDataset":"CSDB10","updateDate":"2016-01-28T09:29:35.007Z"},{"date":"1996 Q3","value":"15392","year":"1996","month":"","quarter":"Q3","sourceDataset":"CSDB10","updateDate":"2016-01-28T09:29:35.007Z"},{"date":"1996 Q4","value":"16110","year":"1996","month":"","quarter":"Q4","sourceDataset":"CSDB10","updateDate":"2016-01-28T09:29:35.007Z"},{"date":"1997 Q1","value":"17513","year":"1997","month":"","quarter":"Q1","sourceDataset":"CSDB10","updateDate":"2016-01-28T09:29:35.007Z"},{"date":"1997 Q2","value":"15752","year":"1997","month":"","quarter":"Q2","sourceDataset":"CSDB10","updateDate":"2016-01-28T09:29:35.007Z"},{"date":"1997 Q3","value":"15893","year":"1997","month":"","quarter":"Q3","sourceDataset":"CSDB10","updateDate":"2016-01-28T09:29:35.007Z"},{"date":"1997 Q4","value":"16625","year":"1997","month":"","quarter":"Q4","sourceDataset":"CSDB10","updateDate":"2016-01-28T09:29:35.007Z"},{"date":"1998 Q1","value":"18160","year":"1998","month":"","quarter":"Q1","sourceDataset":"CSDB10","updateDate":"2016-01-28T09:29:35.007Z"},{"date":"1998 Q2","value":"17115","year":"1998","month":"","quarter":"Q2","sourceDataset":"CSDB10","updateDate":"2016-01-28T09:29:35.007Z"},{"date":"1998 Q3","value":"17207","year":"1998","month":"","quarter":"Q3","sourceDataset":"CSDB10","updateDate":"2016-01-28T09:29:35.007Z"},{"date":"1998 Q4","value":"17950","year":"1998","month":"","quarter":"Q4","sourceDataset":"CSDB10","updateDate":"2016-01-28T09:29:35.007Z"},{"date":"1999 Q1","value":"20065","year":"1999","month":"","quarter":"Q1","sourceDataset":"CSDB10","updateDate":"2016-01-28T09:29:35.007Z"},{"date":"1999 Q2","value":"18471","year":"1999","month":"","quarter":"Q2","sourceDataset":"CSDB10","updateDate":"2016-01-28T09:29:35.007Z"},{"date":"1999 Q3","value":"18686","year":"1999","month":"","quarter":"Q3","sourceDataset":"CSDB10","updateDate":"2016-01-28T09:29:35.007Z"},{"date":"1999 Q4","value":"19760","year":"1999","month":"","quarter":"Q4","sourceDataset":"CSDB10","updateDate":"2016-01-28T09:29:35.007Z"},{"date":"2000 Q1","value":"22748","year":"2000","month":"","quarter":"Q1","sourceDataset":"CSDB10","updateDate":"2016-01-28T09:29:35.007Z"},{"date":"2000 Q2","value":"20527","year":"2000","month":"","quarter":"Q2","sourceDataset":"CSDB10","updateDate":"2016-01-28T09:29:35.007Z"},{"date":"2000 Q3","value":"21004","year":"2000","month":"","quarter":"Q3","sourceDataset":"CSDB10","updateDate":"2016-01-28T09:29:35.007Z"},{"date":"2000 Q4","value":"22020","year":"2000","month":"","quarter":"Q4","sourceDataset":"CSDB10","updateDate":"2016-01-28T09:29:35.007Z"},{"date":"2001 Q1","value":"25526","year":"2001","month":"","quarter":"Q1","sourceDataset":"CSDB10","updateDate":"2016-01-28T09:29:35.007Z"},{"date":"2001 Q2","value":"21624","year":"2001","month":"","quarter":"Q2","sourceDataset":"CSDB10","updateDate":"2016-01-28T09:29:35.007Z"},{"date":"2001 Q3","value":"21660","year":"2001","month":"","quarter":"Q3","sourceDataset":"CSDB10","updateDate":"2016-01-28T09:29:35.007Z"},{"date":"2001 Q4","value":"22312","year":"2001","month":"","quarter":"Q4","sourceDataset":"CSDB10","updateDate":"2016-01-28T09:29:35.007Z"},{"date":"2002 Q1","value":"25628","year":"2002","month":"","quarter":"Q1","sourceDataset":"CSDB10","updateDate":"2016-01-28T09:29:35.007Z"},{"date":"2002 Q2","value":"22070","year":"2002","month":"","quarter":"Q2","sourceDataset":"CSDB10","updateDate":"2016-01-28T09:29:35.007Z"},{"date":"2002 Q3","value":"22398","year":"2002","month":"","quarter":"Q3","sourceDataset":"CSDB10","updateDate":"2016-01-28T09:29:35.007Z"},{"date":"2002 Q4","value":"22847","year":"2002","month":"","quarter":"Q4","sourceDataset":"CSDB10","updateDate":"2016-01-28T09:29:35.007Z"},{"date":"2003 Q1","value":"26087","year":"2003","month":"","quarter":"Q1","sourceDataset":"CSDB10","updateDate":"2016-01-28T09:29:35.007Z"},{"date":"2003 Q2","value":"23159","year":"2003","month":"","quarter":"Q2","sourceDataset":"CSDB10","updateDate":"2016-01-28T09:29:35.007Z"},{"date":"2003 Q3","value":"23384","year":"2003","month":"","quarter":"Q3","sourceDataset":"CSDB10","updateDate":"2016-01-28T09:29:35.007Z"},{"date":"2003 Q4","value":"24097","year":"2003","month":"","quarter":"Q4","sourceDataset":"CSDB10","updateDate":"2016-01-28T09:29:35.007Z"},{"date":"2004 Q1","value":"28403","year":"2004","month":"","quarter":"Q1","sourceDataset":"CSDB10","updateDate":"2016-01-28T09:29:35.007Z"},{"date":"2004 Q2","value":"24797","year":"2004","month":"","quarter":"Q2","sourceDataset":"CSDB10","updateDate":"2016-01-28T09:29:35.007Z"},{"date":"2004 Q3","value":"24911","year":"2004","month":"","quarter":"Q3","sourceDataset":"CSDB10","updateDate":"2016-01-28T09:29:35.007Z"},{"date":"2004 Q4","value":"26223","year":"2004","month":"","quarter":"Q4","sourceDataset":"CSDB10","updateDate":"2016-01-28T09:29:35.007Z"},{"date":"2005 Q1","value":"30417","year":"2005","month":"","quarter":"Q1","sourceDataset":"CSDB10","updateDate":"2016-01-28T09:29:35.007Z"},{"date":"2005 Q2","value":"26894","year":"2005","month":"","quarter":"Q2","sourceDataset":"CSDB10","updateDate":"2016-01-28T09:29:35.007Z"},{"date":"2005 Q3","value":"26687","year":"2005","month":"","quarter":"Q3","sourceDataset":"CSDB10","updateDate":"2016-01-28T09:29:35.007Z"},{"date":"2005 Q4","value":"27560","year":"2005","month":"","quarter":"Q4","sourceDataset":"CSDB10","updateDate":"2016-01-28T09:29:35.007Z"},{"date":"2006 Q1","value":"32604","year":"2006","month":"","quarter":"Q1","sourceDataset":"CSDB10","updateDate":"2016-01-28T09:29:35.007Z"},{"date":"2006 Q2","value":"28522","year":"2006","month":"","quarter":"Q2","sourceDataset":"CSDB10","updateDate":"2016-01-28T09:29:35.007Z"},{"date":"2006 Q3","value":"28216","year":"2006","month":"","quarter":"Q3","sourceDataset":"CSDB10","updateDate":"2016-01-28T09:29:35.007Z"},{"date":"2006 Q4","value":"29545","year":"2006","month":"","quarter":"Q4","sourceDataset":"CSDB10","updateDate":"2016-01-28T09:29:35.007Z"},{"date":"2007 Q1","value":"35831","year":"2007","month":"","quarter":"Q1","sourceDataset":"CSDB10","updateDate":"2016-01-28T09:29:35.007Z"},{"date":"2007 Q2","value":"30600","year":"2007","month":"","quarter":"Q2","sourceDataset":"CSDB10","updateDate":"2016-01-28T09:29:35.007Z"},{"date":"2007 Q3","value":"30813","year":"2007","month":"","quarter":"Q3","sourceDataset":"CSDB10","updateDate":"2016-01-28T09:29:35.007Z"},{"date":"2007 Q4","value":"31808","year":"2007","month":"","quarter":"Q4","sourceDataset":"CSDB10","updateDate":"2016-01-28T09:29:35.007Z"},{"date":"2008 Q1","value":"37629","year":"2008","month":"","quarter":"Q1","sourceDataset":"CSDB10","updateDate":"2016-01-28T09:29:35.007Z"},{"date":"2008 Q2","value":"30828","year":"2008","month":"","quarter":"Q2","sourceDataset":"CSDB10","updateDate":"2016-01-28T09:29:35.007Z"},{"date":"2008 Q3","value":"30659","year":"2008","month":"","quarter":"Q3","sourceDataset":"CSDB10","updateDate":"2016-01-28T09:29:35.007Z"},{"date":"2008 Q4","value":"30674","year":"2008","month":"","quarter":"Q4","sourceDataset":"CSDB10","updateDate":"2016-01-28T09:29:35.007Z"},{"date":"2009 Q1","value":"33087","year":"2009","month":"","quarter":"Q1","sourceDataset":"CSDB10","updateDate":"2016-01-28T09:29:35.007Z"},{"date":"2009 Q2","value":"29490","year":"2009","month":"","quarter":"Q2","sourceDataset":"CSDB10","updateDate":"2016-01-28T09:29:35.007Z"},{"date":"2009 Q3","value":"29001","year":"2009","month":"","quarter":"Q3","sourceDataset":"CSDB10","updateDate":"2016-01-28T09:29:35.008Z"},{"date":"2009 Q4","value":"29901","year":"2009","month":"","quarter":"Q4","sourceDataset":"CSDB10","updateDate":"2016-01-28T09:29:35.008Z"},{"date":"2010 Q1","value":"36099","year":"2010","month":"","quarter":"Q1","sourceDataset":"CSDB10","updateDate":"2016-01-28T09:29:35.008Z"},{"date":"2010 Q2","value":"30525","year":"2010","month":"","quarter":"Q2","sourceDataset":"CSDB10","updateDate":"2016-01-28T09:29:35.008Z"},{"date":"2010 Q3","value":"30125","year":"2010","month":"","quarter":"Q3","sourceDataset":"CSDB10","updateDate":"2016-01-28T09:29:35.008Z"},{"date":"2010 Q4","value":"30123","year":"2010","month":"","quarter":"Q4","sourceDataset":"CSDB10","updateDate":"2016-01-28T09:29:35.008Z"},{"date":"2011 Q1","value":"36712","year":"2011","month":"","quarter":"Q1","sourceDataset":"CSDB10","updateDate":"2016-01-28T09:29:35.008Z"},{"date":"2011 Q2","value":"31636","year":"2011","month":"","quarter":"Q2","sourceDataset":"CSDB10","updateDate":"2016-01-28T09:29:35.008Z"},{"date":"2011 Q3","value":"30817","year":"2011","month":"","quarter":"Q3","sourceDataset":"CSDB10","updateDate":"2016-01-28T09:29:35.008Z"},{"date":"2011 Q4","value":"30656","year":"2011","month":"","quarter":"Q4","sourceDataset":"CSDB10","updateDate":"2016-01-28T09:29:35.008Z"},{"date":"2012 Q1","value":"35582","year":"2012","month":"","quarter":"Q1","sourceDataset":"CSDB10","updateDate":"2016-01-28T09:29:35.008Z"},{"date":"2012 Q2","value":"31506","year":"2012","month":"","quarter":"Q2","sourceDataset":"CSDB10","updateDate":"2016-01-28T09:29:35.008Z"},{"date":"2012 Q3","value":"30543","year":"2012","month":"","quarter":"Q3","sourceDataset":"CSDB10","updateDate":"2016-01-28T09:29:35.008Z"},{"date":"2012 Q4","value":"30991","year":"2012","month":"","quarter":"Q4","sourceDataset":"CSDB10","updateDate":"2016-01-28T09:29:35.008Z"},{"date":"2013 Q1","value":"35572","year":"2013","month":"","quarter":"Q1","sourceDataset":"CSDB10","updateDate":"2016-01-28T09:29:35.008Z"},{"date":"2013 Q2","value":"32989","year":"2013","month":"","quarter":"Q2","sourceDataset":"CSDB10","updateDate":"2016-01-28T09:29:35.008Z"},{"date":"2013 Q3","value":"30679","year":"2013","month":"","quarter":"Q3","sourceDataset":"CSDB10","updateDate":"2016-01-28T09:29:35.008Z"},{"date":"2013 Q4","value":"31828","year":"2013","month":"","quarter":"Q4","sourceDataset":"CSDB10","updateDate":"2016-01-28T09:29:35.008Z"},{"date":"2014 Q1","value":"37366","year":"2014","month":"","quarter":"Q1","sourceDataset":"CSDB10","updateDate":"2016-01-28T09:29:35.008Z"},{"date":"2014 Q2","value":"32841","year":"2014","month":"","quarter":"Q2","sourceDataset":"CSDB10","updateDate":"2016-01-28T09:29:35.008Z"},{"date":"2014 Q3","value":"32369","year":"2014","month":"","quarter":"Q3","sourceDataset":"CSDB10","updateDate":"2016-01-28T09:29:35.008Z"},{"date":"2014 Q4","value":"33625","year":"2014","month":"","quarter":"Q4","sourceDataset":"CSDB10","updateDate":"2016-01-28T09:29:35.008Z"},{"date":"2015 Q1","value":"38925","year":"2015","month":"","quarter":"Q1","sourceDataset":"CSDB10","updateDate":"2016-01-28T09:29:35.008Z"},{"date":"2015 Q2","value":"34820","year":"2015","month":"","quarter":"Q2","sourceDataset":"CSDB10","updateDate":"2016-01-28T09:29:35.008Z"},{"date":"2015 Q3","value":"33673","year":"2015","month":"","quarter":"Q3","sourceDataset":"CSDB10","updateDate":"2016-01-28T09:29:35.008Z"}],"months":[],"sourceDatasets":["CSDB10"],"relatedDatasets":[{"uri":"/economy/environmentalaccounts/datasets/werwerwerwerwerwr/2015"}],"relatedDocuments":[],"type":"timeseries","description":{"title":"TAXES ON INCOME FROM EMPLOYMENT (TYEM)                                  ","contact":{"email":"","name":"","telephone":""},"releaseDate":"2016-01-27T00:00:00.000Z","nextRelease":"","cdid":"DBBO","unit":"","preUnit":"","source":"","seasonalAdjustment":"NSA","date":"2015 Q3","number":"33673"}}