{"years":[{"date":"1999","value":"1132","year":"1999","month":"","quarter":"","sourceDataset":"CSDB10","updateDate":"2016-01-28T09:29:40.250Z"},{"date":"2000","value":"1457","year":"2000","month":"","quarter":"","sourceDataset":"CSDB10","updateDate":"2016-01-28T09:29:40.250Z"},{"date":"2001","value":"2002","year":"2001","month":"","quarter":"","sourceDataset":"CSDB10","updateDate":"2016-01-28T09:29:40.250Z"},{"date":"2002","value":"2242","year":"2002","month":"","quarter":"","sourceDataset":"CSDB10","updateDate":"2016-01-28T09:29:40.250Z"},{"date":"2003","value":"2893","year":"2003","month":"","quarter":"","sourceDataset":"CSDB10","updateDate":"2016-01-28T09:29:40.250Z"},{"date":"2004","value":"3821","year":"2004","month":"","quarter":"","sourceDataset":"CSDB10","updateDate":"2016-01-28T09:29:40.250Z"},{"date":"2005","value":"5756","year":"2005","month":"","quarter":"","sourceDataset":"CSDB10","updateDate":"2016-01-28T09:29:40.250Z"},{"date":"2006","value":"7075","year":"2006","month":"","quarter":"","sourceDataset":"CSDB10","updateDate":"2016-01-28T09:29:40.250Z"},{"date":"2007","value":"7572","year":"2007","month":"","quarter":"","sourceDataset":"CSDB10","updateDate":"2016-01-28T09:29:40.250Z"},{"date":"2008","value":"10069","year":"2008","month":"","quarter":"","sourceDataset":"CSDB10","updateDate":"2016-01-28T09:29:40.250Z"},{"date":"2009","value":"5658","year":"2009","month":"","quarter":"","sourceDataset":"CSDB10","updateDate":"2016-01-28T09:29:40.250Z"},{"date":"2010","value":"7301","year":"2010","month":"","quarter":"","sourceDataset":"CSDB10","updateDate":"2016-01-28T09:29:40.250Z"},{"date":"2011","value":"10752","year":"2011","month":"","quarter":"","sourceDataset":"CSDB10","updateDate":"2016-01-28T09:29:40.250Z"},{"date":"2012","value":"10657","year":"2012","month":"","quarter":"","sourceDataset":"CSDB10","updateDate":"2016-01-28T09:29:40.250Z"},{"date":"2013","value":"10029","year":"2013","month":"","quarter":"","sourceDataset":"CSDB10","updateDate":"2016-01-28T09:29:40.250Z"},{"date":"2014","value":"8750","year":"2014","month":"","quarter":"","sourceDataset":"CSDB10","updateDate":"2016-01-28T09:29:40.250Z"}],"quarters":[{"date":"1999 Q1","value":"263","year":"1999","month":"","quarter":"Q1","sourceDataset":"CSDB10","updateDate":"2016-01-28T09:29:40.250Z"},{"date":"1999 Q2","value":"270","year":"1999","month":"","quarter":"Q2","sourceDataset":"CSDB10","updateDate":"2016-01-28T09:29:40.250Z"},{"date":"1999 Q3","value":"276","year":"1999","month":"","quarter":"Q3","sourceDataset":"CSDB10","updateDate":"2016-01-28T09:29:40.250Z"},{"date":"1999 Q4","value":"323","year":"1999","month":"","quarter":"Q4","sourceDataset":"CSDB10","updateDate":"2016-01-28T09:29:40.250Z"},{"date":"2000 Q1","value":"316","year":"2000","month":"","quarter":"Q1","sourceDataset":"CSDB10","updateDate":"2016-01-28T09:29:40.250Z"},{"date":"2000 Q2","value":"332","year":"2000","month":"","quarter":"Q2","sourceDataset":"CSDB10","updateDate":"2016-01-28T09:29:40.250Z"},{"date":"2000 Q3","value":"394","year":"2000","month":"","quarter":"Q3","sourceDataset":"CSDB10","updateDate":"2016-01-28T09:29:40.250Z"},{"date":"2000 Q4","value":"415","year":"2000","month":"","quarter":"Q4","sourceDataset":"CSDB10","updateDate":"2016-01-28T09:29:40.250Z"},{"date":"2001 Q1","value":"437","year":"2001","month":"","quarter":"Q1","sourceDataset":"CSDB10","updateDate":"2016-01-28T09:29:40.250Z"},{"date":"2001 Q2","value":"470","year":"2001","month":"","quarter":"Q2","sourceDataset":"CSDB10","updateDate":"2016-01-28T09:29:40.250Z"},{"date":"2001 Q3","value":"502","year":"2001","month":"","quarter":"Q3","sourceDataset":"CSDB10","updateDate":"2016-01-28T09:29:40.250Z"},{"date":"2001 Q4","value":"593","year":"2001","month":"","quarter":"Q4","sourceDataset":"CSDB10","updateDate":"2016-01-28T09:29:40.250Z"},{"date":"2002 Q1","value":"505","year":"2002","month":"","quarter":"Q1","sourceDataset":"CSDB10","updateDate":"2016-01-28T09:29:40.250Z"},{"date":"2002 Q2","value":"561","year":"2002","month":"","quarter":"Q2","sourceDataset":"CSDB10","updateDate":"2016-01-28T09:29:40.250Z"},{"date":"2002 Q3","value":"599","year":"2002","month":"","quarter":"Q3","sourceDataset":"CSDB10","updateDate":"2016-01-28T09:29:40.250Z"},{"date":"2002 Q4","value":"577","year":"2002","month":"","quarter":"Q4","sourceDataset":"CSDB10","updateDate":"2016-01-28T09:29:40.250Z"},{"date":"2003 Q1","value":"665","year":"2003","month":"","quarter":"Q1","sourceDataset":"CSDB10","updateDate":"2016-01-28T09:29:40.250Z"},{"date":"2003 Q2","value":"698","year":"2003","month":"","quarter":"Q2","sourceDataset":"CSDB10","updateDate":"2016-01-28T09:29:40.250Z"},{"date":"2003 Q3","value":"759","year":"2003","month":"","quarter":"Q3","sourceDataset":"CSDB10","updateDate":"2016-01-28T09:29:40.250Z"},{"date":"2003 Q4","value":"771","year":"2003","month":"","quarter":"Q4","sourceDataset":"CSDB10","updateDate":"2016-01-28T09:29:40.250Z"},{"date":"2004 Q1","value":"830","year":"2004","month":"","quarter":"Q1","sourceDataset":"CSDB10","updateDate":"2016-01-28T09:29:40.250Z"},{"date":"2004 Q2","value":"939","year":"2004","month":"","quarter":"Q2","sourceDataset":"CSDB10","updateDate":"2016-01-28T09:29:40.250Z"},{"date":"2004 Q3","value":"948","year":"2004","month":"","quarter":"Q3","sourceDataset":"CSDB10","updateDate":"2016-01-28T09:29:40.250Z"},{"date":"2004 Q4","value":"1104","year":"2004","month":"","quarter":"Q4","sourceDataset":"CSDB10","updateDate":"2016-01-28T09:29:40.250Z"},{"date":"2005 Q1","value":"1125","year":"2005","month":"","quarter":"Q1","sourceDataset":"CSDB10","updateDate":"2016-01-28T09:29:40.250Z"},{"date":"2005 Q2","value":"1371","year":"2005","month":"","quarter":"Q2","sourceDataset":"CSDB10","updateDate":"2016-01-28T09:29:40.250Z"},{"date":"2005 Q3","value":"1516","year":"2005","month":"","quarter":"Q3","sourceDataset":"CSDB10","updateDate":"2016-01-28T09:29:40.250Z"},{"date":"2005 Q4","value":"1744","year":"2005","month":"","quarter":"Q4","sourceDataset":"CSDB10","updateDate":"2016-01-28T09:29:40.250Z"},{"date":"2006 Q1","value":"1717","year":"2006","month":"","quarter":"Q1","sourceDataset":"CSDB10","updateDate":"2016-01-28T09:29:40.250Z"},{"date":"2006 Q2","value":"1762","year":"2006","month":"","quarter":"Q2","sourceDataset":"CSDB10","updateDate":"2016-01-28T09:29:40.250Z"},{"date":"2006 Q3","value":"2016","year":"2006","month":"","quarter":"Q3","sourceDataset":"CSDB10","updateDate":"2016-01-28T09:29:40.250Z"},{"date":"2006 Q4","value":"1580","year":"2006","month":"","quarter":"Q4","sourceDataset":"CSDB10","updateDate":"2016-01-28T09:29:40.250Z"},{"date":"2007 Q1","value":"1547","year":"2007","month":"","quarter":"Q1","sourceDataset":"CSDB10","updateDate":"2016-01-28T09:29:40.250Z"},{"date":"2007 Q2","value":"1963","year":"2007","month":"","quarter":"Q2","sourceDataset":"CSDB10","updateDate":"2016-01-28T09:29:40.250Z"},{"date":"2007 Q3","value":"1968","year":"2007","month":"","quarter":"Q3","sourceDataset":"CSDB10","updateDate":"2016-01-28T09:29:40.250Z"},{"date":"2007 Q4","value":"2094","year":"2007","month":"","quarter":"Q4","sourceDataset":"CSDB10","updateDate":"2016-01-28T09:29:40.250Z"},{"date":"2008 Q1","value":"2402","year":"2008","month":"","quarter":"Q1","sourceDataset":"CSDB10","updateDate":"2016-01-28T09:29:40.250Z"},{"date":"2008 Q2","value":"2558","year":"2008","month":"","quarter":"Q2","sourceDataset":"CSDB10","updateDate":"2016-01-28T09:29:40.250Z"},{"date":"2008 Q3","value":"2657","year":"2008","month":"","quarter":"Q3","sourceDataset":"CSDB10","updateDate":"2016-01-28T09:29:40.250Z"},{"date":"2008 Q4","value":"2452","year":"2008","month":"","quarter":"Q4","sourceDataset":"CSDB10","updateDate":"2016-01-28T09:29:40.250Z"},{"date":"2009 Q1","value":"1327","year":"2009","month":"","quarter":"Q1","sourceDataset":"CSDB10","updateDate":"2016-01-28T09:29:40.250Z"},{"date":"2009 Q2","value":"1369","year":"2009","month":"","quarter":"Q2","sourceDataset":"CSDB10","updateDate":"2016-01-28T09:29:40.250Z"},{"date":"2009 Q3","value":"1263","year":"2009","month":"","quarter":"Q3","sourceDataset":"CSDB10","updateDate":"2016-01-28T09:29:40.250Z"},{"date":"2009 Q4","value":"1699","year":"2009","month":"","quarter":"Q4","sourceDataset":"CSDB10","updateDate":"2016-01-28T09:29:40.250Z"},{"date":"2010 Q1","value":"1454","year":"2010","month":"","quarter":"Q1","sourceDataset":"CSDB10","updateDate":"2016-01-28T09:29:40.250Z"},{"date":"2010 Q2","value":"1743","year":"2010","month":"","quarter":"Q2","sourceDataset":"CSDB10","updateDate":"2016-01-28T09:29:40.250Z"},{"date":"2010 Q3","value":"2148","year":"2010","month":"","quarter":"Q3","sourceDataset":"CSDB10","updateDate":"2016-01-28T09:29:40.250Z"},{"date":"2010 Q4","value":"1956","year":"2010","month":"","quarter":"Q4","sourceDataset":"CSDB10","updateDate":"2016-01-28T09:29:40.250Z"},{"date":"2011 Q1","value":"2349","year":"2011","month":"","quarter":"Q1","sourceDataset":"CSDB10","updateDate":"2016-01-28T09:29:40.250Z"},{"date":"2011 Q2","value":"2666","year":"2011","month":"","quarter":"Q2","sourceDataset":"CSDB10","updateDate":"2016-01-28T09:29:40.250Z"},{"date":"2011 Q3","value":"2729","year":"2011","month":"","quarter":"Q3","sourceDataset":"CSDB10","updateDate":"2016-01-28T09:29:40.250Z"},{"date":"2011 Q4","value":"3008","year":"2011","month":"","quarter":"Q4","sourceDataset":"CSDB10","updateDate":"2016-01-28T09:29:40.250Z"},{"date":"2012 Q1","value":"2891","year":"2012","month":"","quarter":"Q1","sourceDataset":"CSDB10","updateDate":"2016-01-28T09:29:40.250Z"},{"date":"2012 Q2","value":"2266","year":"2012","month":"","quarter":"Q2","sourceDataset":"CSDB10","updateDate":"2016-01-28T09:29:40.250Z"},{"date":"2012 Q3","value":"3107","year":"2012","month":"","quarter":"Q3","sourceDataset":"CSDB10","updateDate":"2016-01-28T09:29:40.250Z"},{"date":"2012 Q4","value":"2393","year":"2012","month":"","quarter":"Q4","sourceDataset":"CSDB10","updateDate":"2016-01-28T09:29:40.250Z"},{"date":"2013 Q1","value":"2411","year":"2013","month":"","quarter":"Q1","sourceDataset":"CSDB10","updateDate":"2016-01-28T09:29:40.250Z"},{"date":"2013 Q2","value":"2531","year":"2013","month":"","quarter":"Q2","sourceDataset":"CSDB10","updateDate":"2016-01-28T09:29:40.250Z"},{"date":"2013 Q3","value":"2466","year":"2013","month":"","quarter":"Q3","sourceDataset":"CSDB10","updateDate":"2016-01-28T09:29:40.250Z"},{"date":"2013 Q4","value":"2621","year":"2013","month":"","quarter":"Q4","sourceDataset":"CSDB10","updateDate":"2016-01-28T09:29:40.250Z"},{"date":"2014 Q1","value":"2319","year":"2014","month":"","quarter":"Q1","sourceDataset":"CSDB10","updateDate":"2016-01-28T09:29:40.250Z"},{"date":"2014 Q2","value":"2618","year":"2014","month":"","quarter":"Q2","sourceDataset":"CSDB10","updateDate":"2016-01-28T09:29:40.250Z"},{"date":"2014 Q3","value":"1774","year":"2014","month":"","quarter":"Q3","sourceDataset":"CSDB10","updateDate":"2016-01-28T09:29:40.250Z"},{"date":"2014 Q4","value":"2039","year":"2014","month":"","quarter":"Q4","sourceDataset":"CSDB10","updateDate":"2016-01-28T09:29:40.250Z"},{"date":"2015 Q1","value":"1666","year":"2015","month":"","quarter":"Q1","sourceDataset":"CSDB10","updateDate":"2016-01-28T09:29:40.250Z"},{"date":"2015 Q2","value":"1867","year":"2015","month":"","quarter":"Q2","sourceDataset":"CSDB10","updateDate":"2016-01-28T09:29:40.250Z"},{"date":"2015 Q3","value":"1828","year":"2015","month":"","quarter":"Q3","sourceDataset":"CSDB10","updateDate":"2016-01-28T09:29:40.250Z"}],"months":[],"sourceDatasets":["CSDB10"],"relatedDatasets":[{"uri":"/economy/environmentalaccounts/datasets/werwerwerwerwerwr/2015"}],"relatedDocuments":[],"type":"timeseries","description":{"title":"Current Account Credits Russia : SA:£m                                  ","contact":{"email":"","name":"","telephone":""},"releaseDate":"2016-01-27T00:00:00.000Z","nextRelease":"","cdid":"EQR6","unit":"","preUnit":"","source":"","seasonalAdjustment":"NSA","date":"2015 Q3","number":"1828"}}