{"years":[{"date":"1987","value":"102.7","year":"1987","month":"","quarter":"","sourceDataset":"CSDB","updateDate":"2016-01-14T16:25:12.620Z"},{"date":"1988","value":"103.7","year":"1988","month":"","quarter":"","sourceDataset":"CSDB","updateDate":"2016-01-14T16:25:12.620Z"},{"date":"1989","value":"105.7","year":"1989","month":"","quarter":"","sourceDataset":"CSDB","updateDate":"2016-01-14T16:25:12.620Z"},{"date":"1990","value":"111.4","year":"1990","month":"","quarter":"","sourceDataset":"CSDB","updateDate":"2016-01-14T16:25:12.620Z"},{"date":"1991","value":"117.5","year":"1991","month":"","quarter":"","sourceDataset":"CSDB","updateDate":"2016-01-14T16:25:12.620Z"},{"date":"1992","value":"116.7","year":"1992","month":"","quarter":"","sourceDataset":"CSDB","updateDate":"2016-01-14T16:25:12.620Z"},{"date":"1993","value":"119.5","year":"1993","month":"","quarter":"","sourceDataset":"CSDB","updateDate":"2016-01-14T16:25:12.620Z"},{"date":"1994","value":"117.8","year":"1994","month":"","quarter":"","sourceDataset":"CSDB","updateDate":"2016-01-14T16:25:12.620Z"},{"date":"1995","value":"120.4","year":"1995","month":"","quarter":"","sourceDataset":"CSDB","updateDate":"2016-01-14T16:25:12.620Z"},{"date":"1996","value":"121.2","year":"1996","month":"","quarter":"","sourceDataset":"CSDB","updateDate":"2016-01-14T16:25:12.620Z"},{"date":"1997","value":"123.8","year":"1997","month":"","quarter":"","sourceDataset":"CSDB","updateDate":"2016-01-14T16:25:12.620Z"},{"date":"1998","value":"135.3","year":"1998","month":"","quarter":"","sourceDataset":"CSDB","updateDate":"2016-01-14T16:25:12.620Z"},{"date":"1999","value":"144.9","year":"1999","month":"","quarter":"","sourceDataset":"CSDB","updateDate":"2016-01-14T16:25:12.620Z"},{"date":"2000","value":"141.6","year":"2000","month":"","quarter":"","sourceDataset":"CSDB","updateDate":"2016-01-14T16:25:12.620Z"},{"date":"2001","value":"143.9","year":"2001","month":"","quarter":"","sourceDataset":"CSDB","updateDate":"2016-01-14T16:25:12.620Z"},{"date":"2002","value":"149.4","year":"2002","month":"","quarter":"","sourceDataset":"CSDB","updateDate":"2016-01-14T16:25:12.620Z"},{"date":"2003","value":"147.4","year":"2003","month":"","quarter":"","sourceDataset":"CSDB","updateDate":"2016-01-14T16:25:12.620Z"},{"date":"2004","value":"145.5","year":"2004","month":"","quarter":"","sourceDataset":"CSDB","updateDate":"2016-01-14T16:25:12.620Z"},{"date":"2005","value":"146.5","year":"2005","month":"","quarter":"","sourceDataset":"CSDB","updateDate":"2016-01-14T16:25:12.620Z"},{"date":"2006","value":"154.1","year":"2006","month":"","quarter":"","sourceDataset":"CSDB","updateDate":"2016-01-14T16:25:12.620Z"},{"date":"2007","value":"161.5","year":"2007","month":"","quarter":"","sourceDataset":"CSDB","updateDate":"2016-01-14T16:25:12.620Z"},{"date":"2008","value":"182.7","year":"2008","month":"","quarter":"","sourceDataset":"CSDB","updateDate":"2016-01-14T16:25:12.620Z"},{"date":"2009","value":"205.0","year":"2009","month":"","quarter":"","sourceDataset":"CSDB","updateDate":"2016-01-14T16:25:12.620Z"},{"date":"2010","value":"211.8","year":"2010","month":"","quarter":"","sourceDataset":"CSDB","updateDate":"2016-01-14T16:25:12.620Z"},{"date":"2011","value":"223.4","year":"2011","month":"","quarter":"","sourceDataset":"CSDB","updateDate":"2016-01-14T16:25:12.620Z"},{"date":"2012","value":"234.6","year":"2012","month":"","quarter":"","sourceDataset":"CSDB","updateDate":"2016-01-14T16:25:12.620Z"},{"date":"2013","value":"245.6","year":"2013","month":"","quarter":"","sourceDataset":"CSDB","updateDate":"2016-01-14T16:25:12.620Z"},{"date":"2014","value":"241.7","year":"2014","month":"","quarter":"","sourceDataset":"CSDB","updateDate":"2016-01-14T16:25:12.620Z"}],"quarters":[{"date":"1987 Q1","value":"100.7","year":"1987","month":"","quarter":"Q1","sourceDataset":"CSDB","updateDate":"2016-01-14T16:25:12.620Z"},{"date":"1987 Q2","value":"103.1","year":"1987","month":"","quarter":"Q2","sourceDataset":"CSDB","updateDate":"2016-01-14T16:25:12.620Z"},{"date":"1987 Q3","value":"103.3","year":"1987","month":"","quarter":"Q3","sourceDataset":"CSDB","updateDate":"2016-01-14T16:25:12.620Z"},{"date":"1987 Q4","value":"103.8","year":"1987","month":"","quarter":"Q4","sourceDataset":"CSDB","updateDate":"2016-01-14T16:25:12.620Z"},{"date":"1988 Q1","value":"104.6","year":"1988","month":"","quarter":"Q1","sourceDataset":"CSDB","updateDate":"2016-01-14T16:25:12.620Z"},{"date":"1988 Q2","value":"104.5","year":"1988","month":"","quarter":"Q2","sourceDataset":"CSDB","updateDate":"2016-01-14T16:25:12.620Z"},{"date":"1988 Q3","value":"102.3","year":"1988","month":"","quarter":"Q3","sourceDataset":"CSDB","updateDate":"2016-01-14T16:25:12.620Z"},{"date":"1988 Q4","value":"103.1","year":"1988","month":"","quarter":"Q4","sourceDataset":"CSDB","updateDate":"2016-01-14T16:25:12.620Z"},{"date":"1989 Q1","value":"105.3","year":"1989","month":"","quarter":"Q1","sourceDataset":"CSDB","updateDate":"2016-01-14T16:25:12.620Z"},{"date":"1989 Q2","value":"105.8","year":"1989","month":"","quarter":"Q2","sourceDataset":"CSDB","updateDate":"2016-01-14T16:25:12.620Z"},{"date":"1989 Q3","value":"106.2","year":"1989","month":"","quarter":"Q3","sourceDataset":"CSDB","updateDate":"2016-01-14T16:25:12.620Z"},{"date":"1989 Q4","value":"105.7","year":"1989","month":"","quarter":"Q4","sourceDataset":"CSDB","updateDate":"2016-01-14T16:25:12.620Z"},{"date":"1990 Q1","value":"107.3","year":"1990","month":"","quarter":"Q1","sourceDataset":"CSDB","updateDate":"2016-01-14T16:25:12.620Z"},{"date":"1990 Q2","value":"110.4","year":"1990","month":"","quarter":"Q2","sourceDataset":"CSDB","updateDate":"2016-01-14T16:25:12.620Z"},{"date":"1990 Q3","value":"113.4","year":"1990","month":"","quarter":"Q3","sourceDataset":"CSDB","updateDate":"2016-01-14T16:25:12.620Z"},{"date":"1990 Q4","value":"114.5","year":"1990","month":"","quarter":"Q4","sourceDataset":"CSDB","updateDate":"2016-01-14T16:25:12.620Z"},{"date":"1991 Q1","value":"115.5","year":"1991","month":"","quarter":"Q1","sourceDataset":"CSDB","updateDate":"2016-01-14T16:25:12.620Z"},{"date":"1991 Q2","value":"117.2","year":"1991","month":"","quarter":"Q2","sourceDataset":"CSDB","updateDate":"2016-01-14T16:25:12.620Z"},{"date":"1991 Q3","value":"119.7","year":"1991","month":"","quarter":"Q3","sourceDataset":"CSDB","updateDate":"2016-01-14T16:25:12.620Z"},{"date":"1991 Q4","value":"117.5","year":"1991","month":"","quarter":"Q4","sourceDataset":"CSDB","updateDate":"2016-01-14T16:25:12.620Z"},{"date":"1992 Q1","value":"115.9","year":"1992","month":"","quarter":"Q1","sourceDataset":"CSDB","updateDate":"2016-01-14T16:25:12.620Z"},{"date":"1992 Q2","value":"114.6","year":"1992","month":"","quarter":"Q2","sourceDataset":"CSDB","updateDate":"2016-01-14T16:25:12.620Z"},{"date":"1992 Q3","value":"117.0","year":"1992","month":"","quarter":"Q3","sourceDataset":"CSDB","updateDate":"2016-01-14T16:25:12.620Z"},{"date":"1992 Q4","value":"119.1","year":"1992","month":"","quarter":"Q4","sourceDataset":"CSDB","updateDate":"2016-01-14T16:25:12.620Z"},{"date":"1993 Q1","value":"120.4","year":"1993","month":"","quarter":"Q1","sourceDataset":"CSDB","updateDate":"2016-01-14T16:25:12.620Z"},{"date":"1993 Q2","value":"119.9","year":"1993","month":"","quarter":"Q2","sourceDataset":"CSDB","updateDate":"2016-01-14T16:25:12.620Z"},{"date":"1993 Q3","value":"119.5","year":"1993","month":"","quarter":"Q3","sourceDataset":"CSDB","updateDate":"2016-01-14T16:25:12.620Z"},{"date":"1993 Q4","value":"118.3","year":"1993","month":"","quarter":"Q4","sourceDataset":"CSDB","updateDate":"2016-01-14T16:25:12.620Z"},{"date":"1994 Q1","value":"118.4","year":"1994","month":"","quarter":"Q1","sourceDataset":"CSDB","updateDate":"2016-01-14T16:25:12.620Z"},{"date":"1994 Q2","value":"117.8","year":"1994","month":"","quarter":"Q2","sourceDataset":"CSDB","updateDate":"2016-01-14T16:25:12.620Z"},{"date":"1994 Q3","value":"116.9","year":"1994","month":"","quarter":"Q3","sourceDataset":"CSDB","updateDate":"2016-01-14T16:25:12.620Z"},{"date":"1994 Q4","value":"118.0","year":"1994","month":"","quarter":"Q4","sourceDataset":"CSDB","updateDate":"2016-01-14T16:25:12.620Z"},{"date":"1995 Q1","value":"118.9","year":"1995","month":"","quarter":"Q1","sourceDataset":"CSDB","updateDate":"2016-01-14T16:25:12.620Z"},{"date":"1995 Q2","value":"119.2","year":"1995","month":"","quarter":"Q2","sourceDataset":"CSDB","updateDate":"2016-01-14T16:25:12.620Z"},{"date":"1995 Q3","value":"122.0","year":"1995","month":"","quarter":"Q3","sourceDataset":"CSDB","updateDate":"2016-01-14T16:25:12.620Z"},{"date":"1995 Q4","value":"121.7","year":"1995","month":"","quarter":"Q4","sourceDataset":"CSDB","updateDate":"2016-01-14T16:25:12.620Z"},{"date":"1996 Q1","value":"121.9","year":"1996","month":"","quarter":"Q1","sourceDataset":"CSDB","updateDate":"2016-01-14T16:25:12.620Z"},{"date":"1996 Q2","value":"120.6","year":"1996","month":"","quarter":"Q2","sourceDataset":"CSDB","updateDate":"2016-01-14T16:25:12.620Z"},{"date":"1996 Q3","value":"121.0","year":"1996","month":"","quarter":"Q3","sourceDataset":"CSDB","updateDate":"2016-01-14T16:25:12.620Z"},{"date":"1996 Q4","value":"121.3","year":"1996","month":"","quarter":"Q4","sourceDataset":"CSDB","updateDate":"2016-01-14T16:25:12.620Z"},{"date":"1997 Q1","value":"123.2","year":"1997","month":"","quarter":"Q1","sourceDataset":"CSDB","updateDate":"2016-01-14T16:25:12.620Z"},{"date":"1997 Q2","value":"123.6","year":"1997","month":"","quarter":"Q2","sourceDataset":"CSDB","updateDate":"2016-01-14T16:25:12.620Z"},{"date":"1997 Q3","value":"122.9","year":"1997","month":"","quarter":"Q3","sourceDataset":"CSDB","updateDate":"2016-01-14T16:25:12.620Z"},{"date":"1997 Q4","value":"125.6","year":"1997","month":"","quarter":"Q4","sourceDataset":"CSDB","updateDate":"2016-01-14T16:25:12.620Z"},{"date":"1998 Q1","value":"126.0","year":"1998","month":"","quarter":"Q1","sourceDataset":"CSDB","updateDate":"2016-01-14T16:25:12.620Z"},{"date":"1998 Q2","value":"131.4","year":"1998","month":"","quarter":"Q2","sourceDataset":"CSDB","updateDate":"2016-01-14T16:25:12.620Z"},{"date":"1998 Q3","value":"139.9","year":"1998","month":"","quarter":"Q3","sourceDataset":"CSDB","updateDate":"2016-01-14T16:25:12.620Z"},{"date":"1998 Q4","value":"144.0","year":"1998","month":"","quarter":"Q4","sourceDataset":"CSDB","updateDate":"2016-01-14T16:25:12.620Z"},{"date":"1999 Q1","value":"146.3","year":"1999","month":"","quarter":"Q1","sourceDataset":"CSDB","updateDate":"2016-01-14T16:25:12.620Z"},{"date":"1999 Q2","value":"146.1","year":"1999","month":"","quarter":"Q2","sourceDataset":"CSDB","updateDate":"2016-01-14T16:25:12.620Z"},{"date":"1999 Q3","value":"145.2","year":"1999","month":"","quarter":"Q3","sourceDataset":"CSDB","updateDate":"2016-01-14T16:25:12.620Z"},{"date":"1999 Q4","value":"142.0","year":"1999","month":"","quarter":"Q4","sourceDataset":"CSDB","updateDate":"2016-01-14T16:25:12.620Z"},{"date":"2000 Q1","value":"142.1","year":"2000","month":"","quarter":"Q1","sourceDataset":"CSDB","updateDate":"2016-01-14T16:25:12.620Z"},{"date":"2000 Q2","value":"141.8","year":"2000","month":"","quarter":"Q2","sourceDataset":"CSDB","updateDate":"2016-01-14T16:25:12.620Z"},{"date":"2000 Q3","value":"141.4","year":"2000","month":"","quarter":"Q3","sourceDataset":"CSDB","updateDate":"2016-01-14T16:25:12.620Z"},{"date":"2000 Q4","value":"141.2","year":"2000","month":"","quarter":"Q4","sourceDataset":"CSDB","updateDate":"2016-01-14T16:25:12.620Z"},{"date":"2001 Q1","value":"141.2","year":"2001","month":"","quarter":"Q1","sourceDataset":"CSDB","updateDate":"2016-01-14T16:25:12.620Z"},{"date":"2001 Q2","value":"143.3","year":"2001","month":"","quarter":"Q2","sourceDataset":"CSDB","updateDate":"2016-01-14T16:25:12.620Z"},{"date":"2001 Q3","value":"145.0","year":"2001","month":"","quarter":"Q3","sourceDataset":"CSDB","updateDate":"2016-01-14T16:25:12.620Z"},{"date":"2001 Q4","value":"146.0","year":"2001","month":"","quarter":"Q4","sourceDataset":"CSDB","updateDate":"2016-01-14T16:25:12.620Z"},{"date":"2002 Q1","value":"149.7","year":"2002","month":"","quarter":"Q1","sourceDataset":"CSDB","updateDate":"2016-01-14T16:25:12.620Z"},{"date":"2002 Q2","value":"150.1","year":"2002","month":"","quarter":"Q2","sourceDataset":"CSDB","updateDate":"2016-01-14T16:25:12.620Z"},{"date":"2002 Q3","value":"149.4","year":"2002","month":"","quarter":"Q3","sourceDataset":"CSDB","updateDate":"2016-01-14T16:25:12.620Z"},{"date":"2002 Q4","value":"148.3","year":"2002","month":"","quarter":"Q4","sourceDataset":"CSDB","updateDate":"2016-01-14T16:25:12.620Z"},{"date":"2003 Q1","value":"149.0","year":"2003","month":"","quarter":"Q1","sourceDataset":"CSDB","updateDate":"2016-01-14T16:25:12.620Z"},{"date":"2003 Q2","value":"147.4","year":"2003","month":"","quarter":"Q2","sourceDataset":"CSDB","updateDate":"2016-01-14T16:25:12.620Z"},{"date":"2003 Q3","value":"147.6","year":"2003","month":"","quarter":"Q3","sourceDataset":"CSDB","updateDate":"2016-01-14T16:25:12.620Z"},{"date":"2003 Q4","value":"145.7","year":"2003","month":"","quarter":"Q4","sourceDataset":"CSDB","updateDate":"2016-01-14T16:25:12.620Z"},{"date":"2004 Q1","value":"145.7","year":"2004","month":"","quarter":"Q1","sourceDataset":"CSDB","updateDate":"2016-01-14T16:25:12.620Z"},{"date":"2004 Q2","value":"145.3","year":"2004","month":"","quarter":"Q2","sourceDataset":"CSDB","updateDate":"2016-01-14T16:25:12.620Z"},{"date":"2004 Q3","value":"144.1","year":"2004","month":"","quarter":"Q3","sourceDataset":"CSDB","updateDate":"2016-01-14T16:25:12.620Z"},{"date":"2004 Q4","value":"146.8","year":"2004","month":"","quarter":"Q4","sourceDataset":"CSDB","updateDate":"2016-01-14T16:25:12.620Z"},{"date":"2005 Q1","value":"147.4","year":"2005","month":"","quarter":"Q1","sourceDataset":"CSDB","updateDate":"2016-01-14T16:25:12.620Z"},{"date":"2005 Q2","value":"147.0","year":"2005","month":"","quarter":"Q2","sourceDataset":"CSDB","updateDate":"2016-01-14T16:25:12.620Z"},{"date":"2005 Q3","value":"143.6","year":"2005","month":"","quarter":"Q3","sourceDataset":"CSDB","updateDate":"2016-01-14T16:25:12.620Z"},{"date":"2005 Q4","value":"147.9","year":"2005","month":"","quarter":"Q4","sourceDataset":"CSDB","updateDate":"2016-01-14T16:25:12.620Z"},{"date":"2006 Q1","value":"151.8","year":"2006","month":"","quarter":"Q1","sourceDataset":"CSDB","updateDate":"2016-01-14T16:25:12.620Z"},{"date":"2006 Q2","value":"152.6","year":"2006","month":"","quarter":"Q2","sourceDataset":"CSDB","updateDate":"2016-01-14T16:25:12.620Z"},{"date":"2006 Q3","value":"154.7","year":"2006","month":"","quarter":"Q3","sourceDataset":"CSDB","updateDate":"2016-01-14T16:25:12.620Z"},{"date":"2006 Q4","value":"157.2","year":"2006","month":"","quarter":"Q4","sourceDataset":"CSDB","updateDate":"2016-01-14T16:25:12.620Z"},{"date":"2007 Q1","value":"161.7","year":"2007","month":"","quarter":"Q1","sourceDataset":"CSDB","updateDate":"2016-01-14T16:25:12.620Z"},{"date":"2007 Q2","value":"160.4","year":"2007","month":"","quarter":"Q2","sourceDataset":"CSDB","updateDate":"2016-01-14T16:25:12.620Z"},{"date":"2007 Q3","value":"159.9","year":"2007","month":"","quarter":"Q3","sourceDataset":"CSDB","updateDate":"2016-01-14T16:25:12.620Z"},{"date":"2007 Q4","value":"164.1","year":"2007","month":"","quarter":"Q4","sourceDataset":"CSDB","updateDate":"2016-01-14T16:25:12.620Z"},{"date":"2008 Q1","value":"170.3","year":"2008","month":"","quarter":"Q1","sourceDataset":"CSDB","updateDate":"2016-01-14T16:25:12.620Z"},{"date":"2008 Q2","value":"175.9","year":"2008","month":"","quarter":"Q2","sourceDataset":"CSDB","updateDate":"2016-01-14T16:25:12.620Z"},{"date":"2008 Q3","value":"187.1","year":"2008","month":"","quarter":"Q3","sourceDataset":"CSDB","updateDate":"2016-01-14T16:25:12.620Z"},{"date":"2008 Q4","value":"197.3","year":"2008","month":"","quarter":"Q4","sourceDataset":"CSDB","updateDate":"2016-01-14T16:25:12.620Z"},{"date":"2009 Q1","value":"197.2","year":"2009","month":"","quarter":"Q1","sourceDataset":"CSDB","updateDate":"2016-01-14T16:25:12.620Z"},{"date":"2009 Q2","value":"207.7","year":"2009","month":"","quarter":"Q2","sourceDataset":"CSDB","updateDate":"2016-01-14T16:25:12.620Z"},{"date":"2009 Q3","value":"207.7","year":"2009","month":"","quarter":"Q3","sourceDataset":"CSDB","updateDate":"2016-01-14T16:25:12.620Z"},{"date":"2009 Q4","value":"207.5","year":"2009","month":"","quarter":"Q4","sourceDataset":"CSDB","updateDate":"2016-01-14T16:25:12.620Z"},{"date":"2010 Q1","value":"207.4","year":"2010","month":"","quarter":"Q1","sourceDataset":"CSDB","updateDate":"2016-01-14T16:25:12.620Z"},{"date":"2010 Q2","value":"211.5","year":"2010","month":"","quarter":"Q2","sourceDataset":"CSDB","updateDate":"2016-01-14T16:25:12.620Z"},{"date":"2010 Q3","value":"214.7","year":"2010","month":"","quarter":"Q3","sourceDataset":"CSDB","updateDate":"2016-01-14T16:25:12.620Z"},{"date":"2010 Q4","value":"213.5","year":"2010","month":"","quarter":"Q4","sourceDataset":"CSDB","updateDate":"2016-01-14T16:25:12.620Z"},{"date":"2011 Q1","value":"214.9","year":"2011","month":"","quarter":"Q1","sourceDataset":"CSDB","updateDate":"2016-01-14T16:25:12.620Z"},{"date":"2011 Q2","value":"223.5","year":"2011","month":"","quarter":"Q2","sourceDataset":"CSDB","updateDate":"2016-01-14T16:25:12.620Z"},{"date":"2011 Q3","value":"224.2","year":"2011","month":"","quarter":"Q3","sourceDataset":"CSDB","updateDate":"2016-01-14T16:25:12.620Z"},{"date":"2011 Q4","value":"230.9","year":"2011","month":"","quarter":"Q4","sourceDataset":"CSDB","updateDate":"2016-01-14T16:25:12.620Z"},{"date":"2012 Q1","value":"229.8","year":"2012","month":"","quarter":"Q1","sourceDataset":"CSDB","updateDate":"2016-01-14T16:25:12.620Z"},{"date":"2012 Q2","value":"232.0","year":"2012","month":"","quarter":"Q2","sourceDataset":"CSDB","updateDate":"2016-01-14T16:25:12.620Z"},{"date":"2012 Q3","value":"233.2","year":"2012","month":"","quarter":"Q3","sourceDataset":"CSDB","updateDate":"2016-01-14T16:25:12.620Z"},{"date":"2012 Q4","value":"243.3","year":"2012","month":"","quarter":"Q4","sourceDataset":"CSDB","updateDate":"2016-01-14T16:25:12.620Z"},{"date":"2013 Q1","value":"246.3","year":"2013","month":"","quarter":"Q1","sourceDataset":"CSDB","updateDate":"2016-01-14T16:25:12.620Z"},{"date":"2013 Q2","value":"244.9","year":"2013","month":"","quarter":"Q2","sourceDataset":"CSDB","updateDate":"2016-01-14T16:25:12.620Z"},{"date":"2013 Q3","value":"244.9","year":"2013","month":"","quarter":"Q3","sourceDataset":"CSDB","updateDate":"2016-01-14T16:25:12.620Z"},{"date":"2013 Q4","value":"246.3","year":"2013","month":"","quarter":"Q4","sourceDataset":"CSDB","updateDate":"2016-01-14T16:25:12.620Z"},{"date":"2014 Q1","value":"247.8","year":"2014","month":"","quarter":"Q1","sourceDataset":"CSDB","updateDate":"2016-01-14T16:25:12.620Z"},{"date":"2014 Q2","value":"244.4","year":"2014","month":"","quarter":"Q2","sourceDataset":"CSDB","updateDate":"2016-01-14T16:25:12.620Z"},{"date":"2014 Q3","value":"237.6","year":"2014","month":"","quarter":"Q3","sourceDataset":"CSDB","updateDate":"2016-01-14T16:25:12.620Z"},{"date":"2014 Q4","value":"236.9","year":"2014","month":"","quarter":"Q4","sourceDataset":"CSDB","updateDate":"2016-01-14T16:25:12.620Z"},{"date":"2015 Q1","value":"234.9","year":"2015","month":"","quarter":"Q1","sourceDataset":"CSDB","updateDate":"2016-01-14T16:25:12.620Z"},{"date":"2015 Q2","value":"235.7","year":"2015","month":"","quarter":"Q2","sourceDataset":"CSDB","updateDate":"2016-01-14T16:25:12.620Z"}],"months":[{"date":"1987 JAN","value":"100.0","year":"1987","month":"January","quarter":"","sourceDataset":"CSDB","updateDate":"2016-01-14T16:25:12.620Z"},{"date":"1987 FEB","value":"101.1","year":"1987","month":"February","quarter":"","sourceDataset":"CSDB","updateDate":"2016-01-14T16:25:12.620Z"},{"date":"1987 MAR","value":"101.0","year":"1987","month":"March","quarter":"","sourceDataset":"CSDB","updateDate":"2016-01-14T16:25:12.620Z"},{"date":"1987 APR","value":"102.4","year":"1987","month":"April","quarter":"","sourceDataset":"CSDB","updateDate":"2016-01-14T16:25:12.620Z"},{"date":"1987 MAY","value":"103.4","year":"1987","month":"May","quarter":"","sourceDataset":"CSDB","updateDate":"2016-01-14T16:25:12.620Z"},{"date":"1987 JUN","value":"103.6","year":"1987","month":"June","quarter":"","sourceDataset":"CSDB","updateDate":"2016-01-14T16:25:12.620Z"},{"date":"1987 JUL","value":"103.4","year":"1987","month":"July","quarter":"","sourceDataset":"CSDB","updateDate":"2016-01-14T16:25:12.620Z"},{"date":"1987 AUG","value":"103.4","year":"1987","month":"August","quarter":"","sourceDataset":"CSDB","updateDate":"2016-01-14T16:25:12.620Z"},{"date":"1987 SEP","value":"103.2","year":"1987","month":"September","quarter":"","sourceDataset":"CSDB","updateDate":"2016-01-14T16:25:12.620Z"},{"date":"1987 OCT","value":"103.8","year":"1987","month":"October","quarter":"","sourceDataset":"CSDB","updateDate":"2016-01-14T16:25:12.620Z"},{"date":"1987 NOV","value":"103.8","year":"1987","month":"November","quarter":"","sourceDataset":"CSDB","updateDate":"2016-01-14T16:25:12.620Z"},{"date":"1987 DEC","value":"103.8","year":"1987","month":"December","quarter":"","sourceDataset":"CSDB","updateDate":"2016-01-14T16:25:12.620Z"},{"date":"1988 JAN","value":"103.6","year":"1988","month":"January","quarter":"","sourceDataset":"CSDB","updateDate":"2016-01-14T16:25:12.620Z"},{"date":"1988 FEB","value":"105.3","year":"1988","month":"February","quarter":"","sourceDataset":"CSDB","updateDate":"2016-01-14T16:25:12.620Z"},{"date":"1988 MAR","value":"105.0","year":"1988","month":"March","quarter":"","sourceDataset":"CSDB","updateDate":"2016-01-14T16:25:12.620Z"},{"date":"1988 APR","value":"104.8","year":"1988","month":"April","quarter":"","sourceDataset":"CSDB","updateDate":"2016-01-14T16:25:12.620Z"},{"date":"1988 MAY","value":"104.5","year":"1988","month":"May","quarter":"","sourceDataset":"CSDB","updateDate":"2016-01-14T16:25:12.620Z"},{"date":"1988 JUN","value":"104.3","year":"1988","month":"June","quarter":"","sourceDataset":"CSDB","updateDate":"2016-01-14T16:25:12.620Z"},{"date":"1988 JUL","value":"102.6","year":"1988","month":"July","quarter":"","sourceDataset":"CSDB","updateDate":"2016-01-14T16:25:12.620Z"},{"date":"1988 AUG","value":"101.9","year":"1988","month":"August","quarter":"","sourceDataset":"CSDB","updateDate":"2016-01-14T16:25:12.620Z"},{"date":"1988 SEP","value":"102.4","year":"1988","month":"September","quarter":"","sourceDataset":"CSDB","updateDate":"2016-01-14T16:25:12.620Z"},{"date":"1988 OCT","value":"102.4","year":"1988","month":"October","quarter":"","sourceDataset":"CSDB","updateDate":"2016-01-14T16:25:12.620Z"},{"date":"1988 NOV","value":"103.2","year":"1988","month":"November","quarter":"","sourceDataset":"CSDB","updateDate":"2016-01-14T16:25:12.620Z"},{"date":"1988 DEC","value":"103.8","year":"1988","month":"December","quarter":"","sourceDataset":"CSDB","updateDate":"2016-01-14T16:25:12.620Z"},{"date":"1989 JAN","value":"105.1","year":"1989","month":"January","quarter":"","sourceDataset":"CSDB","updateDate":"2016-01-14T16:25:12.620Z"},{"date":"1989 FEB","value":"105.7","year":"1989","month":"February","quarter":"","sourceDataset":"CSDB","updateDate":"2016-01-14T16:25:12.620Z"},{"date":"1989 MAR","value":"105.2","year":"1989","month":"March","quarter":"","sourceDataset":"CSDB","updateDate":"2016-01-14T16:25:12.620Z"},{"date":"1989 APR","value":"105.6","year":"1989","month":"April","quarter":"","sourceDataset":"CSDB","updateDate":"2016-01-14T16:25:12.620Z"},{"date":"1989 MAY","value":"105.9","year":"1989","month":"May","quarter":"","sourceDataset":"CSDB","updateDate":"2016-01-14T16:25:12.620Z"},{"date":"1989 JUN","value":"105.8","year":"1989","month":"June","quarter":"","sourceDataset":"CSDB","updateDate":"2016-01-14T16:25:12.620Z"},{"date":"1989 JUL","value":"106.3","year":"1989","month":"July","quarter":"","sourceDataset":"CSDB","updateDate":"2016-01-14T16:25:12.620Z"},{"date":"1989 AUG","value":"105.7","year":"1989","month":"August","quarter":"","sourceDataset":"CSDB","updateDate":"2016-01-14T16:25:12.620Z"},{"date":"1989 SEP","value":"106.5","year":"1989","month":"September","quarter":"","sourceDataset":"CSDB","updateDate":"2016-01-14T16:25:12.620Z"},{"date":"1989 OCT","value":"106.7","year":"1989","month":"October","quarter":"","sourceDataset":"CSDB","updateDate":"2016-01-14T16:25:12.620Z"},{"date":"1989 NOV","value":"105.5","year":"1989","month":"November","quarter":"","sourceDataset":"CSDB","updateDate":"2016-01-14T16:25:12.620Z"},{"date":"1989 DEC","value":"104.9","year":"1989","month":"December","quarter":"","sourceDataset":"CSDB","updateDate":"2016-01-14T16:25:12.620Z"},{"date":"1990 JAN","value":"106.9","year":"1990","month":"January","quarter":"","sourceDataset":"CSDB","updateDate":"2016-01-14T16:25:12.620Z"},{"date":"1990 FEB","value":"107.8","year":"1990","month":"February","quarter":"","sourceDataset":"CSDB","updateDate":"2016-01-14T16:25:12.620Z"},{"date":"1990 MAR","value":"107.1","year":"1990","month":"March","quarter":"","sourceDataset":"CSDB","updateDate":"2016-01-14T16:25:12.620Z"},{"date":"1990 APR","value":"108.1","year":"1990","month":"April","quarter":"","sourceDataset":"CSDB","updateDate":"2016-01-14T16:25:12.620Z"},{"date":"1990 MAY","value":"110.6","year":"1990","month":"May","quarter":"","sourceDataset":"CSDB","updateDate":"2016-01-14T16:25:12.620Z"},{"date":"1990 JUN","value":"112.4","year":"1990","month":"June","quarter":"","sourceDataset":"CSDB","updateDate":"2016-01-14T16:25:12.620Z"},{"date":"1990 JUL","value":"113.0","year":"1990","month":"July","quarter":"","sourceDataset":"CSDB","updateDate":"2016-01-14T16:25:12.620Z"},{"date":"1990 AUG","value":"113.0","year":"1990","month":"August","quarter":"","sourceDataset":"CSDB","updateDate":"2016-01-14T16:25:12.620Z"},{"date":"1990 SEP","value":"114.2","year":"1990","month":"September","quarter":"","sourceDataset":"CSDB","updateDate":"2016-01-14T16:25:12.620Z"},{"date":"1990 OCT","value":"114.4","year":"1990","month":"October","quarter":"","sourceDataset":"CSDB","updateDate":"2016-01-14T16:25:12.620Z"},{"date":"1990 NOV","value":"115.2","year":"1990","month":"November","quarter":"","sourceDataset":"CSDB","updateDate":"2016-01-14T16:25:12.620Z"},{"date":"1990 DEC","value":"113.9","year":"1990","month":"December","quarter":"","sourceDataset":"CSDB","updateDate":"2016-01-14T16:25:12.620Z"},{"date":"1991 JAN","value":"115.4","year":"1991","month":"January","quarter":"","sourceDataset":"CSDB","updateDate":"2016-01-14T16:25:12.620Z"},{"date":"1991 FEB","value":"115.6","year":"1991","month":"February","quarter":"","sourceDataset":"CSDB","updateDate":"2016-01-14T16:25:12.620Z"},{"date":"1991 MAR","value":"115.6","year":"1991","month":"March","quarter":"","sourceDataset":"CSDB","updateDate":"2016-01-14T16:25:12.620Z"},{"date":"1991 APR","value":"116.6","year":"1991","month":"April","quarter":"","sourceDataset":"CSDB","updateDate":"2016-01-14T16:25:12.620Z"},{"date":"1991 MAY","value":"117.3","year":"1991","month":"May","quarter":"","sourceDataset":"CSDB","updateDate":"2016-01-14T16:25:12.620Z"},{"date":"1991 JUN","value":"117.8","year":"1991","month":"June","quarter":"","sourceDataset":"CSDB","updateDate":"2016-01-14T16:25:12.620Z"},{"date":"1991 JUL","value":"118.4","year":"1991","month":"July","quarter":"","sourceDataset":"CSDB","updateDate":"2016-01-14T16:25:12.620Z"},{"date":"1991 AUG","value":"120.8","year":"1991","month":"August","quarter":"","sourceDataset":"CSDB","updateDate":"2016-01-14T16:25:12.620Z"},{"date":"1991 SEP","value":"119.9","year":"1991","month":"September","quarter":"","sourceDataset":"CSDB","updateDate":"2016-01-14T16:25:12.620Z"},{"date":"1991 OCT","value":"118.9","year":"1991","month":"October","quarter":"","sourceDataset":"CSDB","updateDate":"2016-01-14T16:25:12.620Z"},{"date":"1991 NOV","value":"117.9","year":"1991","month":"November","quarter":"","sourceDataset":"CSDB","updateDate":"2016-01-14T16:25:12.620Z"},{"date":"1991 DEC","value":"115.8","year":"1991","month":"December","quarter":"","sourceDataset":"CSDB","updateDate":"2016-01-14T16:25:12.620Z"},{"date":"1992 JAN","value":"116.6","year":"1992","month":"January","quarter":"","sourceDataset":"CSDB","updateDate":"2016-01-14T16:25:12.620Z"},{"date":"1992 FEB","value":"116.3","year":"1992","month":"February","quarter":"","sourceDataset":"CSDB","updateDate":"2016-01-14T16:25:12.620Z"},{"date":"1992 MAR","value":"114.8","year":"1992","month":"March","quarter":"","sourceDataset":"CSDB","updateDate":"2016-01-14T16:25:12.620Z"},{"date":"1992 APR","value":"113.7","year":"1992","month":"April","quarter":"","sourceDataset":"CSDB","updateDate":"2016-01-14T16:25:12.620Z"},{"date":"1992 MAY","value":"114.9","year":"1992","month":"May","quarter":"","sourceDataset":"CSDB","updateDate":"2016-01-14T16:25:12.620Z"},{"date":"1992 JUN","value":"115.3","year":"1992","month":"June","quarter":"","sourceDataset":"CSDB","updateDate":"2016-01-14T16:25:12.620Z"},{"date":"1992 JUL","value":"116.6","year":"1992","month":"July","quarter":"","sourceDataset":"CSDB","updateDate":"2016-01-14T16:25:12.620Z"},{"date":"1992 AUG","value":"116.9","year":"1992","month":"August","quarter":"","sourceDataset":"CSDB","updateDate":"2016-01-14T16:25:12.620Z"},{"date":"1992 SEP","value":"117.6","year":"1992","month":"September","quarter":"","sourceDataset":"CSDB","updateDate":"2016-01-14T16:25:12.620Z"},{"date":"1992 OCT","value":"119.3","year":"1992","month":"October","quarter":"","sourceDataset":"CSDB","updateDate":"2016-01-14T16:25:12.620Z"},{"date":"1992 NOV","value":"119.2","year":"1992","month":"November","quarter":"","sourceDataset":"CSDB","updateDate":"2016-01-14T16:25:12.620Z"},{"date":"1992 DEC","value":"118.7","year":"1992","month":"December","quarter":"","sourceDataset":"CSDB","updateDate":"2016-01-14T16:25:12.620Z"},{"date":"1993 JAN","value":"120.0","year":"1993","month":"January","quarter":"","sourceDataset":"CSDB","updateDate":"2016-01-14T16:25:12.620Z"},{"date":"1993 FEB","value":"120.6","year":"1993","month":"February","quarter":"","sourceDataset":"CSDB","updateDate":"2016-01-14T16:25:12.620Z"},{"date":"1993 MAR","value":"120.6","year":"1993","month":"March","quarter":"","sourceDataset":"CSDB","updateDate":"2016-01-14T16:25:12.620Z"},{"date":"1993 APR","value":"119.8","year":"1993","month":"April","quarter":"","sourceDataset":"CSDB","updateDate":"2016-01-14T16:25:12.620Z"},{"date":"1993 MAY","value":"120.0","year":"1993","month":"May","quarter":"","sourceDataset":"CSDB","updateDate":"2016-01-14T16:25:12.620Z"},{"date":"1993 JUN","value":"119.9","year":"1993","month":"June","quarter":"","sourceDataset":"CSDB","updateDate":"2016-01-14T16:25:12.620Z"},{"date":"1993 JUL","value":"120.0","year":"1993","month":"July","quarter":"","sourceDataset":"CSDB","updateDate":"2016-01-14T16:25:12.620Z"},{"date":"1993 AUG","value":"119.5","year":"1993","month":"August","quarter":"","sourceDataset":"CSDB","updateDate":"2016-01-14T16:25:12.620Z"},{"date":"1993 SEP","value":"119.1","year":"1993","month":"September","quarter":"","sourceDataset":"CSDB","updateDate":"2016-01-14T16:25:12.620Z"},{"date":"1993 OCT","value":"119.6","year":"1993","month":"October","quarter":"","sourceDataset":"CSDB","updateDate":"2016-01-14T16:25:12.620Z"},{"date":"1993 NOV","value":"118.2","year":"1993","month":"November","quarter":"","sourceDataset":"CSDB","updateDate":"2016-01-14T16:25:12.620Z"},{"date":"1993 DEC","value":"117.0","year":"1993","month":"December","quarter":"","sourceDataset":"CSDB","updateDate":"2016-01-14T16:25:12.620Z"},{"date":"1994 JAN","value":"117.9","year":"1994","month":"January","quarter":"","sourceDataset":"CSDB","updateDate":"2016-01-14T16:25:12.620Z"},{"date":"1994 FEB","value":"119.1","year":"1994","month":"February","quarter":"","sourceDataset":"CSDB","updateDate":"2016-01-14T16:25:12.620Z"},{"date":"1994 MAR","value":"118.1","year":"1994","month":"March","quarter":"","sourceDataset":"CSDB","updateDate":"2016-01-14T16:25:12.620Z"},{"date":"1994 APR","value":"118.1","year":"1994","month":"April","quarter":"","sourceDataset":"CSDB","updateDate":"2016-01-14T16:25:12.620Z"},{"date":"1994 MAY","value":"117.7","year":"1994","month":"May","quarter":"","sourceDataset":"CSDB","updateDate":"2016-01-14T16:25:12.620Z"},{"date":"1994 JUN","value":"117.5","year":"1994","month":"June","quarter":"","sourceDataset":"CSDB","updateDate":"2016-01-14T16:25:12.620Z"},{"date":"1994 JUL","value":"117.7","year":"1994","month":"July","quarter":"","sourceDataset":"CSDB","updateDate":"2016-01-14T16:25:12.620Z"},{"date":"1994 AUG","value":"117.4","year":"1994","month":"August","quarter":"","sourceDataset":"CSDB","updateDate":"2016-01-14T16:25:12.620Z"},{"date":"1994 SEP","value":"115.6","year":"1994","month":"September","quarter":"","sourceDataset":"CSDB","updateDate":"2016-01-14T16:25:12.620Z"},{"date":"1994 OCT","value":"117.7","year":"1994","month":"October","quarter":"","sourceDataset":"CSDB","updateDate":"2016-01-14T16:25:12.620Z"},{"date":"1994 NOV","value":"118.6","year":"1994","month":"November","quarter":"","sourceDataset":"CSDB","updateDate":"2016-01-14T16:25:12.620Z"},{"date":"1994 DEC","value":"117.8","year":"1994","month":"December","quarter":"","sourceDataset":"CSDB","updateDate":"2016-01-14T16:25:12.620Z"},{"date":"1995 JAN","value":"119.2","year":"1995","month":"January","quarter":"","sourceDataset":"CSDB","updateDate":"2016-01-14T16:25:12.620Z"},{"date":"1995 FEB","value":"118.7","year":"1995","month":"February","quarter":"","sourceDataset":"CSDB","updateDate":"2016-01-14T16:25:12.620Z"},{"date":"1995 MAR","value":"118.7","year":"1995","month":"March","quarter":"","sourceDataset":"CSDB","updateDate":"2016-01-14T16:25:12.620Z"},{"date":"1995 APR","value":"119.2","year":"1995","month":"April","quarter":"","sourceDataset":"CSDB","updateDate":"2016-01-14T16:25:12.620Z"},{"date":"1995 MAY","value":"118.9","year":"1995","month":"May","quarter":"","sourceDataset":"CSDB","updateDate":"2016-01-14T16:25:12.620Z"},{"date":"1995 JUN","value":"119.5","year":"1995","month":"June","quarter":"","sourceDataset":"CSDB","updateDate":"2016-01-14T16:25:12.620Z"},{"date":"1995 JUL","value":"121.5","year":"1995","month":"July","quarter":"","sourceDataset":"CSDB","updateDate":"2016-01-14T16:25:12.620Z"},{"date":"1995 AUG","value":"122.1","year":"1995","month":"August","quarter":"","sourceDataset":"CSDB","updateDate":"2016-01-14T16:25:12.620Z"},{"date":"1995 SEP","value":"122.3","year":"1995","month":"September","quarter":"","sourceDataset":"CSDB","updateDate":"2016-01-14T16:25:12.620Z"},{"date":"1995 OCT","value":"121.3","year":"1995","month":"October","quarter":"","sourceDataset":"CSDB","updateDate":"2016-01-14T16:25:12.620Z"},{"date":"1995 NOV","value":"122.6","year":"1995","month":"November","quarter":"","sourceDataset":"CSDB","updateDate":"2016-01-14T16:25:12.620Z"},{"date":"1995 DEC","value":"121.1","year":"1995","month":"December","quarter":"","sourceDataset":"CSDB","updateDate":"2016-01-14T16:25:12.620Z"},{"date":"1996 JAN","value":"121.7","year":"1996","month":"January","quarter":"","sourceDataset":"CSDB","updateDate":"2016-01-14T16:25:12.620Z"},{"date":"1996 FEB","value":"122.2","year":"1996","month":"February","quarter":"","sourceDataset":"CSDB","updateDate":"2016-01-14T16:25:12.620Z"},{"date":"1996 MAR","value":"121.8","year":"1996","month":"March","quarter":"","sourceDataset":"CSDB","updateDate":"2016-01-14T16:25:12.620Z"},{"date":"1996 APR","value":"119.7","year":"1996","month":"April","quarter":"","sourceDataset":"CSDB","updateDate":"2016-01-14T16:25:12.620Z"},{"date":"1996 MAY","value":"121.6","year":"1996","month":"May","quarter":"","sourceDataset":"CSDB","updateDate":"2016-01-14T16:25:12.620Z"},{"date":"1996 JUN","value":"120.6","year":"1996","month":"June","quarter":"","sourceDataset":"CSDB","updateDate":"2016-01-14T16:25:12.620Z"},{"date":"1996 JUL","value":"121.4","year":"1996","month":"July","quarter":"","sourceDataset":"CSDB","updateDate":"2016-01-14T16:25:12.620Z"},{"date":"1996 AUG","value":"120.4","year":"1996","month":"August","quarter":"","sourceDataset":"CSDB","updateDate":"2016-01-14T16:25:12.620Z"},{"date":"1996 SEP","value":"121.3","year":"1996","month":"September","quarter":"","sourceDataset":"CSDB","updateDate":"2016-01-14T16:25:12.620Z"},{"date":"1996 OCT","value":"121.8","year":"1996","month":"October","quarter":"","sourceDataset":"CSDB","updateDate":"2016-01-14T16:25:12.620Z"},{"date":"1996 NOV","value":"121.6","year":"1996","month":"November","quarter":"","sourceDataset":"CSDB","updateDate":"2016-01-14T16:25:12.620Z"},{"date":"1996 DEC","value":"120.6","year":"1996","month":"December","quarter":"","sourceDataset":"CSDB","updateDate":"2016-01-14T16:25:12.620Z"},{"date":"1997 JAN","value":"122.4","year":"1997","month":"January","quarter":"","sourceDataset":"CSDB","updateDate":"2016-01-14T16:25:12.620Z"},{"date":"1997 FEB","value":"123.7","year":"1997","month":"February","quarter":"","sourceDataset":"CSDB","updateDate":"2016-01-14T16:25:12.620Z"},{"date":"1997 MAR","value":"123.4","year":"1997","month":"March","quarter":"","sourceDataset":"CSDB","updateDate":"2016-01-14T16:25:12.620Z"},{"date":"1997 APR","value":"124.0","year":"1997","month":"April","quarter":"","sourceDataset":"CSDB","updateDate":"2016-01-14T16:25:12.620Z"},{"date":"1997 MAY","value":"123.2","year":"1997","month":"May","quarter":"","sourceDataset":"CSDB","updateDate":"2016-01-14T16:25:12.620Z"},{"date":"1997 JUN","value":"123.7","year":"1997","month":"June","quarter":"","sourceDataset":"CSDB","updateDate":"2016-01-14T16:25:12.620Z"},{"date":"1997 JUL","value":"123.8","year":"1997","month":"July","quarter":"","sourceDataset":"CSDB","updateDate":"2016-01-14T16:25:12.620Z"},{"date":"1997 AUG","value":"121.6","year":"1997","month":"August","quarter":"","sourceDataset":"CSDB","updateDate":"2016-01-14T16:25:12.620Z"},{"date":"1997 SEP","value":"123.2","year":"1997","month":"September","quarter":"","sourceDataset":"CSDB","updateDate":"2016-01-14T16:25:12.620Z"},{"date":"1997 OCT","value":"125.2","year":"1997","month":"October","quarter":"","sourceDataset":"CSDB","updateDate":"2016-01-14T16:25:12.620Z"},{"date":"1997 NOV","value":"125.9","year":"1997","month":"November","quarter":"","sourceDataset":"CSDB","updateDate":"2016-01-14T16:25:12.620Z"},{"date":"1997 DEC","value":"125.8","year":"1997","month":"December","quarter":"","sourceDataset":"CSDB","updateDate":"2016-01-14T16:25:12.620Z"},{"date":"1998 JAN","value":"126.1","year":"1998","month":"January","quarter":"","sourceDataset":"CSDB","updateDate":"2016-01-14T16:25:12.620Z"},{"date":"1998 FEB","value":"125.0","year":"1998","month":"February","quarter":"","sourceDataset":"CSDB","updateDate":"2016-01-14T16:25:12.620Z"},{"date":"1998 MAR","value":"127.0","year":"1998","month":"March","quarter":"","sourceDataset":"CSDB","updateDate":"2016-01-14T16:25:12.620Z"},{"date":"1998 APR","value":"128.9","year":"1998","month":"April","quarter":"","sourceDataset":"CSDB","updateDate":"2016-01-14T16:25:12.620Z"},{"date":"1998 MAY","value":"131.6","year":"1998","month":"May","quarter":"","sourceDataset":"CSDB","updateDate":"2016-01-14T16:25:12.620Z"},{"date":"1998 JUN","value":"133.6","year":"1998","month":"June","quarter":"","sourceDataset":"CSDB","updateDate":"2016-01-14T16:25:12.620Z"},{"date":"1998 JUL","value":"138.0","year":"1998","month":"July","quarter":"","sourceDataset":"CSDB","updateDate":"2016-01-14T16:25:12.620Z"},{"date":"1998 AUG","value":"139.2","year":"1998","month":"August","quarter":"","sourceDataset":"CSDB","updateDate":"2016-01-14T16:25:12.620Z"},{"date":"1998 SEP","value":"142.5","year":"1998","month":"September","quarter":"","sourceDataset":"CSDB","updateDate":"2016-01-14T16:25:12.620Z"},{"date":"1998 OCT","value":"143.8","year":"1998","month":"October","quarter":"","sourceDataset":"CSDB","updateDate":"2016-01-14T16:25:12.620Z"},{"date":"1998 NOV","value":"143.6","year":"1998","month":"November","quarter":"","sourceDataset":"CSDB","updateDate":"2016-01-14T16:25:12.620Z"},{"date":"1998 DEC","value":"144.6","year":"1998","month":"December","quarter":"","sourceDataset":"CSDB","updateDate":"2016-01-14T16:25:12.620Z"},{"date":"1999 JAN","value":"144.7","year":"1999","month":"January","quarter":"","sourceDataset":"CSDB","updateDate":"2016-01-14T16:25:12.620Z"},{"date":"1999 FEB","value":"147.5","year":"1999","month":"February","quarter":"","sourceDataset":"CSDB","updateDate":"2016-01-14T16:25:12.620Z"},{"date":"1999 MAR","value":"146.7","year":"1999","month":"March","quarter":"","sourceDataset":"CSDB","updateDate":"2016-01-14T16:25:12.620Z"},{"date":"1999 APR","value":"146.0","year":"1999","month":"April","quarter":"","sourceDataset":"CSDB","updateDate":"2016-01-14T16:25:12.620Z"},{"date":"1999 MAY","value":"145.6","year":"1999","month":"May","quarter":"","sourceDataset":"CSDB","updateDate":"2016-01-14T16:25:12.620Z"},{"date":"1999 JUN","value":"146.6","year":"1999","month":"June","quarter":"","sourceDataset":"CSDB","updateDate":"2016-01-14T16:25:12.620Z"},{"date":"1999 JUL","value":"145.5","year":"1999","month":"July","quarter":"","sourceDataset":"CSDB","updateDate":"2016-01-14T16:25:12.620Z"},{"date":"1999 AUG","value":"144.4","year":"1999","month":"August","quarter":"","sourceDataset":"CSDB","updateDate":"2016-01-14T16:25:12.620Z"},{"date":"1999 SEP","value":"145.6","year":"1999","month":"September","quarter":"","sourceDataset":"CSDB","updateDate":"2016-01-14T16:25:12.620Z"},{"date":"1999 OCT","value":"142.8","year":"1999","month":"October","quarter":"","sourceDataset":"CSDB","updateDate":"2016-01-14T16:25:12.620Z"},{"date":"1999 NOV","value":"141.9","year":"1999","month":"November","quarter":"","sourceDataset":"CSDB","updateDate":"2016-01-14T16:25:12.620Z"},{"date":"1999 DEC","value":"141.3","year":"1999","month":"December","quarter":"","sourceDataset":"CSDB","updateDate":"2016-01-14T16:25:12.620Z"},{"date":"2000 JAN","value":"141.7","year":"2000","month":"January","quarter":"","sourceDataset":"CSDB","updateDate":"2016-01-14T16:25:12.620Z"},{"date":"2000 FEB","value":"142.1","year":"2000","month":"February","quarter":"","sourceDataset":"CSDB","updateDate":"2016-01-14T16:25:12.620Z"},{"date":"2000 MAR","value":"142.4","year":"2000","month":"March","quarter":"","sourceDataset":"CSDB","updateDate":"2016-01-14T16:25:12.620Z"},{"date":"2000 APR","value":"141.4","year":"2000","month":"April","quarter":"","sourceDataset":"CSDB","updateDate":"2016-01-14T16:25:12.620Z"},{"date":"2000 MAY","value":"141.9","year":"2000","month":"May","quarter":"","sourceDataset":"CSDB","updateDate":"2016-01-14T16:25:12.620Z"},{"date":"2000 JUN","value":"142.2","year":"2000","month":"June","quarter":"","sourceDataset":"CSDB","updateDate":"2016-01-14T16:25:12.620Z"},{"date":"2000 JUL","value":"141.6","year":"2000","month":"July","quarter":"","sourceDataset":"CSDB","updateDate":"2016-01-14T16:25:12.620Z"},{"date":"2000 AUG","value":"141.4","year":"2000","month":"August","quarter":"","sourceDataset":"CSDB","updateDate":"2016-01-14T16:25:12.620Z"},{"date":"2000 SEP","value":"141.3","year":"2000","month":"September","quarter":"","sourceDataset":"CSDB","updateDate":"2016-01-14T16:25:12.620Z"},{"date":"2000 OCT","value":"141.4","year":"2000","month":"October","quarter":"","sourceDataset":"CSDB","updateDate":"2016-01-14T16:25:12.620Z"},{"date":"2000 NOV","value":"141.2","year":"2000","month":"November","quarter":"","sourceDataset":"CSDB","updateDate":"2016-01-14T16:25:12.620Z"},{"date":"2000 DEC","value":"140.9","year":"2000","month":"December","quarter":"","sourceDataset":"CSDB","updateDate":"2016-01-14T16:25:12.620Z"},{"date":"2001 JAN","value":"140.3","year":"2001","month":"January","quarter":"","sourceDataset":"CSDB","updateDate":"2016-01-14T16:25:12.620Z"},{"date":"2001 FEB","value":"142.5","year":"2001","month":"February","quarter":"","sourceDataset":"CSDB","updateDate":"2016-01-14T16:25:12.620Z"},{"date":"2001 MAR","value":"140.8","year":"2001","month":"March","quarter":"","sourceDataset":"CSDB","updateDate":"2016-01-14T16:25:12.620Z"},{"date":"2001 APR","value":"140.2","year":"2001","month":"April","quarter":"","sourceDataset":"CSDB","updateDate":"2016-01-14T16:25:12.620Z"},{"date":"2001 MAY","value":"144.5","year":"2001","month":"May","quarter":"","sourceDataset":"CSDB","updateDate":"2016-01-14T16:25:12.620Z"},{"date":"2001 JUN","value":"145.3","year":"2001","month":"June","quarter":"","sourceDataset":"CSDB","updateDate":"2016-01-14T16:25:12.620Z"},{"date":"2001 JUL","value":"144.4","year":"2001","month":"July","quarter":"","sourceDataset":"CSDB","updateDate":"2016-01-14T16:25:12.620Z"},{"date":"2001 AUG","value":"144.4","year":"2001","month":"August","quarter":"","sourceDataset":"CSDB","updateDate":"2016-01-14T16:25:12.620Z"},{"date":"2001 SEP","value":"146.2","year":"2001","month":"September","quarter":"","sourceDataset":"CSDB","updateDate":"2016-01-14T16:25:12.620Z"},{"date":"2001 OCT","value":"145.7","year":"2001","month":"October","quarter":"","sourceDataset":"CSDB","updateDate":"2016-01-14T16:25:12.620Z"},{"date":"2001 NOV","value":"146.2","year":"2001","month":"November","quarter":"","sourceDataset":"CSDB","updateDate":"2016-01-14T16:25:12.620Z"},{"date":"2001 DEC","value":"146.0","year":"2001","month":"December","quarter":"","sourceDataset":"CSDB","updateDate":"2016-01-14T16:25:12.620Z"},{"date":"2002 JAN","value":"150.7","year":"2002","month":"January","quarter":"","sourceDataset":"CSDB","updateDate":"2016-01-14T16:25:12.620Z"},{"date":"2002 FEB","value":"151.2","year":"2002","month":"February","quarter":"","sourceDataset":"CSDB","updateDate":"2016-01-14T16:25:12.620Z"},{"date":"2002 MAR","value":"147.3","year":"2002","month":"March","quarter":"","sourceDataset":"CSDB","updateDate":"2016-01-14T16:25:12.620Z"},{"date":"2002 APR","value":"148.3","year":"2002","month":"April","quarter":"","sourceDataset":"CSDB","updateDate":"2016-01-14T16:25:12.620Z"},{"date":"2002 MAY","value":"149.7","year":"2002","month":"May","quarter":"","sourceDataset":"CSDB","updateDate":"2016-01-14T16:25:12.620Z"},{"date":"2002 JUN","value":"152.4","year":"2002","month":"June","quarter":"","sourceDataset":"CSDB","updateDate":"2016-01-14T16:25:12.620Z"},{"date":"2002 JUL","value":"150.7","year":"2002","month":"July","quarter":"","sourceDataset":"CSDB","updateDate":"2016-01-14T16:25:12.620Z"},{"date":"2002 AUG","value":"148.2","year":"2002","month":"August","quarter":"","sourceDataset":"CSDB","updateDate":"2016-01-14T16:25:12.620Z"},{"date":"2002 SEP","value":"149.3","year":"2002","month":"September","quarter":"","sourceDataset":"CSDB","updateDate":"2016-01-14T16:25:12.620Z"},{"date":"2002 OCT","value":"149.4","year":"2002","month":"October","quarter":"","sourceDataset":"CSDB","updateDate":"2016-01-14T16:25:12.620Z"},{"date":"2002 NOV","value":"148.3","year":"2002","month":"November","quarter":"","sourceDataset":"CSDB","updateDate":"2016-01-14T16:25:12.620Z"},{"date":"2002 DEC","value":"147.3","year":"2002","month":"December","quarter":"","sourceDataset":"CSDB","updateDate":"2016-01-14T16:25:12.620Z"},{"date":"2003 JAN","value":"149.8","year":"2003","month":"January","quarter":"","sourceDataset":"CSDB","updateDate":"2016-01-14T16:25:12.620Z"},{"date":"2003 FEB","value":"148.1","year":"2003","month":"February","quarter":"","sourceDataset":"CSDB","updateDate":"2016-01-14T16:25:12.620Z"},{"date":"2003 MAR","value":"149.2","year":"2003","month":"March","quarter":"","sourceDataset":"CSDB","updateDate":"2016-01-14T16:25:12.620Z"},{"date":"2003 APR","value":"146.1","year":"2003","month":"April","quarter":"","sourceDataset":"CSDB","updateDate":"2016-01-14T16:25:12.620Z"},{"date":"2003 MAY","value":"148.0","year":"2003","month":"May","quarter":"","sourceDataset":"CSDB","updateDate":"2016-01-14T16:25:12.620Z"},{"date":"2003 JUN","value":"148.0","year":"2003","month":"June","quarter":"","sourceDataset":"CSDB","updateDate":"2016-01-14T16:25:12.620Z"},{"date":"2003 JUL","value":"146.6","year":"2003","month":"July","quarter":"","sourceDataset":"CSDB","updateDate":"2016-01-14T16:25:12.620Z"},{"date":"2003 AUG","value":"148.1","year":"2003","month":"August","quarter":"","sourceDataset":"CSDB","updateDate":"2016-01-14T16:25:12.620Z"},{"date":"2003 SEP","value":"148.1","year":"2003","month":"September","quarter":"","sourceDataset":"CSDB","updateDate":"2016-01-14T16:25:12.620Z"},{"date":"2003 OCT","value":"146.8","year":"2003","month":"October","quarter":"","sourceDataset":"CSDB","updateDate":"2016-01-14T16:25:12.620Z"},{"date":"2003 NOV","value":"145.3","year":"2003","month":"November","quarter":"","sourceDataset":"CSDB","updateDate":"2016-01-14T16:25:12.620Z"},{"date":"2003 DEC","value":"145.1","year":"2003","month":"December","quarter":"","sourceDataset":"CSDB","updateDate":"2016-01-14T16:25:12.620Z"},{"date":"2004 JAN","value":"146.0","year":"2004","month":"January","quarter":"","sourceDataset":"CSDB","updateDate":"2016-01-14T16:25:12.620Z"},{"date":"2004 FEB","value":"145.3","year":"2004","month":"February","quarter":"","sourceDataset":"CSDB","updateDate":"2016-01-14T16:25:12.620Z"},{"date":"2004 MAR","value":"145.8","year":"2004","month":"March","quarter":"","sourceDataset":"CSDB","updateDate":"2016-01-14T16:25:12.620Z"},{"date":"2004 APR","value":"146.8","year":"2004","month":"April","quarter":"","sourceDataset":"CSDB","updateDate":"2016-01-14T16:25:12.620Z"},{"date":"2004 MAY","value":"144.7","year":"2004","month":"May","quarter":"","sourceDataset":"CSDB","updateDate":"2016-01-14T16:25:12.620Z"},{"date":"2004 JUN","value":"144.5","year":"2004","month":"June","quarter":"","sourceDataset":"CSDB","updateDate":"2016-01-14T16:25:12.620Z"},{"date":"2004 JUL","value":"144.2","year":"2004","month":"July","quarter":"","sourceDataset":"CSDB","updateDate":"2016-01-14T16:25:12.620Z"},{"date":"2004 AUG","value":"143.7","year":"2004","month":"August","quarter":"","sourceDataset":"CSDB","updateDate":"2016-01-14T16:25:12.620Z"},{"date":"2004 SEP","value":"144.5","year":"2004","month":"September","quarter":"","sourceDataset":"CSDB","updateDate":"2016-01-14T16:25:12.620Z"},{"date":"2004 OCT","value":"146.8","year":"2004","month":"October","quarter":"","sourceDataset":"CSDB","updateDate":"2016-01-14T16:25:12.620Z"},{"date":"2004 NOV","value":"147.1","year":"2004","month":"November","quarter":"","sourceDataset":"CSDB","updateDate":"2016-01-14T16:25:12.620Z"},{"date":"2004 DEC","value":"146.4","year":"2004","month":"December","quarter":"","sourceDataset":"CSDB","updateDate":"2016-01-14T16:25:12.620Z"},{"date":"2005 JAN","value":"147.4","year":"2005","month":"January","quarter":"","sourceDataset":"CSDB","updateDate":"2016-01-14T16:25:12.620Z"},{"date":"2005 FEB","value":"147.0","year":"2005","month":"February","quarter":"","sourceDataset":"CSDB","updateDate":"2016-01-14T16:25:12.620Z"},{"date":"2005 MAR","value":"147.8","year":"2005","month":"March","quarter":"","sourceDataset":"CSDB","updateDate":"2016-01-14T16:25:12.620Z"},{"date":"2005 APR","value":"147.9","year":"2005","month":"April","quarter":"","sourceDataset":"CSDB","updateDate":"2016-01-14T16:25:12.620Z"},{"date":"2005 MAY","value":"147.8","year":"2005","month":"May","quarter":"","sourceDataset":"CSDB","updateDate":"2016-01-14T16:25:12.620Z"},{"date":"2005 JUN","value":"145.3","year":"2005","month":"June","quarter":"","sourceDataset":"CSDB","updateDate":"2016-01-14T16:25:12.620Z"},{"date":"2005 JUL","value":"141.2","year":"2005","month":"July","quarter":"","sourceDataset":"CSDB","updateDate":"2016-01-14T16:25:12.620Z"},{"date":"2005 AUG","value":"144.8","year":"2005","month":"August","quarter":"","sourceDataset":"CSDB","updateDate":"2016-01-14T16:25:12.620Z"},{"date":"2005 SEP","value":"144.7","year":"2005","month":"September","quarter":"","sourceDataset":"CSDB","updateDate":"2016-01-14T16:25:12.620Z"},{"date":"2005 OCT","value":"145.9","year":"2005","month":"October","quarter":"","sourceDataset":"CSDB","updateDate":"2016-01-14T16:25:12.620Z"},{"date":"2005 NOV","value":"145.9","year":"2005","month":"November","quarter":"","sourceDataset":"CSDB","updateDate":"2016-01-14T16:25:12.620Z"},{"date":"2005 DEC","value":"152.0","year":"2005","month":"December","quarter":"","sourceDataset":"CSDB","updateDate":"2016-01-14T16:25:12.620Z"},{"date":"2006 JAN","value":"153.0","year":"2006","month":"January","quarter":"","sourceDataset":"CSDB","updateDate":"2016-01-14T16:25:12.620Z"},{"date":"2006 FEB","value":"150.8","year":"2006","month":"February","quarter":"","sourceDataset":"CSDB","updateDate":"2016-01-14T16:25:12.620Z"},{"date":"2006 MAR","value":"151.6","year":"2006","month":"March","quarter":"","sourceDataset":"CSDB","updateDate":"2016-01-14T16:25:12.620Z"},{"date":"2006 APR","value":"153.6","year":"2006","month":"April","quarter":"","sourceDataset":"CSDB","updateDate":"2016-01-14T16:25:12.620Z"},{"date":"2006 MAY","value":"151.4","year":"2006","month":"May","quarter":"","sourceDataset":"CSDB","updateDate":"2016-01-14T16:25:12.620Z"},{"date":"2006 JUN","value":"152.7","year":"2006","month":"June","quarter":"","sourceDataset":"CSDB","updateDate":"2016-01-14T16:25:12.620Z"},{"date":"2006 JUL","value":"153.2","year":"2006","month":"July","quarter":"","sourceDataset":"CSDB","updateDate":"2016-01-14T16:25:12.620Z"},{"date":"2006 AUG","value":"155.6","year":"2006","month":"August","quarter":"","sourceDataset":"CSDB","updateDate":"2016-01-14T16:25:12.620Z"},{"date":"2006 SEP","value":"155.2","year":"2006","month":"September","quarter":"","sourceDataset":"CSDB","updateDate":"2016-01-14T16:25:12.620Z"},{"date":"2006 OCT","value":"155.8","year":"2006","month":"October","quarter":"","sourceDataset":"CSDB","updateDate":"2016-01-14T16:25:12.621Z"},{"date":"2006 NOV","value":"156.3","year":"2006","month":"November","quarter":"","sourceDataset":"CSDB","updateDate":"2016-01-14T16:25:12.621Z"},{"date":"2006 DEC","value":"159.6","year":"2006","month":"December","quarter":"","sourceDataset":"CSDB","updateDate":"2016-01-14T16:25:12.621Z"},{"date":"2007 JAN","value":"162.0","year":"2007","month":"January","quarter":"","sourceDataset":"CSDB","updateDate":"2016-01-14T16:25:12.621Z"},{"date":"2007 FEB","value":"161.6","year":"2007","month":"February","quarter":"","sourceDataset":"CSDB","updateDate":"2016-01-14T16:25:12.621Z"},{"date":"2007 MAR","value":"161.5","year":"2007","month":"March","quarter":"","sourceDataset":"CSDB","updateDate":"2016-01-14T16:25:12.621Z"},{"date":"2007 APR","value":"159.1","year":"2007","month":"April","quarter":"","sourceDataset":"CSDB","updateDate":"2016-01-14T16:25:12.621Z"},{"date":"2007 MAY","value":"160.0","year":"2007","month":"May","quarter":"","sourceDataset":"CSDB","updateDate":"2016-01-14T16:25:12.621Z"},{"date":"2007 JUN","value":"162.0","year":"2007","month":"June","quarter":"","sourceDataset":"CSDB","updateDate":"2016-01-14T16:25:12.621Z"},{"date":"2007 JUL","value":"161.1","year":"2007","month":"July","quarter":"","sourceDataset":"CSDB","updateDate":"2016-01-14T16:25:12.621Z"},{"date":"2007 AUG","value":"157.1","year":"2007","month":"August","quarter":"","sourceDataset":"CSDB","updateDate":"2016-01-14T16:25:12.621Z"},{"date":"2007 SEP","value":"161.4","year":"2007","month":"September","quarter":"","sourceDataset":"CSDB","updateDate":"2016-01-14T16:25:12.621Z"},{"date":"2007 OCT","value":"163.2","year":"2007","month":"October","quarter":"","sourceDataset":"CSDB","updateDate":"2016-01-14T16:25:12.621Z"},{"date":"2007 NOV","value":"165.6","year":"2007","month":"November","quarter":"","sourceDataset":"CSDB","updateDate":"2016-01-14T16:25:12.621Z"},{"date":"2007 DEC","value":"163.6","year":"2007","month":"December","quarter":"","sourceDataset":"CSDB","updateDate":"2016-01-14T16:25:12.621Z"},{"date":"2008 JAN","value":"166.4","year":"2008","month":"January","quarter":"","sourceDataset":"CSDB","updateDate":"2016-01-14T16:25:12.621Z"},{"date":"2008 FEB","value":"170.2","year":"2008","month":"February","quarter":"","sourceDataset":"CSDB","updateDate":"2016-01-14T16:25:12.621Z"},{"date":"2008 MAR","value":"174.2","year":"2008","month":"March","quarter":"","sourceDataset":"CSDB","updateDate":"2016-01-14T16:25:12.621Z"},{"date":"2008 APR","value":"176.4","year":"2008","month":"April","quarter":"","sourceDataset":"CSDB","updateDate":"2016-01-14T16:25:12.621Z"},{"date":"2008 MAY","value":"178.1","year":"2008","month":"May","quarter":"","sourceDataset":"CSDB","updateDate":"2016-01-14T16:25:12.621Z"},{"date":"2008 JUN","value":"173.3","year":"2008","month":"June","quarter":"","sourceDataset":"CSDB","updateDate":"2016-01-14T16:25:12.621Z"},{"date":"2008 JUL","value":"179.6","year":"2008","month":"July","quarter":"","sourceDataset":"CSDB","updateDate":"2016-01-14T16:25:12.621Z"},{"date":"2008 AUG","value":"189.1","year":"2008","month":"August","quarter":"","sourceDataset":"CSDB","updateDate":"2016-01-14T16:25:12.621Z"},{"date":"2008 SEP","value":"192.6","year":"2008","month":"September","quarter":"","sourceDataset":"CSDB","updateDate":"2016-01-14T16:25:12.621Z"},{"date":"2008 OCT","value":"192.2","year":"2008","month":"October","quarter":"","sourceDataset":"CSDB","updateDate":"2016-01-14T16:25:12.621Z"},{"date":"2008 NOV","value":"200.9","year":"2008","month":"November","quarter":"","sourceDataset":"CSDB","updateDate":"2016-01-14T16:25:12.621Z"},{"date":"2008 DEC","value":"198.9","year":"2008","month":"December","quarter":"","sourceDataset":"CSDB","updateDate":"2016-01-14T16:25:12.621Z"},{"date":"2009 JAN","value":"197.5","year":"2009","month":"January","quarter":"","sourceDataset":"CSDB","updateDate":"2016-01-14T16:25:12.621Z"},{"date":"2009 FEB","value":"193.0","year":"2009","month":"February","quarter":"","sourceDataset":"CSDB","updateDate":"2016-01-14T16:25:12.621Z"},{"date":"2009 MAR","value":"201.0","year":"2009","month":"March","quarter":"","sourceDataset":"CSDB","updateDate":"2016-01-14T16:25:12.621Z"},{"date":"2009 APR","value":"202.8","year":"2009","month":"April","quarter":"","sourceDataset":"CSDB","updateDate":"2016-01-14T16:25:12.621Z"},{"date":"2009 MAY","value":"212.4","year":"2009","month":"May","quarter":"","sourceDataset":"CSDB","updateDate":"2016-01-14T16:25:12.621Z"},{"date":"2009 JUN","value":"208.0","year":"2009","month":"June","quarter":"","sourceDataset":"CSDB","updateDate":"2016-01-14T16:25:12.621Z"},{"date":"2009 JUL","value":"207.2","year":"2009","month":"July","quarter":"","sourceDataset":"CSDB","updateDate":"2016-01-14T16:25:12.621Z"},{"date":"2009 AUG","value":"210.4","year":"2009","month":"August","quarter":"","sourceDataset":"CSDB","updateDate":"2016-01-14T16:25:12.621Z"},{"date":"2009 SEP","value":"205.5","year":"2009","month":"September","quarter":"","sourceDataset":"CSDB","updateDate":"2016-01-14T16:25:12.621Z"},{"date":"2009 OCT","value":"203.9","year":"2009","month":"October","quarter":"","sourceDataset":"CSDB","updateDate":"2016-01-14T16:25:12.621Z"},{"date":"2009 NOV","value":"203.8","year":"2009","month":"November","quarter":"","sourceDataset":"CSDB","updateDate":"2016-01-14T16:25:12.621Z"},{"date":"2009 DEC","value":"214.9","year":"2009","month":"December","quarter":"","sourceDataset":"CSDB","updateDate":"2016-01-14T16:25:12.621Z"},{"date":"2010 JAN","value":"209.1","year":"2010","month":"January","quarter":"","sourceDataset":"CSDB","updateDate":"2016-01-14T16:25:12.621Z"},{"date":"2010 FEB","value":"206.2","year":"2010","month":"February","quarter":"","sourceDataset":"CSDB","updateDate":"2016-01-14T16:25:12.621Z"},{"date":"2010 MAR","value":"206.8","year":"2010","month":"March","quarter":"","sourceDataset":"CSDB","updateDate":"2016-01-14T16:25:12.621Z"},{"date":"2010 APR","value":"212.3","year":"2010","month":"April","quarter":"","sourceDataset":"CSDB","updateDate":"2016-01-14T16:25:12.621Z"},{"date":"2010 MAY","value":"211.8","year":"2010","month":"May","quarter":"","sourceDataset":"CSDB","updateDate":"2016-01-14T16:25:12.621Z"},{"date":"2010 JUN","value":"210.4","year":"2010","month":"June","quarter":"","sourceDataset":"CSDB","updateDate":"2016-01-14T16:25:12.621Z"},{"date":"2010 JUL","value":"215.1","year":"2010","month":"July","quarter":"","sourceDataset":"CSDB","updateDate":"2016-01-14T16:25:12.621Z"},{"date":"2010 AUG","value":"214.7","year":"2010","month":"August","quarter":"","sourceDataset":"CSDB","updateDate":"2016-01-14T16:25:12.621Z"},{"date":"2010 SEP","value":"214.3","year":"2010","month":"September","quarter":"","sourceDataset":"CSDB","updateDate":"2016-01-14T16:25:12.621Z"},{"date":"2010 OCT","value":"215.1","year":"2010","month":"October","quarter":"","sourceDataset":"CSDB","updateDate":"2016-01-14T16:25:12.621Z"},{"date":"2010 NOV","value":"214.1","year":"2010","month":"November","quarter":"","sourceDataset":"CSDB","updateDate":"2016-01-14T16:25:12.621Z"},{"date":"2010 DEC","value":"211.4","year":"2010","month":"December","quarter":"","sourceDataset":"CSDB","updateDate":"2016-01-14T16:25:12.621Z"},{"date":"2011 JAN","value":"209.9","year":"2011","month":"January","quarter":"","sourceDataset":"CSDB","updateDate":"2016-01-14T16:25:12.621Z"},{"date":"2011 FEB","value":"217.9","year":"2011","month":"February","quarter":"","sourceDataset":"CSDB","updateDate":"2016-01-14T16:25:12.621Z"},{"date":"2011 MAR","value":"216.9","year":"2011","month":"March","quarter":"","sourceDataset":"CSDB","updateDate":"2016-01-14T16:25:12.621Z"},{"date":"2011 APR","value":"219.5","year":"2011","month":"April","quarter":"","sourceDataset":"CSDB","updateDate":"2016-01-14T16:25:12.621Z"},{"date":"2011 MAY","value":"223.8","year":"2011","month":"May","quarter":"","sourceDataset":"CSDB","updateDate":"2016-01-14T16:25:12.621Z"},{"date":"2011 JUN","value":"227.2","year":"2011","month":"June","quarter":"","sourceDataset":"CSDB","updateDate":"2016-01-14T16:25:12.621Z"},{"date":"2011 JUL","value":"221.3","year":"2011","month":"July","quarter":"","sourceDataset":"CSDB","updateDate":"2016-01-14T16:25:12.621Z"},{"date":"2011 AUG","value":"223.2","year":"2011","month":"August","quarter":"","sourceDataset":"CSDB","updateDate":"2016-01-14T16:25:12.621Z"},{"date":"2011 SEP","value":"228.0","year":"2011","month":"September","quarter":"","sourceDataset":"CSDB","updateDate":"2016-01-14T16:25:12.621Z"},{"date":"2011 OCT","value":"230.0","year":"2011","month":"October","quarter":"","sourceDataset":"CSDB","updateDate":"2016-01-14T16:25:12.621Z"},{"date":"2011 NOV","value":"230.2","year":"2011","month":"November","quarter":"","sourceDataset":"CSDB","updateDate":"2016-01-14T16:25:12.621Z"},{"date":"2011 DEC","value":"232.6","year":"2011","month":"December","quarter":"","sourceDataset":"CSDB","updateDate":"2016-01-14T16:25:12.621Z"},{"date":"2012 JAN","value":"228.9","year":"2012","month":"January","quarter":"","sourceDataset":"CSDB","updateDate":"2016-01-14T16:25:12.621Z"},{"date":"2012 FEB","value":"226.7","year":"2012","month":"February","quarter":"","sourceDataset":"CSDB","updateDate":"2016-01-14T16:25:12.621Z"},{"date":"2012 MAR","value":"233.8","year":"2012","month":"March","quarter":"","sourceDataset":"CSDB","updateDate":"2016-01-14T16:25:12.621Z"},{"date":"2012 APR","value":"233.7","year":"2012","month":"April","quarter":"","sourceDataset":"CSDB","updateDate":"2016-01-14T16:25:12.621Z"},{"date":"2012 MAY","value":"234.7","year":"2012","month":"May","quarter":"","sourceDataset":"CSDB","updateDate":"2016-01-14T16:25:12.621Z"},{"date":"2012 JUN","value":"227.7","year":"2012","month":"June","quarter":"","sourceDataset":"CSDB","updateDate":"2016-01-14T16:25:12.621Z"},{"date":"2012 JUL","value":"226.4","year":"2012","month":"July","quarter":"","sourceDataset":"CSDB","updateDate":"2016-01-14T16:25:12.621Z"},{"date":"2012 AUG","value":"236.7","year":"2012","month":"August","quarter":"","sourceDataset":"CSDB","updateDate":"2016-01-14T16:25:12.621Z"},{"date":"2012 SEP","value":"236.5","year":"2012","month":"September","quarter":"","sourceDataset":"CSDB","updateDate":"2016-01-14T16:25:12.621Z"},{"date":"2012 OCT","value":"244.7","year":"2012","month":"October","quarter":"","sourceDataset":"CSDB","updateDate":"2016-01-14T16:25:12.621Z"},{"date":"2012 NOV","value":"241.0","year":"2012","month":"November","quarter":"","sourceDataset":"CSDB","updateDate":"2016-01-14T16:25:12.621Z"},{"date":"2012 DEC","value":"244.2","year":"2012","month":"December","quarter":"","sourceDataset":"CSDB","updateDate":"2016-01-14T16:25:12.621Z"},{"date":"2013 JAN","value":"245.7","year":"2013","month":"January","quarter":"","sourceDataset":"CSDB","updateDate":"2016-01-14T16:25:12.621Z"},{"date":"2013 FEB","value":"244.0","year":"2013","month":"February","quarter":"","sourceDataset":"CSDB","updateDate":"2016-01-14T16:25:12.621Z"},{"date":"2013 MAR","value":"249.3","year":"2013","month":"March","quarter":"","sourceDataset":"CSDB","updateDate":"2016-01-14T16:25:12.621Z"},{"date":"2013 APR","value":"243.8","year":"2013","month":"April","quarter":"","sourceDataset":"CSDB","updateDate":"2016-01-14T16:25:12.621Z"},{"date":"2013 MAY","value":"248.6","year":"2013","month":"May","quarter":"","sourceDataset":"CSDB","updateDate":"2016-01-14T16:25:12.621Z"},{"date":"2013 JUN","value":"242.3","year":"2013","month":"June","quarter":"","sourceDataset":"CSDB","updateDate":"2016-01-14T16:25:12.621Z"},{"date":"2013 JUL","value":"242.1","year":"2013","month":"July","quarter":"","sourceDataset":"CSDB","updateDate":"2016-01-14T16:25:12.621Z"},{"date":"2013 AUG","value":"248.0","year":"2013","month":"August","quarter":"","sourceDataset":"CSDB","updateDate":"2016-01-14T16:25:12.621Z"},{"date":"2013 SEP","value":"244.6","year":"2013","month":"September","quarter":"","sourceDataset":"CSDB","updateDate":"2016-01-14T16:25:12.621Z"},{"date":"2013 OCT","value":"246.4","year":"2013","month":"October","quarter":"","sourceDataset":"CSDB","updateDate":"2016-01-14T16:25:12.621Z"},{"date":"2013 NOV","value":"249.6","year":"2013","month":"November","quarter":"","sourceDataset":"CSDB","updateDate":"2016-01-14T16:25:12.621Z"},{"date":"2013 DEC","value":"242.8","year":"2013","month":"December","quarter":"","sourceDataset":"CSDB","updateDate":"2016-01-14T16:25:12.621Z"},{"date":"2014 JAN","value":"247.8","year":"2014","month":"January","quarter":"","sourceDataset":"CSDB","updateDate":"2016-01-14T16:25:12.621Z"},{"date":"2014 FEB","value":"248.7","year":"2014","month":"February","quarter":"","sourceDataset":"CSDB","updateDate":"2016-01-14T16:25:12.621Z"},{"date":"2014 MAR","value":"247.0","year":"2014","month":"March","quarter":"","sourceDataset":"CSDB","updateDate":"2016-01-14T16:25:12.621Z"},{"date":"2014 APR","value":"248.4","year":"2014","month":"April","quarter":"","sourceDataset":"CSDB","updateDate":"2016-01-14T16:25:12.621Z"},{"date":"2014 MAY","value":"248.3","year":"2014","month":"May","quarter":"","sourceDataset":"CSDB","updateDate":"2016-01-14T16:25:12.621Z"},{"date":"2014 JUN","value":"236.4","year":"2014","month":"June","quarter":"","sourceDataset":"CSDB","updateDate":"2016-01-14T16:25:12.621Z"},{"date":"2014 JUL","value":"241.1","year":"2014","month":"July","quarter":"","sourceDataset":"CSDB","updateDate":"2016-01-14T16:25:12.621Z"},{"date":"2014 AUG","value":"240.3","year":"2014","month":"August","quarter":"","sourceDataset":"CSDB","updateDate":"2016-01-14T16:25:12.621Z"},{"date":"2014 SEP","value":"231.4","year":"2014","month":"September","quarter":"","sourceDataset":"CSDB","updateDate":"2016-01-14T16:25:12.621Z"},{"date":"2014 OCT","value":"240.3","year":"2014","month":"October","quarter":"","sourceDataset":"CSDB","updateDate":"2016-01-14T16:25:12.621Z"},{"date":"2014 NOV","value":"234.4","year":"2014","month":"November","quarter":"","sourceDataset":"CSDB","updateDate":"2016-01-14T16:25:12.621Z"},{"date":"2014 DEC","value":"236.0","year":"2014","month":"December","quarter":"","sourceDataset":"CSDB","updateDate":"2016-01-14T16:25:12.621Z"},{"date":"2015 JAN","value":"240.6","year":"2015","month":"January","quarter":"","sourceDataset":"CSDB","updateDate":"2016-01-14T16:25:12.621Z"},{"date":"2015 FEB","value":"234.7","year":"2015","month":"February","quarter":"","sourceDataset":"CSDB","updateDate":"2016-01-14T16:25:12.621Z"},{"date":"2015 MAR","value":"229.3","year":"2015","month":"March","quarter":"","sourceDataset":"CSDB","updateDate":"2016-01-14T16:25:12.621Z"},{"date":"2015 APR","value":"238.1","year":"2015","month":"April","quarter":"","sourceDataset":"CSDB","updateDate":"2016-01-14T16:25:12.621Z"},{"date":"2015 MAY","value":"232.1","year":"2015","month":"May","quarter":"","sourceDataset":"CSDB","updateDate":"2016-01-14T16:25:12.621Z"},{"date":"2015 JUN","value":"236.9","year":"2015","month":"June","quarter":"","sourceDataset":"CSDB","updateDate":"2016-01-14T16:25:12.621Z"},{"date":"2015 JUL","value":"219.6","year":"2015","month":"July","quarter":"","sourceDataset":"CSDB","updateDate":"2016-01-14T16:25:12.621Z"},{"date":"2015 AUG","value":"226.5","year":"2015","month":"August","quarter":"","sourceDataset":"CSDB","updateDate":"2016-01-22T20:07:41.055Z"}],"sourceDatasets":["CSDB"],"relatedDatasets":[{"uri":"/businessindustryandtrade/changestobusiness/bankruptcyinsolvency/datasets/carlsxmasrelease/2015"},{"uri":"/businessindustryandtrade/changestobusiness/bankruptcyinsolvency/datasets/wahasaqewqeqwe/2015"},{"uri":"/businessindustryandtrade/changestobusiness/bankruptcyinsolvency/datasets/releaseisreleaseygyug/2015"},{"uri":"/businessindustryandtrade/changestobusiness/bankruptcyinsolvency/datasets/releaseisreleaseadffd/2015"},{"uri":"/businessindustryandtrade/changestobusiness/bankruptcyinsolvency/datasets/pageunencrypted/2015"}],"relatedDocuments":[],"versions":[{"uri":"/businessindustryandtrade/changestobusiness/bankruptcyinsolvency/timeseries/ibur/previous/v1","updateDate":"2016-01-26T00:00:00.000Z","correctionNotice":"","label":"v1"}],"type":"timeseries","description":{"title":"RPI: Processed fish (Jan 1987\u003d100)                                      ","contact":{"email":"","name":"","telephone":""},"releaseDate":"2016-01-28T00:00:00.000Z","nextRelease":"","cdid":"IBUR","unit":"","preUnit":"","source":"","seasonalAdjustment":"NSA","date":"2015 AUG","number":"226.5"}}