{"years":[{"date":"2012","value":"62500","year":"2012","month":"","quarter":"","sourceDataset":"CSDB","updateDate":"2016-01-14T16:25:12.880Z"},{"date":"2013","value":"62887","year":"2013","month":"","quarter":"","sourceDataset":"CSDB","updateDate":"2016-01-14T16:25:12.880Z"},{"date":"2014","value":"55706","year":"2014","month":"","quarter":"","sourceDataset":"CSDB","updateDate":"2016-01-14T16:25:12.880Z"}],"quarters":[{"date":"2011 Q3","value":"60165","year":"2011","month":"","quarter":"Q3","sourceDataset":"CSDB","updateDate":"2016-01-14T16:25:12.880Z"},{"date":"2011 Q4","value":"62905","year":"2011","month":"","quarter":"Q4","sourceDataset":"CSDB","updateDate":"2016-01-14T16:25:12.880Z"},{"date":"2012 Q1","value":"64590","year":"2012","month":"","quarter":"Q1","sourceDataset":"CSDB","updateDate":"2016-01-14T16:25:12.880Z"},{"date":"2012 Q2","value":"60480","year":"2012","month":"","quarter":"Q2","sourceDataset":"CSDB","updateDate":"2016-01-14T16:25:12.880Z"},{"date":"2012 Q3","value":"60816","year":"2012","month":"","quarter":"Q3","sourceDataset":"CSDB","updateDate":"2016-01-14T16:25:12.880Z"},{"date":"2012 Q4","value":"64116","year":"2012","month":"","quarter":"Q4","sourceDataset":"CSDB","updateDate":"2016-01-14T16:25:12.880Z"},{"date":"2013 Q1","value":"67093","year":"2013","month":"","quarter":"Q1","sourceDataset":"CSDB","updateDate":"2016-01-14T16:25:12.880Z"},{"date":"2013 Q2","value":"61488","year":"2013","month":"","quarter":"Q2","sourceDataset":"CSDB","updateDate":"2016-01-14T16:25:12.880Z"},{"date":"2013 Q3","value":"62033","year":"2013","month":"","quarter":"Q3","sourceDataset":"CSDB","updateDate":"2016-01-14T16:25:12.880Z"},{"date":"2013 Q4","value":"60935","year":"2013","month":"","quarter":"Q4","sourceDataset":"CSDB","updateDate":"2016-01-14T16:25:12.880Z"},{"date":"2014 Q1","value":"59536","year":"2014","month":"","quarter":"Q1","sourceDataset":"CSDB","updateDate":"2016-01-14T16:25:12.880Z"},{"date":"2014 Q2","value":"56871","year":"2014","month":"","quarter":"Q2","sourceDataset":"CSDB","updateDate":"2016-01-14T16:25:12.880Z"},{"date":"2014 Q3","value":"55680","year":"2014","month":"","quarter":"Q3","sourceDataset":"CSDB","updateDate":"2016-01-14T16:25:12.880Z"},{"date":"2014 Q4","value":"50736","year":"2014","month":"","quarter":"Q4","sourceDataset":"CSDB","updateDate":"2016-01-14T16:25:12.880Z"},{"date":"2015 Q1","value":"42525","year":"2015","month":"","quarter":"Q1","sourceDataset":"CSDB","updateDate":"2016-01-14T16:25:12.880Z"},{"date":"2015 Q2","value":"42416","year":"2015","month":"","quarter":"Q2","sourceDataset":"CSDB","updateDate":"2016-01-14T16:25:12.880Z"}],"months":[{"date":"2011 JUL","value":"61097","year":"2011","month":"July","quarter":"","sourceDataset":"CSDB","updateDate":"2016-01-14T16:25:12.880Z"},{"date":"2011 AUG","value":"58801","year":"2011","month":"August","quarter":"","sourceDataset":"CSDB","updateDate":"2016-01-14T16:25:12.880Z"},{"date":"2011 SEP","value":"60597","year":"2011","month":"September","quarter":"","sourceDataset":"CSDB","updateDate":"2016-01-14T16:25:12.880Z"},{"date":"2011 OCT","value":"60313","year":"2011","month":"October","quarter":"","sourceDataset":"CSDB","updateDate":"2016-01-14T16:25:12.880Z"},{"date":"2011 NOV","value":"64072","year":"2011","month":"November","quarter":"","sourceDataset":"CSDB","updateDate":"2016-01-14T16:25:12.880Z"},{"date":"2011 DEC","value":"64329","year":"2011","month":"December","quarter":"","sourceDataset":"CSDB","updateDate":"2016-01-14T16:25:12.880Z"},{"date":"2012 JAN","value":"64429","year":"2012","month":"January","quarter":"","sourceDataset":"CSDB","updateDate":"2016-01-14T16:25:12.880Z"},{"date":"2012 FEB","value":"64136","year":"2012","month":"February","quarter":"","sourceDataset":"CSDB","updateDate":"2016-01-14T16:25:12.880Z"},{"date":"2012 MAR","value":"65206","year":"2012","month":"March","quarter":"","sourceDataset":"CSDB","updateDate":"2016-01-14T16:25:12.880Z"},{"date":"2012 APR","value":"64435","year":"2012","month":"April","quarter":"","sourceDataset":"CSDB","updateDate":"2016-01-14T16:25:12.880Z"},{"date":"2012 MAY","value":"60848","year":"2012","month":"May","quarter":"","sourceDataset":"CSDB","updateDate":"2016-01-14T16:25:12.880Z"},{"date":"2012 JUN","value":"56157","year":"2012","month":"June","quarter":"","sourceDataset":"CSDB","updateDate":"2016-01-14T16:25:12.880Z"},{"date":"2012 JUL","value":"57524","year":"2012","month":"July","quarter":"","sourceDataset":"CSDB","updateDate":"2016-01-14T16:25:12.880Z"},{"date":"2012 AUG","value":"61602","year":"2012","month":"August","quarter":"","sourceDataset":"CSDB","updateDate":"2016-01-14T16:25:12.880Z"},{"date":"2012 SEP","value":"63322","year":"2012","month":"September","quarter":"","sourceDataset":"CSDB","updateDate":"2016-01-14T16:25:12.880Z"},{"date":"2012 OCT","value":"64012","year":"2012","month":"October","quarter":"","sourceDataset":"CSDB","updateDate":"2016-01-14T16:25:12.880Z"},{"date":"2012 NOV","value":"62542","year":"2012","month":"November","quarter":"","sourceDataset":"CSDB","updateDate":"2016-01-14T16:25:12.880Z"},{"date":"2012 DEC","value":"65793","year":"2012","month":"December","quarter":"","sourceDataset":"CSDB","updateDate":"2016-01-14T16:25:12.880Z"},{"date":"2013 JAN","value":"64408","year":"2013","month":"January","quarter":"","sourceDataset":"CSDB","updateDate":"2016-01-14T16:25:12.880Z"},{"date":"2013 FEB","value":"68847","year":"2013","month":"February","quarter":"","sourceDataset":"CSDB","updateDate":"2016-01-14T16:25:12.880Z"},{"date":"2013 MAR","value":"68023","year":"2013","month":"March","quarter":"","sourceDataset":"CSDB","updateDate":"2016-01-14T16:25:12.880Z"},{"date":"2013 APR","value":"64339","year":"2013","month":"April","quarter":"","sourceDataset":"CSDB","updateDate":"2016-01-14T16:25:12.880Z"},{"date":"2013 MAY","value":"60144","year":"2013","month":"May","quarter":"","sourceDataset":"CSDB","updateDate":"2016-01-14T16:25:12.880Z"},{"date":"2013 JUN","value":"59981","year":"2013","month":"June","quarter":"","sourceDataset":"CSDB","updateDate":"2016-01-14T16:25:12.880Z"},{"date":"2013 JUL","value":"61516","year":"2013","month":"July","quarter":"","sourceDataset":"CSDB","updateDate":"2016-01-14T16:25:12.880Z"},{"date":"2013 AUG","value":"61564","year":"2013","month":"August","quarter":"","sourceDataset":"CSDB","updateDate":"2016-01-14T16:25:12.880Z"},{"date":"2013 SEP","value":"63020","year":"2013","month":"September","quarter":"","sourceDataset":"CSDB","updateDate":"2016-01-14T16:25:12.880Z"},{"date":"2013 OCT","value":"61123","year":"2013","month":"October","quarter":"","sourceDataset":"CSDB","updateDate":"2016-01-14T16:25:12.880Z"},{"date":"2013 NOV","value":"59979","year":"2013","month":"November","quarter":"","sourceDataset":"CSDB","updateDate":"2016-01-14T16:25:12.880Z"},{"date":"2013 DEC","value":"61703","year":"2013","month":"December","quarter":"","sourceDataset":"CSDB","updateDate":"2016-01-14T16:25:12.880Z"},{"date":"2014 JAN","value":"60157","year":"2014","month":"January","quarter":"","sourceDataset":"CSDB","updateDate":"2016-01-14T16:25:12.880Z"},{"date":"2014 FEB","value":"60075","year":"2014","month":"February","quarter":"","sourceDataset":"CSDB","updateDate":"2016-01-14T16:25:12.880Z"},{"date":"2014 MAR","value":"58375","year":"2014","month":"March","quarter":"","sourceDataset":"CSDB","updateDate":"2016-01-14T16:25:12.880Z"},{"date":"2014 APR","value":"57440","year":"2014","month":"April","quarter":"","sourceDataset":"CSDB","updateDate":"2016-01-14T16:25:12.880Z"},{"date":"2014 MAY","value":"56778","year":"2014","month":"May","quarter":"","sourceDataset":"CSDB","updateDate":"2016-01-14T16:25:12.880Z"},{"date":"2014 JUN","value":"56395","year":"2014","month":"June","quarter":"","sourceDataset":"CSDB","updateDate":"2016-01-14T16:25:12.880Z"},{"date":"2014 JUL","value":"55911","year":"2014","month":"July","quarter":"","sourceDataset":"CSDB","updateDate":"2016-01-14T16:25:12.880Z"},{"date":"2014 AUG","value":"55972","year":"2014","month":"August","quarter":"","sourceDataset":"CSDB","updateDate":"2016-01-14T16:25:12.880Z"},{"date":"2014 SEP","value":"55156","year":"2014","month":"September","quarter":"","sourceDataset":"CSDB","updateDate":"2016-01-14T16:25:12.880Z"},{"date":"2014 OCT","value":"52545","year":"2014","month":"October","quarter":"","sourceDataset":"CSDB","updateDate":"2016-01-14T16:25:12.880Z"},{"date":"2014 NOV","value":"51913","year":"2014","month":"November","quarter":"","sourceDataset":"CSDB","updateDate":"2016-01-14T16:25:12.880Z"},{"date":"2014 DEC","value":"47749","year":"2014","month":"December","quarter":"","sourceDataset":"CSDB","updateDate":"2016-01-14T16:25:12.880Z"},{"date":"2015 JAN","value":"41744","year":"2015","month":"January","quarter":"","sourceDataset":"CSDB","updateDate":"2016-01-14T16:25:12.880Z"},{"date":"2015 FEB","value":"43577","year":"2015","month":"February","quarter":"","sourceDataset":"CSDB","updateDate":"2016-01-14T16:25:12.880Z"},{"date":"2015 MAR","value":"42254","year":"2015","month":"March","quarter":"","sourceDataset":"CSDB","updateDate":"2016-01-14T16:25:12.880Z"},{"date":"2015 APR","value":"42336","year":"2015","month":"April","quarter":"","sourceDataset":"CSDB","updateDate":"2016-01-14T16:25:12.880Z"},{"date":"2015 MAY","value":"43003","year":"2015","month":"May","quarter":"","sourceDataset":"CSDB","updateDate":"2016-01-14T16:25:12.880Z"},{"date":"2015 JUN","value":"41909","year":"2015","month":"June","quarter":"","sourceDataset":"CSDB","updateDate":"2016-01-14T16:25:12.880Z"},{"date":"2015 JUL","value":"40171","year":"2015","month":"July","quarter":"","sourceDataset":"CSDB","updateDate":"2016-01-14T16:25:12.880Z"},{"date":"2015 AUG","value":"35650","year":"2015","month":"August","quarter":"","sourceDataset":"CSDB","updateDate":"2016-01-22T20:07:42.065Z"}],"sourceDatasets":["CSDB"],"relatedDatasets":[{"uri":"/businessindustryandtrade/changestobusiness/bankruptcyinsolvency/datasets/carlsxmasrelease/2015"},{"uri":"/businessindustryandtrade/changestobusiness/bankruptcyinsolvency/datasets/wahasaqewqeqwe/2015"},{"uri":"/businessindustryandtrade/changestobusiness/bankruptcyinsolvency/datasets/releaseisreleaseygyug/2015"},{"uri":"/businessindustryandtrade/changestobusiness/bankruptcyinsolvency/datasets/releaseisreleaseadffd/2015"},{"uri":"/businessindustryandtrade/changestobusiness/bankruptcyinsolvency/datasets/pageunencrypted/2015"}],"relatedDocuments":[],"versions":[{"uri":"/businessindustryandtrade/changestobusiness/bankruptcyinsolvency/timeseries/kj5u/previous/v1","updateDate":"2016-01-26T00:00:00.000Z","correctionNotice":"","label":"v1"}],"type":"timeseries","description":{"title":"RPI: Ave price - Heating oil, per 1000 litres                           ","contact":{"email":"","name":"","telephone":""},"releaseDate":"2016-01-28T00:00:00.000Z","nextRelease":"","cdid":"KJ5U","unit":"","preUnit":"","source":"","seasonalAdjustment":"NSA","date":"2015 AUG","number":"35650"}}