{"years":[{"date":"1948","value":"11780","year":"1948","month":"","quarter":"","sourceDataset":"CSDB10","updateDate":"2016-01-28T09:29:38.261Z"},{"date":"1949","value":"12517","year":"1949","month":"","quarter":"","sourceDataset":"CSDB10","updateDate":"2016-01-28T09:29:38.261Z"},{"date":"1950","value":"13255","year":"1950","month":"","quarter":"","sourceDataset":"CSDB10","updateDate":"2016-01-28T09:29:38.261Z"},{"date":"1951","value":"14778","year":"1951","month":"","quarter":"","sourceDataset":"CSDB10","updateDate":"2016-01-28T09:29:38.261Z"},{"date":"1952","value":"15924","year":"1952","month":"","quarter":"","sourceDataset":"CSDB10","updateDate":"2016-01-28T09:29:38.261Z"},{"date":"1953","value":"17024","year":"1953","month":"","quarter":"","sourceDataset":"CSDB10","updateDate":"2016-01-28T09:29:38.261Z"},{"date":"1954","value":"17954","year":"1954","month":"","quarter":"","sourceDataset":"CSDB10","updateDate":"2016-01-28T09:29:38.261Z"},{"date":"1955","value":"19413","year":"1955","month":"","quarter":"","sourceDataset":"CSDB10","updateDate":"2016-01-28T09:29:38.261Z"},{"date":"1956","value":"21106","year":"1956","month":"","quarter":"","sourceDataset":"CSDB10","updateDate":"2016-01-28T09:29:38.261Z"},{"date":"1957","value":"22371","year":"1957","month":"","quarter":"","sourceDataset":"CSDB10","updateDate":"2016-01-28T09:29:38.261Z"},{"date":"1958","value":"23498","year":"1958","month":"","quarter":"","sourceDataset":"CSDB10","updateDate":"2016-01-28T09:29:38.261Z"},{"date":"1959","value":"24574","year":"1959","month":"","quarter":"","sourceDataset":"CSDB10","updateDate":"2016-01-28T09:29:38.261Z"},{"date":"1960","value":"26319","year":"1960","month":"","quarter":"","sourceDataset":"CSDB10","updateDate":"2016-01-28T09:29:38.261Z"},{"date":"1961","value":"27953","year":"1961","month":"","quarter":"","sourceDataset":"CSDB10","updateDate":"2016-01-28T09:29:38.261Z"},{"date":"1962","value":"29283","year":"1962","month":"","quarter":"","sourceDataset":"CSDB10","updateDate":"2016-01-28T09:29:38.261Z"},{"date":"1963","value":"31240","year":"1963","month":"","quarter":"","sourceDataset":"CSDB10","updateDate":"2016-01-28T09:29:38.261Z"},{"date":"1964","value":"34047","year":"1964","month":"","quarter":"","sourceDataset":"CSDB10","updateDate":"2016-01-28T09:29:38.261Z"},{"date":"1965","value":"36736","year":"1965","month":"","quarter":"","sourceDataset":"CSDB10","updateDate":"2016-01-28T09:29:38.261Z"},{"date":"1966","value":"39096","year":"1966","month":"","quarter":"","sourceDataset":"CSDB10","updateDate":"2016-01-28T09:29:38.261Z"},{"date":"1967","value":"41273","year":"1967","month":"","quarter":"","sourceDataset":"CSDB10","updateDate":"2016-01-28T09:29:38.261Z"},{"date":"1968","value":"45156","year":"1968","month":"","quarter":"","sourceDataset":"CSDB10","updateDate":"2016-01-28T09:29:38.261Z"},{"date":"1969","value":"48946","year":"1969","month":"","quarter":"","sourceDataset":"CSDB10","updateDate":"2016-01-28T09:29:38.261Z"},{"date":"1970","value":"54921","year":"1970","month":"","quarter":"","sourceDataset":"CSDB10","updateDate":"2016-01-28T09:29:38.261Z"},{"date":"1971","value":"61251","year":"1971","month":"","quarter":"","sourceDataset":"CSDB10","updateDate":"2016-01-28T09:29:38.261Z"},{"date":"1972","value":"68353","year":"1972","month":"","quarter":"","sourceDataset":"CSDB10","updateDate":"2016-01-28T09:29:38.261Z"},{"date":"1973","value":"79342","year":"1973","month":"","quarter":"","sourceDataset":"CSDB10","updateDate":"2016-01-28T09:29:38.261Z"},{"date":"1974","value":"88994","year":"1974","month":"","quarter":"","sourceDataset":"CSDB10","updateDate":"2016-01-28T09:29:38.261Z"},{"date":"1975","value":"109392","year":"1975","month":"","quarter":"","sourceDataset":"CSDB10","updateDate":"2016-01-28T09:29:38.261Z"},{"date":"1976","value":"129779","year":"1976","month":"","quarter":"","sourceDataset":"CSDB10","updateDate":"2016-01-28T09:29:38.261Z"},{"date":"1977","value":"149382","year":"1977","month":"","quarter":"","sourceDataset":"CSDB10","updateDate":"2016-01-28T09:29:38.261Z"},{"date":"1978","value":"174065","year":"1978","month":"","quarter":"","sourceDataset":"CSDB10","updateDate":"2016-01-28T09:29:38.261Z"},{"date":"1979","value":"205204","year":"1979","month":"","quarter":"","sourceDataset":"CSDB10","updateDate":"2016-01-28T09:29:38.261Z"},{"date":"1980","value":"239394","year":"1980","month":"","quarter":"","sourceDataset":"CSDB10","updateDate":"2016-01-28T09:29:38.261Z"},{"date":"1981","value":"265608","year":"1981","month":"","quarter":"","sourceDataset":"CSDB10","updateDate":"2016-01-28T09:29:38.261Z"},{"date":"1982","value":"290290","year":"1982","month":"","quarter":"","sourceDataset":"CSDB10","updateDate":"2016-01-28T09:29:38.261Z"},{"date":"1983","value":"319934","year":"1983","month":"","quarter":"","sourceDataset":"CSDB10","updateDate":"2016-01-28T09:29:38.261Z"},{"date":"1984","value":"344612","year":"1984","month":"","quarter":"","sourceDataset":"CSDB10","updateDate":"2016-01-28T09:29:38.261Z"},{"date":"1985","value":"376813","year":"1985","month":"","quarter":"","sourceDataset":"CSDB10","updateDate":"2016-01-28T09:29:38.261Z"},{"date":"1986","value":"408004","year":"1986","month":"","quarter":"","sourceDataset":"CSDB10","updateDate":"2016-01-28T09:29:38.261Z"},{"date":"1987","value":"455383","year":"1987","month":"","quarter":"","sourceDataset":"CSDB10","updateDate":"2016-01-28T09:29:38.261Z"},{"date":"1988","value":"510710","year":"1988","month":"","quarter":"","sourceDataset":"CSDB10","updateDate":"2016-01-28T09:29:38.261Z"},{"date":"1989","value":"564235","year":"1989","month":"","quarter":"","sourceDataset":"CSDB10","updateDate":"2016-01-28T09:29:38.261Z"},{"date":"1990","value":"611593","year":"1990","month":"","quarter":"","sourceDataset":"CSDB10","updateDate":"2016-01-28T09:29:38.261Z"},{"date":"1991","value":"643083","year":"1991","month":"","quarter":"","sourceDataset":"CSDB10","updateDate":"2016-01-28T09:29:38.261Z"},{"date":"1992","value":"672083","year":"1992","month":"","quarter":"","sourceDataset":"CSDB10","updateDate":"2016-01-28T09:29:38.261Z"},{"date":"1993","value":"706404","year":"1993","month":"","quarter":"","sourceDataset":"CSDB10","updateDate":"2016-01-28T09:29:38.261Z"},{"date":"1994","value":"747937","year":"1994","month":"","quarter":"","sourceDataset":"CSDB10","updateDate":"2016-01-28T09:29:38.261Z"},{"date":"1995","value":"783430","year":"1995","month":"","quarter":"","sourceDataset":"CSDB10","updateDate":"2016-01-28T09:29:38.261Z"},{"date":"1996","value":"836873","year":"1996","month":"","quarter":"","sourceDataset":"CSDB10","updateDate":"2016-01-28T09:29:38.261Z"},{"date":"1997","value":"883958","year":"1997","month":"","quarter":"","sourceDataset":"CSDB10","updateDate":"2016-01-28T09:29:38.261Z"},{"date":"1998","value":"940704","year":"1998","month":"","quarter":"","sourceDataset":"CSDB10","updateDate":"2016-01-28T09:29:38.261Z"},{"date":"1999","value":"966961","year":"1999","month":"","quarter":"","sourceDataset":"CSDB10","updateDate":"2016-01-28T09:29:38.261Z"},{"date":"2000","value":"1034828","year":"2000","month":"","quarter":"","sourceDataset":"CSDB10","updateDate":"2016-01-28T09:29:38.261Z"},{"date":"2001","value":"1078279","year":"2001","month":"","quarter":"","sourceDataset":"CSDB10","updateDate":"2016-01-28T09:29:38.261Z"},{"date":"2002","value":"1139963","year":"2002","month":"","quarter":"","sourceDataset":"CSDB10","updateDate":"2016-01-28T09:29:38.261Z"},{"date":"2003","value":"1210758","year":"2003","month":"","quarter":"","sourceDataset":"CSDB10","updateDate":"2016-01-28T09:29:38.261Z"},{"date":"2004","value":"1278590","year":"2004","month":"","quarter":"","sourceDataset":"CSDB10","updateDate":"2016-01-28T09:29:38.261Z"},{"date":"2005","value":"1363053","year":"2005","month":"","quarter":"","sourceDataset":"CSDB10","updateDate":"2016-01-28T09:29:38.261Z"},{"date":"2006","value":"1423148","year":"2006","month":"","quarter":"","sourceDataset":"CSDB10","updateDate":"2016-01-28T09:29:38.261Z"},{"date":"2007","value":"1500710","year":"2007","month":"","quarter":"","sourceDataset":"CSDB10","updateDate":"2016-01-28T09:29:38.261Z"},{"date":"2008","value":"1524933","year":"2008","month":"","quarter":"","sourceDataset":"CSDB10","updateDate":"2016-01-28T09:29:38.261Z"},{"date":"2009","value":"1491097","year":"2009","month":"","quarter":"","sourceDataset":"CSDB10","updateDate":"2016-01-28T09:29:38.261Z"},{"date":"2010","value":"1575742","year":"2010","month":"","quarter":"","sourceDataset":"CSDB10","updateDate":"2016-01-28T09:29:38.261Z"},{"date":"2011","value":"1639966","year":"2011","month":"","quarter":"","sourceDataset":"CSDB10","updateDate":"2016-01-28T09:29:38.261Z"},{"date":"2012","value":"1666313","year":"2012","month":"","quarter":"","sourceDataset":"CSDB10","updateDate":"2016-01-28T09:29:38.261Z"},{"date":"2013","value":"1718118","year":"2013","month":"","quarter":"","sourceDataset":"CSDB10","updateDate":"2016-01-28T09:29:38.261Z"},{"date":"2014","value":"1784333","year":"2014","month":"","quarter":"","sourceDataset":"CSDB10","updateDate":"2016-01-28T09:29:38.261Z"}],"quarters":[{"date":"1955 Q1","value":"4648","year":"1955","month":"","quarter":"Q1","sourceDataset":"CSDB10","updateDate":"2016-01-28T09:29:38.261Z"},{"date":"1955 Q2","value":"4719","year":"1955","month":"","quarter":"Q2","sourceDataset":"CSDB10","updateDate":"2016-01-28T09:29:38.261Z"},{"date":"1955 Q3","value":"4956","year":"1955","month":"","quarter":"Q3","sourceDataset":"CSDB10","updateDate":"2016-01-28T09:29:38.261Z"},{"date":"1955 Q4","value":"5090","year":"1955","month":"","quarter":"Q4","sourceDataset":"CSDB10","updateDate":"2016-01-28T09:29:38.261Z"},{"date":"1956 Q1","value":"5039","year":"1956","month":"","quarter":"Q1","sourceDataset":"CSDB10","updateDate":"2016-01-28T09:29:38.261Z"},{"date":"1956 Q2","value":"5223","year":"1956","month":"","quarter":"Q2","sourceDataset":"CSDB10","updateDate":"2016-01-28T09:29:38.261Z"},{"date":"1956 Q3","value":"5281","year":"1956","month":"","quarter":"Q3","sourceDataset":"CSDB10","updateDate":"2016-01-28T09:29:38.261Z"},{"date":"1956 Q4","value":"5563","year":"1956","month":"","quarter":"Q4","sourceDataset":"CSDB10","updateDate":"2016-01-28T09:29:38.261Z"},{"date":"1957 Q1","value":"5355","year":"1957","month":"","quarter":"Q1","sourceDataset":"CSDB10","updateDate":"2016-01-28T09:29:38.261Z"},{"date":"1957 Q2","value":"5537","year":"1957","month":"","quarter":"Q2","sourceDataset":"CSDB10","updateDate":"2016-01-28T09:29:38.261Z"},{"date":"1957 Q3","value":"5610","year":"1957","month":"","quarter":"Q3","sourceDataset":"CSDB10","updateDate":"2016-01-28T09:29:38.261Z"},{"date":"1957 Q4","value":"5869","year":"1957","month":"","quarter":"Q4","sourceDataset":"CSDB10","updateDate":"2016-01-28T09:29:38.261Z"},{"date":"1958 Q1","value":"5794","year":"1958","month":"","quarter":"Q1","sourceDataset":"CSDB10","updateDate":"2016-01-28T09:29:38.261Z"},{"date":"1958 Q2","value":"5760","year":"1958","month":"","quarter":"Q2","sourceDataset":"CSDB10","updateDate":"2016-01-28T09:29:38.261Z"},{"date":"1958 Q3","value":"5889","year":"1958","month":"","quarter":"Q3","sourceDataset":"CSDB10","updateDate":"2016-01-28T09:29:38.261Z"},{"date":"1958 Q4","value":"6055","year":"1958","month":"","quarter":"Q4","sourceDataset":"CSDB10","updateDate":"2016-01-28T09:29:38.261Z"},{"date":"1959 Q1","value":"5872","year":"1959","month":"","quarter":"Q1","sourceDataset":"CSDB10","updateDate":"2016-01-28T09:29:38.261Z"},{"date":"1959 Q2","value":"6133","year":"1959","month":"","quarter":"Q2","sourceDataset":"CSDB10","updateDate":"2016-01-28T09:29:38.261Z"},{"date":"1959 Q3","value":"6135","year":"1959","month":"","quarter":"Q3","sourceDataset":"CSDB10","updateDate":"2016-01-28T09:29:38.261Z"},{"date":"1959 Q4","value":"6434","year":"1959","month":"","quarter":"Q4","sourceDataset":"CSDB10","updateDate":"2016-01-28T09:29:38.261Z"},{"date":"1960 Q1","value":"6344","year":"1960","month":"","quarter":"Q1","sourceDataset":"CSDB10","updateDate":"2016-01-28T09:29:38.261Z"},{"date":"1960 Q2","value":"6523","year":"1960","month":"","quarter":"Q2","sourceDataset":"CSDB10","updateDate":"2016-01-28T09:29:38.261Z"},{"date":"1960 Q3","value":"6578","year":"1960","month":"","quarter":"Q3","sourceDataset":"CSDB10","updateDate":"2016-01-28T09:29:38.261Z"},{"date":"1960 Q4","value":"6874","year":"1960","month":"","quarter":"Q4","sourceDataset":"CSDB10","updateDate":"2016-01-28T09:29:38.261Z"},{"date":"1961 Q1","value":"6808","year":"1961","month":"","quarter":"Q1","sourceDataset":"CSDB10","updateDate":"2016-01-28T09:29:38.261Z"},{"date":"1961 Q2","value":"6913","year":"1961","month":"","quarter":"Q2","sourceDataset":"CSDB10","updateDate":"2016-01-28T09:29:38.261Z"},{"date":"1961 Q3","value":"7092","year":"1961","month":"","quarter":"Q3","sourceDataset":"CSDB10","updateDate":"2016-01-28T09:29:38.261Z"},{"date":"1961 Q4","value":"7140","year":"1961","month":"","quarter":"Q4","sourceDataset":"CSDB10","updateDate":"2016-01-28T09:29:38.261Z"},{"date":"1962 Q1","value":"7002","year":"1962","month":"","quarter":"Q1","sourceDataset":"CSDB10","updateDate":"2016-01-28T09:29:38.261Z"},{"date":"1962 Q2","value":"7367","year":"1962","month":"","quarter":"Q2","sourceDataset":"CSDB10","updateDate":"2016-01-28T09:29:38.261Z"},{"date":"1962 Q3","value":"7365","year":"1962","month":"","quarter":"Q3","sourceDataset":"CSDB10","updateDate":"2016-01-28T09:29:38.261Z"},{"date":"1962 Q4","value":"7549","year":"1962","month":"","quarter":"Q4","sourceDataset":"CSDB10","updateDate":"2016-01-28T09:29:38.261Z"},{"date":"1963 Q1","value":"7229","year":"1963","month":"","quarter":"Q1","sourceDataset":"CSDB10","updateDate":"2016-01-28T09:29:38.261Z"},{"date":"1963 Q2","value":"7843","year":"1963","month":"","quarter":"Q2","sourceDataset":"CSDB10","updateDate":"2016-01-28T09:29:38.261Z"},{"date":"1963 Q3","value":"7879","year":"1963","month":"","quarter":"Q3","sourceDataset":"CSDB10","updateDate":"2016-01-28T09:29:38.261Z"},{"date":"1963 Q4","value":"8289","year":"1963","month":"","quarter":"Q4","sourceDataset":"CSDB10","updateDate":"2016-01-28T09:29:38.261Z"},{"date":"1964 Q1","value":"8056","year":"1964","month":"","quarter":"Q1","sourceDataset":"CSDB10","updateDate":"2016-01-28T09:29:38.261Z"},{"date":"1964 Q2","value":"8500","year":"1964","month":"","quarter":"Q2","sourceDataset":"CSDB10","updateDate":"2016-01-28T09:29:38.261Z"},{"date":"1964 Q3","value":"8529","year":"1964","month":"","quarter":"Q3","sourceDataset":"CSDB10","updateDate":"2016-01-28T09:29:38.261Z"},{"date":"1964 Q4","value":"8962","year":"1964","month":"","quarter":"Q4","sourceDataset":"CSDB10","updateDate":"2016-01-28T09:29:38.261Z"},{"date":"1965 Q1","value":"8796","year":"1965","month":"","quarter":"Q1","sourceDataset":"CSDB10","updateDate":"2016-01-28T09:29:38.261Z"},{"date":"1965 Q2","value":"9110","year":"1965","month":"","quarter":"Q2","sourceDataset":"CSDB10","updateDate":"2016-01-28T09:29:38.261Z"},{"date":"1965 Q3","value":"9220","year":"1965","month":"","quarter":"Q3","sourceDataset":"CSDB10","updateDate":"2016-01-28T09:29:38.261Z"},{"date":"1965 Q4","value":"9610","year":"1965","month":"","quarter":"Q4","sourceDataset":"CSDB10","updateDate":"2016-01-28T09:29:38.261Z"},{"date":"1966 Q1","value":"9390","year":"1966","month":"","quarter":"Q1","sourceDataset":"CSDB10","updateDate":"2016-01-28T09:29:38.261Z"},{"date":"1966 Q2","value":"9726","year":"1966","month":"","quarter":"Q2","sourceDataset":"CSDB10","updateDate":"2016-01-28T09:29:38.261Z"},{"date":"1966 Q3","value":"9812","year":"1966","month":"","quarter":"Q3","sourceDataset":"CSDB10","updateDate":"2016-01-28T09:29:38.261Z"},{"date":"1966 Q4","value":"10168","year":"1966","month":"","quarter":"Q4","sourceDataset":"CSDB10","updateDate":"2016-01-28T09:29:38.261Z"},{"date":"1967 Q1","value":"9918","year":"1967","month":"","quarter":"Q1","sourceDataset":"CSDB10","updateDate":"2016-01-28T09:29:38.261Z"},{"date":"1967 Q2","value":"10308","year":"1967","month":"","quarter":"Q2","sourceDataset":"CSDB10","updateDate":"2016-01-28T09:29:38.261Z"},{"date":"1967 Q3","value":"10337","year":"1967","month":"","quarter":"Q3","sourceDataset":"CSDB10","updateDate":"2016-01-28T09:29:38.261Z"},{"date":"1967 Q4","value":"10710","year":"1967","month":"","quarter":"Q4","sourceDataset":"CSDB10","updateDate":"2016-01-28T09:29:38.261Z"},{"date":"1968 Q1","value":"10699","year":"1968","month":"","quarter":"Q1","sourceDataset":"CSDB10","updateDate":"2016-01-28T09:29:38.261Z"},{"date":"1968 Q2","value":"11042","year":"1968","month":"","quarter":"Q2","sourceDataset":"CSDB10","updateDate":"2016-01-28T09:29:38.261Z"},{"date":"1968 Q3","value":"11419","year":"1968","month":"","quarter":"Q3","sourceDataset":"CSDB10","updateDate":"2016-01-28T09:29:38.261Z"},{"date":"1968 Q4","value":"11996","year":"1968","month":"","quarter":"Q4","sourceDataset":"CSDB10","updateDate":"2016-01-28T09:29:38.261Z"},{"date":"1969 Q1","value":"11660","year":"1969","month":"","quarter":"Q1","sourceDataset":"CSDB10","updateDate":"2016-01-28T09:29:38.261Z"},{"date":"1969 Q2","value":"11995","year":"1969","month":"","quarter":"Q2","sourceDataset":"CSDB10","updateDate":"2016-01-28T09:29:38.261Z"},{"date":"1969 Q3","value":"12252","year":"1969","month":"","quarter":"Q3","sourceDataset":"CSDB10","updateDate":"2016-01-28T09:29:38.261Z"},{"date":"1969 Q4","value":"13039","year":"1969","month":"","quarter":"Q4","sourceDataset":"CSDB10","updateDate":"2016-01-28T09:29:38.261Z"},{"date":"1970 Q1","value":"12630","year":"1970","month":"","quarter":"Q1","sourceDataset":"CSDB10","updateDate":"2016-01-28T09:29:38.261Z"},{"date":"1970 Q2","value":"13473","year":"1970","month":"","quarter":"Q2","sourceDataset":"CSDB10","updateDate":"2016-01-28T09:29:38.261Z"},{"date":"1970 Q3","value":"13927","year":"1970","month":"","quarter":"Q3","sourceDataset":"CSDB10","updateDate":"2016-01-28T09:29:38.261Z"},{"date":"1970 Q4","value":"14891","year":"1970","month":"","quarter":"Q4","sourceDataset":"CSDB10","updateDate":"2016-01-28T09:29:38.261Z"},{"date":"1971 Q1","value":"14206","year":"1971","month":"","quarter":"Q1","sourceDataset":"CSDB10","updateDate":"2016-01-28T09:29:38.261Z"},{"date":"1971 Q2","value":"15001","year":"1971","month":"","quarter":"Q2","sourceDataset":"CSDB10","updateDate":"2016-01-28T09:29:38.261Z"},{"date":"1971 Q3","value":"15576","year":"1971","month":"","quarter":"Q3","sourceDataset":"CSDB10","updateDate":"2016-01-28T09:29:38.261Z"},{"date":"1971 Q4","value":"16468","year":"1971","month":"","quarter":"Q4","sourceDataset":"CSDB10","updateDate":"2016-01-28T09:29:38.261Z"},{"date":"1972 Q1","value":"15800","year":"1972","month":"","quarter":"Q1","sourceDataset":"CSDB10","updateDate":"2016-01-28T09:29:38.261Z"},{"date":"1972 Q2","value":"16738","year":"1972","month":"","quarter":"Q2","sourceDataset":"CSDB10","updateDate":"2016-01-28T09:29:38.261Z"},{"date":"1972 Q3","value":"17109","year":"1972","month":"","quarter":"Q3","sourceDataset":"CSDB10","updateDate":"2016-01-28T09:29:38.261Z"},{"date":"1972 Q4","value":"18706","year":"1972","month":"","quarter":"Q4","sourceDataset":"CSDB10","updateDate":"2016-01-28T09:29:38.261Z"},{"date":"1973 Q1","value":"18822","year":"1973","month":"","quarter":"Q1","sourceDataset":"CSDB10","updateDate":"2016-01-28T09:29:38.261Z"},{"date":"1973 Q2","value":"19038","year":"1973","month":"","quarter":"Q2","sourceDataset":"CSDB10","updateDate":"2016-01-28T09:29:38.261Z"},{"date":"1973 Q3","value":"20046","year":"1973","month":"","quarter":"Q3","sourceDataset":"CSDB10","updateDate":"2016-01-28T09:29:38.261Z"},{"date":"1973 Q4","value":"21436","year":"1973","month":"","quarter":"Q4","sourceDataset":"CSDB10","updateDate":"2016-01-28T09:29:38.261Z"},{"date":"1974 Q1","value":"19916","year":"1974","month":"","quarter":"Q1","sourceDataset":"CSDB10","updateDate":"2016-01-28T09:29:38.261Z"},{"date":"1974 Q2","value":"21411","year":"1974","month":"","quarter":"Q2","sourceDataset":"CSDB10","updateDate":"2016-01-28T09:29:38.261Z"},{"date":"1974 Q3","value":"22941","year":"1974","month":"","quarter":"Q3","sourceDataset":"CSDB10","updateDate":"2016-01-28T09:29:38.261Z"},{"date":"1974 Q4","value":"24726","year":"1974","month":"","quarter":"Q4","sourceDataset":"CSDB10","updateDate":"2016-01-28T09:29:38.261Z"},{"date":"1975 Q1","value":"24823","year":"1975","month":"","quarter":"Q1","sourceDataset":"CSDB10","updateDate":"2016-01-28T09:29:38.261Z"},{"date":"1975 Q2","value":"26302","year":"1975","month":"","quarter":"Q2","sourceDataset":"CSDB10","updateDate":"2016-01-28T09:29:38.261Z"},{"date":"1975 Q3","value":"27976","year":"1975","month":"","quarter":"Q3","sourceDataset":"CSDB10","updateDate":"2016-01-28T09:29:38.261Z"},{"date":"1975 Q4","value":"30291","year":"1975","month":"","quarter":"Q4","sourceDataset":"CSDB10","updateDate":"2016-01-28T09:29:38.261Z"},{"date":"1976 Q1","value":"30167","year":"1976","month":"","quarter":"Q1","sourceDataset":"CSDB10","updateDate":"2016-01-28T09:29:38.261Z"},{"date":"1976 Q2","value":"31044","year":"1976","month":"","quarter":"Q2","sourceDataset":"CSDB10","updateDate":"2016-01-28T09:29:38.261Z"},{"date":"1976 Q3","value":"32850","year":"1976","month":"","quarter":"Q3","sourceDataset":"CSDB10","updateDate":"2016-01-28T09:29:38.261Z"},{"date":"1976 Q4","value":"35718","year":"1976","month":"","quarter":"Q4","sourceDataset":"CSDB10","updateDate":"2016-01-28T09:29:38.261Z"},{"date":"1977 Q1","value":"34582","year":"1977","month":"","quarter":"Q1","sourceDataset":"CSDB10","updateDate":"2016-01-28T09:29:38.261Z"},{"date":"1977 Q2","value":"36145","year":"1977","month":"","quarter":"Q2","sourceDataset":"CSDB10","updateDate":"2016-01-28T09:29:38.261Z"},{"date":"1977 Q3","value":"37977","year":"1977","month":"","quarter":"Q3","sourceDataset":"CSDB10","updateDate":"2016-01-28T09:29:38.261Z"},{"date":"1977 Q4","value":"40678","year":"1977","month":"","quarter":"Q4","sourceDataset":"CSDB10","updateDate":"2016-01-28T09:29:38.261Z"},{"date":"1978 Q1","value":"40370","year":"1978","month":"","quarter":"Q1","sourceDataset":"CSDB10","updateDate":"2016-01-28T09:29:38.261Z"},{"date":"1978 Q2","value":"42292","year":"1978","month":"","quarter":"Q2","sourceDataset":"CSDB10","updateDate":"2016-01-28T09:29:38.261Z"},{"date":"1978 Q3","value":"44443","year":"1978","month":"","quarter":"Q3","sourceDataset":"CSDB10","updateDate":"2016-01-28T09:29:38.261Z"},{"date":"1978 Q4","value":"46960","year":"1978","month":"","quarter":"Q4","sourceDataset":"CSDB10","updateDate":"2016-01-28T09:29:38.261Z"},{"date":"1979 Q1","value":"46058","year":"1979","month":"","quarter":"Q1","sourceDataset":"CSDB10","updateDate":"2016-01-28T09:29:38.261Z"},{"date":"1979 Q2","value":"49313","year":"1979","month":"","quarter":"Q2","sourceDataset":"CSDB10","updateDate":"2016-01-28T09:29:38.261Z"},{"date":"1979 Q3","value":"53301","year":"1979","month":"","quarter":"Q3","sourceDataset":"CSDB10","updateDate":"2016-01-28T09:29:38.261Z"},{"date":"1979 Q4","value":"56532","year":"1979","month":"","quarter":"Q4","sourceDataset":"CSDB10","updateDate":"2016-01-28T09:29:38.261Z"},{"date":"1980 Q1","value":"56260","year":"1980","month":"","quarter":"Q1","sourceDataset":"CSDB10","updateDate":"2016-01-28T09:29:38.261Z"},{"date":"1980 Q2","value":"57644","year":"1980","month":"","quarter":"Q2","sourceDataset":"CSDB10","updateDate":"2016-01-28T09:29:38.262Z"},{"date":"1980 Q3","value":"61138","year":"1980","month":"","quarter":"Q3","sourceDataset":"CSDB10","updateDate":"2016-01-28T09:29:38.262Z"},{"date":"1980 Q4","value":"64352","year":"1980","month":"","quarter":"Q4","sourceDataset":"CSDB10","updateDate":"2016-01-28T09:29:38.262Z"},{"date":"1981 Q1","value":"62992","year":"1981","month":"","quarter":"Q1","sourceDataset":"CSDB10","updateDate":"2016-01-28T09:29:38.262Z"},{"date":"1981 Q2","value":"64412","year":"1981","month":"","quarter":"Q2","sourceDataset":"CSDB10","updateDate":"2016-01-28T09:29:38.262Z"},{"date":"1981 Q3","value":"66980","year":"1981","month":"","quarter":"Q3","sourceDataset":"CSDB10","updateDate":"2016-01-28T09:29:38.262Z"},{"date":"1981 Q4","value":"71224","year":"1981","month":"","quarter":"Q4","sourceDataset":"CSDB10","updateDate":"2016-01-28T09:29:38.262Z"},{"date":"1982 Q1","value":"69514","year":"1982","month":"","quarter":"Q1","sourceDataset":"CSDB10","updateDate":"2016-01-28T09:29:38.262Z"},{"date":"1982 Q2","value":"70528","year":"1982","month":"","quarter":"Q2","sourceDataset":"CSDB10","updateDate":"2016-01-28T09:29:38.262Z"},{"date":"1982 Q3","value":"73133","year":"1982","month":"","quarter":"Q3","sourceDataset":"CSDB10","updateDate":"2016-01-28T09:29:38.262Z"},{"date":"1982 Q4","value":"77115","year":"1982","month":"","quarter":"Q4","sourceDataset":"CSDB10","updateDate":"2016-01-28T09:29:38.262Z"},{"date":"1983 Q1","value":"77039","year":"1983","month":"","quarter":"Q1","sourceDataset":"CSDB10","updateDate":"2016-01-28T09:29:38.262Z"},{"date":"1983 Q2","value":"76682","year":"1983","month":"","quarter":"Q2","sourceDataset":"CSDB10","updateDate":"2016-01-28T09:29:38.262Z"},{"date":"1983 Q3","value":"81538","year":"1983","month":"","quarter":"Q3","sourceDataset":"CSDB10","updateDate":"2016-01-28T09:29:38.262Z"},{"date":"1983 Q4","value":"84675","year":"1983","month":"","quarter":"Q4","sourceDataset":"CSDB10","updateDate":"2016-01-28T09:29:38.262Z"},{"date":"1984 Q1","value":"83204","year":"1984","month":"","quarter":"Q1","sourceDataset":"CSDB10","updateDate":"2016-01-28T09:29:38.262Z"},{"date":"1984 Q2","value":"82249","year":"1984","month":"","quarter":"Q2","sourceDataset":"CSDB10","updateDate":"2016-01-28T09:29:38.262Z"},{"date":"1984 Q3","value":"86439","year":"1984","month":"","quarter":"Q3","sourceDataset":"CSDB10","updateDate":"2016-01-28T09:29:38.262Z"},{"date":"1984 Q4","value":"92720","year":"1984","month":"","quarter":"Q4","sourceDataset":"CSDB10","updateDate":"2016-01-28T09:29:38.262Z"},{"date":"1985 Q1","value":"90460","year":"1985","month":"","quarter":"Q1","sourceDataset":"CSDB10","updateDate":"2016-01-28T09:29:38.262Z"},{"date":"1985 Q2","value":"90947","year":"1985","month":"","quarter":"Q2","sourceDataset":"CSDB10","updateDate":"2016-01-28T09:29:38.262Z"},{"date":"1985 Q3","value":"95457","year":"1985","month":"","quarter":"Q3","sourceDataset":"CSDB10","updateDate":"2016-01-28T09:29:38.262Z"},{"date":"1985 Q4","value":"99949","year":"1985","month":"","quarter":"Q4","sourceDataset":"CSDB10","updateDate":"2016-01-28T09:29:38.262Z"},{"date":"1986 Q1","value":"99240","year":"1986","month":"","quarter":"Q1","sourceDataset":"CSDB10","updateDate":"2016-01-28T09:29:38.262Z"},{"date":"1986 Q2","value":"98665","year":"1986","month":"","quarter":"Q2","sourceDataset":"CSDB10","updateDate":"2016-01-28T09:29:38.262Z"},{"date":"1986 Q3","value":"101818","year":"1986","month":"","quarter":"Q3","sourceDataset":"CSDB10","updateDate":"2016-01-28T09:29:38.262Z"},{"date":"1986 Q4","value":"108281","year":"1986","month":"","quarter":"Q4","sourceDataset":"CSDB10","updateDate":"2016-01-28T09:29:38.262Z"},{"date":"1987 Q1","value":"108221","year":"1987","month":"","quarter":"Q1","sourceDataset":"CSDB10","updateDate":"2016-01-28T09:29:38.262Z"},{"date":"1987 Q2","value":"108815","year":"1987","month":"","quarter":"Q2","sourceDataset":"CSDB10","updateDate":"2016-01-28T09:29:38.262Z"},{"date":"1987 Q3","value":"116918","year":"1987","month":"","quarter":"Q3","sourceDataset":"CSDB10","updateDate":"2016-01-28T09:29:38.262Z"},{"date":"1987 Q4","value":"121429","year":"1987","month":"","quarter":"Q4","sourceDataset":"CSDB10","updateDate":"2016-01-28T09:29:38.262Z"},{"date":"1988 Q1","value":"121294","year":"1988","month":"","quarter":"Q1","sourceDataset":"CSDB10","updateDate":"2016-01-28T09:29:38.262Z"},{"date":"1988 Q2","value":"123545","year":"1988","month":"","quarter":"Q2","sourceDataset":"CSDB10","updateDate":"2016-01-28T09:29:38.262Z"},{"date":"1988 Q3","value":"129639","year":"1988","month":"","quarter":"Q3","sourceDataset":"CSDB10","updateDate":"2016-01-28T09:29:38.262Z"},{"date":"1988 Q4","value":"136232","year":"1988","month":"","quarter":"Q4","sourceDataset":"CSDB10","updateDate":"2016-01-28T09:29:38.262Z"},{"date":"1989 Q1","value":"135337","year":"1989","month":"","quarter":"Q1","sourceDataset":"CSDB10","updateDate":"2016-01-28T09:29:38.262Z"},{"date":"1989 Q2","value":"136302","year":"1989","month":"","quarter":"Q2","sourceDataset":"CSDB10","updateDate":"2016-01-28T09:29:38.262Z"},{"date":"1989 Q3","value":"143020","year":"1989","month":"","quarter":"Q3","sourceDataset":"CSDB10","updateDate":"2016-01-28T09:29:38.262Z"},{"date":"1989 Q4","value":"149576","year":"1989","month":"","quarter":"Q4","sourceDataset":"CSDB10","updateDate":"2016-01-28T09:29:38.262Z"},{"date":"1990 Q1","value":"146301","year":"1990","month":"","quarter":"Q1","sourceDataset":"CSDB10","updateDate":"2016-01-28T09:29:38.262Z"},{"date":"1990 Q2","value":"149262","year":"1990","month":"","quarter":"Q2","sourceDataset":"CSDB10","updateDate":"2016-01-28T09:29:38.262Z"},{"date":"1990 Q3","value":"156119","year":"1990","month":"","quarter":"Q3","sourceDataset":"CSDB10","updateDate":"2016-01-28T09:29:38.262Z"},{"date":"1990 Q4","value":"159911","year":"1990","month":"","quarter":"Q4","sourceDataset":"CSDB10","updateDate":"2016-01-28T09:29:38.262Z"},{"date":"1991 Q1","value":"154556","year":"1991","month":"","quarter":"Q1","sourceDataset":"CSDB10","updateDate":"2016-01-28T09:29:38.262Z"},{"date":"1991 Q2","value":"156811","year":"1991","month":"","quarter":"Q2","sourceDataset":"CSDB10","updateDate":"2016-01-28T09:29:38.262Z"},{"date":"1991 Q3","value":"163037","year":"1991","month":"","quarter":"Q3","sourceDataset":"CSDB10","updateDate":"2016-01-28T09:29:38.262Z"},{"date":"1991 Q4","value":"168679","year":"1991","month":"","quarter":"Q4","sourceDataset":"CSDB10","updateDate":"2016-01-28T09:29:38.262Z"},{"date":"1992 Q1","value":"164814","year":"1992","month":"","quarter":"Q1","sourceDataset":"CSDB10","updateDate":"2016-01-28T09:29:38.262Z"},{"date":"1992 Q2","value":"163981","year":"1992","month":"","quarter":"Q2","sourceDataset":"CSDB10","updateDate":"2016-01-28T09:29:38.262Z"},{"date":"1992 Q3","value":"168761","year":"1992","month":"","quarter":"Q3","sourceDataset":"CSDB10","updateDate":"2016-01-28T09:29:38.262Z"},{"date":"1992 Q4","value":"174527","year":"1992","month":"","quarter":"Q4","sourceDataset":"CSDB10","updateDate":"2016-01-28T09:29:38.262Z"},{"date":"1993 Q1","value":"170381","year":"1993","month":"","quarter":"Q1","sourceDataset":"CSDB10","updateDate":"2016-01-28T09:29:38.262Z"},{"date":"1993 Q2","value":"171788","year":"1993","month":"","quarter":"Q2","sourceDataset":"CSDB10","updateDate":"2016-01-28T09:29:38.262Z"},{"date":"1993 Q3","value":"178721","year":"1993","month":"","quarter":"Q3","sourceDataset":"CSDB10","updateDate":"2016-01-28T09:29:38.262Z"},{"date":"1993 Q4","value":"185514","year":"1993","month":"","quarter":"Q4","sourceDataset":"CSDB10","updateDate":"2016-01-28T09:29:38.262Z"},{"date":"1994 Q1","value":"182858","year":"1994","month":"","quarter":"Q1","sourceDataset":"CSDB10","updateDate":"2016-01-28T09:29:38.262Z"},{"date":"1994 Q2","value":"182119","year":"1994","month":"","quarter":"Q2","sourceDataset":"CSDB10","updateDate":"2016-01-28T09:29:38.262Z"},{"date":"1994 Q3","value":"188950","year":"1994","month":"","quarter":"Q3","sourceDataset":"CSDB10","updateDate":"2016-01-28T09:29:38.262Z"},{"date":"1994 Q4","value":"194010","year":"1994","month":"","quarter":"Q4","sourceDataset":"CSDB10","updateDate":"2016-01-28T09:29:38.262Z"},{"date":"1995 Q1","value":"190362","year":"1995","month":"","quarter":"Q1","sourceDataset":"CSDB10","updateDate":"2016-01-28T09:29:38.262Z"},{"date":"1995 Q2","value":"190618","year":"1995","month":"","quarter":"Q2","sourceDataset":"CSDB10","updateDate":"2016-01-28T09:29:38.262Z"},{"date":"1995 Q3","value":"197204","year":"1995","month":"","quarter":"Q3","sourceDataset":"CSDB10","updateDate":"2016-01-28T09:29:38.262Z"},{"date":"1995 Q4","value":"205246","year":"1995","month":"","quarter":"Q4","sourceDataset":"CSDB10","updateDate":"2016-01-28T09:29:38.262Z"},{"date":"1996 Q1","value":"203957","year":"1996","month":"","quarter":"Q1","sourceDataset":"CSDB10","updateDate":"2016-01-28T09:29:38.262Z"},{"date":"1996 Q2","value":"205940","year":"1996","month":"","quarter":"Q2","sourceDataset":"CSDB10","updateDate":"2016-01-28T09:29:38.262Z"},{"date":"1996 Q3","value":"209698","year":"1996","month":"","quarter":"Q3","sourceDataset":"CSDB10","updateDate":"2016-01-28T09:29:38.262Z"},{"date":"1996 Q4","value":"217278","year":"1996","month":"","quarter":"Q4","sourceDataset":"CSDB10","updateDate":"2016-01-28T09:29:38.262Z"},{"date":"1997 Q1","value":"216031","year":"1997","month":"","quarter":"Q1","sourceDataset":"CSDB10","updateDate":"2016-01-28T09:29:38.262Z"},{"date":"1997 Q2","value":"219041","year":"1997","month":"","quarter":"Q2","sourceDataset":"CSDB10","updateDate":"2016-01-28T09:29:38.262Z"},{"date":"1997 Q3","value":"221901","year":"1997","month":"","quarter":"Q3","sourceDataset":"CSDB10","updateDate":"2016-01-28T09:29:38.262Z"},{"date":"1997 Q4","value":"226985","year":"1997","month":"","quarter":"Q4","sourceDataset":"CSDB10","updateDate":"2016-01-28T09:29:38.262Z"},{"date":"1998 Q1","value":"228224","year":"1998","month":"","quarter":"Q1","sourceDataset":"CSDB10","updateDate":"2016-01-28T09:29:38.262Z"},{"date":"1998 Q2","value":"229243","year":"1998","month":"","quarter":"Q2","sourceDataset":"CSDB10","updateDate":"2016-01-28T09:29:38.262Z"},{"date":"1998 Q3","value":"239502","year":"1998","month":"","quarter":"Q3","sourceDataset":"CSDB10","updateDate":"2016-01-28T09:29:38.262Z"},{"date":"1998 Q4","value":"243735","year":"1998","month":"","quarter":"Q4","sourceDataset":"CSDB10","updateDate":"2016-01-28T09:29:38.262Z"},{"date":"1999 Q1","value":"238372","year":"1999","month":"","quarter":"Q1","sourceDataset":"CSDB10","updateDate":"2016-01-28T09:29:38.262Z"},{"date":"1999 Q2","value":"235451","year":"1999","month":"","quarter":"Q2","sourceDataset":"CSDB10","updateDate":"2016-01-28T09:29:38.262Z"},{"date":"1999 Q3","value":"245208","year":"1999","month":"","quarter":"Q3","sourceDataset":"CSDB10","updateDate":"2016-01-28T09:29:38.262Z"},{"date":"1999 Q4","value":"247930","year":"1999","month":"","quarter":"Q4","sourceDataset":"CSDB10","updateDate":"2016-01-28T09:29:38.262Z"},{"date":"2000 Q1","value":"255727","year":"2000","month":"","quarter":"Q1","sourceDataset":"CSDB10","updateDate":"2016-01-28T09:29:38.262Z"},{"date":"2000 Q2","value":"252618","year":"2000","month":"","quarter":"Q2","sourceDataset":"CSDB10","updateDate":"2016-01-28T09:29:38.262Z"},{"date":"2000 Q3","value":"263726","year":"2000","month":"","quarter":"Q3","sourceDataset":"CSDB10","updateDate":"2016-01-28T09:29:38.262Z"},{"date":"2000 Q4","value":"262757","year":"2000","month":"","quarter":"Q4","sourceDataset":"CSDB10","updateDate":"2016-01-28T09:29:38.262Z"},{"date":"2001 Q1","value":"268701","year":"2001","month":"","quarter":"Q1","sourceDataset":"CSDB10","updateDate":"2016-01-28T09:29:38.262Z"},{"date":"2001 Q2","value":"264635","year":"2001","month":"","quarter":"Q2","sourceDataset":"CSDB10","updateDate":"2016-01-28T09:29:38.262Z"},{"date":"2001 Q3","value":"271992","year":"2001","month":"","quarter":"Q3","sourceDataset":"CSDB10","updateDate":"2016-01-28T09:29:38.262Z"},{"date":"2001 Q4","value":"272951","year":"2001","month":"","quarter":"Q4","sourceDataset":"CSDB10","updateDate":"2016-01-28T09:29:38.262Z"},{"date":"2002 Q1","value":"280865","year":"2002","month":"","quarter":"Q1","sourceDataset":"CSDB10","updateDate":"2016-01-28T09:29:38.262Z"},{"date":"2002 Q2","value":"276632","year":"2002","month":"","quarter":"Q2","sourceDataset":"CSDB10","updateDate":"2016-01-28T09:29:38.262Z"},{"date":"2002 Q3","value":"289129","year":"2002","month":"","quarter":"Q3","sourceDataset":"CSDB10","updateDate":"2016-01-28T09:29:38.262Z"},{"date":"2002 Q4","value":"293337","year":"2002","month":"","quarter":"Q4","sourceDataset":"CSDB10","updateDate":"2016-01-28T09:29:38.262Z"},{"date":"2003 Q1","value":"301236","year":"2003","month":"","quarter":"Q1","sourceDataset":"CSDB10","updateDate":"2016-01-28T09:29:38.262Z"},{"date":"2003 Q2","value":"293774","year":"2003","month":"","quarter":"Q2","sourceDataset":"CSDB10","updateDate":"2016-01-28T09:29:38.262Z"},{"date":"2003 Q3","value":"304578","year":"2003","month":"","quarter":"Q3","sourceDataset":"CSDB10","updateDate":"2016-01-28T09:29:38.262Z"},{"date":"2003 Q4","value":"311170","year":"2003","month":"","quarter":"Q4","sourceDataset":"CSDB10","updateDate":"2016-01-28T09:29:38.262Z"},{"date":"2004 Q1","value":"317603","year":"2004","month":"","quarter":"Q1","sourceDataset":"CSDB10","updateDate":"2016-01-28T09:29:38.262Z"},{"date":"2004 Q2","value":"311149","year":"2004","month":"","quarter":"Q2","sourceDataset":"CSDB10","updateDate":"2016-01-28T09:29:38.262Z"},{"date":"2004 Q3","value":"320355","year":"2004","month":"","quarter":"Q3","sourceDataset":"CSDB10","updateDate":"2016-01-28T09:29:38.262Z"},{"date":"2004 Q4","value":"329483","year":"2004","month":"","quarter":"Q4","sourceDataset":"CSDB10","updateDate":"2016-01-28T09:29:38.262Z"},{"date":"2005 Q1","value":"334922","year":"2005","month":"","quarter":"Q1","sourceDataset":"CSDB10","updateDate":"2016-01-28T09:29:38.262Z"},{"date":"2005 Q2","value":"336575","year":"2005","month":"","quarter":"Q2","sourceDataset":"CSDB10","updateDate":"2016-01-28T09:29:38.262Z"},{"date":"2005 Q3","value":"341809","year":"2005","month":"","quarter":"Q3","sourceDataset":"CSDB10","updateDate":"2016-01-28T09:29:38.262Z"},{"date":"2005 Q4","value":"349747","year":"2005","month":"","quarter":"Q4","sourceDataset":"CSDB10","updateDate":"2016-01-28T09:29:38.262Z"},{"date":"2006 Q1","value":"354838","year":"2006","month":"","quarter":"Q1","sourceDataset":"CSDB10","updateDate":"2016-01-28T09:29:38.262Z"},{"date":"2006 Q2","value":"346500","year":"2006","month":"","quarter":"Q2","sourceDataset":"CSDB10","updateDate":"2016-01-28T09:29:38.262Z"},{"date":"2006 Q3","value":"357364","year":"2006","month":"","quarter":"Q3","sourceDataset":"CSDB10","updateDate":"2016-01-28T09:29:38.262Z"},{"date":"2006 Q4","value":"364446","year":"2006","month":"","quarter":"Q4","sourceDataset":"CSDB10","updateDate":"2016-01-28T09:29:38.262Z"},{"date":"2007 Q1","value":"376269","year":"2007","month":"","quarter":"Q1","sourceDataset":"CSDB10","updateDate":"2016-01-28T09:29:38.262Z"},{"date":"2007 Q2","value":"364441","year":"2007","month":"","quarter":"Q2","sourceDataset":"CSDB10","updateDate":"2016-01-28T09:29:38.262Z"},{"date":"2007 Q3","value":"376470","year":"2007","month":"","quarter":"Q3","sourceDataset":"CSDB10","updateDate":"2016-01-28T09:29:38.262Z"},{"date":"2007 Q4","value":"383530","year":"2007","month":"","quarter":"Q4","sourceDataset":"CSDB10","updateDate":"2016-01-28T09:29:38.262Z"},{"date":"2008 Q1","value":"395286","year":"2008","month":"","quarter":"Q1","sourceDataset":"CSDB10","updateDate":"2016-01-28T09:29:38.262Z"},{"date":"2008 Q2","value":"377190","year":"2008","month":"","quarter":"Q2","sourceDataset":"CSDB10","updateDate":"2016-01-28T09:29:38.262Z"},{"date":"2008 Q3","value":"381715","year":"2008","month":"","quarter":"Q3","sourceDataset":"CSDB10","updateDate":"2016-01-28T09:29:38.262Z"},{"date":"2008 Q4","value":"370742","year":"2008","month":"","quarter":"Q4","sourceDataset":"CSDB10","updateDate":"2016-01-28T09:29:38.262Z"},{"date":"2009 Q1","value":"369769","year":"2009","month":"","quarter":"Q1","sourceDataset":"CSDB10","updateDate":"2016-01-28T09:29:38.262Z"},{"date":"2009 Q2","value":"360612","year":"2009","month":"","quarter":"Q2","sourceDataset":"CSDB10","updateDate":"2016-01-28T09:29:38.262Z"},{"date":"2009 Q3","value":"378282","year":"2009","month":"","quarter":"Q3","sourceDataset":"CSDB10","updateDate":"2016-01-28T09:29:38.262Z"},{"date":"2009 Q4","value":"382434","year":"2009","month":"","quarter":"Q4","sourceDataset":"CSDB10","updateDate":"2016-01-28T09:29:38.262Z"},{"date":"2010 Q1","value":"395836","year":"2010","month":"","quarter":"Q1","sourceDataset":"CSDB10","updateDate":"2016-01-28T09:29:38.262Z"},{"date":"2010 Q2","value":"388675","year":"2010","month":"","quarter":"Q2","sourceDataset":"CSDB10","updateDate":"2016-01-28T09:29:38.262Z"},{"date":"2010 Q3","value":"391659","year":"2010","month":"","quarter":"Q3","sourceDataset":"CSDB10","updateDate":"2016-01-28T09:29:38.262Z"},{"date":"2010 Q4","value":"399572","year":"2010","month":"","quarter":"Q4","sourceDataset":"CSDB10","updateDate":"2016-01-28T09:29:38.262Z"},{"date":"2011 Q1","value":"414450","year":"2011","month":"","quarter":"Q1","sourceDataset":"CSDB10","updateDate":"2016-01-28T09:29:38.262Z"},{"date":"2011 Q2","value":"405170","year":"2011","month":"","quarter":"Q2","sourceDataset":"CSDB10","updateDate":"2016-01-28T09:29:38.262Z"},{"date":"2011 Q3","value":"404261","year":"2011","month":"","quarter":"Q3","sourceDataset":"CSDB10","updateDate":"2016-01-28T09:29:38.262Z"},{"date":"2011 Q4","value":"416085","year":"2011","month":"","quarter":"Q4","sourceDataset":"CSDB10","updateDate":"2016-01-28T09:29:38.262Z"},{"date":"2012 Q1","value":"421576","year":"2012","month":"","quarter":"Q1","sourceDataset":"CSDB10","updateDate":"2016-01-28T09:29:38.262Z"},{"date":"2012 Q2","value":"407187","year":"2012","month":"","quarter":"Q2","sourceDataset":"CSDB10","updateDate":"2016-01-28T09:29:38.262Z"},{"date":"2012 Q3","value":"413113","year":"2012","month":"","quarter":"Q3","sourceDataset":"CSDB10","updateDate":"2016-01-28T09:29:38.262Z"},{"date":"2012 Q4","value":"424437","year":"2012","month":"","quarter":"Q4","sourceDataset":"CSDB10","updateDate":"2016-01-28T09:29:38.262Z"},{"date":"2013 Q1","value":"428948","year":"2013","month":"","quarter":"Q1","sourceDataset":"CSDB10","updateDate":"2016-01-28T09:29:38.262Z"},{"date":"2013 Q2","value":"423641","year":"2013","month":"","quarter":"Q2","sourceDataset":"CSDB10","updateDate":"2016-01-28T09:29:38.262Z"},{"date":"2013 Q3","value":"425182","year":"2013","month":"","quarter":"Q3","sourceDataset":"CSDB10","updateDate":"2016-01-28T09:29:38.262Z"},{"date":"2013 Q4","value":"440347","year":"2013","month":"","quarter":"Q4","sourceDataset":"CSDB10","updateDate":"2016-01-28T09:29:38.262Z"},{"date":"2014 Q1","value":"450903","year":"2014","month":"","quarter":"Q1","sourceDataset":"CSDB10","updateDate":"2016-01-28T09:29:38.262Z"},{"date":"2014 Q2","value":"441599","year":"2014","month":"","quarter":"Q2","sourceDataset":"CSDB10","updateDate":"2016-01-28T09:29:38.262Z"},{"date":"2014 Q3","value":"441257","year":"2014","month":"","quarter":"Q3","sourceDataset":"CSDB10","updateDate":"2016-01-28T09:29:38.262Z"},{"date":"2014 Q4","value":"450574","year":"2014","month":"","quarter":"Q4","sourceDataset":"CSDB10","updateDate":"2016-01-28T09:29:38.262Z"},{"date":"2015 Q1","value":"463605","year":"2015","month":"","quarter":"Q1","sourceDataset":"CSDB10","updateDate":"2016-01-28T09:29:38.262Z"},{"date":"2015 Q2","value":"449641","year":"2015","month":"","quarter":"Q2","sourceDataset":"CSDB10","updateDate":"2016-01-28T09:29:38.262Z"},{"date":"2015 Q3","value":"456597","year":"2015","month":"","quarter":"Q3","sourceDataset":"CSDB10","updateDate":"2016-01-28T09:29:38.262Z"}],"months":[],"sourceDatasets":["CSDB10"],"relatedDatasets":[{"uri":"/economy/environmentalaccounts/datasets/werwerwerwerwerwr/2015"}],"relatedDocuments":[],"type":"timeseries","description":{"title":"Gross National Income: Current price: NSA                               ","contact":{"email":"","name":"","telephone":""},"releaseDate":"2016-01-27T00:00:00.000Z","nextRelease":"","cdid":"ABMX","unit":"","preUnit":"","source":"","seasonalAdjustment":"NSA","date":"2015 Q3","number":"456597"}}