{"years":[{"date":"1948","value":"287882","year":"1948","month":"","quarter":"","sourceDataset":"CSDB2","updateDate":"2016-01-27T15:25:46.195Z"},{"date":"1949","value":"298627","year":"1949","month":"","quarter":"","sourceDataset":"CSDB2","updateDate":"2016-01-27T15:25:46.195Z"},{"date":"1950","value":"308031","year":"1950","month":"","quarter":"","sourceDataset":"CSDB2","updateDate":"2016-01-27T15:25:46.195Z"},{"date":"1951","value":"318824","year":"1951","month":"","quarter":"","sourceDataset":"CSDB2","updateDate":"2016-01-27T15:25:46.195Z"},{"date":"1952","value":"325322","year":"1952","month":"","quarter":"","sourceDataset":"CSDB2","updateDate":"2016-01-27T15:25:46.195Z"},{"date":"1953","value":"343771","year":"1953","month":"","quarter":"","sourceDataset":"CSDB2","updateDate":"2016-01-27T15:25:46.195Z"},{"date":"1954","value":"359237","year":"1954","month":"","quarter":"","sourceDataset":"CSDB2","updateDate":"2016-01-27T15:25:46.195Z"},{"date":"1955","value":"372210","year":"1955","month":"","quarter":"","sourceDataset":"CSDB2","updateDate":"2016-01-27T15:25:46.195Z"},{"date":"1956","value":"379258","year":"1956","month":"","quarter":"","sourceDataset":"CSDB2","updateDate":"2016-01-27T15:25:46.195Z"},{"date":"1957","value":"387392","year":"1957","month":"","quarter":"","sourceDataset":"CSDB2","updateDate":"2016-01-27T15:25:46.195Z"},{"date":"1958","value":"391308","year":"1958","month":"","quarter":"","sourceDataset":"CSDB2","updateDate":"2016-01-27T15:25:46.195Z"},{"date":"1959","value":"406105","year":"1959","month":"","quarter":"","sourceDataset":"CSDB2","updateDate":"2016-01-27T15:25:46.195Z"},{"date":"1960","value":"433060","year":"1960","month":"","quarter":"","sourceDataset":"CSDB2","updateDate":"2016-01-27T15:25:46.195Z"},{"date":"1961","value":"445375","year":"1961","month":"","quarter":"","sourceDataset":"CSDB2","updateDate":"2016-01-27T15:25:46.195Z"},{"date":"1962","value":"451080","year":"1962","month":"","quarter":"","sourceDataset":"CSDB2","updateDate":"2016-01-27T15:25:46.195Z"},{"date":"1963","value":"474776","year":"1963","month":"","quarter":"","sourceDataset":"CSDB2","updateDate":"2016-01-27T15:25:46.195Z"},{"date":"1964","value":"501539","year":"1964","month":"","quarter":"","sourceDataset":"CSDB2","updateDate":"2016-01-27T15:25:46.195Z"},{"date":"1965","value":"514090","year":"1965","month":"","quarter":"","sourceDataset":"CSDB2","updateDate":"2016-01-27T15:25:46.195Z"},{"date":"1966","value":"521226","year":"1966","month":"","quarter":"","sourceDataset":"CSDB2","updateDate":"2016-01-27T15:25:46.195Z"},{"date":"1967","value":"533215","year":"1967","month":"","quarter":"","sourceDataset":"CSDB2","updateDate":"2016-01-27T15:25:46.195Z"},{"date":"1968","value":"563511","year":"1968","month":"","quarter":"","sourceDataset":"CSDB2","updateDate":"2016-01-27T15:25:46.195Z"},{"date":"1969","value":"574884","year":"1969","month":"","quarter":"","sourceDataset":"CSDB2","updateDate":"2016-01-27T15:25:46.195Z"},{"date":"1970","value":"589969","year":"1970","month":"","quarter":"","sourceDataset":"CSDB2","updateDate":"2016-01-27T15:25:46.195Z"},{"date":"1971","value":"612357","year":"1971","month":"","quarter":"","sourceDataset":"CSDB2","updateDate":"2016-01-27T15:25:46.195Z"},{"date":"1972","value":"638584","year":"1972","month":"","quarter":"","sourceDataset":"CSDB2","updateDate":"2016-01-27T15:25:46.195Z"},{"date":"1973","value":"682321","year":"1973","month":"","quarter":"","sourceDataset":"CSDB2","updateDate":"2016-01-27T15:25:46.195Z"},{"date":"1974","value":"666599","year":"1974","month":"","quarter":"","sourceDataset":"CSDB2","updateDate":"2016-01-27T15:25:46.195Z"},{"date":"1975","value":"656542","year":"1975","month":"","quarter":"","sourceDataset":"CSDB2","updateDate":"2016-01-27T15:25:46.195Z"},{"date":"1976","value":"675049","year":"1976","month":"","quarter":"","sourceDataset":"CSDB2","updateDate":"2016-01-27T15:25:46.195Z"},{"date":"1977","value":"691554","year":"1977","month":"","quarter":"","sourceDataset":"CSDB2","updateDate":"2016-01-27T15:25:46.195Z"},{"date":"1978","value":"716648","year":"1978","month":"","quarter":"","sourceDataset":"CSDB2","updateDate":"2016-01-27T15:25:46.195Z"},{"date":"1979","value":"739817","year":"1979","month":"","quarter":"","sourceDataset":"CSDB2","updateDate":"2016-01-27T15:25:46.195Z"},{"date":"1980","value":"723977","year":"1980","month":"","quarter":"","sourceDataset":"CSDB2","updateDate":"2016-01-27T15:25:46.195Z"},{"date":"1981","value":"719830","year":"1981","month":"","quarter":"","sourceDataset":"CSDB2","updateDate":"2016-01-27T15:25:46.195Z"},{"date":"1982","value":"737035","year":"1982","month":"","quarter":"","sourceDataset":"CSDB2","updateDate":"2016-01-27T15:25:46.195Z"},{"date":"1983","value":"767737","year":"1983","month":"","quarter":"","sourceDataset":"CSDB2","updateDate":"2016-01-27T15:25:46.195Z"},{"date":"1984","value":"782430","year":"1984","month":"","quarter":"","sourceDataset":"CSDB2","updateDate":"2016-01-27T15:25:46.195Z"},{"date":"1985","value":"816404","year":"1985","month":"","quarter":"","sourceDataset":"CSDB2","updateDate":"2016-01-27T15:25:46.195Z"},{"date":"1986","value":"839797","year":"1986","month":"","quarter":"","sourceDataset":"CSDB2","updateDate":"2016-01-27T15:25:46.195Z"},{"date":"1987","value":"885936","year":"1987","month":"","quarter":"","sourceDataset":"CSDB2","updateDate":"2016-01-27T15:25:46.195Z"},{"date":"1988","value":"937566","year":"1988","month":"","quarter":"","sourceDataset":"CSDB2","updateDate":"2016-01-27T15:25:46.195Z"},{"date":"1989","value":"961926","year":"1989","month":"","quarter":"","sourceDataset":"CSDB2","updateDate":"2016-01-27T15:25:46.195Z"},{"date":"1990","value":"969581","year":"1990","month":"","quarter":"","sourceDataset":"CSDB2","updateDate":"2016-01-27T15:25:46.195Z"},{"date":"1991","value":"961435","year":"1991","month":"","quarter":"","sourceDataset":"CSDB2","updateDate":"2016-01-27T15:25:46.195Z"},{"date":"1992","value":"967401","year":"1992","month":"","quarter":"","sourceDataset":"CSDB2","updateDate":"2016-01-27T15:25:46.195Z"},{"date":"1993","value":"993553","year":"1993","month":"","quarter":"","sourceDataset":"CSDB2","updateDate":"2016-01-27T15:25:46.195Z"},{"date":"1994","value":"1031051","year":"1994","month":"","quarter":"","sourceDataset":"CSDB2","updateDate":"2016-01-27T15:25:46.195Z"},{"date":"1995","value":"1053443","year":"1995","month":"","quarter":"","sourceDataset":"CSDB2","updateDate":"2016-01-27T15:25:46.195Z"},{"date":"1996","value":"1080052","year":"1996","month":"","quarter":"","sourceDataset":"CSDB2","updateDate":"2016-01-27T15:25:46.195Z"},{"date":"1997","value":"1111103","year":"1997","month":"","quarter":"","sourceDataset":"CSDB2","updateDate":"2016-01-27T15:25:46.195Z"},{"date":"1998","value":"1150975","year":"1998","month":"","quarter":"","sourceDataset":"CSDB2","updateDate":"2016-01-27T15:25:46.195Z"},{"date":"1999","value":"1188346","year":"1999","month":"","quarter":"","sourceDataset":"CSDB2","updateDate":"2016-01-27T15:25:46.195Z"},{"date":"2000","value":"1234345","year":"2000","month":"","quarter":"","sourceDataset":"CSDB2","updateDate":"2016-01-27T15:25:46.195Z"},{"date":"2001","value":"1265107","year":"2001","month":"","quarter":"","sourceDataset":"CSDB2","updateDate":"2016-01-27T15:25:46.195Z"},{"date":"2002","value":"1293255","year":"2002","month":"","quarter":"","sourceDataset":"CSDB2","updateDate":"2016-01-27T15:25:46.195Z"},{"date":"2003","value":"1337207","year":"2003","month":"","quarter":"","sourceDataset":"CSDB2","updateDate":"2016-01-27T15:25:46.195Z"},{"date":"2004","value":"1367688","year":"2004","month":"","quarter":"","sourceDataset":"CSDB2","updateDate":"2016-01-27T15:25:46.195Z"},{"date":"2005","value":"1412732","year":"2005","month":"","quarter":"","sourceDataset":"CSDB2","updateDate":"2016-01-27T15:25:46.195Z"},{"date":"2006","value":"1449829","year":"2006","month":"","quarter":"","sourceDataset":"CSDB2","updateDate":"2016-01-27T15:25:46.195Z"},{"date":"2007","value":"1486995","year":"2007","month":"","quarter":"","sourceDataset":"CSDB2","updateDate":"2016-01-27T15:25:46.195Z"},{"date":"2008","value":"1483607","year":"2008","month":"","quarter":"","sourceDataset":"CSDB2","updateDate":"2016-01-27T15:25:46.195Z"},{"date":"2009","value":"1419415","year":"2009","month":"","quarter":"","sourceDataset":"CSDB2","updateDate":"2016-01-27T15:25:46.195Z"},{"date":"2010","value":"1444101","year":"2010","month":"","quarter":"","sourceDataset":"CSDB2","updateDate":"2016-01-27T15:25:46.195Z"},{"date":"2011","value":"1470835","year":"2011","month":"","quarter":"","sourceDataset":"CSDB2","updateDate":"2016-01-27T15:25:46.195Z"},{"date":"2012","value":"1485776","year":"2012","month":"","quarter":"","sourceDataset":"CSDB2","updateDate":"2016-01-27T15:25:46.195Z"},{"date":"2013","value":"1518468","year":"2013","month":"","quarter":"","sourceDataset":"CSDB2","updateDate":"2016-01-27T15:25:46.195Z"},{"date":"2014","value":"1559831","year":"2014","month":"","quarter":"","sourceDataset":"CSDB2","updateDate":"2016-01-27T15:25:46.195Z"}],"quarters":[{"date":"1955 Q1","value":"92480","year":"1955","month":"","quarter":"Q1","sourceDataset":"CSDB2","updateDate":"2016-01-27T15:25:46.195Z"},{"date":"1955 Q2","value":"92303","year":"1955","month":"","quarter":"Q2","sourceDataset":"CSDB2","updateDate":"2016-01-27T15:25:46.195Z"},{"date":"1955 Q3","value":"93852","year":"1955","month":"","quarter":"Q3","sourceDataset":"CSDB2","updateDate":"2016-01-27T15:25:46.195Z"},{"date":"1955 Q4","value":"93575","year":"1955","month":"","quarter":"Q4","sourceDataset":"CSDB2","updateDate":"2016-01-27T15:25:46.195Z"},{"date":"1956 Q1","value":"94701","year":"1956","month":"","quarter":"Q1","sourceDataset":"CSDB2","updateDate":"2016-01-27T15:25:46.195Z"},{"date":"1956 Q2","value":"94852","year":"1956","month":"","quarter":"Q2","sourceDataset":"CSDB2","updateDate":"2016-01-27T15:25:46.195Z"},{"date":"1956 Q3","value":"94797","year":"1956","month":"","quarter":"Q3","sourceDataset":"CSDB2","updateDate":"2016-01-27T15:25:46.195Z"},{"date":"1956 Q4","value":"94908","year":"1956","month":"","quarter":"Q4","sourceDataset":"CSDB2","updateDate":"2016-01-27T15:25:46.195Z"},{"date":"1957 Q1","value":"97065","year":"1957","month":"","quarter":"Q1","sourceDataset":"CSDB2","updateDate":"2016-01-27T15:25:46.195Z"},{"date":"1957 Q2","value":"97196","year":"1957","month":"","quarter":"Q2","sourceDataset":"CSDB2","updateDate":"2016-01-27T15:25:46.195Z"},{"date":"1957 Q3","value":"96448","year":"1957","month":"","quarter":"Q3","sourceDataset":"CSDB2","updateDate":"2016-01-27T15:25:46.195Z"},{"date":"1957 Q4","value":"96683","year":"1957","month":"","quarter":"Q4","sourceDataset":"CSDB2","updateDate":"2016-01-27T15:25:46.195Z"},{"date":"1958 Q1","value":"98699","year":"1958","month":"","quarter":"Q1","sourceDataset":"CSDB2","updateDate":"2016-01-27T15:25:46.195Z"},{"date":"1958 Q2","value":"96005","year":"1958","month":"","quarter":"Q2","sourceDataset":"CSDB2","updateDate":"2016-01-27T15:25:46.195Z"},{"date":"1958 Q3","value":"98359","year":"1958","month":"","quarter":"Q3","sourceDataset":"CSDB2","updateDate":"2016-01-27T15:25:46.195Z"},{"date":"1958 Q4","value":"98245","year":"1958","month":"","quarter":"Q4","sourceDataset":"CSDB2","updateDate":"2016-01-27T15:25:46.195Z"},{"date":"1959 Q1","value":"98776","year":"1959","month":"","quarter":"Q1","sourceDataset":"CSDB2","updateDate":"2016-01-27T15:25:46.195Z"},{"date":"1959 Q2","value":"99998","year":"1959","month":"","quarter":"Q2","sourceDataset":"CSDB2","updateDate":"2016-01-27T15:25:46.195Z"},{"date":"1959 Q3","value":"102489","year":"1959","month":"","quarter":"Q3","sourceDataset":"CSDB2","updateDate":"2016-01-27T15:25:46.195Z"},{"date":"1959 Q4","value":"104842","year":"1959","month":"","quarter":"Q4","sourceDataset":"CSDB2","updateDate":"2016-01-27T15:25:46.195Z"},{"date":"1960 Q1","value":"107624","year":"1960","month":"","quarter":"Q1","sourceDataset":"CSDB2","updateDate":"2016-01-27T15:25:46.195Z"},{"date":"1960 Q2","value":"106962","year":"1960","month":"","quarter":"Q2","sourceDataset":"CSDB2","updateDate":"2016-01-27T15:25:46.195Z"},{"date":"1960 Q3","value":"108830","year":"1960","month":"","quarter":"Q3","sourceDataset":"CSDB2","updateDate":"2016-01-27T15:25:46.195Z"},{"date":"1960 Q4","value":"109644","year":"1960","month":"","quarter":"Q4","sourceDataset":"CSDB2","updateDate":"2016-01-27T15:25:46.195Z"},{"date":"1961 Q1","value":"111273","year":"1961","month":"","quarter":"Q1","sourceDataset":"CSDB2","updateDate":"2016-01-27T15:25:46.195Z"},{"date":"1961 Q2","value":"111729","year":"1961","month":"","quarter":"Q2","sourceDataset":"CSDB2","updateDate":"2016-01-27T15:25:46.195Z"},{"date":"1961 Q3","value":"111326","year":"1961","month":"","quarter":"Q3","sourceDataset":"CSDB2","updateDate":"2016-01-27T15:25:46.195Z"},{"date":"1961 Q4","value":"111047","year":"1961","month":"","quarter":"Q4","sourceDataset":"CSDB2","updateDate":"2016-01-27T15:25:46.195Z"},{"date":"1962 Q1","value":"111872","year":"1962","month":"","quarter":"Q1","sourceDataset":"CSDB2","updateDate":"2016-01-27T15:25:46.195Z"},{"date":"1962 Q2","value":"112784","year":"1962","month":"","quarter":"Q2","sourceDataset":"CSDB2","updateDate":"2016-01-27T15:25:46.195Z"},{"date":"1962 Q3","value":"113371","year":"1962","month":"","quarter":"Q3","sourceDataset":"CSDB2","updateDate":"2016-01-27T15:25:46.195Z"},{"date":"1962 Q4","value":"113053","year":"1962","month":"","quarter":"Q4","sourceDataset":"CSDB2","updateDate":"2016-01-27T15:25:46.195Z"},{"date":"1963 Q1","value":"114394","year":"1963","month":"","quarter":"Q1","sourceDataset":"CSDB2","updateDate":"2016-01-27T15:25:46.195Z"},{"date":"1963 Q2","value":"118908","year":"1963","month":"","quarter":"Q2","sourceDataset":"CSDB2","updateDate":"2016-01-27T15:25:46.195Z"},{"date":"1963 Q3","value":"119226","year":"1963","month":"","quarter":"Q3","sourceDataset":"CSDB2","updateDate":"2016-01-27T15:25:46.195Z"},{"date":"1963 Q4","value":"122248","year":"1963","month":"","quarter":"Q4","sourceDataset":"CSDB2","updateDate":"2016-01-27T15:25:46.195Z"},{"date":"1964 Q1","value":"123638","year":"1964","month":"","quarter":"Q1","sourceDataset":"CSDB2","updateDate":"2016-01-27T15:25:46.195Z"},{"date":"1964 Q2","value":"125153","year":"1964","month":"","quarter":"Q2","sourceDataset":"CSDB2","updateDate":"2016-01-27T15:25:46.195Z"},{"date":"1964 Q3","value":"125544","year":"1964","month":"","quarter":"Q3","sourceDataset":"CSDB2","updateDate":"2016-01-27T15:25:46.195Z"},{"date":"1964 Q4","value":"127204","year":"1964","month":"","quarter":"Q4","sourceDataset":"CSDB2","updateDate":"2016-01-27T15:25:46.195Z"},{"date":"1965 Q1","value":"127472","year":"1965","month":"","quarter":"Q1","sourceDataset":"CSDB2","updateDate":"2016-01-27T15:25:46.195Z"},{"date":"1965 Q2","value":"128108","year":"1965","month":"","quarter":"Q2","sourceDataset":"CSDB2","updateDate":"2016-01-27T15:25:46.195Z"},{"date":"1965 Q3","value":"128889","year":"1965","month":"","quarter":"Q3","sourceDataset":"CSDB2","updateDate":"2016-01-27T15:25:46.195Z"},{"date":"1965 Q4","value":"129621","year":"1965","month":"","quarter":"Q4","sourceDataset":"CSDB2","updateDate":"2016-01-27T15:25:46.195Z"},{"date":"1966 Q1","value":"129639","year":"1966","month":"","quarter":"Q1","sourceDataset":"CSDB2","updateDate":"2016-01-27T15:25:46.195Z"},{"date":"1966 Q2","value":"130191","year":"1966","month":"","quarter":"Q2","sourceDataset":"CSDB2","updateDate":"2016-01-27T15:25:46.195Z"},{"date":"1966 Q3","value":"130979","year":"1966","month":"","quarter":"Q3","sourceDataset":"CSDB2","updateDate":"2016-01-27T15:25:46.195Z"},{"date":"1966 Q4","value":"130417","year":"1966","month":"","quarter":"Q4","sourceDataset":"CSDB2","updateDate":"2016-01-27T15:25:46.195Z"},{"date":"1967 Q1","value":"131537","year":"1967","month":"","quarter":"Q1","sourceDataset":"CSDB2","updateDate":"2016-01-27T15:25:46.195Z"},{"date":"1967 Q2","value":"133072","year":"1967","month":"","quarter":"Q2","sourceDataset":"CSDB2","updateDate":"2016-01-27T15:25:46.195Z"},{"date":"1967 Q3","value":"133883","year":"1967","month":"","quarter":"Q3","sourceDataset":"CSDB2","updateDate":"2016-01-27T15:25:46.195Z"},{"date":"1967 Q4","value":"134723","year":"1967","month":"","quarter":"Q4","sourceDataset":"CSDB2","updateDate":"2016-01-27T15:25:46.195Z"},{"date":"1968 Q1","value":"139386","year":"1968","month":"","quarter":"Q1","sourceDataset":"CSDB2","updateDate":"2016-01-27T15:25:46.195Z"},{"date":"1968 Q2","value":"139687","year":"1968","month":"","quarter":"Q2","sourceDataset":"CSDB2","updateDate":"2016-01-27T15:25:46.195Z"},{"date":"1968 Q3","value":"142141","year":"1968","month":"","quarter":"Q3","sourceDataset":"CSDB2","updateDate":"2016-01-27T15:25:46.195Z"},{"date":"1968 Q4","value":"142297","year":"1968","month":"","quarter":"Q4","sourceDataset":"CSDB2","updateDate":"2016-01-27T15:25:46.195Z"},{"date":"1969 Q1","value":"142457","year":"1969","month":"","quarter":"Q1","sourceDataset":"CSDB2","updateDate":"2016-01-27T15:25:46.195Z"},{"date":"1969 Q2","value":"143301","year":"1969","month":"","quarter":"Q2","sourceDataset":"CSDB2","updateDate":"2016-01-27T15:25:46.195Z"},{"date":"1969 Q3","value":"144083","year":"1969","month":"","quarter":"Q3","sourceDataset":"CSDB2","updateDate":"2016-01-27T15:25:46.195Z"},{"date":"1969 Q4","value":"145043","year":"1969","month":"","quarter":"Q4","sourceDataset":"CSDB2","updateDate":"2016-01-27T15:25:46.195Z"},{"date":"1970 Q1","value":"143929","year":"1970","month":"","quarter":"Q1","sourceDataset":"CSDB2","updateDate":"2016-01-27T15:25:46.195Z"},{"date":"1970 Q2","value":"147234","year":"1970","month":"","quarter":"Q2","sourceDataset":"CSDB2","updateDate":"2016-01-27T15:25:46.195Z"},{"date":"1970 Q3","value":"148119","year":"1970","month":"","quarter":"Q3","sourceDataset":"CSDB2","updateDate":"2016-01-27T15:25:46.195Z"},{"date":"1970 Q4","value":"150687","year":"1970","month":"","quarter":"Q4","sourceDataset":"CSDB2","updateDate":"2016-01-27T15:25:46.195Z"},{"date":"1971 Q1","value":"149675","year":"1971","month":"","quarter":"Q1","sourceDataset":"CSDB2","updateDate":"2016-01-27T15:25:46.195Z"},{"date":"1971 Q2","value":"152084","year":"1971","month":"","quarter":"Q2","sourceDataset":"CSDB2","updateDate":"2016-01-27T15:25:46.195Z"},{"date":"1971 Q3","value":"154818","year":"1971","month":"","quarter":"Q3","sourceDataset":"CSDB2","updateDate":"2016-01-27T15:25:46.195Z"},{"date":"1971 Q4","value":"155780","year":"1971","month":"","quarter":"Q4","sourceDataset":"CSDB2","updateDate":"2016-01-27T15:25:46.195Z"},{"date":"1972 Q1","value":"155566","year":"1972","month":"","quarter":"Q1","sourceDataset":"CSDB2","updateDate":"2016-01-27T15:25:46.195Z"},{"date":"1972 Q2","value":"159484","year":"1972","month":"","quarter":"Q2","sourceDataset":"CSDB2","updateDate":"2016-01-27T15:25:46.195Z"},{"date":"1972 Q3","value":"160393","year":"1972","month":"","quarter":"Q3","sourceDataset":"CSDB2","updateDate":"2016-01-27T15:25:46.195Z"},{"date":"1972 Q4","value":"163141","year":"1972","month":"","quarter":"Q4","sourceDataset":"CSDB2","updateDate":"2016-01-27T15:25:46.195Z"},{"date":"1973 Q1","value":"171245","year":"1973","month":"","quarter":"Q1","sourceDataset":"CSDB2","updateDate":"2016-01-27T15:25:46.195Z"},{"date":"1973 Q2","value":"171948","year":"1973","month":"","quarter":"Q2","sourceDataset":"CSDB2","updateDate":"2016-01-27T15:25:46.195Z"},{"date":"1973 Q3","value":"169932","year":"1973","month":"","quarter":"Q3","sourceDataset":"CSDB2","updateDate":"2016-01-27T15:25:46.195Z"},{"date":"1973 Q4","value":"169196","year":"1973","month":"","quarter":"Q4","sourceDataset":"CSDB2","updateDate":"2016-01-27T15:25:46.195Z"},{"date":"1974 Q1","value":"164750","year":"1974","month":"","quarter":"Q1","sourceDataset":"CSDB2","updateDate":"2016-01-27T15:25:46.195Z"},{"date":"1974 Q2","value":"167161","year":"1974","month":"","quarter":"Q2","sourceDataset":"CSDB2","updateDate":"2016-01-27T15:25:46.195Z"},{"date":"1974 Q3","value":"168751","year":"1974","month":"","quarter":"Q3","sourceDataset":"CSDB2","updateDate":"2016-01-27T15:25:46.195Z"},{"date":"1974 Q4","value":"165937","year":"1974","month":"","quarter":"Q4","sourceDataset":"CSDB2","updateDate":"2016-01-27T15:25:46.195Z"},{"date":"1975 Q1","value":"166008","year":"1975","month":"","quarter":"Q1","sourceDataset":"CSDB2","updateDate":"2016-01-27T15:25:46.195Z"},{"date":"1975 Q2","value":"163355","year":"1975","month":"","quarter":"Q2","sourceDataset":"CSDB2","updateDate":"2016-01-27T15:25:46.195Z"},{"date":"1975 Q3","value":"162469","year":"1975","month":"","quarter":"Q3","sourceDataset":"CSDB2","updateDate":"2016-01-27T15:25:46.195Z"},{"date":"1975 Q4","value":"164710","year":"1975","month":"","quarter":"Q4","sourceDataset":"CSDB2","updateDate":"2016-01-27T15:25:46.195Z"},{"date":"1976 Q1","value":"167170","year":"1976","month":"","quarter":"Q1","sourceDataset":"CSDB2","updateDate":"2016-01-27T15:25:46.195Z"},{"date":"1976 Q2","value":"166790","year":"1976","month":"","quarter":"Q2","sourceDataset":"CSDB2","updateDate":"2016-01-27T15:25:46.195Z"},{"date":"1976 Q3","value":"168845","year":"1976","month":"","quarter":"Q3","sourceDataset":"CSDB2","updateDate":"2016-01-27T15:25:46.195Z"},{"date":"1976 Q4","value":"172244","year":"1976","month":"","quarter":"Q4","sourceDataset":"CSDB2","updateDate":"2016-01-27T15:25:46.195Z"},{"date":"1977 Q1","value":"173315","year":"1977","month":"","quarter":"Q1","sourceDataset":"CSDB2","updateDate":"2016-01-27T15:25:46.195Z"},{"date":"1977 Q2","value":"171224","year":"1977","month":"","quarter":"Q2","sourceDataset":"CSDB2","updateDate":"2016-01-27T15:25:46.195Z"},{"date":"1977 Q3","value":"172130","year":"1977","month":"","quarter":"Q3","sourceDataset":"CSDB2","updateDate":"2016-01-27T15:25:46.195Z"},{"date":"1977 Q4","value":"174885","year":"1977","month":"","quarter":"Q4","sourceDataset":"CSDB2","updateDate":"2016-01-27T15:25:46.195Z"},{"date":"1978 Q1","value":"176338","year":"1978","month":"","quarter":"Q1","sourceDataset":"CSDB2","updateDate":"2016-01-27T15:25:46.195Z"},{"date":"1978 Q2","value":"177975","year":"1978","month":"","quarter":"Q2","sourceDataset":"CSDB2","updateDate":"2016-01-27T15:25:46.195Z"},{"date":"1978 Q3","value":"180298","year":"1978","month":"","quarter":"Q3","sourceDataset":"CSDB2","updateDate":"2016-01-27T15:25:46.195Z"},{"date":"1978 Q4","value":"182037","year":"1978","month":"","quarter":"Q4","sourceDataset":"CSDB2","updateDate":"2016-01-27T15:25:46.195Z"},{"date":"1979 Q1","value":"180542","year":"1979","month":"","quarter":"Q1","sourceDataset":"CSDB2","updateDate":"2016-01-27T15:25:46.195Z"},{"date":"1979 Q2","value":"187983","year":"1979","month":"","quarter":"Q2","sourceDataset":"CSDB2","updateDate":"2016-01-27T15:25:46.195Z"},{"date":"1979 Q3","value":"184994","year":"1979","month":"","quarter":"Q3","sourceDataset":"CSDB2","updateDate":"2016-01-27T15:25:46.195Z"},{"date":"1979 Q4","value":"186298","year":"1979","month":"","quarter":"Q4","sourceDataset":"CSDB2","updateDate":"2016-01-27T15:25:46.195Z"},{"date":"1980 Q1","value":"183596","year":"1980","month":"","quarter":"Q1","sourceDataset":"CSDB2","updateDate":"2016-01-27T15:25:46.195Z"},{"date":"1980 Q2","value":"181209","year":"1980","month":"","quarter":"Q2","sourceDataset":"CSDB2","updateDate":"2016-01-27T15:25:46.195Z"},{"date":"1980 Q3","value":"180781","year":"1980","month":"","quarter":"Q3","sourceDataset":"CSDB2","updateDate":"2016-01-27T15:25:46.195Z"},{"date":"1980 Q4","value":"178391","year":"1980","month":"","quarter":"Q4","sourceDataset":"CSDB2","updateDate":"2016-01-27T15:25:46.195Z"},{"date":"1981 Q1","value":"177918","year":"1981","month":"","quarter":"Q1","sourceDataset":"CSDB2","updateDate":"2016-01-27T15:25:46.195Z"},{"date":"1981 Q2","value":"178997","year":"1981","month":"","quarter":"Q2","sourceDataset":"CSDB2","updateDate":"2016-01-27T15:25:46.195Z"},{"date":"1981 Q3","value":"181120","year":"1981","month":"","quarter":"Q3","sourceDataset":"CSDB2","updateDate":"2016-01-27T15:25:46.195Z"},{"date":"1981 Q4","value":"181795","year":"1981","month":"","quarter":"Q4","sourceDataset":"CSDB2","updateDate":"2016-01-27T15:25:46.195Z"},{"date":"1982 Q1","value":"181708","year":"1982","month":"","quarter":"Q1","sourceDataset":"CSDB2","updateDate":"2016-01-27T15:25:46.195Z"},{"date":"1982 Q2","value":"184282","year":"1982","month":"","quarter":"Q2","sourceDataset":"CSDB2","updateDate":"2016-01-27T15:25:46.195Z"},{"date":"1982 Q3","value":"185048","year":"1982","month":"","quarter":"Q3","sourceDataset":"CSDB2","updateDate":"2016-01-27T15:25:46.195Z"},{"date":"1982 Q4","value":"185997","year":"1982","month":"","quarter":"Q4","sourceDataset":"CSDB2","updateDate":"2016-01-27T15:25:46.195Z"},{"date":"1983 Q1","value":"189752","year":"1983","month":"","quarter":"Q1","sourceDataset":"CSDB2","updateDate":"2016-01-27T15:25:46.195Z"},{"date":"1983 Q2","value":"190736","year":"1983","month":"","quarter":"Q2","sourceDataset":"CSDB2","updateDate":"2016-01-27T15:25:46.195Z"},{"date":"1983 Q3","value":"192873","year":"1983","month":"","quarter":"Q3","sourceDataset":"CSDB2","updateDate":"2016-01-27T15:25:46.195Z"},{"date":"1983 Q4","value":"194376","year":"1983","month":"","quarter":"Q4","sourceDataset":"CSDB2","updateDate":"2016-01-27T15:25:46.195Z"},{"date":"1984 Q1","value":"195797","year":"1984","month":"","quarter":"Q1","sourceDataset":"CSDB2","updateDate":"2016-01-27T15:25:46.195Z"},{"date":"1984 Q2","value":"193750","year":"1984","month":"","quarter":"Q2","sourceDataset":"CSDB2","updateDate":"2016-01-27T15:25:46.195Z"},{"date":"1984 Q3","value":"194663","year":"1984","month":"","quarter":"Q3","sourceDataset":"CSDB2","updateDate":"2016-01-27T15:25:46.195Z"},{"date":"1984 Q4","value":"198220","year":"1984","month":"","quarter":"Q4","sourceDataset":"CSDB2","updateDate":"2016-01-27T15:25:46.195Z"},{"date":"1985 Q1","value":"200601","year":"1985","month":"","quarter":"Q1","sourceDataset":"CSDB2","updateDate":"2016-01-27T15:25:46.195Z"},{"date":"1985 Q2","value":"205187","year":"1985","month":"","quarter":"Q2","sourceDataset":"CSDB2","updateDate":"2016-01-27T15:25:46.195Z"},{"date":"1985 Q3","value":"205126","year":"1985","month":"","quarter":"Q3","sourceDataset":"CSDB2","updateDate":"2016-01-27T15:25:46.195Z"},{"date":"1985 Q4","value":"205490","year":"1985","month":"","quarter":"Q4","sourceDataset":"CSDB2","updateDate":"2016-01-27T15:25:46.195Z"},{"date":"1986 Q1","value":"206897","year":"1986","month":"","quarter":"Q1","sourceDataset":"CSDB2","updateDate":"2016-01-27T15:25:46.195Z"},{"date":"1986 Q2","value":"208885","year":"1986","month":"","quarter":"Q2","sourceDataset":"CSDB2","updateDate":"2016-01-27T15:25:46.195Z"},{"date":"1986 Q3","value":"210421","year":"1986","month":"","quarter":"Q3","sourceDataset":"CSDB2","updateDate":"2016-01-27T15:25:46.195Z"},{"date":"1986 Q4","value":"213594","year":"1986","month":"","quarter":"Q4","sourceDataset":"CSDB2","updateDate":"2016-01-27T15:25:46.195Z"},{"date":"1987 Q1","value":"215392","year":"1987","month":"","quarter":"Q1","sourceDataset":"CSDB2","updateDate":"2016-01-27T15:25:46.195Z"},{"date":"1987 Q2","value":"219482","year":"1987","month":"","quarter":"Q2","sourceDataset":"CSDB2","updateDate":"2016-01-27T15:25:46.195Z"},{"date":"1987 Q3","value":"224192","year":"1987","month":"","quarter":"Q3","sourceDataset":"CSDB2","updateDate":"2016-01-27T15:25:46.195Z"},{"date":"1987 Q4","value":"226870","year":"1987","month":"","quarter":"Q4","sourceDataset":"CSDB2","updateDate":"2016-01-27T15:25:46.195Z"},{"date":"1988 Q1","value":"230830","year":"1988","month":"","quarter":"Q1","sourceDataset":"CSDB2","updateDate":"2016-01-27T15:25:46.195Z"},{"date":"1988 Q2","value":"232279","year":"1988","month":"","quarter":"Q2","sourceDataset":"CSDB2","updateDate":"2016-01-27T15:25:46.195Z"},{"date":"1988 Q3","value":"236044","year":"1988","month":"","quarter":"Q3","sourceDataset":"CSDB2","updateDate":"2016-01-27T15:25:46.195Z"},{"date":"1988 Q4","value":"238413","year":"1988","month":"","quarter":"Q4","sourceDataset":"CSDB2","updateDate":"2016-01-27T15:25:46.195Z"},{"date":"1989 Q1","value":"239343","year":"1989","month":"","quarter":"Q1","sourceDataset":"CSDB2","updateDate":"2016-01-27T15:25:46.195Z"},{"date":"1989 Q2","value":"240442","year":"1989","month":"","quarter":"Q2","sourceDataset":"CSDB2","updateDate":"2016-01-27T15:25:46.195Z"},{"date":"1989 Q3","value":"240706","year":"1989","month":"","quarter":"Q3","sourceDataset":"CSDB2","updateDate":"2016-01-27T15:25:46.195Z"},{"date":"1989 Q4","value":"241435","year":"1989","month":"","quarter":"Q4","sourceDataset":"CSDB2","updateDate":"2016-01-27T15:25:46.195Z"},{"date":"1990 Q1","value":"242924","year":"1990","month":"","quarter":"Q1","sourceDataset":"CSDB2","updateDate":"2016-01-27T15:25:46.195Z"},{"date":"1990 Q2","value":"243767","year":"1990","month":"","quarter":"Q2","sourceDataset":"CSDB2","updateDate":"2016-01-27T15:25:46.195Z"},{"date":"1990 Q3","value":"241679","year":"1990","month":"","quarter":"Q3","sourceDataset":"CSDB2","updateDate":"2016-01-27T15:25:46.195Z"},{"date":"1990 Q4","value":"241211","year":"1990","month":"","quarter":"Q4","sourceDataset":"CSDB2","updateDate":"2016-01-27T15:25:46.195Z"},{"date":"1991 Q1","value":"240258","year":"1991","month":"","quarter":"Q1","sourceDataset":"CSDB2","updateDate":"2016-01-27T15:25:46.195Z"},{"date":"1991 Q2","value":"240256","year":"1991","month":"","quarter":"Q2","sourceDataset":"CSDB2","updateDate":"2016-01-27T15:25:46.195Z"},{"date":"1991 Q3","value":"240292","year":"1991","month":"","quarter":"Q3","sourceDataset":"CSDB2","updateDate":"2016-01-27T15:25:46.195Z"},{"date":"1991 Q4","value":"240629","year":"1991","month":"","quarter":"Q4","sourceDataset":"CSDB2","updateDate":"2016-01-27T15:25:46.195Z"},{"date":"1992 Q1","value":"240407","year":"1992","month":"","quarter":"Q1","sourceDataset":"CSDB2","updateDate":"2016-01-27T15:25:46.195Z"},{"date":"1992 Q2","value":"240642","year":"1992","month":"","quarter":"Q2","sourceDataset":"CSDB2","updateDate":"2016-01-27T15:25:46.195Z"},{"date":"1992 Q3","value":"242330","year":"1992","month":"","quarter":"Q3","sourceDataset":"CSDB2","updateDate":"2016-01-27T15:25:46.195Z"},{"date":"1992 Q4","value":"244022","year":"1992","month":"","quarter":"Q4","sourceDataset":"CSDB2","updateDate":"2016-01-27T15:25:46.195Z"},{"date":"1993 Q1","value":"245686","year":"1993","month":"","quarter":"Q1","sourceDataset":"CSDB2","updateDate":"2016-01-27T15:25:46.195Z"},{"date":"1993 Q2","value":"247241","year":"1993","month":"","quarter":"Q2","sourceDataset":"CSDB2","updateDate":"2016-01-27T15:25:46.195Z"},{"date":"1993 Q3","value":"249484","year":"1993","month":"","quarter":"Q3","sourceDataset":"CSDB2","updateDate":"2016-01-27T15:25:46.195Z"},{"date":"1993 Q4","value":"251142","year":"1993","month":"","quarter":"Q4","sourceDataset":"CSDB2","updateDate":"2016-01-27T15:25:46.195Z"},{"date":"1994 Q1","value":"253958","year":"1994","month":"","quarter":"Q1","sourceDataset":"CSDB2","updateDate":"2016-01-27T15:25:46.195Z"},{"date":"1994 Q2","value":"256827","year":"1994","month":"","quarter":"Q2","sourceDataset":"CSDB2","updateDate":"2016-01-27T15:25:46.195Z"},{"date":"1994 Q3","value":"259277","year":"1994","month":"","quarter":"Q3","sourceDataset":"CSDB2","updateDate":"2016-01-27T15:25:46.195Z"},{"date":"1994 Q4","value":"260989","year":"1994","month":"","quarter":"Q4","sourceDataset":"CSDB2","updateDate":"2016-01-27T15:25:46.195Z"},{"date":"1995 Q1","value":"261533","year":"1995","month":"","quarter":"Q1","sourceDataset":"CSDB2","updateDate":"2016-01-27T15:25:46.195Z"},{"date":"1995 Q2","value":"262132","year":"1995","month":"","quarter":"Q2","sourceDataset":"CSDB2","updateDate":"2016-01-27T15:25:46.195Z"},{"date":"1995 Q3","value":"264523","year":"1995","month":"","quarter":"Q3","sourceDataset":"CSDB2","updateDate":"2016-01-27T15:25:46.195Z"},{"date":"1995 Q4","value":"265255","year":"1995","month":"","quarter":"Q4","sourceDataset":"CSDB2","updateDate":"2016-01-27T15:25:46.195Z"},{"date":"1996 Q1","value":"268237","year":"1996","month":"","quarter":"Q1","sourceDataset":"CSDB2","updateDate":"2016-01-27T15:25:46.195Z"},{"date":"1996 Q2","value":"269461","year":"1996","month":"","quarter":"Q2","sourceDataset":"CSDB2","updateDate":"2016-01-27T15:25:46.195Z"},{"date":"1996 Q3","value":"270596","year":"1996","month":"","quarter":"Q3","sourceDataset":"CSDB2","updateDate":"2016-01-27T15:25:46.195Z"},{"date":"1996 Q4","value":"271758","year":"1996","month":"","quarter":"Q4","sourceDataset":"CSDB2","updateDate":"2016-01-27T15:25:46.195Z"},{"date":"1997 Q1","value":"273982","year":"1997","month":"","quarter":"Q1","sourceDataset":"CSDB2","updateDate":"2016-01-27T15:25:46.195Z"},{"date":"1997 Q2","value":"276542","year":"1997","month":"","quarter":"Q2","sourceDataset":"CSDB2","updateDate":"2016-01-27T15:25:46.195Z"},{"date":"1997 Q3","value":"278456","year":"1997","month":"","quarter":"Q3","sourceDataset":"CSDB2","updateDate":"2016-01-27T15:25:46.195Z"},{"date":"1997 Q4","value":"282123","year":"1997","month":"","quarter":"Q4","sourceDataset":"CSDB2","updateDate":"2016-01-27T15:25:46.195Z"},{"date":"1998 Q1","value":"284338","year":"1998","month":"","quarter":"Q1","sourceDataset":"CSDB2","updateDate":"2016-01-27T15:25:46.195Z"},{"date":"1998 Q2","value":"286381","year":"1998","month":"","quarter":"Q2","sourceDataset":"CSDB2","updateDate":"2016-01-27T15:25:46.195Z"},{"date":"1998 Q3","value":"288564","year":"1998","month":"","quarter":"Q3","sourceDataset":"CSDB2","updateDate":"2016-01-27T15:25:46.195Z"},{"date":"1998 Q4","value":"291692","year":"1998","month":"","quarter":"Q4","sourceDataset":"CSDB2","updateDate":"2016-01-27T15:25:46.195Z"},{"date":"1999 Q1","value":"292981","year":"1999","month":"","quarter":"Q1","sourceDataset":"CSDB2","updateDate":"2016-01-27T15:25:46.195Z"},{"date":"1999 Q2","value":"294103","year":"1999","month":"","quarter":"Q2","sourceDataset":"CSDB2","updateDate":"2016-01-27T15:25:46.195Z"},{"date":"1999 Q3","value":"298667","year":"1999","month":"","quarter":"Q3","sourceDataset":"CSDB2","updateDate":"2016-01-27T15:25:46.195Z"},{"date":"1999 Q4","value":"302595","year":"1999","month":"","quarter":"Q4","sourceDataset":"CSDB2","updateDate":"2016-01-27T15:25:46.195Z"},{"date":"2000 Q1","value":"305678","year":"2000","month":"","quarter":"Q1","sourceDataset":"CSDB2","updateDate":"2016-01-27T15:25:46.195Z"},{"date":"2000 Q2","value":"308011","year":"2000","month":"","quarter":"Q2","sourceDataset":"CSDB2","updateDate":"2016-01-27T15:25:46.195Z"},{"date":"2000 Q3","value":"309764","year":"2000","month":"","quarter":"Q3","sourceDataset":"CSDB2","updateDate":"2016-01-27T15:25:46.195Z"},{"date":"2000 Q4","value":"310892","year":"2000","month":"","quarter":"Q4","sourceDataset":"CSDB2","updateDate":"2016-01-27T15:25:46.195Z"},{"date":"2001 Q1","value":"314344","year":"2001","month":"","quarter":"Q1","sourceDataset":"CSDB2","updateDate":"2016-01-27T15:25:46.195Z"},{"date":"2001 Q2","value":"316109","year":"2001","month":"","quarter":"Q2","sourceDataset":"CSDB2","updateDate":"2016-01-27T15:25:46.195Z"},{"date":"2001 Q3","value":"317010","year":"2001","month":"","quarter":"Q3","sourceDataset":"CSDB2","updateDate":"2016-01-27T15:25:46.195Z"},{"date":"2001 Q4","value":"317644","year":"2001","month":"","quarter":"Q4","sourceDataset":"CSDB2","updateDate":"2016-01-27T15:25:46.195Z"},{"date":"2002 Q1","value":"319631","year":"2002","month":"","quarter":"Q1","sourceDataset":"CSDB2","updateDate":"2016-01-27T15:25:46.195Z"},{"date":"2002 Q2","value":"321956","year":"2002","month":"","quarter":"Q2","sourceDataset":"CSDB2","updateDate":"2016-01-27T15:25:46.195Z"},{"date":"2002 Q3","value":"324566","year":"2002","month":"","quarter":"Q3","sourceDataset":"CSDB2","updateDate":"2016-01-27T15:25:46.195Z"},{"date":"2002 Q4","value":"327102","year":"2002","month":"","quarter":"Q4","sourceDataset":"CSDB2","updateDate":"2016-01-27T15:25:46.195Z"},{"date":"2003 Q1","value":"329341","year":"2003","month":"","quarter":"Q1","sourceDataset":"CSDB2","updateDate":"2016-01-27T15:25:46.195Z"},{"date":"2003 Q2","value":"332725","year":"2003","month":"","quarter":"Q2","sourceDataset":"CSDB2","updateDate":"2016-01-27T15:25:46.195Z"},{"date":"2003 Q3","value":"335915","year":"2003","month":"","quarter":"Q3","sourceDataset":"CSDB2","updateDate":"2016-01-27T15:25:46.195Z"},{"date":"2003 Q4","value":"339226","year":"2003","month":"","quarter":"Q4","sourceDataset":"CSDB2","updateDate":"2016-01-27T15:25:46.195Z"},{"date":"2004 Q1","value":"341096","year":"2004","month":"","quarter":"Q1","sourceDataset":"CSDB2","updateDate":"2016-01-27T15:25:46.195Z"},{"date":"2004 Q2","value":"341763","year":"2004","month":"","quarter":"Q2","sourceDataset":"CSDB2","updateDate":"2016-01-27T15:25:46.195Z"},{"date":"2004 Q3","value":"341710","year":"2004","month":"","quarter":"Q3","sourceDataset":"CSDB2","updateDate":"2016-01-27T15:25:46.195Z"},{"date":"2004 Q4","value":"343119","year":"2004","month":"","quarter":"Q4","sourceDataset":"CSDB2","updateDate":"2016-01-27T15:25:46.195Z"},{"date":"2005 Q1","value":"346720","year":"2005","month":"","quarter":"Q1","sourceDataset":"CSDB2","updateDate":"2016-01-27T15:25:46.195Z"},{"date":"2005 Q2","value":"351099","year":"2005","month":"","quarter":"Q2","sourceDataset":"CSDB2","updateDate":"2016-01-27T15:25:46.195Z"},{"date":"2005 Q3","value":"354947","year":"2005","month":"","quarter":"Q3","sourceDataset":"CSDB2","updateDate":"2016-01-27T15:25:46.195Z"},{"date":"2005 Q4","value":"359966","year":"2005","month":"","quarter":"Q4","sourceDataset":"CSDB2","updateDate":"2016-01-27T15:25:46.195Z"},{"date":"2006 Q1","value":"361008","year":"2006","month":"","quarter":"Q1","sourceDataset":"CSDB2","updateDate":"2016-01-27T15:25:46.195Z"},{"date":"2006 Q2","value":"361625","year":"2006","month":"","quarter":"Q2","sourceDataset":"CSDB2","updateDate":"2016-01-27T15:25:46.195Z"},{"date":"2006 Q3","value":"362215","year":"2006","month":"","quarter":"Q3","sourceDataset":"CSDB2","updateDate":"2016-01-27T15:25:46.195Z"},{"date":"2006 Q4","value":"364981","year":"2006","month":"","quarter":"Q4","sourceDataset":"CSDB2","updateDate":"2016-01-27T15:25:46.195Z"},{"date":"2007 Q1","value":"368012","year":"2007","month":"","quarter":"Q1","sourceDataset":"CSDB2","updateDate":"2016-01-27T15:25:46.195Z"},{"date":"2007 Q2","value":"370254","year":"2007","month":"","quarter":"Q2","sourceDataset":"CSDB2","updateDate":"2016-01-27T15:25:46.195Z"},{"date":"2007 Q3","value":"373190","year":"2007","month":"","quarter":"Q3","sourceDataset":"CSDB2","updateDate":"2016-01-27T15:25:46.195Z"},{"date":"2007 Q4","value":"375539","year":"2007","month":"","quarter":"Q4","sourceDataset":"CSDB2","updateDate":"2016-01-27T15:25:46.195Z"},{"date":"2008 Q1","value":"377190","year":"2008","month":"","quarter":"Q1","sourceDataset":"CSDB2","updateDate":"2016-01-27T15:25:46.195Z"},{"date":"2008 Q2","value":"376161","year":"2008","month":"","quarter":"Q2","sourceDataset":"CSDB2","updateDate":"2016-01-27T15:25:46.195Z"},{"date":"2008 Q3","value":"369255","year":"2008","month":"","quarter":"Q3","sourceDataset":"CSDB2","updateDate":"2016-01-27T15:25:46.195Z"},{"date":"2008 Q4","value":"361001","year":"2008","month":"","quarter":"Q4","sourceDataset":"CSDB2","updateDate":"2016-01-27T15:25:46.195Z"},{"date":"2009 Q1","value":"355635","year":"2009","month":"","quarter":"Q1","sourceDataset":"CSDB2","updateDate":"2016-01-27T15:25:46.195Z"},{"date":"2009 Q2","value":"354395","year":"2009","month":"","quarter":"Q2","sourceDataset":"CSDB2","updateDate":"2016-01-27T15:25:46.195Z"},{"date":"2009 Q3","value":"354549","year":"2009","month":"","quarter":"Q3","sourceDataset":"CSDB2","updateDate":"2016-01-27T15:25:46.195Z"},{"date":"2009 Q4","value":"354836","year":"2009","month":"","quarter":"Q4","sourceDataset":"CSDB2","updateDate":"2016-01-27T15:25:46.195Z"},{"date":"2010 Q1","value":"356541","year":"2010","month":"","quarter":"Q1","sourceDataset":"CSDB2","updateDate":"2016-01-27T15:25:46.195Z"},{"date":"2010 Q2","value":"360537","year":"2010","month":"","quarter":"Q2","sourceDataset":"CSDB2","updateDate":"2016-01-27T15:25:46.195Z"},{"date":"2010 Q3","value":"363348","year":"2010","month":"","quarter":"Q3","sourceDataset":"CSDB2","updateDate":"2016-01-27T15:25:46.195Z"},{"date":"2010 Q4","value":"363675","year":"2010","month":"","quarter":"Q4","sourceDataset":"CSDB2","updateDate":"2016-01-27T15:25:46.195Z"},{"date":"2011 Q1","value":"365199","year":"2011","month":"","quarter":"Q1","sourceDataset":"CSDB2","updateDate":"2016-01-27T15:25:46.195Z"},{"date":"2011 Q2","value":"366629","year":"2011","month":"","quarter":"Q2","sourceDataset":"CSDB2","updateDate":"2016-01-27T15:25:46.195Z"},{"date":"2011 Q3","value":"369216","year":"2011","month":"","quarter":"Q3","sourceDataset":"CSDB2","updateDate":"2016-01-27T15:25:46.195Z"},{"date":"2011 Q4","value":"369791","year":"2011","month":"","quarter":"Q4","sourceDataset":"CSDB2","updateDate":"2016-01-27T15:25:46.195Z"},{"date":"2012 Q1","value":"370463","year":"2012","month":"","quarter":"Q1","sourceDataset":"CSDB2","updateDate":"2016-01-27T15:25:46.195Z"},{"date":"2012 Q2","value":"370184","year":"2012","month":"","quarter":"Q2","sourceDataset":"CSDB2","updateDate":"2016-01-27T15:25:46.195Z"},{"date":"2012 Q3","value":"373174","year":"2012","month":"","quarter":"Q3","sourceDataset":"CSDB2","updateDate":"2016-01-27T15:25:46.195Z"},{"date":"2012 Q4","value":"371955","year":"2012","month":"","quarter":"Q4","sourceDataset":"CSDB2","updateDate":"2016-01-27T15:25:46.195Z"},{"date":"2013 Q1","value":"374945","year":"2013","month":"","quarter":"Q1","sourceDataset":"CSDB2","updateDate":"2016-01-27T15:25:46.195Z"},{"date":"2013 Q2","value":"378436","year":"2013","month":"","quarter":"Q2","sourceDataset":"CSDB2","updateDate":"2016-01-27T15:25:46.195Z"},{"date":"2013 Q3","value":"381419","year":"2013","month":"","quarter":"Q3","sourceDataset":"CSDB2","updateDate":"2016-01-27T15:25:46.195Z"},{"date":"2013 Q4","value":"383668","year":"2013","month":"","quarter":"Q4","sourceDataset":"CSDB2","updateDate":"2016-01-27T15:25:46.195Z"},{"date":"2014 Q1","value":"385802","year":"2014","month":"","quarter":"Q1","sourceDataset":"CSDB2","updateDate":"2016-01-27T15:25:46.195Z"},{"date":"2014 Q2","value":"388819","year":"2014","month":"","quarter":"Q2","sourceDataset":"CSDB2","updateDate":"2016-01-27T15:25:46.195Z"},{"date":"2014 Q3","value":"391316","year":"2014","month":"","quarter":"Q3","sourceDataset":"CSDB2","updateDate":"2016-01-27T15:25:46.195Z"},{"date":"2014 Q4","value":"393894","year":"2014","month":"","quarter":"Q4","sourceDataset":"CSDB2","updateDate":"2016-01-27T15:25:46.195Z"},{"date":"2015 Q1","value":"395373","year":"2015","month":"","quarter":"Q1","sourceDataset":"CSDB2","updateDate":"2016-01-27T15:25:46.195Z"},{"date":"2015 Q2","value":"397485","year":"2015","month":"","quarter":"Q2","sourceDataset":"CSDB2","updateDate":"2016-01-27T15:25:46.195Z"},{"date":"2015 Q3","value":"399310","year":"2015","month":"","quarter":"Q3","sourceDataset":"CSDB2","updateDate":"2016-01-27T15:25:46.195Z"}],"months":[],"sourceDatasets":["CSDB2"],"relatedDatasets":[{"uri":"/economy/environmentalaccounts/datasets/asdasdasdasdsadqwdeqweqe/2046"}],"relatedDocuments":[],"type":"timeseries","description":{"title":"Gross Value Added at basic prices:chained volume measures:Seasonally adjusted £m","contact":{"email":"","name":"","telephone":""},"releaseDate":"2016-01-27T00:00:00.000Z","nextRelease":"","cdid":"ABMM","unit":"","preUnit":"","source":"","seasonalAdjustment":"NSA","date":"2015 Q3","number":"399310"}}