{"years":[{"date":"1996","value":"97.8","year":"1996","month":"","quarter":"","sourceDataset":"CSDB","updateDate":"2016-01-14T16:25:11.607Z"},{"date":"1997","value":"96.9","year":"1997","month":"","quarter":"","sourceDataset":"CSDB","updateDate":"2016-01-14T16:25:11.607Z"},{"date":"1998","value":"99.2","year":"1998","month":"","quarter":"","sourceDataset":"CSDB","updateDate":"2016-01-14T16:25:11.607Z"},{"date":"1999","value":"99.2","year":"1999","month":"","quarter":"","sourceDataset":"CSDB","updateDate":"2016-01-14T16:25:11.607Z"},{"date":"2000","value":"99.9","year":"2000","month":"","quarter":"","sourceDataset":"CSDB","updateDate":"2016-01-14T16:25:11.607Z"},{"date":"2001","value":"100.3","year":"2001","month":"","quarter":"","sourceDataset":"CSDB","updateDate":"2016-01-14T16:25:11.607Z"},{"date":"2002","value":"101.4","year":"2002","month":"","quarter":"","sourceDataset":"CSDB","updateDate":"2016-01-14T16:25:11.607Z"},{"date":"2003","value":"101.2","year":"2003","month":"","quarter":"","sourceDataset":"CSDB","updateDate":"2016-01-14T16:25:11.607Z"},{"date":"2004","value":"100.8","year":"2004","month":"","quarter":"","sourceDataset":"CSDB","updateDate":"2016-01-14T16:25:11.607Z"},{"date":"2005","value":"100.0","year":"2005","month":"","quarter":"","sourceDataset":"CSDB","updateDate":"2016-01-14T16:25:11.607Z"},{"date":"2006","value":"99.5","year":"2006","month":"","quarter":"","sourceDataset":"CSDB","updateDate":"2016-01-14T16:25:11.607Z"},{"date":"2007","value":"100.8","year":"2007","month":"","quarter":"","sourceDataset":"CSDB","updateDate":"2016-01-14T16:25:11.607Z"},{"date":"2008","value":"106.2","year":"2008","month":"","quarter":"","sourceDataset":"CSDB","updateDate":"2016-01-14T16:25:11.607Z"},{"date":"2009","value":"109.8","year":"2009","month":"","quarter":"","sourceDataset":"CSDB","updateDate":"2016-01-14T16:25:11.607Z"},{"date":"2010","value":"115.2","year":"2010","month":"","quarter":"","sourceDataset":"CSDB","updateDate":"2016-01-14T16:25:11.607Z"},{"date":"2011","value":"121.9","year":"2011","month":"","quarter":"","sourceDataset":"CSDB","updateDate":"2016-01-14T16:25:11.607Z"},{"date":"2012","value":"127.7","year":"2012","month":"","quarter":"","sourceDataset":"CSDB","updateDate":"2016-01-14T16:25:11.607Z"},{"date":"2013","value":"135.2","year":"2013","month":"","quarter":"","sourceDataset":"CSDB","updateDate":"2016-01-14T16:25:11.607Z"},{"date":"2014","value":"134.0","year":"2014","month":"","quarter":"","sourceDataset":"CSDB","updateDate":"2016-01-14T16:25:11.607Z"}],"quarters":[{"date":"1996 Q1","value":"96.5","year":"1996","month":"","quarter":"Q1","sourceDataset":"CSDB","updateDate":"2016-01-14T16:25:11.607Z"},{"date":"1996 Q2","value":"98.4","year":"1996","month":"","quarter":"Q2","sourceDataset":"CSDB","updateDate":"2016-01-14T16:25:11.607Z"},{"date":"1996 Q3","value":"98.5","year":"1996","month":"","quarter":"Q3","sourceDataset":"CSDB","updateDate":"2016-01-14T16:25:11.607Z"},{"date":"1996 Q4","value":"97.9","year":"1996","month":"","quarter":"Q4","sourceDataset":"CSDB","updateDate":"2016-01-14T16:25:11.607Z"},{"date":"1997 Q1","value":"96.3","year":"1997","month":"","quarter":"Q1","sourceDataset":"CSDB","updateDate":"2016-01-14T16:25:11.607Z"},{"date":"1997 Q2","value":"96.9","year":"1997","month":"","quarter":"Q2","sourceDataset":"CSDB","updateDate":"2016-01-14T16:25:11.607Z"},{"date":"1997 Q3","value":"97.3","year":"1997","month":"","quarter":"Q3","sourceDataset":"CSDB","updateDate":"2016-01-14T16:25:11.607Z"},{"date":"1997 Q4","value":"97.0","year":"1997","month":"","quarter":"Q4","sourceDataset":"CSDB","updateDate":"2016-01-14T16:25:11.607Z"},{"date":"1998 Q1","value":"98.5","year":"1998","month":"","quarter":"Q1","sourceDataset":"CSDB","updateDate":"2016-01-14T16:25:11.607Z"},{"date":"1998 Q2","value":"99.1","year":"1998","month":"","quarter":"Q2","sourceDataset":"CSDB","updateDate":"2016-01-14T16:25:11.607Z"},{"date":"1998 Q3","value":"99.8","year":"1998","month":"","quarter":"Q3","sourceDataset":"CSDB","updateDate":"2016-01-14T16:25:11.607Z"},{"date":"1998 Q4","value":"99.4","year":"1998","month":"","quarter":"Q4","sourceDataset":"CSDB","updateDate":"2016-01-14T16:25:11.607Z"},{"date":"1999 Q1","value":"99.9","year":"1999","month":"","quarter":"Q1","sourceDataset":"CSDB","updateDate":"2016-01-14T16:25:11.607Z"},{"date":"1999 Q2","value":"98.8","year":"1999","month":"","quarter":"Q2","sourceDataset":"CSDB","updateDate":"2016-01-14T16:25:11.607Z"},{"date":"1999 Q3","value":"99.6","year":"1999","month":"","quarter":"Q3","sourceDataset":"CSDB","updateDate":"2016-01-14T16:25:11.607Z"},{"date":"1999 Q4","value":"98.5","year":"1999","month":"","quarter":"Q4","sourceDataset":"CSDB","updateDate":"2016-01-14T16:25:11.607Z"},{"date":"2000 Q1","value":"99.7","year":"2000","month":"","quarter":"Q1","sourceDataset":"CSDB","updateDate":"2016-01-14T16:25:11.607Z"},{"date":"2000 Q2","value":"100.1","year":"2000","month":"","quarter":"Q2","sourceDataset":"CSDB","updateDate":"2016-01-14T16:25:11.607Z"},{"date":"2000 Q3","value":"100.7","year":"2000","month":"","quarter":"Q3","sourceDataset":"CSDB","updateDate":"2016-01-14T16:25:11.607Z"},{"date":"2000 Q4","value":"99.2","year":"2000","month":"","quarter":"Q4","sourceDataset":"CSDB","updateDate":"2016-01-14T16:25:11.607Z"},{"date":"2001 Q1","value":"100.4","year":"2001","month":"","quarter":"Q1","sourceDataset":"CSDB","updateDate":"2016-01-14T16:25:11.607Z"},{"date":"2001 Q2","value":"100.7","year":"2001","month":"","quarter":"Q2","sourceDataset":"CSDB","updateDate":"2016-01-14T16:25:11.607Z"},{"date":"2001 Q3","value":"100.9","year":"2001","month":"","quarter":"Q3","sourceDataset":"CSDB","updateDate":"2016-01-14T16:25:11.607Z"},{"date":"2001 Q4","value":"99.3","year":"2001","month":"","quarter":"Q4","sourceDataset":"CSDB","updateDate":"2016-01-14T16:25:11.607Z"},{"date":"2002 Q1","value":"100.8","year":"2002","month":"","quarter":"Q1","sourceDataset":"CSDB","updateDate":"2016-01-14T16:25:11.607Z"},{"date":"2002 Q2","value":"101.8","year":"2002","month":"","quarter":"Q2","sourceDataset":"CSDB","updateDate":"2016-01-14T16:25:11.607Z"},{"date":"2002 Q3","value":"102.7","year":"2002","month":"","quarter":"Q3","sourceDataset":"CSDB","updateDate":"2016-01-14T16:25:11.607Z"},{"date":"2002 Q4","value":"100.4","year":"2002","month":"","quarter":"Q4","sourceDataset":"CSDB","updateDate":"2016-01-14T16:25:11.607Z"},{"date":"2003 Q1","value":"101.2","year":"2003","month":"","quarter":"Q1","sourceDataset":"CSDB","updateDate":"2016-01-14T16:25:11.607Z"},{"date":"2003 Q2","value":"102.2","year":"2003","month":"","quarter":"Q2","sourceDataset":"CSDB","updateDate":"2016-01-14T16:25:11.607Z"},{"date":"2003 Q3","value":"101.5","year":"2003","month":"","quarter":"Q3","sourceDataset":"CSDB","updateDate":"2016-01-14T16:25:11.607Z"},{"date":"2003 Q4","value":"99.9","year":"2003","month":"","quarter":"Q4","sourceDataset":"CSDB","updateDate":"2016-01-14T16:25:11.607Z"},{"date":"2004 Q1","value":"101.3","year":"2004","month":"","quarter":"Q1","sourceDataset":"CSDB","updateDate":"2016-01-14T16:25:11.607Z"},{"date":"2004 Q2","value":"101.5","year":"2004","month":"","quarter":"Q2","sourceDataset":"CSDB","updateDate":"2016-01-14T16:25:11.607Z"},{"date":"2004 Q3","value":"101.4","year":"2004","month":"","quarter":"Q3","sourceDataset":"CSDB","updateDate":"2016-01-14T16:25:11.607Z"},{"date":"2004 Q4","value":"99.0","year":"2004","month":"","quarter":"Q4","sourceDataset":"CSDB","updateDate":"2016-01-14T16:25:11.607Z"},{"date":"2005 Q1","value":"100.2","year":"2005","month":"","quarter":"Q1","sourceDataset":"CSDB","updateDate":"2016-01-14T16:25:11.607Z"},{"date":"2005 Q2","value":"101.0","year":"2005","month":"","quarter":"Q2","sourceDataset":"CSDB","updateDate":"2016-01-14T16:25:11.607Z"},{"date":"2005 Q3","value":"100.3","year":"2005","month":"","quarter":"Q3","sourceDataset":"CSDB","updateDate":"2016-01-14T16:25:11.607Z"},{"date":"2005 Q4","value":"98.4","year":"2005","month":"","quarter":"Q4","sourceDataset":"CSDB","updateDate":"2016-01-14T16:25:11.607Z"},{"date":"2006 Q1","value":"100.3","year":"2006","month":"","quarter":"Q1","sourceDataset":"CSDB","updateDate":"2016-01-14T16:25:11.607Z"},{"date":"2006 Q2","value":"99.1","year":"2006","month":"","quarter":"Q2","sourceDataset":"CSDB","updateDate":"2016-01-14T16:25:11.607Z"},{"date":"2006 Q3","value":"99.8","year":"2006","month":"","quarter":"Q3","sourceDataset":"CSDB","updateDate":"2016-01-14T16:25:11.607Z"},{"date":"2006 Q4","value":"98.8","year":"2006","month":"","quarter":"Q4","sourceDataset":"CSDB","updateDate":"2016-01-14T16:25:11.607Z"},{"date":"2007 Q1","value":"100.2","year":"2007","month":"","quarter":"Q1","sourceDataset":"CSDB","updateDate":"2016-01-14T16:25:11.607Z"},{"date":"2007 Q2","value":"101.5","year":"2007","month":"","quarter":"Q2","sourceDataset":"CSDB","updateDate":"2016-01-14T16:25:11.607Z"},{"date":"2007 Q3","value":"101.9","year":"2007","month":"","quarter":"Q3","sourceDataset":"CSDB","updateDate":"2016-01-14T16:25:11.607Z"},{"date":"2007 Q4","value":"99.6","year":"2007","month":"","quarter":"Q4","sourceDataset":"CSDB","updateDate":"2016-01-14T16:25:11.607Z"},{"date":"2008 Q1","value":"102.2","year":"2008","month":"","quarter":"Q1","sourceDataset":"CSDB","updateDate":"2016-01-14T16:25:11.607Z"},{"date":"2008 Q2","value":"109.2","year":"2008","month":"","quarter":"Q2","sourceDataset":"CSDB","updateDate":"2016-01-14T16:25:11.607Z"},{"date":"2008 Q3","value":"109.4","year":"2008","month":"","quarter":"Q3","sourceDataset":"CSDB","updateDate":"2016-01-14T16:25:11.607Z"},{"date":"2008 Q4","value":"104.2","year":"2008","month":"","quarter":"Q4","sourceDataset":"CSDB","updateDate":"2016-01-14T16:25:11.607Z"},{"date":"2009 Q1","value":"108.8","year":"2009","month":"","quarter":"Q1","sourceDataset":"CSDB","updateDate":"2016-01-14T16:25:11.607Z"},{"date":"2009 Q2","value":"110.0","year":"2009","month":"","quarter":"Q2","sourceDataset":"CSDB","updateDate":"2016-01-14T16:25:11.607Z"},{"date":"2009 Q3","value":"111.5","year":"2009","month":"","quarter":"Q3","sourceDataset":"CSDB","updateDate":"2016-01-14T16:25:11.607Z"},{"date":"2009 Q4","value":"109.1","year":"2009","month":"","quarter":"Q4","sourceDataset":"CSDB","updateDate":"2016-01-14T16:25:11.607Z"},{"date":"2010 Q1","value":"113.0","year":"2010","month":"","quarter":"Q1","sourceDataset":"CSDB","updateDate":"2016-01-14T16:25:11.607Z"},{"date":"2010 Q2","value":"116.7","year":"2010","month":"","quarter":"Q2","sourceDataset":"CSDB","updateDate":"2016-01-14T16:25:11.607Z"},{"date":"2010 Q3","value":"117.2","year":"2010","month":"","quarter":"Q3","sourceDataset":"CSDB","updateDate":"2016-01-14T16:25:11.607Z"},{"date":"2010 Q4","value":"113.8","year":"2010","month":"","quarter":"Q4","sourceDataset":"CSDB","updateDate":"2016-01-14T16:25:11.607Z"},{"date":"2011 Q1","value":"118.6","year":"2011","month":"","quarter":"Q1","sourceDataset":"CSDB","updateDate":"2016-01-14T16:25:11.607Z"},{"date":"2011 Q2","value":"124.2","year":"2011","month":"","quarter":"Q2","sourceDataset":"CSDB","updateDate":"2016-01-14T16:25:11.607Z"},{"date":"2011 Q3","value":"123.6","year":"2011","month":"","quarter":"Q3","sourceDataset":"CSDB","updateDate":"2016-01-14T16:25:11.607Z"},{"date":"2011 Q4","value":"121.3","year":"2011","month":"","quarter":"Q4","sourceDataset":"CSDB","updateDate":"2016-01-14T16:25:11.607Z"},{"date":"2012 Q1","value":"128.5","year":"2012","month":"","quarter":"Q1","sourceDataset":"CSDB","updateDate":"2016-01-14T16:25:11.607Z"},{"date":"2012 Q2","value":"129.1","year":"2012","month":"","quarter":"Q2","sourceDataset":"CSDB","updateDate":"2016-01-14T16:25:11.607Z"},{"date":"2012 Q3","value":"127.2","year":"2012","month":"","quarter":"Q3","sourceDataset":"CSDB","updateDate":"2016-01-14T16:25:11.607Z"},{"date":"2012 Q4","value":"125.9","year":"2012","month":"","quarter":"Q4","sourceDataset":"CSDB","updateDate":"2016-01-14T16:25:11.607Z"},{"date":"2013 Q1","value":"134.9","year":"2013","month":"","quarter":"Q1","sourceDataset":"CSDB","updateDate":"2016-01-14T16:25:11.607Z"},{"date":"2013 Q2","value":"135.5","year":"2013","month":"","quarter":"Q2","sourceDataset":"CSDB","updateDate":"2016-01-14T16:25:11.607Z"},{"date":"2013 Q3","value":"137.2","year":"2013","month":"","quarter":"Q3","sourceDataset":"CSDB","updateDate":"2016-01-14T16:25:11.607Z"},{"date":"2013 Q4","value":"133.2","year":"2013","month":"","quarter":"Q4","sourceDataset":"CSDB","updateDate":"2016-01-14T16:25:11.607Z"},{"date":"2014 Q1","value":"135.4","year":"2014","month":"","quarter":"Q1","sourceDataset":"CSDB","updateDate":"2016-01-14T16:25:11.607Z"},{"date":"2014 Q2","value":"133.8","year":"2014","month":"","quarter":"Q2","sourceDataset":"CSDB","updateDate":"2016-01-14T16:25:11.607Z"},{"date":"2014 Q3","value":"134.5","year":"2014","month":"","quarter":"Q3","sourceDataset":"CSDB","updateDate":"2016-01-14T16:25:11.607Z"},{"date":"2014 Q4","value":"132.4","year":"2014","month":"","quarter":"Q4","sourceDataset":"CSDB","updateDate":"2016-01-14T16:25:11.607Z"},{"date":"2015 Q1","value":"135.6","year":"2015","month":"","quarter":"Q1","sourceDataset":"CSDB","updateDate":"2016-01-14T16:25:11.607Z"},{"date":"2015 Q2","value":"132.1","year":"2015","month":"","quarter":"Q2","sourceDataset":"CSDB","updateDate":"2016-01-14T16:25:11.607Z"}],"months":[{"date":"1996 JAN","value":"95.4","year":"1996","month":"January","quarter":"","sourceDataset":"CSDB","updateDate":"2016-01-14T16:25:11.607Z"},{"date":"1996 FEB","value":"96.5","year":"1996","month":"February","quarter":"","sourceDataset":"CSDB","updateDate":"2016-01-14T16:25:11.607Z"},{"date":"1996 MAR","value":"97.7","year":"1996","month":"March","quarter":"","sourceDataset":"CSDB","updateDate":"2016-01-14T16:25:11.607Z"},{"date":"1996 APR","value":"98.3","year":"1996","month":"April","quarter":"","sourceDataset":"CSDB","updateDate":"2016-01-14T16:25:11.607Z"},{"date":"1996 MAY","value":"98.7","year":"1996","month":"May","quarter":"","sourceDataset":"CSDB","updateDate":"2016-01-14T16:25:11.607Z"},{"date":"1996 JUN","value":"98.2","year":"1996","month":"June","quarter":"","sourceDataset":"CSDB","updateDate":"2016-01-14T16:25:11.607Z"},{"date":"1996 JUL","value":"99.1","year":"1996","month":"July","quarter":"","sourceDataset":"CSDB","updateDate":"2016-01-14T16:25:11.607Z"},{"date":"1996 AUG","value":"98.4","year":"1996","month":"August","quarter":"","sourceDataset":"CSDB","updateDate":"2016-01-14T16:25:11.607Z"},{"date":"1996 SEP","value":"98.0","year":"1996","month":"September","quarter":"","sourceDataset":"CSDB","updateDate":"2016-01-14T16:25:11.607Z"},{"date":"1996 OCT","value":"98.8","year":"1996","month":"October","quarter":"","sourceDataset":"CSDB","updateDate":"2016-01-14T16:25:11.607Z"},{"date":"1996 NOV","value":"98.7","year":"1996","month":"November","quarter":"","sourceDataset":"CSDB","updateDate":"2016-01-14T16:25:11.607Z"},{"date":"1996 DEC","value":"96.1","year":"1996","month":"December","quarter":"","sourceDataset":"CSDB","updateDate":"2016-01-14T16:25:11.607Z"},{"date":"1997 JAN","value":"95.9","year":"1997","month":"January","quarter":"","sourceDataset":"CSDB","updateDate":"2016-01-14T16:25:11.607Z"},{"date":"1997 FEB","value":"96.5","year":"1997","month":"February","quarter":"","sourceDataset":"CSDB","updateDate":"2016-01-14T16:25:11.607Z"},{"date":"1997 MAR","value":"96.5","year":"1997","month":"March","quarter":"","sourceDataset":"CSDB","updateDate":"2016-01-14T16:25:11.607Z"},{"date":"1997 APR","value":"96.7","year":"1997","month":"April","quarter":"","sourceDataset":"CSDB","updateDate":"2016-01-14T16:25:11.607Z"},{"date":"1997 MAY","value":"97.4","year":"1997","month":"May","quarter":"","sourceDataset":"CSDB","updateDate":"2016-01-14T16:25:11.607Z"},{"date":"1997 JUN","value":"96.7","year":"1997","month":"June","quarter":"","sourceDataset":"CSDB","updateDate":"2016-01-14T16:25:11.607Z"},{"date":"1997 JUL","value":"97.2","year":"1997","month":"July","quarter":"","sourceDataset":"CSDB","updateDate":"2016-01-14T16:25:11.607Z"},{"date":"1997 AUG","value":"97.5","year":"1997","month":"August","quarter":"","sourceDataset":"CSDB","updateDate":"2016-01-14T16:25:11.607Z"},{"date":"1997 SEP","value":"97.2","year":"1997","month":"September","quarter":"","sourceDataset":"CSDB","updateDate":"2016-01-14T16:25:11.607Z"},{"date":"1997 OCT","value":"97.7","year":"1997","month":"October","quarter":"","sourceDataset":"CSDB","updateDate":"2016-01-14T16:25:11.607Z"},{"date":"1997 NOV","value":"97.3","year":"1997","month":"November","quarter":"","sourceDataset":"CSDB","updateDate":"2016-01-14T16:25:11.607Z"},{"date":"1997 DEC","value":"96.0","year":"1997","month":"December","quarter":"","sourceDataset":"CSDB","updateDate":"2016-01-14T16:25:11.607Z"},{"date":"1998 JAN","value":"97.5","year":"1998","month":"January","quarter":"","sourceDataset":"CSDB","updateDate":"2016-01-14T16:25:11.607Z"},{"date":"1998 FEB","value":"99.0","year":"1998","month":"February","quarter":"","sourceDataset":"CSDB","updateDate":"2016-01-14T16:25:11.607Z"},{"date":"1998 MAR","value":"99.1","year":"1998","month":"March","quarter":"","sourceDataset":"CSDB","updateDate":"2016-01-14T16:25:11.607Z"},{"date":"1998 APR","value":"99.2","year":"1998","month":"April","quarter":"","sourceDataset":"CSDB","updateDate":"2016-01-14T16:25:11.607Z"},{"date":"1998 MAY","value":"99.4","year":"1998","month":"May","quarter":"","sourceDataset":"CSDB","updateDate":"2016-01-14T16:25:11.607Z"},{"date":"1998 JUN","value":"98.6","year":"1998","month":"June","quarter":"","sourceDataset":"CSDB","updateDate":"2016-01-14T16:25:11.607Z"},{"date":"1998 JUL","value":"99.7","year":"1998","month":"July","quarter":"","sourceDataset":"CSDB","updateDate":"2016-01-14T16:25:11.607Z"},{"date":"1998 AUG","value":"99.6","year":"1998","month":"August","quarter":"","sourceDataset":"CSDB","updateDate":"2016-01-14T16:25:11.607Z"},{"date":"1998 SEP","value":"100.2","year":"1998","month":"September","quarter":"","sourceDataset":"CSDB","updateDate":"2016-01-14T16:25:11.607Z"},{"date":"1998 OCT","value":"100.4","year":"1998","month":"October","quarter":"","sourceDataset":"CSDB","updateDate":"2016-01-14T16:25:11.607Z"},{"date":"1998 NOV","value":"99.6","year":"1998","month":"November","quarter":"","sourceDataset":"CSDB","updateDate":"2016-01-14T16:25:11.607Z"},{"date":"1998 DEC","value":"98.2","year":"1998","month":"December","quarter":"","sourceDataset":"CSDB","updateDate":"2016-01-14T16:25:11.607Z"},{"date":"1999 JAN","value":"99.9","year":"1999","month":"January","quarter":"","sourceDataset":"CSDB","updateDate":"2016-01-14T16:25:11.607Z"},{"date":"1999 FEB","value":"100.2","year":"1999","month":"February","quarter":"","sourceDataset":"CSDB","updateDate":"2016-01-14T16:25:11.607Z"},{"date":"1999 MAR","value":"99.5","year":"1999","month":"March","quarter":"","sourceDataset":"CSDB","updateDate":"2016-01-14T16:25:11.607Z"},{"date":"1999 APR","value":"98.0","year":"1999","month":"April","quarter":"","sourceDataset":"CSDB","updateDate":"2016-01-14T16:25:11.607Z"},{"date":"1999 MAY","value":"99.3","year":"1999","month":"May","quarter":"","sourceDataset":"CSDB","updateDate":"2016-01-14T16:25:11.607Z"},{"date":"1999 JUN","value":"99.0","year":"1999","month":"June","quarter":"","sourceDataset":"CSDB","updateDate":"2016-01-14T16:25:11.607Z"},{"date":"1999 JUL","value":"99.1","year":"1999","month":"July","quarter":"","sourceDataset":"CSDB","updateDate":"2016-01-14T16:25:11.607Z"},{"date":"1999 AUG","value":"99.4","year":"1999","month":"August","quarter":"","sourceDataset":"CSDB","updateDate":"2016-01-14T16:25:11.607Z"},{"date":"1999 SEP","value":"100.2","year":"1999","month":"September","quarter":"","sourceDataset":"CSDB","updateDate":"2016-01-14T16:25:11.607Z"},{"date":"1999 OCT","value":"100.4","year":"1999","month":"October","quarter":"","sourceDataset":"CSDB","updateDate":"2016-01-14T16:25:11.607Z"},{"date":"1999 NOV","value":"98.3","year":"1999","month":"November","quarter":"","sourceDataset":"CSDB","updateDate":"2016-01-14T16:25:11.607Z"},{"date":"1999 DEC","value":"96.7","year":"1999","month":"December","quarter":"","sourceDataset":"CSDB","updateDate":"2016-01-14T16:25:11.607Z"},{"date":"2000 JAN","value":"99.2","year":"2000","month":"January","quarter":"","sourceDataset":"CSDB","updateDate":"2016-01-14T16:25:11.607Z"},{"date":"2000 FEB","value":"100.4","year":"2000","month":"February","quarter":"","sourceDataset":"CSDB","updateDate":"2016-01-14T16:25:11.607Z"},{"date":"2000 MAR","value":"99.4","year":"2000","month":"March","quarter":"","sourceDataset":"CSDB","updateDate":"2016-01-14T16:25:11.607Z"},{"date":"2000 APR","value":"99.7","year":"2000","month":"April","quarter":"","sourceDataset":"CSDB","updateDate":"2016-01-14T16:25:11.607Z"},{"date":"2000 MAY","value":"100.1","year":"2000","month":"May","quarter":"","sourceDataset":"CSDB","updateDate":"2016-01-14T16:25:11.607Z"},{"date":"2000 JUN","value":"100.6","year":"2000","month":"June","quarter":"","sourceDataset":"CSDB","updateDate":"2016-01-14T16:25:11.607Z"},{"date":"2000 JUL","value":"100.7","year":"2000","month":"July","quarter":"","sourceDataset":"CSDB","updateDate":"2016-01-14T16:25:11.607Z"},{"date":"2000 AUG","value":"100.7","year":"2000","month":"August","quarter":"","sourceDataset":"CSDB","updateDate":"2016-01-14T16:25:11.607Z"},{"date":"2000 SEP","value":"100.7","year":"2000","month":"September","quarter":"","sourceDataset":"CSDB","updateDate":"2016-01-14T16:25:11.607Z"},{"date":"2000 OCT","value":"100.7","year":"2000","month":"October","quarter":"","sourceDataset":"CSDB","updateDate":"2016-01-14T16:25:11.607Z"},{"date":"2000 NOV","value":"99.1","year":"2000","month":"November","quarter":"","sourceDataset":"CSDB","updateDate":"2016-01-14T16:25:11.607Z"},{"date":"2000 DEC","value":"97.7","year":"2000","month":"December","quarter":"","sourceDataset":"CSDB","updateDate":"2016-01-14T16:25:11.607Z"},{"date":"2001 JAN","value":"100.1","year":"2001","month":"January","quarter":"","sourceDataset":"CSDB","updateDate":"2016-01-14T16:25:11.607Z"},{"date":"2001 FEB","value":"100.6","year":"2001","month":"February","quarter":"","sourceDataset":"CSDB","updateDate":"2016-01-14T16:25:11.607Z"},{"date":"2001 MAR","value":"100.4","year":"2001","month":"March","quarter":"","sourceDataset":"CSDB","updateDate":"2016-01-14T16:25:11.607Z"},{"date":"2001 APR","value":"100.3","year":"2001","month":"April","quarter":"","sourceDataset":"CSDB","updateDate":"2016-01-14T16:25:11.607Z"},{"date":"2001 MAY","value":"101.0","year":"2001","month":"May","quarter":"","sourceDataset":"CSDB","updateDate":"2016-01-14T16:25:11.607Z"},{"date":"2001 JUN","value":"100.7","year":"2001","month":"June","quarter":"","sourceDataset":"CSDB","updateDate":"2016-01-14T16:25:11.607Z"},{"date":"2001 JUL","value":"101.1","year":"2001","month":"July","quarter":"","sourceDataset":"CSDB","updateDate":"2016-01-14T16:25:11.607Z"},{"date":"2001 AUG","value":"101.1","year":"2001","month":"August","quarter":"","sourceDataset":"CSDB","updateDate":"2016-01-14T16:25:11.607Z"},{"date":"2001 SEP","value":"100.6","year":"2001","month":"September","quarter":"","sourceDataset":"CSDB","updateDate":"2016-01-14T16:25:11.607Z"},{"date":"2001 OCT","value":"100.5","year":"2001","month":"October","quarter":"","sourceDataset":"CSDB","updateDate":"2016-01-14T16:25:11.607Z"},{"date":"2001 NOV","value":"99.5","year":"2001","month":"November","quarter":"","sourceDataset":"CSDB","updateDate":"2016-01-14T16:25:11.607Z"},{"date":"2001 DEC","value":"97.8","year":"2001","month":"December","quarter":"","sourceDataset":"CSDB","updateDate":"2016-01-14T16:25:11.607Z"},{"date":"2002 JAN","value":"100.5","year":"2002","month":"January","quarter":"","sourceDataset":"CSDB","updateDate":"2016-01-14T16:25:11.607Z"},{"date":"2002 FEB","value":"100.5","year":"2002","month":"February","quarter":"","sourceDataset":"CSDB","updateDate":"2016-01-14T16:25:11.607Z"},{"date":"2002 MAR","value":"101.3","year":"2002","month":"March","quarter":"","sourceDataset":"CSDB","updateDate":"2016-01-14T16:25:11.607Z"},{"date":"2002 APR","value":"101.2","year":"2002","month":"April","quarter":"","sourceDataset":"CSDB","updateDate":"2016-01-14T16:25:11.607Z"},{"date":"2002 MAY","value":"101.9","year":"2002","month":"May","quarter":"","sourceDataset":"CSDB","updateDate":"2016-01-14T16:25:11.607Z"},{"date":"2002 JUN","value":"102.4","year":"2002","month":"June","quarter":"","sourceDataset":"CSDB","updateDate":"2016-01-14T16:25:11.607Z"},{"date":"2002 JUL","value":"102.6","year":"2002","month":"July","quarter":"","sourceDataset":"CSDB","updateDate":"2016-01-14T16:25:11.607Z"},{"date":"2002 AUG","value":"102.1","year":"2002","month":"August","quarter":"","sourceDataset":"CSDB","updateDate":"2016-01-14T16:25:11.607Z"},{"date":"2002 SEP","value":"103.4","year":"2002","month":"September","quarter":"","sourceDataset":"CSDB","updateDate":"2016-01-14T16:25:11.607Z"},{"date":"2002 OCT","value":"103.3","year":"2002","month":"October","quarter":"","sourceDataset":"CSDB","updateDate":"2016-01-14T16:25:11.607Z"},{"date":"2002 NOV","value":"100.6","year":"2002","month":"November","quarter":"","sourceDataset":"CSDB","updateDate":"2016-01-14T16:25:11.607Z"},{"date":"2002 DEC","value":"97.4","year":"2002","month":"December","quarter":"","sourceDataset":"CSDB","updateDate":"2016-01-14T16:25:11.607Z"},{"date":"2003 JAN","value":"101.0","year":"2003","month":"January","quarter":"","sourceDataset":"CSDB","updateDate":"2016-01-14T16:25:11.607Z"},{"date":"2003 FEB","value":"101.2","year":"2003","month":"February","quarter":"","sourceDataset":"CSDB","updateDate":"2016-01-14T16:25:11.607Z"},{"date":"2003 MAR","value":"101.3","year":"2003","month":"March","quarter":"","sourceDataset":"CSDB","updateDate":"2016-01-14T16:25:11.607Z"},{"date":"2003 APR","value":"102.7","year":"2003","month":"April","quarter":"","sourceDataset":"CSDB","updateDate":"2016-01-14T16:25:11.607Z"},{"date":"2003 MAY","value":"102.4","year":"2003","month":"May","quarter":"","sourceDataset":"CSDB","updateDate":"2016-01-14T16:25:11.607Z"},{"date":"2003 JUN","value":"101.4","year":"2003","month":"June","quarter":"","sourceDataset":"CSDB","updateDate":"2016-01-14T16:25:11.607Z"},{"date":"2003 JUL","value":"100.8","year":"2003","month":"July","quarter":"","sourceDataset":"CSDB","updateDate":"2016-01-14T16:25:11.607Z"},{"date":"2003 AUG","value":"101.7","year":"2003","month":"August","quarter":"","sourceDataset":"CSDB","updateDate":"2016-01-14T16:25:11.607Z"},{"date":"2003 SEP","value":"101.9","year":"2003","month":"September","quarter":"","sourceDataset":"CSDB","updateDate":"2016-01-14T16:25:11.607Z"},{"date":"2003 OCT","value":"101.9","year":"2003","month":"October","quarter":"","sourceDataset":"CSDB","updateDate":"2016-01-14T16:25:11.607Z"},{"date":"2003 NOV","value":"99.2","year":"2003","month":"November","quarter":"","sourceDataset":"CSDB","updateDate":"2016-01-14T16:25:11.607Z"},{"date":"2003 DEC","value":"98.5","year":"2003","month":"December","quarter":"","sourceDataset":"CSDB","updateDate":"2016-01-14T16:25:11.607Z"},{"date":"2004 JAN","value":"101.4","year":"2004","month":"January","quarter":"","sourceDataset":"CSDB","updateDate":"2016-01-14T16:25:11.607Z"},{"date":"2004 FEB","value":"101.3","year":"2004","month":"February","quarter":"","sourceDataset":"CSDB","updateDate":"2016-01-14T16:25:11.607Z"},{"date":"2004 MAR","value":"101.3","year":"2004","month":"March","quarter":"","sourceDataset":"CSDB","updateDate":"2016-01-14T16:25:11.607Z"},{"date":"2004 APR","value":"101.9","year":"2004","month":"April","quarter":"","sourceDataset":"CSDB","updateDate":"2016-01-14T16:25:11.607Z"},{"date":"2004 MAY","value":"101.8","year":"2004","month":"May","quarter":"","sourceDataset":"CSDB","updateDate":"2016-01-14T16:25:11.607Z"},{"date":"2004 JUN","value":"100.7","year":"2004","month":"June","quarter":"","sourceDataset":"CSDB","updateDate":"2016-01-14T16:25:11.607Z"},{"date":"2004 JUL","value":"100.8","year":"2004","month":"July","quarter":"","sourceDataset":"CSDB","updateDate":"2016-01-14T16:25:11.607Z"},{"date":"2004 AUG","value":"101.6","year":"2004","month":"August","quarter":"","sourceDataset":"CSDB","updateDate":"2016-01-14T16:25:11.607Z"},{"date":"2004 SEP","value":"101.8","year":"2004","month":"September","quarter":"","sourceDataset":"CSDB","updateDate":"2016-01-14T16:25:11.607Z"},{"date":"2004 OCT","value":"101.8","year":"2004","month":"October","quarter":"","sourceDataset":"CSDB","updateDate":"2016-01-14T16:25:11.607Z"},{"date":"2004 NOV","value":"98.4","year":"2004","month":"November","quarter":"","sourceDataset":"CSDB","updateDate":"2016-01-14T16:25:11.607Z"},{"date":"2004 DEC","value":"96.8","year":"2004","month":"December","quarter":"","sourceDataset":"CSDB","updateDate":"2016-01-14T16:25:11.607Z"},{"date":"2005 JAN","value":"99.6","year":"2005","month":"January","quarter":"","sourceDataset":"CSDB","updateDate":"2016-01-14T16:25:11.607Z"},{"date":"2005 FEB","value":"100.8","year":"2005","month":"February","quarter":"","sourceDataset":"CSDB","updateDate":"2016-01-14T16:25:11.607Z"},{"date":"2005 MAR","value":"100.3","year":"2005","month":"March","quarter":"","sourceDataset":"CSDB","updateDate":"2016-01-14T16:25:11.607Z"},{"date":"2005 APR","value":"100.2","year":"2005","month":"April","quarter":"","sourceDataset":"CSDB","updateDate":"2016-01-14T16:25:11.607Z"},{"date":"2005 MAY","value":"101.7","year":"2005","month":"May","quarter":"","sourceDataset":"CSDB","updateDate":"2016-01-14T16:25:11.607Z"},{"date":"2005 JUN","value":"101.0","year":"2005","month":"June","quarter":"","sourceDataset":"CSDB","updateDate":"2016-01-14T16:25:11.607Z"},{"date":"2005 JUL","value":"100.8","year":"2005","month":"July","quarter":"","sourceDataset":"CSDB","updateDate":"2016-01-14T16:25:11.607Z"},{"date":"2005 AUG","value":"99.8","year":"2005","month":"August","quarter":"","sourceDataset":"CSDB","updateDate":"2016-01-14T16:25:11.607Z"},{"date":"2005 SEP","value":"100.4","year":"2005","month":"September","quarter":"","sourceDataset":"CSDB","updateDate":"2016-01-14T16:25:11.607Z"},{"date":"2005 OCT","value":"100.4","year":"2005","month":"October","quarter":"","sourceDataset":"CSDB","updateDate":"2016-01-14T16:25:11.607Z"},{"date":"2005 NOV","value":"98.3","year":"2005","month":"November","quarter":"","sourceDataset":"CSDB","updateDate":"2016-01-14T16:25:11.607Z"},{"date":"2005 DEC","value":"96.6","year":"2005","month":"December","quarter":"","sourceDataset":"CSDB","updateDate":"2016-01-14T16:25:11.607Z"},{"date":"2006 JAN","value":"100.0","year":"2006","month":"January","quarter":"","sourceDataset":"CSDB","updateDate":"2016-01-14T16:25:11.607Z"},{"date":"2006 FEB","value":"100.2","year":"2006","month":"February","quarter":"","sourceDataset":"CSDB","updateDate":"2016-01-14T16:25:11.607Z"},{"date":"2006 MAR","value":"100.6","year":"2006","month":"March","quarter":"","sourceDataset":"CSDB","updateDate":"2016-01-14T16:25:11.607Z"},{"date":"2006 APR","value":"99.1","year":"2006","month":"April","quarter":"","sourceDataset":"CSDB","updateDate":"2016-01-14T16:25:11.607Z"},{"date":"2006 MAY","value":"99.1","year":"2006","month":"May","quarter":"","sourceDataset":"CSDB","updateDate":"2016-01-14T16:25:11.607Z"},{"date":"2006 JUN","value":"99.3","year":"2006","month":"June","quarter":"","sourceDataset":"CSDB","updateDate":"2016-01-14T16:25:11.607Z"},{"date":"2006 JUL","value":"99.1","year":"2006","month":"July","quarter":"","sourceDataset":"CSDB","updateDate":"2016-01-14T16:25:11.607Z"},{"date":"2006 AUG","value":"99.9","year":"2006","month":"August","quarter":"","sourceDataset":"CSDB","updateDate":"2016-01-14T16:25:11.607Z"},{"date":"2006 SEP","value":"100.3","year":"2006","month":"September","quarter":"","sourceDataset":"CSDB","updateDate":"2016-01-14T16:25:11.607Z"},{"date":"2006 OCT","value":"101.1","year":"2006","month":"October","quarter":"","sourceDataset":"CSDB","updateDate":"2016-01-14T16:25:11.607Z"},{"date":"2006 NOV","value":"98.4","year":"2006","month":"November","quarter":"","sourceDataset":"CSDB","updateDate":"2016-01-14T16:25:11.607Z"},{"date":"2006 DEC","value":"96.9","year":"2006","month":"December","quarter":"","sourceDataset":"CSDB","updateDate":"2016-01-14T16:25:11.607Z"},{"date":"2007 JAN","value":"98.8","year":"2007","month":"January","quarter":"","sourceDataset":"CSDB","updateDate":"2016-01-14T16:25:11.607Z"},{"date":"2007 FEB","value":"100.0","year":"2007","month":"February","quarter":"","sourceDataset":"CSDB","updateDate":"2016-01-14T16:25:11.607Z"},{"date":"2007 MAR","value":"101.7","year":"2007","month":"March","quarter":"","sourceDataset":"CSDB","updateDate":"2016-01-14T16:25:11.607Z"},{"date":"2007 APR","value":"101.6","year":"2007","month":"April","quarter":"","sourceDataset":"CSDB","updateDate":"2016-01-14T16:25:11.607Z"},{"date":"2007 MAY","value":"101.1","year":"2007","month":"May","quarter":"","sourceDataset":"CSDB","updateDate":"2016-01-14T16:25:11.607Z"},{"date":"2007 JUN","value":"101.8","year":"2007","month":"June","quarter":"","sourceDataset":"CSDB","updateDate":"2016-01-14T16:25:11.607Z"},{"date":"2007 JUL","value":"100.5","year":"2007","month":"July","quarter":"","sourceDataset":"CSDB","updateDate":"2016-01-14T16:25:11.607Z"},{"date":"2007 AUG","value":"102.1","year":"2007","month":"August","quarter":"","sourceDataset":"CSDB","updateDate":"2016-01-14T16:25:11.607Z"},{"date":"2007 SEP","value":"103.2","year":"2007","month":"September","quarter":"","sourceDataset":"CSDB","updateDate":"2016-01-14T16:25:11.607Z"},{"date":"2007 OCT","value":"101.3","year":"2007","month":"October","quarter":"","sourceDataset":"CSDB","updateDate":"2016-01-14T16:25:11.607Z"},{"date":"2007 NOV","value":"99.5","year":"2007","month":"November","quarter":"","sourceDataset":"CSDB","updateDate":"2016-01-14T16:25:11.607Z"},{"date":"2007 DEC","value":"97.9","year":"2007","month":"December","quarter":"","sourceDataset":"CSDB","updateDate":"2016-01-14T16:25:11.607Z"},{"date":"2008 JAN","value":"101.3","year":"2008","month":"January","quarter":"","sourceDataset":"CSDB","updateDate":"2016-01-14T16:25:11.608Z"},{"date":"2008 FEB","value":"102.7","year":"2008","month":"February","quarter":"","sourceDataset":"CSDB","updateDate":"2016-01-14T16:25:11.608Z"},{"date":"2008 MAR","value":"102.6","year":"2008","month":"March","quarter":"","sourceDataset":"CSDB","updateDate":"2016-01-14T16:25:11.608Z"},{"date":"2008 APR","value":"108.0","year":"2008","month":"April","quarter":"","sourceDataset":"CSDB","updateDate":"2016-01-14T16:25:11.608Z"},{"date":"2008 MAY","value":"110.5","year":"2008","month":"May","quarter":"","sourceDataset":"CSDB","updateDate":"2016-01-14T16:25:11.608Z"},{"date":"2008 JUN","value":"109.0","year":"2008","month":"June","quarter":"","sourceDataset":"CSDB","updateDate":"2016-01-14T16:25:11.608Z"},{"date":"2008 JUL","value":"108.4","year":"2008","month":"July","quarter":"","sourceDataset":"CSDB","updateDate":"2016-01-14T16:25:11.608Z"},{"date":"2008 AUG","value":"110.3","year":"2008","month":"August","quarter":"","sourceDataset":"CSDB","updateDate":"2016-01-14T16:25:11.608Z"},{"date":"2008 SEP","value":"109.4","year":"2008","month":"September","quarter":"","sourceDataset":"CSDB","updateDate":"2016-01-14T16:25:11.608Z"},{"date":"2008 OCT","value":"105.8","year":"2008","month":"October","quarter":"","sourceDataset":"CSDB","updateDate":"2016-01-14T16:25:11.608Z"},{"date":"2008 NOV","value":"103.1","year":"2008","month":"November","quarter":"","sourceDataset":"CSDB","updateDate":"2016-01-14T16:25:11.608Z"},{"date":"2008 DEC","value":"103.7","year":"2008","month":"December","quarter":"","sourceDataset":"CSDB","updateDate":"2016-01-14T16:25:11.608Z"},{"date":"2009 JAN","value":"108.5","year":"2009","month":"January","quarter":"","sourceDataset":"CSDB","updateDate":"2016-01-14T16:25:11.608Z"},{"date":"2009 FEB","value":"107.1","year":"2009","month":"February","quarter":"","sourceDataset":"CSDB","updateDate":"2016-01-14T16:25:11.608Z"},{"date":"2009 MAR","value":"110.7","year":"2009","month":"March","quarter":"","sourceDataset":"CSDB","updateDate":"2016-01-14T16:25:11.608Z"},{"date":"2009 APR","value":"108.9","year":"2009","month":"April","quarter":"","sourceDataset":"CSDB","updateDate":"2016-01-14T16:25:11.608Z"},{"date":"2009 MAY","value":"112.2","year":"2009","month":"May","quarter":"","sourceDataset":"CSDB","updateDate":"2016-01-14T16:25:11.608Z"},{"date":"2009 JUN","value":"108.8","year":"2009","month":"June","quarter":"","sourceDataset":"CSDB","updateDate":"2016-01-14T16:25:11.608Z"},{"date":"2009 JUL","value":"111.7","year":"2009","month":"July","quarter":"","sourceDataset":"CSDB","updateDate":"2016-01-14T16:25:11.608Z"},{"date":"2009 AUG","value":"110.3","year":"2009","month":"August","quarter":"","sourceDataset":"CSDB","updateDate":"2016-01-14T16:25:11.608Z"},{"date":"2009 SEP","value":"112.3","year":"2009","month":"September","quarter":"","sourceDataset":"CSDB","updateDate":"2016-01-14T16:25:11.608Z"},{"date":"2009 OCT","value":"111.2","year":"2009","month":"October","quarter":"","sourceDataset":"CSDB","updateDate":"2016-01-14T16:25:11.608Z"},{"date":"2009 NOV","value":"110.3","year":"2009","month":"November","quarter":"","sourceDataset":"CSDB","updateDate":"2016-01-14T16:25:11.608Z"},{"date":"2009 DEC","value":"105.8","year":"2009","month":"December","quarter":"","sourceDataset":"CSDB","updateDate":"2016-01-14T16:25:11.608Z"},{"date":"2010 JAN","value":"113.2","year":"2010","month":"January","quarter":"","sourceDataset":"CSDB","updateDate":"2016-01-14T16:25:11.608Z"},{"date":"2010 FEB","value":"110.3","year":"2010","month":"February","quarter":"","sourceDataset":"CSDB","updateDate":"2016-01-14T16:25:11.608Z"},{"date":"2010 MAR","value":"115.3","year":"2010","month":"March","quarter":"","sourceDataset":"CSDB","updateDate":"2016-01-14T16:25:11.608Z"},{"date":"2010 APR","value":"115.2","year":"2010","month":"April","quarter":"","sourceDataset":"CSDB","updateDate":"2016-01-14T16:25:11.608Z"},{"date":"2010 MAY","value":"117.6","year":"2010","month":"May","quarter":"","sourceDataset":"CSDB","updateDate":"2016-01-14T16:25:11.608Z"},{"date":"2010 JUN","value":"117.4","year":"2010","month":"June","quarter":"","sourceDataset":"CSDB","updateDate":"2016-01-14T16:25:11.608Z"},{"date":"2010 JUL","value":"116.3","year":"2010","month":"July","quarter":"","sourceDataset":"CSDB","updateDate":"2016-01-14T16:25:11.608Z"},{"date":"2010 AUG","value":"116.0","year":"2010","month":"August","quarter":"","sourceDataset":"CSDB","updateDate":"2016-01-14T16:25:11.608Z"},{"date":"2010 SEP","value":"119.4","year":"2010","month":"September","quarter":"","sourceDataset":"CSDB","updateDate":"2016-01-14T16:25:11.608Z"},{"date":"2010 OCT","value":"117.3","year":"2010","month":"October","quarter":"","sourceDataset":"CSDB","updateDate":"2016-01-14T16:25:11.608Z"},{"date":"2010 NOV","value":"115.5","year":"2010","month":"November","quarter":"","sourceDataset":"CSDB","updateDate":"2016-01-14T16:25:11.608Z"},{"date":"2010 DEC","value":"108.7","year":"2010","month":"December","quarter":"","sourceDataset":"CSDB","updateDate":"2016-01-14T16:25:11.608Z"},{"date":"2011 JAN","value":"123.3","year":"2011","month":"January","quarter":"","sourceDataset":"CSDB","updateDate":"2016-01-14T16:25:11.608Z"},{"date":"2011 FEB","value":"116.1","year":"2011","month":"February","quarter":"","sourceDataset":"CSDB","updateDate":"2016-01-14T16:25:11.608Z"},{"date":"2011 MAR","value":"116.4","year":"2011","month":"March","quarter":"","sourceDataset":"CSDB","updateDate":"2016-01-14T16:25:11.608Z"},{"date":"2011 APR","value":"127.6","year":"2011","month":"April","quarter":"","sourceDataset":"CSDB","updateDate":"2016-01-14T16:25:11.608Z"},{"date":"2011 MAY","value":"123.9","year":"2011","month":"May","quarter":"","sourceDataset":"CSDB","updateDate":"2016-01-14T16:25:11.608Z"},{"date":"2011 JUN","value":"121.3","year":"2011","month":"June","quarter":"","sourceDataset":"CSDB","updateDate":"2016-01-14T16:25:11.608Z"},{"date":"2011 JUL","value":"127.6","year":"2011","month":"July","quarter":"","sourceDataset":"CSDB","updateDate":"2016-01-14T16:25:11.608Z"},{"date":"2011 AUG","value":"119.4","year":"2011","month":"August","quarter":"","sourceDataset":"CSDB","updateDate":"2016-01-14T16:25:11.608Z"},{"date":"2011 SEP","value":"123.7","year":"2011","month":"September","quarter":"","sourceDataset":"CSDB","updateDate":"2016-01-14T16:25:11.608Z"},{"date":"2011 OCT","value":"122.8","year":"2011","month":"October","quarter":"","sourceDataset":"CSDB","updateDate":"2016-01-14T16:25:11.608Z"},{"date":"2011 NOV","value":"123.3","year":"2011","month":"November","quarter":"","sourceDataset":"CSDB","updateDate":"2016-01-14T16:25:11.608Z"},{"date":"2011 DEC","value":"117.8","year":"2011","month":"December","quarter":"","sourceDataset":"CSDB","updateDate":"2016-01-14T16:25:11.608Z"},{"date":"2012 JAN","value":"125.8","year":"2012","month":"January","quarter":"","sourceDataset":"CSDB","updateDate":"2016-01-14T16:25:11.608Z"},{"date":"2012 FEB","value":"129.1","year":"2012","month":"February","quarter":"","sourceDataset":"CSDB","updateDate":"2016-01-14T16:25:11.608Z"},{"date":"2012 MAR","value":"130.4","year":"2012","month":"March","quarter":"","sourceDataset":"CSDB","updateDate":"2016-01-14T16:25:11.608Z"},{"date":"2012 APR","value":"131.1","year":"2012","month":"April","quarter":"","sourceDataset":"CSDB","updateDate":"2016-01-14T16:25:11.608Z"},{"date":"2012 MAY","value":"128.9","year":"2012","month":"May","quarter":"","sourceDataset":"CSDB","updateDate":"2016-01-14T16:25:11.608Z"},{"date":"2012 JUN","value":"127.1","year":"2012","month":"June","quarter":"","sourceDataset":"CSDB","updateDate":"2016-01-14T16:25:11.608Z"},{"date":"2012 JUL","value":"124.7","year":"2012","month":"July","quarter":"","sourceDataset":"CSDB","updateDate":"2016-01-14T16:25:11.608Z"},{"date":"2012 AUG","value":"127.5","year":"2012","month":"August","quarter":"","sourceDataset":"CSDB","updateDate":"2016-01-14T16:25:11.608Z"},{"date":"2012 SEP","value":"129.4","year":"2012","month":"September","quarter":"","sourceDataset":"CSDB","updateDate":"2016-01-14T16:25:11.608Z"},{"date":"2012 OCT","value":"129.3","year":"2012","month":"October","quarter":"","sourceDataset":"CSDB","updateDate":"2016-01-14T16:25:11.608Z"},{"date":"2012 NOV","value":"127.2","year":"2012","month":"November","quarter":"","sourceDataset":"CSDB","updateDate":"2016-01-14T16:25:11.608Z"},{"date":"2012 DEC","value":"121.2","year":"2012","month":"December","quarter":"","sourceDataset":"CSDB","updateDate":"2016-01-14T16:25:11.608Z"},{"date":"2013 JAN","value":"137.8","year":"2013","month":"January","quarter":"","sourceDataset":"CSDB","updateDate":"2016-01-14T16:25:11.608Z"},{"date":"2013 FEB","value":"134.6","year":"2013","month":"February","quarter":"","sourceDataset":"CSDB","updateDate":"2016-01-14T16:25:11.608Z"},{"date":"2013 MAR","value":"132.2","year":"2013","month":"March","quarter":"","sourceDataset":"CSDB","updateDate":"2016-01-14T16:25:11.608Z"},{"date":"2013 APR","value":"135.1","year":"2013","month":"April","quarter":"","sourceDataset":"CSDB","updateDate":"2016-01-14T16:25:11.608Z"},{"date":"2013 MAY","value":"135.9","year":"2013","month":"May","quarter":"","sourceDataset":"CSDB","updateDate":"2016-01-14T16:25:11.608Z"},{"date":"2013 JUN","value":"135.6","year":"2013","month":"June","quarter":"","sourceDataset":"CSDB","updateDate":"2016-01-14T16:25:11.608Z"},{"date":"2013 JUL","value":"139.8","year":"2013","month":"July","quarter":"","sourceDataset":"CSDB","updateDate":"2016-01-14T16:25:11.608Z"},{"date":"2013 AUG","value":"136.5","year":"2013","month":"August","quarter":"","sourceDataset":"CSDB","updateDate":"2016-01-14T16:25:11.608Z"},{"date":"2013 SEP","value":"135.5","year":"2013","month":"September","quarter":"","sourceDataset":"CSDB","updateDate":"2016-01-14T16:25:11.608Z"},{"date":"2013 OCT","value":"137.6","year":"2013","month":"October","quarter":"","sourceDataset":"CSDB","updateDate":"2016-01-14T16:25:11.608Z"},{"date":"2013 NOV","value":"132.9","year":"2013","month":"November","quarter":"","sourceDataset":"CSDB","updateDate":"2016-01-14T16:25:11.608Z"},{"date":"2013 DEC","value":"129.2","year":"2013","month":"December","quarter":"","sourceDataset":"CSDB","updateDate":"2016-01-14T16:25:11.608Z"},{"date":"2014 JAN","value":"137.9","year":"2014","month":"January","quarter":"","sourceDataset":"CSDB","updateDate":"2016-01-14T16:25:11.608Z"},{"date":"2014 FEB","value":"132.4","year":"2014","month":"February","quarter":"","sourceDataset":"CSDB","updateDate":"2016-01-14T16:25:11.608Z"},{"date":"2014 MAR","value":"135.8","year":"2014","month":"March","quarter":"","sourceDataset":"CSDB","updateDate":"2016-01-14T16:25:11.608Z"},{"date":"2014 APR","value":"132.5","year":"2014","month":"April","quarter":"","sourceDataset":"CSDB","updateDate":"2016-01-14T16:25:11.608Z"},{"date":"2014 MAY","value":"133.1","year":"2014","month":"May","quarter":"","sourceDataset":"CSDB","updateDate":"2016-01-14T16:25:11.608Z"},{"date":"2014 JUN","value":"135.8","year":"2014","month":"June","quarter":"","sourceDataset":"CSDB","updateDate":"2016-01-14T16:25:11.608Z"},{"date":"2014 JUL","value":"132.9","year":"2014","month":"July","quarter":"","sourceDataset":"CSDB","updateDate":"2016-01-14T16:25:11.608Z"},{"date":"2014 AUG","value":"135.9","year":"2014","month":"August","quarter":"","sourceDataset":"CSDB","updateDate":"2016-01-14T16:25:11.608Z"},{"date":"2014 SEP","value":"134.7","year":"2014","month":"September","quarter":"","sourceDataset":"CSDB","updateDate":"2016-01-14T16:25:11.608Z"},{"date":"2014 OCT","value":"139.9","year":"2014","month":"October","quarter":"","sourceDataset":"CSDB","updateDate":"2016-01-14T16:25:11.608Z"},{"date":"2014 NOV","value":"128.8","year":"2014","month":"November","quarter":"","sourceDataset":"CSDB","updateDate":"2016-01-14T16:25:11.608Z"},{"date":"2014 DEC","value":"128.6","year":"2014","month":"December","quarter":"","sourceDataset":"CSDB","updateDate":"2016-01-14T16:25:11.608Z"},{"date":"2015 JAN","value":"135.2","year":"2015","month":"January","quarter":"","sourceDataset":"CSDB","updateDate":"2016-01-14T16:25:11.608Z"},{"date":"2015 FEB","value":"136.4","year":"2015","month":"February","quarter":"","sourceDataset":"CSDB","updateDate":"2016-01-14T16:25:11.608Z"},{"date":"2015 MAR","value":"135.0","year":"2015","month":"March","quarter":"","sourceDataset":"CSDB","updateDate":"2016-01-14T16:25:11.608Z"},{"date":"2015 APR","value":"131.7","year":"2015","month":"April","quarter":"","sourceDataset":"CSDB","updateDate":"2016-01-14T16:25:11.608Z"},{"date":"2015 MAY","value":"134.0","year":"2015","month":"May","quarter":"","sourceDataset":"CSDB","updateDate":"2016-01-14T16:25:11.608Z"},{"date":"2015 JUN","value":"130.5","year":"2015","month":"June","quarter":"","sourceDataset":"CSDB","updateDate":"2016-01-14T16:25:11.608Z"},{"date":"2015 JUL","value":"132.6","year":"2015","month":"July","quarter":"","sourceDataset":"CSDB","updateDate":"2016-01-14T16:25:11.608Z"},{"date":"2015 AUG","value":"132.5","year":"2015","month":"August","quarter":"","sourceDataset":"CSDB","updateDate":"2016-01-22T20:07:36.146Z"}],"sourceDatasets":["CSDB"],"relatedDatasets":[{"uri":"/businessindustryandtrade/changestobusiness/bankruptcyinsolvency/datasets/carlsxmasrelease/2015"},{"uri":"/businessindustryandtrade/changestobusiness/bankruptcyinsolvency/datasets/wahasaqewqeqwe/2015"},{"uri":"/businessindustryandtrade/changestobusiness/bankruptcyinsolvency/datasets/releaseisreleaseygyug/2015"},{"uri":"/businessindustryandtrade/changestobusiness/bankruptcyinsolvency/datasets/releaseisreleaseadffd/2015"},{"uri":"/businessindustryandtrade/changestobusiness/bankruptcyinsolvency/datasets/pageunencrypted/2015"}],"relatedDocuments":[],"versions":[{"uri":"/businessindustryandtrade/changestobusiness/bankruptcyinsolvency/timeseries/d7dg/previous/v1","updateDate":"2016-01-26T00:00:00.000Z","correctionNotice":"","label":"v1"}],"type":"timeseries","description":{"title":"CPI INDEX 02.1.1 : SPIRITS 2005\u003d100                                     ","contact":{"email":"","name":"","telephone":""},"releaseDate":"2016-01-28T00:00:00.000Z","nextRelease":"","cdid":"D7DG","unit":"","preUnit":"","source":"","seasonalAdjustment":"NSA","date":"2015 AUG","number":"132.5"}}