{"years":[{"date":"1997","value":"994","year":"1997","month":"","quarter":"","sourceDataset":"CSDB10","updateDate":"2016-01-28T09:29:38.951Z"},{"date":"1998","value":"-6586","year":"1998","month":"","quarter":"","sourceDataset":"CSDB10","updateDate":"2016-01-28T09:29:38.951Z"},{"date":"1999","value":"15862","year":"1999","month":"","quarter":"","sourceDataset":"CSDB10","updateDate":"2016-01-28T09:29:38.951Z"},{"date":"2000","value":"-1507","year":"2000","month":"","quarter":"","sourceDataset":"CSDB10","updateDate":"2016-01-28T09:29:38.951Z"},{"date":"2001","value":"2260","year":"2001","month":"","quarter":"","sourceDataset":"CSDB10","updateDate":"2016-01-28T09:29:38.951Z"},{"date":"2002","value":"3794","year":"2002","month":"","quarter":"","sourceDataset":"CSDB10","updateDate":"2016-01-28T09:29:38.951Z"},{"date":"2003","value":"4635","year":"2003","month":"","quarter":"","sourceDataset":"CSDB10","updateDate":"2016-01-28T09:29:38.951Z"},{"date":"2004","value":"1847","year":"2004","month":"","quarter":"","sourceDataset":"CSDB10","updateDate":"2016-01-28T09:29:38.951Z"},{"date":"2005","value":"954","year":"2005","month":"","quarter":"","sourceDataset":"CSDB10","updateDate":"2016-01-28T09:29:38.951Z"},{"date":"2006","value":"-1025","year":"2006","month":"","quarter":"","sourceDataset":"CSDB10","updateDate":"2016-01-28T09:29:38.951Z"},{"date":"2007","value":"1835","year":"2007","month":"","quarter":"","sourceDataset":"CSDB10","updateDate":"2016-01-28T09:29:38.951Z"},{"date":"2008","value":"526","year":"2008","month":"","quarter":"","sourceDataset":"CSDB10","updateDate":"2016-01-28T09:29:38.951Z"},{"date":"2009","value":"-11011","year":"2009","month":"","quarter":"","sourceDataset":"CSDB10","updateDate":"2016-01-28T09:29:38.951Z"},{"date":"2010","value":"7254","year":"2010","month":"","quarter":"","sourceDataset":"CSDB10","updateDate":"2016-01-28T09:29:38.951Z"},{"date":"2011","value":"-2135","year":"2011","month":"","quarter":"","sourceDataset":"CSDB10","updateDate":"2016-01-28T09:29:38.951Z"},{"date":"2012","value":"-992","year":"2012","month":"","quarter":"","sourceDataset":"CSDB10","updateDate":"2016-01-28T09:29:38.951Z"},{"date":"2013","value":"11423","year":"2013","month":"","quarter":"","sourceDataset":"CSDB10","updateDate":"2016-01-28T09:29:38.951Z"},{"date":"2014","value":"3994","year":"2014","month":"","quarter":"","sourceDataset":"CSDB10","updateDate":"2016-01-28T09:29:38.951Z"}],"quarters":[{"date":"1997 Q1","value":"-484","year":"1997","month":"","quarter":"Q1","sourceDataset":"CSDB10","updateDate":"2016-01-28T09:29:38.951Z"},{"date":"1997 Q2","value":"2214","year":"1997","month":"","quarter":"Q2","sourceDataset":"CSDB10","updateDate":"2016-01-28T09:29:38.951Z"},{"date":"1997 Q3","value":"2157","year":"1997","month":"","quarter":"Q3","sourceDataset":"CSDB10","updateDate":"2016-01-28T09:29:38.951Z"},{"date":"1997 Q4","value":"-2893","year":"1997","month":"","quarter":"Q4","sourceDataset":"CSDB10","updateDate":"2016-01-28T09:29:38.951Z"},{"date":"1998 Q1","value":"-3113","year":"1998","month":"","quarter":"Q1","sourceDataset":"CSDB10","updateDate":"2016-01-28T09:29:38.951Z"},{"date":"1998 Q2","value":"-193","year":"1998","month":"","quarter":"Q2","sourceDataset":"CSDB10","updateDate":"2016-01-28T09:29:38.951Z"},{"date":"1998 Q3","value":"784","year":"1998","month":"","quarter":"Q3","sourceDataset":"CSDB10","updateDate":"2016-01-28T09:29:38.951Z"},{"date":"1998 Q4","value":"-4064","year":"1998","month":"","quarter":"Q4","sourceDataset":"CSDB10","updateDate":"2016-01-28T09:29:38.951Z"},{"date":"1999 Q1","value":"3961","year":"1999","month":"","quarter":"Q1","sourceDataset":"CSDB10","updateDate":"2016-01-28T09:29:38.951Z"},{"date":"1999 Q2","value":"2619","year":"1999","month":"","quarter":"Q2","sourceDataset":"CSDB10","updateDate":"2016-01-28T09:29:38.951Z"},{"date":"1999 Q3","value":"5413","year":"1999","month":"","quarter":"Q3","sourceDataset":"CSDB10","updateDate":"2016-01-28T09:29:38.951Z"},{"date":"1999 Q4","value":"3869","year":"1999","month":"","quarter":"Q4","sourceDataset":"CSDB10","updateDate":"2016-01-28T09:29:38.951Z"},{"date":"2000 Q1","value":"5776","year":"2000","month":"","quarter":"Q1","sourceDataset":"CSDB10","updateDate":"2016-01-28T09:29:38.951Z"},{"date":"2000 Q2","value":"-1830","year":"2000","month":"","quarter":"Q2","sourceDataset":"CSDB10","updateDate":"2016-01-28T09:29:38.951Z"},{"date":"2000 Q3","value":"-825","year":"2000","month":"","quarter":"Q3","sourceDataset":"CSDB10","updateDate":"2016-01-28T09:29:38.951Z"},{"date":"2000 Q4","value":"-4628","year":"2000","month":"","quarter":"Q4","sourceDataset":"CSDB10","updateDate":"2016-01-28T09:29:38.951Z"},{"date":"2001 Q1","value":"-3584","year":"2001","month":"","quarter":"Q1","sourceDataset":"CSDB10","updateDate":"2016-01-28T09:29:38.951Z"},{"date":"2001 Q2","value":"9394","year":"2001","month":"","quarter":"Q2","sourceDataset":"CSDB10","updateDate":"2016-01-28T09:29:38.951Z"},{"date":"2001 Q3","value":"-1588","year":"2001","month":"","quarter":"Q3","sourceDataset":"CSDB10","updateDate":"2016-01-28T09:29:38.951Z"},{"date":"2001 Q4","value":"-1962","year":"2001","month":"","quarter":"Q4","sourceDataset":"CSDB10","updateDate":"2016-01-28T09:29:38.951Z"},{"date":"2002 Q1","value":"9641","year":"2002","month":"","quarter":"Q1","sourceDataset":"CSDB10","updateDate":"2016-01-28T09:29:38.951Z"},{"date":"2002 Q2","value":"-1996","year":"2002","month":"","quarter":"Q2","sourceDataset":"CSDB10","updateDate":"2016-01-28T09:29:38.951Z"},{"date":"2002 Q3","value":"-1909","year":"2002","month":"","quarter":"Q3","sourceDataset":"CSDB10","updateDate":"2016-01-28T09:29:38.951Z"},{"date":"2002 Q4","value":"-1942","year":"2002","month":"","quarter":"Q4","sourceDataset":"CSDB10","updateDate":"2016-01-28T09:29:38.951Z"},{"date":"2003 Q1","value":"5272","year":"2003","month":"","quarter":"Q1","sourceDataset":"CSDB10","updateDate":"2016-01-28T09:29:38.951Z"},{"date":"2003 Q2","value":"-2851","year":"2003","month":"","quarter":"Q2","sourceDataset":"CSDB10","updateDate":"2016-01-28T09:29:38.951Z"},{"date":"2003 Q3","value":"1143","year":"2003","month":"","quarter":"Q3","sourceDataset":"CSDB10","updateDate":"2016-01-28T09:29:38.951Z"},{"date":"2003 Q4","value":"1071","year":"2003","month":"","quarter":"Q4","sourceDataset":"CSDB10","updateDate":"2016-01-28T09:29:38.951Z"},{"date":"2004 Q1","value":"-1504","year":"2004","month":"","quarter":"Q1","sourceDataset":"CSDB10","updateDate":"2016-01-28T09:29:38.951Z"},{"date":"2004 Q2","value":"1633","year":"2004","month":"","quarter":"Q2","sourceDataset":"CSDB10","updateDate":"2016-01-28T09:29:38.951Z"},{"date":"2004 Q3","value":"2457","year":"2004","month":"","quarter":"Q3","sourceDataset":"CSDB10","updateDate":"2016-01-28T09:29:38.951Z"},{"date":"2004 Q4","value":"-739","year":"2004","month":"","quarter":"Q4","sourceDataset":"CSDB10","updateDate":"2016-01-28T09:29:38.951Z"},{"date":"2005 Q1","value":"978","year":"2005","month":"","quarter":"Q1","sourceDataset":"CSDB10","updateDate":"2016-01-28T09:29:38.951Z"},{"date":"2005 Q2","value":"-2216","year":"2005","month":"","quarter":"Q2","sourceDataset":"CSDB10","updateDate":"2016-01-28T09:29:38.951Z"},{"date":"2005 Q3","value":"2084","year":"2005","month":"","quarter":"Q3","sourceDataset":"CSDB10","updateDate":"2016-01-28T09:29:38.951Z"},{"date":"2005 Q4","value":"108","year":"2005","month":"","quarter":"Q4","sourceDataset":"CSDB10","updateDate":"2016-01-28T09:29:38.951Z"},{"date":"2006 Q1","value":"-1172","year":"2006","month":"","quarter":"Q1","sourceDataset":"CSDB10","updateDate":"2016-01-28T09:29:38.951Z"},{"date":"2006 Q2","value":"572","year":"2006","month":"","quarter":"Q2","sourceDataset":"CSDB10","updateDate":"2016-01-28T09:29:38.951Z"},{"date":"2006 Q3","value":"388","year":"2006","month":"","quarter":"Q3","sourceDataset":"CSDB10","updateDate":"2016-01-28T09:29:38.951Z"},{"date":"2006 Q4","value":"-813","year":"2006","month":"","quarter":"Q4","sourceDataset":"CSDB10","updateDate":"2016-01-28T09:29:38.951Z"},{"date":"2007 Q1","value":"603","year":"2007","month":"","quarter":"Q1","sourceDataset":"CSDB10","updateDate":"2016-01-28T09:29:38.951Z"},{"date":"2007 Q2","value":"-1024","year":"2007","month":"","quarter":"Q2","sourceDataset":"CSDB10","updateDate":"2016-01-28T09:29:38.951Z"},{"date":"2007 Q3","value":"2089","year":"2007","month":"","quarter":"Q3","sourceDataset":"CSDB10","updateDate":"2016-01-28T09:29:38.951Z"},{"date":"2007 Q4","value":"167","year":"2007","month":"","quarter":"Q4","sourceDataset":"CSDB10","updateDate":"2016-01-28T09:29:38.951Z"},{"date":"2008 Q1","value":"-1768","year":"2008","month":"","quarter":"Q1","sourceDataset":"CSDB10","updateDate":"2016-01-28T09:29:38.951Z"},{"date":"2008 Q2","value":"4560","year":"2008","month":"","quarter":"Q2","sourceDataset":"CSDB10","updateDate":"2016-01-28T09:29:38.951Z"},{"date":"2008 Q3","value":"147","year":"2008","month":"","quarter":"Q3","sourceDataset":"CSDB10","updateDate":"2016-01-28T09:29:38.951Z"},{"date":"2008 Q4","value":"-2413","year":"2008","month":"","quarter":"Q4","sourceDataset":"CSDB10","updateDate":"2016-01-28T09:29:38.951Z"},{"date":"2009 Q1","value":"-9355","year":"2009","month":"","quarter":"Q1","sourceDataset":"CSDB10","updateDate":"2016-01-28T09:29:38.951Z"},{"date":"2009 Q2","value":"-4128","year":"2009","month":"","quarter":"Q2","sourceDataset":"CSDB10","updateDate":"2016-01-28T09:29:38.951Z"},{"date":"2009 Q3","value":"-662","year":"2009","month":"","quarter":"Q3","sourceDataset":"CSDB10","updateDate":"2016-01-28T09:29:38.951Z"},{"date":"2009 Q4","value":"3134","year":"2009","month":"","quarter":"Q4","sourceDataset":"CSDB10","updateDate":"2016-01-28T09:29:38.951Z"},{"date":"2010 Q1","value":"-8437","year":"2010","month":"","quarter":"Q1","sourceDataset":"CSDB10","updateDate":"2016-01-28T09:29:38.951Z"},{"date":"2010 Q2","value":"5500","year":"2010","month":"","quarter":"Q2","sourceDataset":"CSDB10","updateDate":"2016-01-28T09:29:38.951Z"},{"date":"2010 Q3","value":"5499","year":"2010","month":"","quarter":"Q3","sourceDataset":"CSDB10","updateDate":"2016-01-28T09:29:38.951Z"},{"date":"2010 Q4","value":"4692","year":"2010","month":"","quarter":"Q4","sourceDataset":"CSDB10","updateDate":"2016-01-28T09:29:38.951Z"},{"date":"2011 Q1","value":"-5827","year":"2011","month":"","quarter":"Q1","sourceDataset":"CSDB10","updateDate":"2016-01-28T09:29:38.951Z"},{"date":"2011 Q2","value":"-342","year":"2011","month":"","quarter":"Q2","sourceDataset":"CSDB10","updateDate":"2016-01-28T09:29:38.951Z"},{"date":"2011 Q3","value":"1249","year":"2011","month":"","quarter":"Q3","sourceDataset":"CSDB10","updateDate":"2016-01-28T09:29:38.951Z"},{"date":"2011 Q4","value":"2785","year":"2011","month":"","quarter":"Q4","sourceDataset":"CSDB10","updateDate":"2016-01-28T09:29:38.951Z"},{"date":"2012 Q1","value":"-9630","year":"2012","month":"","quarter":"Q1","sourceDataset":"CSDB10","updateDate":"2016-01-28T09:29:38.951Z"},{"date":"2012 Q2","value":"-887","year":"2012","month":"","quarter":"Q2","sourceDataset":"CSDB10","updateDate":"2016-01-28T09:29:38.951Z"},{"date":"2012 Q3","value":"2975","year":"2012","month":"","quarter":"Q3","sourceDataset":"CSDB10","updateDate":"2016-01-28T09:29:38.951Z"},{"date":"2012 Q4","value":"6550","year":"2012","month":"","quarter":"Q4","sourceDataset":"CSDB10","updateDate":"2016-01-28T09:29:38.951Z"},{"date":"2013 Q1","value":"433","year":"2013","month":"","quarter":"Q1","sourceDataset":"CSDB10","updateDate":"2016-01-28T09:29:38.951Z"},{"date":"2013 Q2","value":"-254","year":"2013","month":"","quarter":"Q2","sourceDataset":"CSDB10","updateDate":"2016-01-28T09:29:38.951Z"},{"date":"2013 Q3","value":"1124","year":"2013","month":"","quarter":"Q3","sourceDataset":"CSDB10","updateDate":"2016-01-28T09:29:38.951Z"},{"date":"2013 Q4","value":"10120","year":"2013","month":"","quarter":"Q4","sourceDataset":"CSDB10","updateDate":"2016-01-28T09:29:38.951Z"},{"date":"2014 Q1","value":"1072","year":"2014","month":"","quarter":"Q1","sourceDataset":"CSDB10","updateDate":"2016-01-28T09:29:38.951Z"},{"date":"2014 Q2","value":"2643","year":"2014","month":"","quarter":"Q2","sourceDataset":"CSDB10","updateDate":"2016-01-28T09:29:38.951Z"},{"date":"2014 Q3","value":"1565","year":"2014","month":"","quarter":"Q3","sourceDataset":"CSDB10","updateDate":"2016-01-28T09:29:38.951Z"},{"date":"2014 Q4","value":"-1286","year":"2014","month":"","quarter":"Q4","sourceDataset":"CSDB10","updateDate":"2016-01-28T09:29:38.951Z"},{"date":"2015 Q1","value":"1623","year":"2015","month":"","quarter":"Q1","sourceDataset":"CSDB10","updateDate":"2016-01-28T09:29:38.951Z"},{"date":"2015 Q2","value":"288","year":"2015","month":"","quarter":"Q2","sourceDataset":"CSDB10","updateDate":"2016-01-28T09:29:38.951Z"},{"date":"2015 Q3","value":"1061","year":"2015","month":"","quarter":"Q3","sourceDataset":"CSDB10","updateDate":"2016-01-28T09:29:38.951Z"}],"months":[],"sourceDatasets":["CSDB10"],"relatedDatasets":[{"uri":"/economy/environmentalaccounts/datasets/werwerwerwerwerwr/2015"}],"relatedDocuments":[],"type":"timeseries","description":{"title":"Change in inventories: Other Industries: CVM NSA                        ","contact":{"email":"","name":"","telephone":""},"releaseDate":"2016-01-27T00:00:00.000Z","nextRelease":"","cdid":"DLWV","unit":"","preUnit":"","source":"","seasonalAdjustment":"NSA","date":"2015 Q3","number":"1061"}}