{"years":[{"date":"1987","value":"100.4","year":"1987","month":"","quarter":"","sourceDataset":"CSDB","updateDate":"2016-01-14T16:25:13.585Z"},{"date":"1988","value":"102.6","year":"1988","month":"","quarter":"","sourceDataset":"CSDB","updateDate":"2016-01-14T16:25:13.585Z"},{"date":"1989","value":"107.0","year":"1989","month":"","quarter":"","sourceDataset":"CSDB","updateDate":"2016-01-14T16:25:13.585Z"},{"date":"1990","value":"110.6","year":"1990","month":"","quarter":"","sourceDataset":"CSDB","updateDate":"2016-01-14T16:25:13.585Z"},{"date":"1991","value":"110.0","year":"1991","month":"","quarter":"","sourceDataset":"CSDB","updateDate":"2016-01-14T16:25:13.585Z"},{"date":"1992","value":"108.6","year":"1992","month":"","quarter":"","sourceDataset":"CSDB","updateDate":"2016-01-14T16:25:13.585Z"},{"date":"1993","value":"108.6","year":"1993","month":"","quarter":"","sourceDataset":"CSDB","updateDate":"2016-01-14T16:25:13.585Z"},{"date":"1994","value":"107.5","year":"1994","month":"","quarter":"","sourceDataset":"CSDB","updateDate":"2016-01-14T16:25:13.585Z"},{"date":"1995","value":"106.3","year":"1995","month":"","quarter":"","sourceDataset":"CSDB","updateDate":"2016-01-14T16:25:13.585Z"},{"date":"1996","value":"104.3","year":"1996","month":"","quarter":"","sourceDataset":"CSDB","updateDate":"2016-01-14T16:25:13.585Z"},{"date":"1997","value":"105.1","year":"1997","month":"","quarter":"","sourceDataset":"CSDB","updateDate":"2016-01-14T16:25:13.585Z"},{"date":"1998","value":"104.2","year":"1998","month":"","quarter":"","sourceDataset":"CSDB","updateDate":"2016-01-14T16:25:13.585Z"},{"date":"1999","value":"99.2","year":"1999","month":"","quarter":"","sourceDataset":"CSDB","updateDate":"2016-01-14T16:25:13.585Z"},{"date":"2000","value":"92.6","year":"2000","month":"","quarter":"","sourceDataset":"CSDB","updateDate":"2016-01-14T16:25:13.585Z"},{"date":"2001","value":"85.0","year":"2001","month":"","quarter":"","sourceDataset":"CSDB","updateDate":"2016-01-14T16:25:13.585Z"},{"date":"2002","value":"78.0","year":"2002","month":"","quarter":"","sourceDataset":"CSDB","updateDate":"2016-01-14T16:25:13.585Z"},{"date":"2003","value":"75.7","year":"2003","month":"","quarter":"","sourceDataset":"CSDB","updateDate":"2016-01-14T16:25:13.586Z"},{"date":"2004","value":"72.2","year":"2004","month":"","quarter":"","sourceDataset":"CSDB","updateDate":"2016-01-14T16:25:13.586Z"},{"date":"2005","value":"70.3","year":"2005","month":"","quarter":"","sourceDataset":"CSDB","updateDate":"2016-01-14T16:25:13.586Z"},{"date":"2006","value":"69.2","year":"2006","month":"","quarter":"","sourceDataset":"CSDB","updateDate":"2016-01-14T16:25:13.586Z"},{"date":"2007","value":"67.0","year":"2007","month":"","quarter":"","sourceDataset":"CSDB","updateDate":"2016-01-14T16:25:13.586Z"},{"date":"2008","value":"61.6","year":"2008","month":"","quarter":"","sourceDataset":"CSDB","updateDate":"2016-01-14T16:25:13.586Z"},{"date":"2009","value":"55.1","year":"2009","month":"","quarter":"","sourceDataset":"CSDB","updateDate":"2016-01-14T16:25:13.586Z"},{"date":"2010","value":"58.8","year":"2010","month":"","quarter":"","sourceDataset":"CSDB","updateDate":"2016-01-14T16:25:13.586Z"},{"date":"2011","value":"68.2","year":"2011","month":"","quarter":"","sourceDataset":"CSDB","updateDate":"2016-01-14T16:25:13.586Z"},{"date":"2012","value":"74.6","year":"2012","month":"","quarter":"","sourceDataset":"CSDB","updateDate":"2016-01-14T16:25:13.586Z"},{"date":"2013","value":"84.8","year":"2013","month":"","quarter":"","sourceDataset":"CSDB","updateDate":"2016-01-14T16:25:13.586Z"},{"date":"2014","value":"93.7","year":"2014","month":"","quarter":"","sourceDataset":"CSDB","updateDate":"2016-01-14T16:25:13.586Z"}],"quarters":[{"date":"1987 Q1","value":"100.2","year":"1987","month":"","quarter":"Q1","sourceDataset":"CSDB","updateDate":"2016-01-14T16:25:13.586Z"},{"date":"1987 Q2","value":"100.1","year":"1987","month":"","quarter":"Q2","sourceDataset":"CSDB","updateDate":"2016-01-14T16:25:13.586Z"},{"date":"1987 Q3","value":"98.8","year":"1987","month":"","quarter":"Q3","sourceDataset":"CSDB","updateDate":"2016-01-14T16:25:13.586Z"},{"date":"1987 Q4","value":"102.3","year":"1987","month":"","quarter":"Q4","sourceDataset":"CSDB","updateDate":"2016-01-14T16:25:13.586Z"},{"date":"1988 Q1","value":"99.9","year":"1988","month":"","quarter":"Q1","sourceDataset":"CSDB","updateDate":"2016-01-14T16:25:13.586Z"},{"date":"1988 Q2","value":"102.8","year":"1988","month":"","quarter":"Q2","sourceDataset":"CSDB","updateDate":"2016-01-14T16:25:13.586Z"},{"date":"1988 Q3","value":"101.8","year":"1988","month":"","quarter":"Q3","sourceDataset":"CSDB","updateDate":"2016-01-14T16:25:13.586Z"},{"date":"1988 Q4","value":"105.7","year":"1988","month":"","quarter":"Q4","sourceDataset":"CSDB","updateDate":"2016-01-14T16:25:13.586Z"},{"date":"1989 Q1","value":"103.6","year":"1989","month":"","quarter":"Q1","sourceDataset":"CSDB","updateDate":"2016-01-14T16:25:13.586Z"},{"date":"1989 Q2","value":"107.9","year":"1989","month":"","quarter":"Q2","sourceDataset":"CSDB","updateDate":"2016-01-14T16:25:13.586Z"},{"date":"1989 Q3","value":"106.0","year":"1989","month":"","quarter":"Q3","sourceDataset":"CSDB","updateDate":"2016-01-14T16:25:13.586Z"},{"date":"1989 Q4","value":"110.5","year":"1989","month":"","quarter":"Q4","sourceDataset":"CSDB","updateDate":"2016-01-14T16:25:13.586Z"},{"date":"1990 Q1","value":"107.9","year":"1990","month":"","quarter":"Q1","sourceDataset":"CSDB","updateDate":"2016-01-14T16:25:13.586Z"},{"date":"1990 Q2","value":"111.3","year":"1990","month":"","quarter":"Q2","sourceDataset":"CSDB","updateDate":"2016-01-14T16:25:13.586Z"},{"date":"1990 Q3","value":"109.0","year":"1990","month":"","quarter":"Q3","sourceDataset":"CSDB","updateDate":"2016-01-14T16:25:13.586Z"},{"date":"1990 Q4","value":"114.0","year":"1990","month":"","quarter":"Q4","sourceDataset":"CSDB","updateDate":"2016-01-14T16:25:13.586Z"},{"date":"1991 Q1","value":"107.0","year":"1991","month":"","quarter":"Q1","sourceDataset":"CSDB","updateDate":"2016-01-14T16:25:13.586Z"},{"date":"1991 Q2","value":"112.1","year":"1991","month":"","quarter":"Q2","sourceDataset":"CSDB","updateDate":"2016-01-14T16:25:13.586Z"},{"date":"1991 Q3","value":"107.4","year":"1991","month":"","quarter":"Q3","sourceDataset":"CSDB","updateDate":"2016-01-14T16:25:13.586Z"},{"date":"1991 Q4","value":"113.3","year":"1991","month":"","quarter":"Q4","sourceDataset":"CSDB","updateDate":"2016-01-14T16:25:13.586Z"},{"date":"1992 Q1","value":"106.2","year":"1992","month":"","quarter":"Q1","sourceDataset":"CSDB","updateDate":"2016-01-14T16:25:13.586Z"},{"date":"1992 Q2","value":"110.1","year":"1992","month":"","quarter":"Q2","sourceDataset":"CSDB","updateDate":"2016-01-14T16:25:13.586Z"},{"date":"1992 Q3","value":"106.4","year":"1992","month":"","quarter":"Q3","sourceDataset":"CSDB","updateDate":"2016-01-14T16:25:13.586Z"},{"date":"1992 Q4","value":"111.8","year":"1992","month":"","quarter":"Q4","sourceDataset":"CSDB","updateDate":"2016-01-14T16:25:13.586Z"},{"date":"1993 Q1","value":"105.8","year":"1993","month":"","quarter":"Q1","sourceDataset":"CSDB","updateDate":"2016-01-14T16:25:13.586Z"},{"date":"1993 Q2","value":"109.9","year":"1993","month":"","quarter":"Q2","sourceDataset":"CSDB","updateDate":"2016-01-14T16:25:13.586Z"},{"date":"1993 Q3","value":"107.1","year":"1993","month":"","quarter":"Q3","sourceDataset":"CSDB","updateDate":"2016-01-14T16:25:13.586Z"},{"date":"1993 Q4","value":"111.6","year":"1993","month":"","quarter":"Q4","sourceDataset":"CSDB","updateDate":"2016-01-14T16:25:13.586Z"},{"date":"1994 Q1","value":"105.6","year":"1994","month":"","quarter":"Q1","sourceDataset":"CSDB","updateDate":"2016-01-14T16:25:13.586Z"},{"date":"1994 Q2","value":"108.7","year":"1994","month":"","quarter":"Q2","sourceDataset":"CSDB","updateDate":"2016-01-14T16:25:13.586Z"},{"date":"1994 Q3","value":"105.4","year":"1994","month":"","quarter":"Q3","sourceDataset":"CSDB","updateDate":"2016-01-14T16:25:13.586Z"},{"date":"1994 Q4","value":"110.4","year":"1994","month":"","quarter":"Q4","sourceDataset":"CSDB","updateDate":"2016-01-14T16:25:13.586Z"},{"date":"1995 Q1","value":"103.9","year":"1995","month":"","quarter":"Q1","sourceDataset":"CSDB","updateDate":"2016-01-14T16:25:13.586Z"},{"date":"1995 Q2","value":"107.7","year":"1995","month":"","quarter":"Q2","sourceDataset":"CSDB","updateDate":"2016-01-14T16:25:13.586Z"},{"date":"1995 Q3","value":"104.1","year":"1995","month":"","quarter":"Q3","sourceDataset":"CSDB","updateDate":"2016-01-14T16:25:13.586Z"},{"date":"1995 Q4","value":"109.5","year":"1995","month":"","quarter":"Q4","sourceDataset":"CSDB","updateDate":"2016-01-14T16:25:13.586Z"},{"date":"1996 Q1","value":"101.4","year":"1996","month":"","quarter":"Q1","sourceDataset":"CSDB","updateDate":"2016-01-14T16:25:13.586Z"},{"date":"1996 Q2","value":"104.7","year":"1996","month":"","quarter":"Q2","sourceDataset":"CSDB","updateDate":"2016-01-14T16:25:13.586Z"},{"date":"1996 Q3","value":"102.1","year":"1996","month":"","quarter":"Q3","sourceDataset":"CSDB","updateDate":"2016-01-14T16:25:13.586Z"},{"date":"1996 Q4","value":"108.9","year":"1996","month":"","quarter":"Q4","sourceDataset":"CSDB","updateDate":"2016-01-14T16:25:13.586Z"},{"date":"1997 Q1","value":"102.0","year":"1997","month":"","quarter":"Q1","sourceDataset":"CSDB","updateDate":"2016-01-14T16:25:13.586Z"},{"date":"1997 Q2","value":"106.6","year":"1997","month":"","quarter":"Q2","sourceDataset":"CSDB","updateDate":"2016-01-14T16:25:13.586Z"},{"date":"1997 Q3","value":"103.2","year":"1997","month":"","quarter":"Q3","sourceDataset":"CSDB","updateDate":"2016-01-14T16:25:13.586Z"},{"date":"1997 Q4","value":"108.6","year":"1997","month":"","quarter":"Q4","sourceDataset":"CSDB","updateDate":"2016-01-14T16:25:13.586Z"},{"date":"1998 Q1","value":"101.9","year":"1998","month":"","quarter":"Q1","sourceDataset":"CSDB","updateDate":"2016-01-14T16:25:13.586Z"},{"date":"1998 Q2","value":"107.0","year":"1998","month":"","quarter":"Q2","sourceDataset":"CSDB","updateDate":"2016-01-14T16:25:13.586Z"},{"date":"1998 Q3","value":"101.8","year":"1998","month":"","quarter":"Q3","sourceDataset":"CSDB","updateDate":"2016-01-14T16:25:13.586Z"},{"date":"1998 Q4","value":"106.1","year":"1998","month":"","quarter":"Q4","sourceDataset":"CSDB","updateDate":"2016-01-14T16:25:13.586Z"},{"date":"1999 Q1","value":"97.6","year":"1999","month":"","quarter":"Q1","sourceDataset":"CSDB","updateDate":"2016-01-14T16:25:13.586Z"},{"date":"1999 Q2","value":"101.1","year":"1999","month":"","quarter":"Q2","sourceDataset":"CSDB","updateDate":"2016-01-14T16:25:13.586Z"},{"date":"1999 Q3","value":"97.6","year":"1999","month":"","quarter":"Q3","sourceDataset":"CSDB","updateDate":"2016-01-14T16:25:13.586Z"},{"date":"1999 Q4","value":"100.5","year":"1999","month":"","quarter":"Q4","sourceDataset":"CSDB","updateDate":"2016-01-14T16:25:13.586Z"},{"date":"2000 Q1","value":"92.5","year":"2000","month":"","quarter":"Q1","sourceDataset":"CSDB","updateDate":"2016-01-14T16:25:13.586Z"},{"date":"2000 Q2","value":"97.0","year":"2000","month":"","quarter":"Q2","sourceDataset":"CSDB","updateDate":"2016-01-14T16:25:13.586Z"},{"date":"2000 Q3","value":"88.9","year":"2000","month":"","quarter":"Q3","sourceDataset":"CSDB","updateDate":"2016-01-14T16:25:13.586Z"},{"date":"2000 Q4","value":"92.0","year":"2000","month":"","quarter":"Q4","sourceDataset":"CSDB","updateDate":"2016-01-14T16:25:13.586Z"},{"date":"2001 Q1","value":"85.8","year":"2001","month":"","quarter":"Q1","sourceDataset":"CSDB","updateDate":"2016-01-14T16:25:13.586Z"},{"date":"2001 Q2","value":"87.2","year":"2001","month":"","quarter":"Q2","sourceDataset":"CSDB","updateDate":"2016-01-14T16:25:13.586Z"},{"date":"2001 Q3","value":"82.3","year":"2001","month":"","quarter":"Q3","sourceDataset":"CSDB","updateDate":"2016-01-14T16:25:13.586Z"},{"date":"2001 Q4","value":"84.5","year":"2001","month":"","quarter":"Q4","sourceDataset":"CSDB","updateDate":"2016-01-14T16:25:13.586Z"},{"date":"2002 Q1","value":"78.5","year":"2002","month":"","quarter":"Q1","sourceDataset":"CSDB","updateDate":"2016-01-14T16:25:13.586Z"},{"date":"2002 Q2","value":"79.1","year":"2002","month":"","quarter":"Q2","sourceDataset":"CSDB","updateDate":"2016-01-14T16:25:13.586Z"},{"date":"2002 Q3","value":"75.3","year":"2002","month":"","quarter":"Q3","sourceDataset":"CSDB","updateDate":"2016-01-14T16:25:13.586Z"},{"date":"2002 Q4","value":"79.3","year":"2002","month":"","quarter":"Q4","sourceDataset":"CSDB","updateDate":"2016-01-14T16:25:13.586Z"},{"date":"2003 Q1","value":"75.3","year":"2003","month":"","quarter":"Q1","sourceDataset":"CSDB","updateDate":"2016-01-14T16:25:13.586Z"},{"date":"2003 Q2","value":"76.7","year":"2003","month":"","quarter":"Q2","sourceDataset":"CSDB","updateDate":"2016-01-14T16:25:13.586Z"},{"date":"2003 Q3","value":"74.7","year":"2003","month":"","quarter":"Q3","sourceDataset":"CSDB","updateDate":"2016-01-14T16:25:13.586Z"},{"date":"2003 Q4","value":"76.0","year":"2003","month":"","quarter":"Q4","sourceDataset":"CSDB","updateDate":"2016-01-14T16:25:13.586Z"},{"date":"2004 Q1","value":"72.8","year":"2004","month":"","quarter":"Q1","sourceDataset":"CSDB","updateDate":"2016-01-14T16:25:13.586Z"},{"date":"2004 Q2","value":"72.5","year":"2004","month":"","quarter":"Q2","sourceDataset":"CSDB","updateDate":"2016-01-14T16:25:13.586Z"},{"date":"2004 Q3","value":"70.9","year":"2004","month":"","quarter":"Q3","sourceDataset":"CSDB","updateDate":"2016-01-14T16:25:13.586Z"},{"date":"2004 Q4","value":"72.6","year":"2004","month":"","quarter":"Q4","sourceDataset":"CSDB","updateDate":"2016-01-14T16:25:13.586Z"},{"date":"2005 Q1","value":"69.9","year":"2005","month":"","quarter":"Q1","sourceDataset":"CSDB","updateDate":"2016-01-14T16:25:13.586Z"},{"date":"2005 Q2","value":"71.1","year":"2005","month":"","quarter":"Q2","sourceDataset":"CSDB","updateDate":"2016-01-14T16:25:13.586Z"},{"date":"2005 Q3","value":"69.0","year":"2005","month":"","quarter":"Q3","sourceDataset":"CSDB","updateDate":"2016-01-14T16:25:13.586Z"},{"date":"2005 Q4","value":"71.4","year":"2005","month":"","quarter":"Q4","sourceDataset":"CSDB","updateDate":"2016-01-14T16:25:13.586Z"},{"date":"2006 Q1","value":"68.7","year":"2006","month":"","quarter":"Q1","sourceDataset":"CSDB","updateDate":"2016-01-14T16:25:13.586Z"},{"date":"2006 Q2","value":"70.4","year":"2006","month":"","quarter":"Q2","sourceDataset":"CSDB","updateDate":"2016-01-14T16:25:13.586Z"},{"date":"2006 Q3","value":"67.6","year":"2006","month":"","quarter":"Q3","sourceDataset":"CSDB","updateDate":"2016-01-14T16:25:13.586Z"},{"date":"2006 Q4","value":"70.1","year":"2006","month":"","quarter":"Q4","sourceDataset":"CSDB","updateDate":"2016-01-14T16:25:13.586Z"},{"date":"2007 Q1","value":"66.4","year":"2007","month":"","quarter":"Q1","sourceDataset":"CSDB","updateDate":"2016-01-14T16:25:13.586Z"},{"date":"2007 Q2","value":"68.8","year":"2007","month":"","quarter":"Q2","sourceDataset":"CSDB","updateDate":"2016-01-14T16:25:13.586Z"},{"date":"2007 Q3","value":"65.9","year":"2007","month":"","quarter":"Q3","sourceDataset":"CSDB","updateDate":"2016-01-14T16:25:13.586Z"},{"date":"2007 Q4","value":"67.1","year":"2007","month":"","quarter":"Q4","sourceDataset":"CSDB","updateDate":"2016-01-14T16:25:13.586Z"},{"date":"2008 Q1","value":"63.0","year":"2008","month":"","quarter":"Q1","sourceDataset":"CSDB","updateDate":"2016-01-14T16:25:13.586Z"},{"date":"2008 Q2","value":"62.9","year":"2008","month":"","quarter":"Q2","sourceDataset":"CSDB","updateDate":"2016-01-14T16:25:13.586Z"},{"date":"2008 Q3","value":"60.5","year":"2008","month":"","quarter":"Q3","sourceDataset":"CSDB","updateDate":"2016-01-14T16:25:13.586Z"},{"date":"2008 Q4","value":"60.2","year":"2008","month":"","quarter":"Q4","sourceDataset":"CSDB","updateDate":"2016-01-14T16:25:13.586Z"},{"date":"2009 Q1","value":"55.2","year":"2009","month":"","quarter":"Q1","sourceDataset":"CSDB","updateDate":"2016-01-14T16:25:13.586Z"},{"date":"2009 Q2","value":"56.1","year":"2009","month":"","quarter":"Q2","sourceDataset":"CSDB","updateDate":"2016-01-14T16:25:13.586Z"},{"date":"2009 Q3","value":"54.0","year":"2009","month":"","quarter":"Q3","sourceDataset":"CSDB","updateDate":"2016-01-14T16:25:13.586Z"},{"date":"2009 Q4","value":"55.1","year":"2009","month":"","quarter":"Q4","sourceDataset":"CSDB","updateDate":"2016-01-14T16:25:13.586Z"},{"date":"2010 Q1","value":"53.8","year":"2010","month":"","quarter":"Q1","sourceDataset":"CSDB","updateDate":"2016-01-14T16:25:13.586Z"},{"date":"2010 Q2","value":"59.8","year":"2010","month":"","quarter":"Q2","sourceDataset":"CSDB","updateDate":"2016-01-14T16:25:13.586Z"},{"date":"2010 Q3","value":"58.5","year":"2010","month":"","quarter":"Q3","sourceDataset":"CSDB","updateDate":"2016-01-14T16:25:13.586Z"},{"date":"2010 Q4","value":"63.1","year":"2010","month":"","quarter":"Q4","sourceDataset":"CSDB","updateDate":"2016-01-14T16:25:13.586Z"},{"date":"2011 Q1","value":"63.3","year":"2011","month":"","quarter":"Q1","sourceDataset":"CSDB","updateDate":"2016-01-14T16:25:13.586Z"},{"date":"2011 Q2","value":"69.7","year":"2011","month":"","quarter":"Q2","sourceDataset":"CSDB","updateDate":"2016-01-14T16:25:13.586Z"},{"date":"2011 Q3","value":"67.7","year":"2011","month":"","quarter":"Q3","sourceDataset":"CSDB","updateDate":"2016-01-14T16:25:13.586Z"},{"date":"2011 Q4","value":"72.2","year":"2011","month":"","quarter":"Q4","sourceDataset":"CSDB","updateDate":"2016-01-14T16:25:13.586Z"},{"date":"2012 Q1","value":"71.0","year":"2012","month":"","quarter":"Q1","sourceDataset":"CSDB","updateDate":"2016-01-14T16:25:13.586Z"},{"date":"2012 Q2","value":"74.9","year":"2012","month":"","quarter":"Q2","sourceDataset":"CSDB","updateDate":"2016-01-14T16:25:13.586Z"},{"date":"2012 Q3","value":"73.0","year":"2012","month":"","quarter":"Q3","sourceDataset":"CSDB","updateDate":"2016-01-14T16:25:13.586Z"},{"date":"2012 Q4","value":"79.3","year":"2012","month":"","quarter":"Q4","sourceDataset":"CSDB","updateDate":"2016-01-14T16:25:13.586Z"},{"date":"2013 Q1","value":"78.9","year":"2013","month":"","quarter":"Q1","sourceDataset":"CSDB","updateDate":"2016-01-14T16:25:13.586Z"},{"date":"2013 Q2","value":"85.1","year":"2013","month":"","quarter":"Q2","sourceDataset":"CSDB","updateDate":"2016-01-14T16:25:13.586Z"},{"date":"2013 Q3","value":"84.1","year":"2013","month":"","quarter":"Q3","sourceDataset":"CSDB","updateDate":"2016-01-14T16:25:13.586Z"},{"date":"2013 Q4","value":"91.0","year":"2013","month":"","quarter":"Q4","sourceDataset":"CSDB","updateDate":"2016-01-14T16:25:13.586Z"},{"date":"2014 Q1","value":"88.7","year":"2014","month":"","quarter":"Q1","sourceDataset":"CSDB","updateDate":"2016-01-14T16:25:13.586Z"},{"date":"2014 Q2","value":"95.1","year":"2014","month":"","quarter":"Q2","sourceDataset":"CSDB","updateDate":"2016-01-14T16:25:13.586Z"},{"date":"2014 Q3","value":"92.5","year":"2014","month":"","quarter":"Q3","sourceDataset":"CSDB","updateDate":"2016-01-14T16:25:13.586Z"},{"date":"2014 Q4","value":"98.7","year":"2014","month":"","quarter":"Q4","sourceDataset":"CSDB","updateDate":"2016-01-14T16:25:13.586Z"},{"date":"2015 Q1","value":"99.7","year":"2015","month":"","quarter":"Q1","sourceDataset":"CSDB","updateDate":"2016-01-14T16:25:13.586Z"},{"date":"2015 Q2","value":"105.3","year":"2015","month":"","quarter":"Q2","sourceDataset":"CSDB","updateDate":"2016-01-14T16:25:13.586Z"}],"months":[{"date":"1987 JAN","value":"100.0","year":"1987","month":"January","quarter":"","sourceDataset":"CSDB","updateDate":"2016-01-14T16:25:13.586Z"},{"date":"1987 FEB","value":"99.8","year":"1987","month":"February","quarter":"","sourceDataset":"CSDB","updateDate":"2016-01-14T16:25:13.586Z"},{"date":"1987 MAR","value":"100.9","year":"1987","month":"March","quarter":"","sourceDataset":"CSDB","updateDate":"2016-01-14T16:25:13.586Z"},{"date":"1987 APR","value":"100.5","year":"1987","month":"April","quarter":"","sourceDataset":"CSDB","updateDate":"2016-01-14T16:25:13.586Z"},{"date":"1987 MAY","value":"100.4","year":"1987","month":"May","quarter":"","sourceDataset":"CSDB","updateDate":"2016-01-14T16:25:13.586Z"},{"date":"1987 JUN","value":"99.5","year":"1987","month":"June","quarter":"","sourceDataset":"CSDB","updateDate":"2016-01-14T16:25:13.586Z"},{"date":"1987 JUL","value":"97.2","year":"1987","month":"July","quarter":"","sourceDataset":"CSDB","updateDate":"2016-01-14T16:25:13.586Z"},{"date":"1987 AUG","value":"97.9","year":"1987","month":"August","quarter":"","sourceDataset":"CSDB","updateDate":"2016-01-14T16:25:13.586Z"},{"date":"1987 SEP","value":"101.2","year":"1987","month":"September","quarter":"","sourceDataset":"CSDB","updateDate":"2016-01-14T16:25:13.586Z"},{"date":"1987 OCT","value":"101.7","year":"1987","month":"October","quarter":"","sourceDataset":"CSDB","updateDate":"2016-01-14T16:25:13.586Z"},{"date":"1987 NOV","value":"102.2","year":"1987","month":"November","quarter":"","sourceDataset":"CSDB","updateDate":"2016-01-14T16:25:13.586Z"},{"date":"1987 DEC","value":"103.0","year":"1987","month":"December","quarter":"","sourceDataset":"CSDB","updateDate":"2016-01-14T16:25:13.586Z"},{"date":"1988 JAN","value":"99.2","year":"1988","month":"January","quarter":"","sourceDataset":"CSDB","updateDate":"2016-01-14T16:25:13.586Z"},{"date":"1988 FEB","value":"99.8","year":"1988","month":"February","quarter":"","sourceDataset":"CSDB","updateDate":"2016-01-14T16:25:13.586Z"},{"date":"1988 MAR","value":"100.7","year":"1988","month":"March","quarter":"","sourceDataset":"CSDB","updateDate":"2016-01-14T16:25:13.586Z"},{"date":"1988 APR","value":"100.9","year":"1988","month":"April","quarter":"","sourceDataset":"CSDB","updateDate":"2016-01-14T16:25:13.586Z"},{"date":"1988 MAY","value":"103.3","year":"1988","month":"May","quarter":"","sourceDataset":"CSDB","updateDate":"2016-01-14T16:25:13.586Z"},{"date":"1988 JUN","value":"104.3","year":"1988","month":"June","quarter":"","sourceDataset":"CSDB","updateDate":"2016-01-14T16:25:13.586Z"},{"date":"1988 JUL","value":"101.1","year":"1988","month":"July","quarter":"","sourceDataset":"CSDB","updateDate":"2016-01-14T16:25:13.586Z"},{"date":"1988 AUG","value":"100.7","year":"1988","month":"August","quarter":"","sourceDataset":"CSDB","updateDate":"2016-01-14T16:25:13.586Z"},{"date":"1988 SEP","value":"103.5","year":"1988","month":"September","quarter":"","sourceDataset":"CSDB","updateDate":"2016-01-14T16:25:13.586Z"},{"date":"1988 OCT","value":"105.0","year":"1988","month":"October","quarter":"","sourceDataset":"CSDB","updateDate":"2016-01-14T16:25:13.586Z"},{"date":"1988 NOV","value":"105.9","year":"1988","month":"November","quarter":"","sourceDataset":"CSDB","updateDate":"2016-01-14T16:25:13.586Z"},{"date":"1988 DEC","value":"106.2","year":"1988","month":"December","quarter":"","sourceDataset":"CSDB","updateDate":"2016-01-14T16:25:13.586Z"},{"date":"1989 JAN","value":"102.5","year":"1989","month":"January","quarter":"","sourceDataset":"CSDB","updateDate":"2016-01-14T16:25:13.586Z"},{"date":"1989 FEB","value":"103.8","year":"1989","month":"February","quarter":"","sourceDataset":"CSDB","updateDate":"2016-01-14T16:25:13.586Z"},{"date":"1989 MAR","value":"104.4","year":"1989","month":"March","quarter":"","sourceDataset":"CSDB","updateDate":"2016-01-14T16:25:13.586Z"},{"date":"1989 APR","value":"107.5","year":"1989","month":"April","quarter":"","sourceDataset":"CSDB","updateDate":"2016-01-14T16:25:13.586Z"},{"date":"1989 MAY","value":"108.0","year":"1989","month":"May","quarter":"","sourceDataset":"CSDB","updateDate":"2016-01-14T16:25:13.586Z"},{"date":"1989 JUN","value":"108.3","year":"1989","month":"June","quarter":"","sourceDataset":"CSDB","updateDate":"2016-01-14T16:25:13.586Z"},{"date":"1989 JUL","value":"104.6","year":"1989","month":"July","quarter":"","sourceDataset":"CSDB","updateDate":"2016-01-14T16:25:13.586Z"},{"date":"1989 AUG","value":"104.3","year":"1989","month":"August","quarter":"","sourceDataset":"CSDB","updateDate":"2016-01-14T16:25:13.586Z"},{"date":"1989 SEP","value":"109.2","year":"1989","month":"September","quarter":"","sourceDataset":"CSDB","updateDate":"2016-01-14T16:25:13.586Z"},{"date":"1989 OCT","value":"110.1","year":"1989","month":"October","quarter":"","sourceDataset":"CSDB","updateDate":"2016-01-14T16:25:13.586Z"},{"date":"1989 NOV","value":"110.6","year":"1989","month":"November","quarter":"","sourceDataset":"CSDB","updateDate":"2016-01-14T16:25:13.586Z"},{"date":"1989 DEC","value":"110.7","year":"1989","month":"December","quarter":"","sourceDataset":"CSDB","updateDate":"2016-01-14T16:25:13.586Z"},{"date":"1990 JAN","value":"106.7","year":"1990","month":"January","quarter":"","sourceDataset":"CSDB","updateDate":"2016-01-14T16:25:13.586Z"},{"date":"1990 FEB","value":"108.4","year":"1990","month":"February","quarter":"","sourceDataset":"CSDB","updateDate":"2016-01-14T16:25:13.586Z"},{"date":"1990 MAR","value":"108.6","year":"1990","month":"March","quarter":"","sourceDataset":"CSDB","updateDate":"2016-01-14T16:25:13.586Z"},{"date":"1990 APR","value":"111.7","year":"1990","month":"April","quarter":"","sourceDataset":"CSDB","updateDate":"2016-01-14T16:25:13.586Z"},{"date":"1990 MAY","value":"111.4","year":"1990","month":"May","quarter":"","sourceDataset":"CSDB","updateDate":"2016-01-14T16:25:13.586Z"},{"date":"1990 JUN","value":"110.9","year":"1990","month":"June","quarter":"","sourceDataset":"CSDB","updateDate":"2016-01-14T16:25:13.586Z"},{"date":"1990 JUL","value":"106.5","year":"1990","month":"July","quarter":"","sourceDataset":"CSDB","updateDate":"2016-01-14T16:25:13.586Z"},{"date":"1990 AUG","value":"107.9","year":"1990","month":"August","quarter":"","sourceDataset":"CSDB","updateDate":"2016-01-14T16:25:13.586Z"},{"date":"1990 SEP","value":"112.6","year":"1990","month":"September","quarter":"","sourceDataset":"CSDB","updateDate":"2016-01-14T16:25:13.586Z"},{"date":"1990 OCT","value":"113.6","year":"1990","month":"October","quarter":"","sourceDataset":"CSDB","updateDate":"2016-01-14T16:25:13.586Z"},{"date":"1990 NOV","value":"114.3","year":"1990","month":"November","quarter":"","sourceDataset":"CSDB","updateDate":"2016-01-14T16:25:13.586Z"},{"date":"1990 DEC","value":"114.2","year":"1990","month":"December","quarter":"","sourceDataset":"CSDB","updateDate":"2016-01-14T16:25:13.586Z"},{"date":"1991 JAN","value":"106.7","year":"1991","month":"January","quarter":"","sourceDataset":"CSDB","updateDate":"2016-01-14T16:25:13.586Z"},{"date":"1991 FEB","value":"106.6","year":"1991","month":"February","quarter":"","sourceDataset":"CSDB","updateDate":"2016-01-14T16:25:13.586Z"},{"date":"1991 MAR","value":"107.8","year":"1991","month":"March","quarter":"","sourceDataset":"CSDB","updateDate":"2016-01-14T16:25:13.586Z"},{"date":"1991 APR","value":"112.4","year":"1991","month":"April","quarter":"","sourceDataset":"CSDB","updateDate":"2016-01-14T16:25:13.586Z"},{"date":"1991 MAY","value":"112.1","year":"1991","month":"May","quarter":"","sourceDataset":"CSDB","updateDate":"2016-01-14T16:25:13.586Z"},{"date":"1991 JUN","value":"111.8","year":"1991","month":"June","quarter":"","sourceDataset":"CSDB","updateDate":"2016-01-14T16:25:13.586Z"},{"date":"1991 JUL","value":"105.4","year":"1991","month":"July","quarter":"","sourceDataset":"CSDB","updateDate":"2016-01-14T16:25:13.586Z"},{"date":"1991 AUG","value":"105.1","year":"1991","month":"August","quarter":"","sourceDataset":"CSDB","updateDate":"2016-01-14T16:25:13.586Z"},{"date":"1991 SEP","value":"111.7","year":"1991","month":"September","quarter":"","sourceDataset":"CSDB","updateDate":"2016-01-14T16:25:13.586Z"},{"date":"1991 OCT","value":"113.3","year":"1991","month":"October","quarter":"","sourceDataset":"CSDB","updateDate":"2016-01-14T16:25:13.586Z"},{"date":"1991 NOV","value":"113.3","year":"1991","month":"November","quarter":"","sourceDataset":"CSDB","updateDate":"2016-01-14T16:25:13.586Z"},{"date":"1991 DEC","value":"113.2","year":"1991","month":"December","quarter":"","sourceDataset":"CSDB","updateDate":"2016-01-14T16:25:13.586Z"},{"date":"1992 JAN","value":"104.9","year":"1992","month":"January","quarter":"","sourceDataset":"CSDB","updateDate":"2016-01-14T16:25:13.586Z"},{"date":"1992 FEB","value":"106.1","year":"1992","month":"February","quarter":"","sourceDataset":"CSDB","updateDate":"2016-01-14T16:25:13.586Z"},{"date":"1992 MAR","value":"107.5","year":"1992","month":"March","quarter":"","sourceDataset":"CSDB","updateDate":"2016-01-14T16:25:13.586Z"},{"date":"1992 APR","value":"110.8","year":"1992","month":"April","quarter":"","sourceDataset":"CSDB","updateDate":"2016-01-14T16:25:13.586Z"},{"date":"1992 MAY","value":"109.5","year":"1992","month":"May","quarter":"","sourceDataset":"CSDB","updateDate":"2016-01-14T16:25:13.586Z"},{"date":"1992 JUN","value":"109.9","year":"1992","month":"June","quarter":"","sourceDataset":"CSDB","updateDate":"2016-01-14T16:25:13.586Z"},{"date":"1992 JUL","value":"104.6","year":"1992","month":"July","quarter":"","sourceDataset":"CSDB","updateDate":"2016-01-14T16:25:13.586Z"},{"date":"1992 AUG","value":"103.4","year":"1992","month":"August","quarter":"","sourceDataset":"CSDB","updateDate":"2016-01-14T16:25:13.586Z"},{"date":"1992 SEP","value":"111.2","year":"1992","month":"September","quarter":"","sourceDataset":"CSDB","updateDate":"2016-01-14T16:25:13.586Z"},{"date":"1992 OCT","value":"112.6","year":"1992","month":"October","quarter":"","sourceDataset":"CSDB","updateDate":"2016-01-14T16:25:13.586Z"},{"date":"1992 NOV","value":"111.6","year":"1992","month":"November","quarter":"","sourceDataset":"CSDB","updateDate":"2016-01-14T16:25:13.586Z"},{"date":"1992 DEC","value":"111.2","year":"1992","month":"December","quarter":"","sourceDataset":"CSDB","updateDate":"2016-01-14T16:25:13.586Z"},{"date":"1993 JAN","value":"103.6","year":"1993","month":"January","quarter":"","sourceDataset":"CSDB","updateDate":"2016-01-14T16:25:13.586Z"},{"date":"1993 FEB","value":"105.9","year":"1993","month":"February","quarter":"","sourceDataset":"CSDB","updateDate":"2016-01-14T16:25:13.586Z"},{"date":"1993 MAR","value":"107.8","year":"1993","month":"March","quarter":"","sourceDataset":"CSDB","updateDate":"2016-01-14T16:25:13.586Z"},{"date":"1993 APR","value":"110.7","year":"1993","month":"April","quarter":"","sourceDataset":"CSDB","updateDate":"2016-01-14T16:25:13.586Z"},{"date":"1993 MAY","value":"110.1","year":"1993","month":"May","quarter":"","sourceDataset":"CSDB","updateDate":"2016-01-14T16:25:13.586Z"},{"date":"1993 JUN","value":"108.8","year":"1993","month":"June","quarter":"","sourceDataset":"CSDB","updateDate":"2016-01-14T16:25:13.586Z"},{"date":"1993 JUL","value":"104.2","year":"1993","month":"July","quarter":"","sourceDataset":"CSDB","updateDate":"2016-01-14T16:25:13.586Z"},{"date":"1993 AUG","value":"104.9","year":"1993","month":"August","quarter":"","sourceDataset":"CSDB","updateDate":"2016-01-14T16:25:13.586Z"},{"date":"1993 SEP","value":"112.2","year":"1993","month":"September","quarter":"","sourceDataset":"CSDB","updateDate":"2016-01-14T16:25:13.586Z"},{"date":"1993 OCT","value":"112.0","year":"1993","month":"October","quarter":"","sourceDataset":"CSDB","updateDate":"2016-01-14T16:25:13.586Z"},{"date":"1993 NOV","value":"111.8","year":"1993","month":"November","quarter":"","sourceDataset":"CSDB","updateDate":"2016-01-14T16:25:13.586Z"},{"date":"1993 DEC","value":"111.1","year":"1993","month":"December","quarter":"","sourceDataset":"CSDB","updateDate":"2016-01-14T16:25:13.586Z"},{"date":"1994 JAN","value":"102.8","year":"1994","month":"January","quarter":"","sourceDataset":"CSDB","updateDate":"2016-01-14T16:25:13.586Z"},{"date":"1994 FEB","value":"106.2","year":"1994","month":"February","quarter":"","sourceDataset":"CSDB","updateDate":"2016-01-14T16:25:13.586Z"},{"date":"1994 MAR","value":"107.7","year":"1994","month":"March","quarter":"","sourceDataset":"CSDB","updateDate":"2016-01-14T16:25:13.586Z"},{"date":"1994 APR","value":"109.0","year":"1994","month":"April","quarter":"","sourceDataset":"CSDB","updateDate":"2016-01-14T16:25:13.586Z"},{"date":"1994 MAY","value":"108.7","year":"1994","month":"May","quarter":"","sourceDataset":"CSDB","updateDate":"2016-01-14T16:25:13.586Z"},{"date":"1994 JUN","value":"108.3","year":"1994","month":"June","quarter":"","sourceDataset":"CSDB","updateDate":"2016-01-14T16:25:13.586Z"},{"date":"1994 JUL","value":"101.7","year":"1994","month":"July","quarter":"","sourceDataset":"CSDB","updateDate":"2016-01-14T16:25:13.586Z"},{"date":"1994 AUG","value":"104.3","year":"1994","month":"August","quarter":"","sourceDataset":"CSDB","updateDate":"2016-01-14T16:25:13.586Z"},{"date":"1994 SEP","value":"110.2","year":"1994","month":"September","quarter":"","sourceDataset":"CSDB","updateDate":"2016-01-14T16:25:13.586Z"},{"date":"1994 OCT","value":"110.2","year":"1994","month":"October","quarter":"","sourceDataset":"CSDB","updateDate":"2016-01-14T16:25:13.586Z"},{"date":"1994 NOV","value":"110.5","year":"1994","month":"November","quarter":"","sourceDataset":"CSDB","updateDate":"2016-01-14T16:25:13.586Z"},{"date":"1994 DEC","value":"110.5","year":"1994","month":"December","quarter":"","sourceDataset":"CSDB","updateDate":"2016-01-14T16:25:13.586Z"},{"date":"1995 JAN","value":"102.5","year":"1995","month":"January","quarter":"","sourceDataset":"CSDB","updateDate":"2016-01-14T16:25:13.586Z"},{"date":"1995 FEB","value":"103.9","year":"1995","month":"February","quarter":"","sourceDataset":"CSDB","updateDate":"2016-01-14T16:25:13.586Z"},{"date":"1995 MAR","value":"105.4","year":"1995","month":"March","quarter":"","sourceDataset":"CSDB","updateDate":"2016-01-14T16:25:13.586Z"},{"date":"1995 APR","value":"107.8","year":"1995","month":"April","quarter":"","sourceDataset":"CSDB","updateDate":"2016-01-14T16:25:13.586Z"},{"date":"1995 MAY","value":"108.1","year":"1995","month":"May","quarter":"","sourceDataset":"CSDB","updateDate":"2016-01-14T16:25:13.586Z"},{"date":"1995 JUN","value":"107.3","year":"1995","month":"June","quarter":"","sourceDataset":"CSDB","updateDate":"2016-01-14T16:25:13.586Z"},{"date":"1995 JUL","value":"100.4","year":"1995","month":"July","quarter":"","sourceDataset":"CSDB","updateDate":"2016-01-14T16:25:13.586Z"},{"date":"1995 AUG","value":"102.3","year":"1995","month":"August","quarter":"","sourceDataset":"CSDB","updateDate":"2016-01-14T16:25:13.586Z"},{"date":"1995 SEP","value":"109.5","year":"1995","month":"September","quarter":"","sourceDataset":"CSDB","updateDate":"2016-01-14T16:25:13.586Z"},{"date":"1995 OCT","value":"109.1","year":"1995","month":"October","quarter":"","sourceDataset":"CSDB","updateDate":"2016-01-14T16:25:13.586Z"},{"date":"1995 NOV","value":"109.6","year":"1995","month":"November","quarter":"","sourceDataset":"CSDB","updateDate":"2016-01-14T16:25:13.586Z"},{"date":"1995 DEC","value":"109.8","year":"1995","month":"December","quarter":"","sourceDataset":"CSDB","updateDate":"2016-01-14T16:25:13.586Z"},{"date":"1996 JAN","value":"100.6","year":"1996","month":"January","quarter":"","sourceDataset":"CSDB","updateDate":"2016-01-14T16:25:13.586Z"},{"date":"1996 FEB","value":"101.2","year":"1996","month":"February","quarter":"","sourceDataset":"CSDB","updateDate":"2016-01-14T16:25:13.586Z"},{"date":"1996 MAR","value":"102.4","year":"1996","month":"March","quarter":"","sourceDataset":"CSDB","updateDate":"2016-01-14T16:25:13.586Z"},{"date":"1996 APR","value":"104.7","year":"1996","month":"April","quarter":"","sourceDataset":"CSDB","updateDate":"2016-01-14T16:25:13.586Z"},{"date":"1996 MAY","value":"104.9","year":"1996","month":"May","quarter":"","sourceDataset":"CSDB","updateDate":"2016-01-14T16:25:13.586Z"},{"date":"1996 JUN","value":"104.4","year":"1996","month":"June","quarter":"","sourceDataset":"CSDB","updateDate":"2016-01-14T16:25:13.586Z"},{"date":"1996 JUL","value":"97.5","year":"1996","month":"July","quarter":"","sourceDataset":"CSDB","updateDate":"2016-01-14T16:25:13.586Z"},{"date":"1996 AUG","value":"99.8","year":"1996","month":"August","quarter":"","sourceDataset":"CSDB","updateDate":"2016-01-14T16:25:13.586Z"},{"date":"1996 SEP","value":"109.1","year":"1996","month":"September","quarter":"","sourceDataset":"CSDB","updateDate":"2016-01-14T16:25:13.586Z"},{"date":"1996 OCT","value":"107.8","year":"1996","month":"October","quarter":"","sourceDataset":"CSDB","updateDate":"2016-01-14T16:25:13.586Z"},{"date":"1996 NOV","value":"109.8","year":"1996","month":"November","quarter":"","sourceDataset":"CSDB","updateDate":"2016-01-14T16:25:13.586Z"},{"date":"1996 DEC","value":"109.1","year":"1996","month":"December","quarter":"","sourceDataset":"CSDB","updateDate":"2016-01-14T16:25:13.586Z"},{"date":"1997 JAN","value":"100.1","year":"1997","month":"January","quarter":"","sourceDataset":"CSDB","updateDate":"2016-01-14T16:25:13.586Z"},{"date":"1997 FEB","value":"102.1","year":"1997","month":"February","quarter":"","sourceDataset":"CSDB","updateDate":"2016-01-14T16:25:13.586Z"},{"date":"1997 MAR","value":"103.9","year":"1997","month":"March","quarter":"","sourceDataset":"CSDB","updateDate":"2016-01-14T16:25:13.586Z"},{"date":"1997 APR","value":"106.4","year":"1997","month":"April","quarter":"","sourceDataset":"CSDB","updateDate":"2016-01-14T16:25:13.586Z"},{"date":"1997 MAY","value":"106.9","year":"1997","month":"May","quarter":"","sourceDataset":"CSDB","updateDate":"2016-01-14T16:25:13.586Z"},{"date":"1997 JUN","value":"106.5","year":"1997","month":"June","quarter":"","sourceDataset":"CSDB","updateDate":"2016-01-14T16:25:13.586Z"},{"date":"1997 JUL","value":"99.4","year":"1997","month":"July","quarter":"","sourceDataset":"CSDB","updateDate":"2016-01-14T16:25:13.586Z"},{"date":"1997 AUG","value":"101.4","year":"1997","month":"August","quarter":"","sourceDataset":"CSDB","updateDate":"2016-01-14T16:25:13.586Z"},{"date":"1997 SEP","value":"108.8","year":"1997","month":"September","quarter":"","sourceDataset":"CSDB","updateDate":"2016-01-14T16:25:13.586Z"},{"date":"1997 OCT","value":"108.0","year":"1997","month":"October","quarter":"","sourceDataset":"CSDB","updateDate":"2016-01-14T16:25:13.586Z"},{"date":"1997 NOV","value":"109.5","year":"1997","month":"November","quarter":"","sourceDataset":"CSDB","updateDate":"2016-01-14T16:25:13.586Z"},{"date":"1997 DEC","value":"108.4","year":"1997","month":"December","quarter":"","sourceDataset":"CSDB","updateDate":"2016-01-14T16:25:13.586Z"},{"date":"1998 JAN","value":"98.3","year":"1998","month":"January","quarter":"","sourceDataset":"CSDB","updateDate":"2016-01-14T16:25:13.586Z"},{"date":"1998 FEB","value":"102.5","year":"1998","month":"February","quarter":"","sourceDataset":"CSDB","updateDate":"2016-01-14T16:25:13.586Z"},{"date":"1998 MAR","value":"105.0","year":"1998","month":"March","quarter":"","sourceDataset":"CSDB","updateDate":"2016-01-14T16:25:13.586Z"},{"date":"1998 APR","value":"105.8","year":"1998","month":"April","quarter":"","sourceDataset":"CSDB","updateDate":"2016-01-14T16:25:13.586Z"},{"date":"1998 MAY","value":"107.9","year":"1998","month":"May","quarter":"","sourceDataset":"CSDB","updateDate":"2016-01-14T16:25:13.586Z"},{"date":"1998 JUN","value":"107.2","year":"1998","month":"June","quarter":"","sourceDataset":"CSDB","updateDate":"2016-01-14T16:25:13.586Z"},{"date":"1998 JUL","value":"97.0","year":"1998","month":"July","quarter":"","sourceDataset":"CSDB","updateDate":"2016-01-14T16:25:13.586Z"},{"date":"1998 AUG","value":"100.1","year":"1998","month":"August","quarter":"","sourceDataset":"CSDB","updateDate":"2016-01-14T16:25:13.586Z"},{"date":"1998 SEP","value":"108.4","year":"1998","month":"September","quarter":"","sourceDataset":"CSDB","updateDate":"2016-01-14T16:25:13.586Z"},{"date":"1998 OCT","value":"106.1","year":"1998","month":"October","quarter":"","sourceDataset":"CSDB","updateDate":"2016-01-14T16:25:13.586Z"},{"date":"1998 NOV","value":"106.7","year":"1998","month":"November","quarter":"","sourceDataset":"CSDB","updateDate":"2016-01-14T16:25:13.586Z"},{"date":"1998 DEC","value":"105.6","year":"1998","month":"December","quarter":"","sourceDataset":"CSDB","updateDate":"2016-01-14T16:25:13.586Z"},{"date":"1999 JAN","value":"94.1","year":"1999","month":"January","quarter":"","sourceDataset":"CSDB","updateDate":"2016-01-14T16:25:13.586Z"},{"date":"1999 FEB","value":"98.7","year":"1999","month":"February","quarter":"","sourceDataset":"CSDB","updateDate":"2016-01-14T16:25:13.586Z"},{"date":"1999 MAR","value":"100.0","year":"1999","month":"March","quarter":"","sourceDataset":"CSDB","updateDate":"2016-01-14T16:25:13.586Z"},{"date":"1999 APR","value":"101.3","year":"1999","month":"April","quarter":"","sourceDataset":"CSDB","updateDate":"2016-01-14T16:25:13.586Z"},{"date":"1999 MAY","value":"101.6","year":"1999","month":"May","quarter":"","sourceDataset":"CSDB","updateDate":"2016-01-14T16:25:13.586Z"},{"date":"1999 JUN","value":"100.5","year":"1999","month":"June","quarter":"","sourceDataset":"CSDB","updateDate":"2016-01-14T16:25:13.586Z"},{"date":"1999 JUL","value":"94.5","year":"1999","month":"July","quarter":"","sourceDataset":"CSDB","updateDate":"2016-01-14T16:25:13.586Z"},{"date":"1999 AUG","value":"95.9","year":"1999","month":"August","quarter":"","sourceDataset":"CSDB","updateDate":"2016-01-14T16:25:13.586Z"},{"date":"1999 SEP","value":"102.3","year":"1999","month":"September","quarter":"","sourceDataset":"CSDB","updateDate":"2016-01-14T16:25:13.586Z"},{"date":"1999 OCT","value":"100.6","year":"1999","month":"October","quarter":"","sourceDataset":"CSDB","updateDate":"2016-01-14T16:25:13.586Z"},{"date":"1999 NOV","value":"101.3","year":"1999","month":"November","quarter":"","sourceDataset":"CSDB","updateDate":"2016-01-14T16:25:13.586Z"},{"date":"1999 DEC","value":"99.7","year":"1999","month":"December","quarter":"","sourceDataset":"CSDB","updateDate":"2016-01-14T16:25:13.586Z"},{"date":"2000 JAN","value":"89.7","year":"2000","month":"January","quarter":"","sourceDataset":"CSDB","updateDate":"2016-01-14T16:25:13.586Z"},{"date":"2000 FEB","value":"93.3","year":"2000","month":"February","quarter":"","sourceDataset":"CSDB","updateDate":"2016-01-14T16:25:13.586Z"},{"date":"2000 MAR","value":"94.5","year":"2000","month":"March","quarter":"","sourceDataset":"CSDB","updateDate":"2016-01-14T16:25:13.586Z"},{"date":"2000 APR","value":"97.3","year":"2000","month":"April","quarter":"","sourceDataset":"CSDB","updateDate":"2016-01-14T16:25:13.586Z"},{"date":"2000 MAY","value":"97.0","year":"2000","month":"May","quarter":"","sourceDataset":"CSDB","updateDate":"2016-01-14T16:25:13.586Z"},{"date":"2000 JUN","value":"96.6","year":"2000","month":"June","quarter":"","sourceDataset":"CSDB","updateDate":"2016-01-14T16:25:13.586Z"},{"date":"2000 JUL","value":"86.0","year":"2000","month":"July","quarter":"","sourceDataset":"CSDB","updateDate":"2016-01-14T16:25:13.586Z"},{"date":"2000 AUG","value":"88.1","year":"2000","month":"August","quarter":"","sourceDataset":"CSDB","updateDate":"2016-01-14T16:25:13.586Z"},{"date":"2000 SEP","value":"92.6","year":"2000","month":"September","quarter":"","sourceDataset":"CSDB","updateDate":"2016-01-14T16:25:13.586Z"},{"date":"2000 OCT","value":"92.5","year":"2000","month":"October","quarter":"","sourceDataset":"CSDB","updateDate":"2016-01-14T16:25:13.586Z"},{"date":"2000 NOV","value":"92.2","year":"2000","month":"November","quarter":"","sourceDataset":"CSDB","updateDate":"2016-01-14T16:25:13.586Z"},{"date":"2000 DEC","value":"91.2","year":"2000","month":"December","quarter":"","sourceDataset":"CSDB","updateDate":"2016-01-14T16:25:13.586Z"},{"date":"2001 JAN","value":"82.4","year":"2001","month":"January","quarter":"","sourceDataset":"CSDB","updateDate":"2016-01-14T16:25:13.586Z"},{"date":"2001 FEB","value":"87.0","year":"2001","month":"February","quarter":"","sourceDataset":"CSDB","updateDate":"2016-01-14T16:25:13.586Z"},{"date":"2001 MAR","value":"88.1","year":"2001","month":"March","quarter":"","sourceDataset":"CSDB","updateDate":"2016-01-14T16:25:13.586Z"},{"date":"2001 APR","value":"87.1","year":"2001","month":"April","quarter":"","sourceDataset":"CSDB","updateDate":"2016-01-14T16:25:13.586Z"},{"date":"2001 MAY","value":"87.1","year":"2001","month":"May","quarter":"","sourceDataset":"CSDB","updateDate":"2016-01-14T16:25:13.586Z"},{"date":"2001 JUN","value":"87.3","year":"2001","month":"June","quarter":"","sourceDataset":"CSDB","updateDate":"2016-01-14T16:25:13.586Z"},{"date":"2001 JUL","value":"79.4","year":"2001","month":"July","quarter":"","sourceDataset":"CSDB","updateDate":"2016-01-14T16:25:13.586Z"},{"date":"2001 AUG","value":"82.1","year":"2001","month":"August","quarter":"","sourceDataset":"CSDB","updateDate":"2016-01-14T16:25:13.586Z"},{"date":"2001 SEP","value":"85.4","year":"2001","month":"September","quarter":"","sourceDataset":"CSDB","updateDate":"2016-01-14T16:25:13.586Z"},{"date":"2001 OCT","value":"84.6","year":"2001","month":"October","quarter":"","sourceDataset":"CSDB","updateDate":"2016-01-14T16:25:13.586Z"},{"date":"2001 NOV","value":"84.5","year":"2001","month":"November","quarter":"","sourceDataset":"CSDB","updateDate":"2016-01-14T16:25:13.586Z"},{"date":"2001 DEC","value":"84.4","year":"2001","month":"December","quarter":"","sourceDataset":"CSDB","updateDate":"2016-01-14T16:25:13.586Z"},{"date":"2002 JAN","value":"77.4","year":"2002","month":"January","quarter":"","sourceDataset":"CSDB","updateDate":"2016-01-14T16:25:13.586Z"},{"date":"2002 FEB","value":"78.3","year":"2002","month":"February","quarter":"","sourceDataset":"CSDB","updateDate":"2016-01-14T16:25:13.586Z"},{"date":"2002 MAR","value":"79.8","year":"2002","month":"March","quarter":"","sourceDataset":"CSDB","updateDate":"2016-01-14T16:25:13.586Z"},{"date":"2002 APR","value":"79.5","year":"2002","month":"April","quarter":"","sourceDataset":"CSDB","updateDate":"2016-01-14T16:25:13.586Z"},{"date":"2002 MAY","value":"79.4","year":"2002","month":"May","quarter":"","sourceDataset":"CSDB","updateDate":"2016-01-14T16:25:13.586Z"},{"date":"2002 JUN","value":"78.4","year":"2002","month":"June","quarter":"","sourceDataset":"CSDB","updateDate":"2016-01-14T16:25:13.586Z"},{"date":"2002 JUL","value":"72.2","year":"2002","month":"July","quarter":"","sourceDataset":"CSDB","updateDate":"2016-01-14T16:25:13.586Z"},{"date":"2002 AUG","value":"74.0","year":"2002","month":"August","quarter":"","sourceDataset":"CSDB","updateDate":"2016-01-14T16:25:13.586Z"},{"date":"2002 SEP","value":"79.6","year":"2002","month":"September","quarter":"","sourceDataset":"CSDB","updateDate":"2016-01-14T16:25:13.586Z"},{"date":"2002 OCT","value":"79.2","year":"2002","month":"October","quarter":"","sourceDataset":"CSDB","updateDate":"2016-01-14T16:25:13.586Z"},{"date":"2002 NOV","value":"80.6","year":"2002","month":"November","quarter":"","sourceDataset":"CSDB","updateDate":"2016-01-14T16:25:13.586Z"},{"date":"2002 DEC","value":"78.0","year":"2002","month":"December","quarter":"","sourceDataset":"CSDB","updateDate":"2016-01-14T16:25:13.586Z"},{"date":"2003 JAN","value":"73.4","year":"2003","month":"January","quarter":"","sourceDataset":"CSDB","updateDate":"2016-01-14T16:25:13.586Z"},{"date":"2003 FEB","value":"75.8","year":"2003","month":"February","quarter":"","sourceDataset":"CSDB","updateDate":"2016-01-14T16:25:13.586Z"},{"date":"2003 MAR","value":"76.6","year":"2003","month":"March","quarter":"","sourceDataset":"CSDB","updateDate":"2016-01-14T16:25:13.586Z"},{"date":"2003 APR","value":"77.5","year":"2003","month":"April","quarter":"","sourceDataset":"CSDB","updateDate":"2016-01-14T16:25:13.586Z"},{"date":"2003 MAY","value":"76.8","year":"2003","month":"May","quarter":"","sourceDataset":"CSDB","updateDate":"2016-01-14T16:25:13.586Z"},{"date":"2003 JUN","value":"75.8","year":"2003","month":"June","quarter":"","sourceDataset":"CSDB","updateDate":"2016-01-14T16:25:13.586Z"},{"date":"2003 JUL","value":"72.5","year":"2003","month":"July","quarter":"","sourceDataset":"CSDB","updateDate":"2016-01-14T16:25:13.586Z"},{"date":"2003 AUG","value":"74.6","year":"2003","month":"August","quarter":"","sourceDataset":"CSDB","updateDate":"2016-01-14T16:25:13.586Z"},{"date":"2003 SEP","value":"77.1","year":"2003","month":"September","quarter":"","sourceDataset":"CSDB","updateDate":"2016-01-14T16:25:13.586Z"},{"date":"2003 OCT","value":"76.6","year":"2003","month":"October","quarter":"","sourceDataset":"CSDB","updateDate":"2016-01-14T16:25:13.586Z"},{"date":"2003 NOV","value":"76.6","year":"2003","month":"November","quarter":"","sourceDataset":"CSDB","updateDate":"2016-01-14T16:25:13.586Z"},{"date":"2003 DEC","value":"74.9","year":"2003","month":"December","quarter":"","sourceDataset":"CSDB","updateDate":"2016-01-14T16:25:13.586Z"},{"date":"2004 JAN","value":"72.7","year":"2004","month":"January","quarter":"","sourceDataset":"CSDB","updateDate":"2016-01-14T16:25:13.586Z"},{"date":"2004 FEB","value":"72.7","year":"2004","month":"February","quarter":"","sourceDataset":"CSDB","updateDate":"2016-01-14T16:25:13.586Z"},{"date":"2004 MAR","value":"72.9","year":"2004","month":"March","quarter":"","sourceDataset":"CSDB","updateDate":"2016-01-14T16:25:13.586Z"},{"date":"2004 APR","value":"72.6","year":"2004","month":"April","quarter":"","sourceDataset":"CSDB","updateDate":"2016-01-14T16:25:13.586Z"},{"date":"2004 MAY","value":"72.9","year":"2004","month":"May","quarter":"","sourceDataset":"CSDB","updateDate":"2016-01-14T16:25:13.586Z"},{"date":"2004 JUN","value":"72.0","year":"2004","month":"June","quarter":"","sourceDataset":"CSDB","updateDate":"2016-01-14T16:25:13.586Z"},{"date":"2004 JUL","value":"68.8","year":"2004","month":"July","quarter":"","sourceDataset":"CSDB","updateDate":"2016-01-14T16:25:13.586Z"},{"date":"2004 AUG","value":"70.8","year":"2004","month":"August","quarter":"","sourceDataset":"CSDB","updateDate":"2016-01-14T16:25:13.586Z"},{"date":"2004 SEP","value":"73.2","year":"2004","month":"September","quarter":"","sourceDataset":"CSDB","updateDate":"2016-01-14T16:25:13.586Z"},{"date":"2004 OCT","value":"72.8","year":"2004","month":"October","quarter":"","sourceDataset":"CSDB","updateDate":"2016-01-14T16:25:13.586Z"},{"date":"2004 NOV","value":"73.1","year":"2004","month":"November","quarter":"","sourceDataset":"CSDB","updateDate":"2016-01-14T16:25:13.586Z"},{"date":"2004 DEC","value":"71.8","year":"2004","month":"December","quarter":"","sourceDataset":"CSDB","updateDate":"2016-01-14T16:25:13.586Z"},{"date":"2005 JAN","value":"69.3","year":"2005","month":"January","quarter":"","sourceDataset":"CSDB","updateDate":"2016-01-14T16:25:13.586Z"},{"date":"2005 FEB","value":"69.7","year":"2005","month":"February","quarter":"","sourceDataset":"CSDB","updateDate":"2016-01-14T16:25:13.586Z"},{"date":"2005 MAR","value":"70.8","year":"2005","month":"March","quarter":"","sourceDataset":"CSDB","updateDate":"2016-01-14T16:25:13.586Z"},{"date":"2005 APR","value":"70.9","year":"2005","month":"April","quarter":"","sourceDataset":"CSDB","updateDate":"2016-01-14T16:25:13.586Z"},{"date":"2005 MAY","value":"71.3","year":"2005","month":"May","quarter":"","sourceDataset":"CSDB","updateDate":"2016-01-14T16:25:13.586Z"},{"date":"2005 JUN","value":"71.0","year":"2005","month":"June","quarter":"","sourceDataset":"CSDB","updateDate":"2016-01-14T16:25:13.586Z"},{"date":"2005 JUL","value":"66.6","year":"2005","month":"July","quarter":"","sourceDataset":"CSDB","updateDate":"2016-01-14T16:25:13.586Z"},{"date":"2005 AUG","value":"69.1","year":"2005","month":"August","quarter":"","sourceDataset":"CSDB","updateDate":"2016-01-14T16:25:13.586Z"},{"date":"2005 SEP","value":"71.2","year":"2005","month":"September","quarter":"","sourceDataset":"CSDB","updateDate":"2016-01-14T16:25:13.586Z"},{"date":"2005 OCT","value":"71.2","year":"2005","month":"October","quarter":"","sourceDataset":"CSDB","updateDate":"2016-01-14T16:25:13.586Z"},{"date":"2005 NOV","value":"71.7","year":"2005","month":"November","quarter":"","sourceDataset":"CSDB","updateDate":"2016-01-14T16:25:13.586Z"},{"date":"2005 DEC","value":"71.4","year":"2005","month":"December","quarter":"","sourceDataset":"CSDB","updateDate":"2016-01-14T16:25:13.586Z"},{"date":"2006 JAN","value":"67.8","year":"2006","month":"January","quarter":"","sourceDataset":"CSDB","updateDate":"2016-01-14T16:25:13.586Z"},{"date":"2006 FEB","value":"68.4","year":"2006","month":"February","quarter":"","sourceDataset":"CSDB","updateDate":"2016-01-14T16:25:13.586Z"},{"date":"2006 MAR","value":"70.0","year":"2006","month":"March","quarter":"","sourceDataset":"CSDB","updateDate":"2016-01-14T16:25:13.586Z"},{"date":"2006 APR","value":"70.1","year":"2006","month":"April","quarter":"","sourceDataset":"CSDB","updateDate":"2016-01-14T16:25:13.586Z"},{"date":"2006 MAY","value":"70.8","year":"2006","month":"May","quarter":"","sourceDataset":"CSDB","updateDate":"2016-01-14T16:25:13.586Z"},{"date":"2006 JUN","value":"70.4","year":"2006","month":"June","quarter":"","sourceDataset":"CSDB","updateDate":"2016-01-14T16:25:13.586Z"},{"date":"2006 JUL","value":"65.2","year":"2006","month":"July","quarter":"","sourceDataset":"CSDB","updateDate":"2016-01-14T16:25:13.586Z"},{"date":"2006 AUG","value":"67.8","year":"2006","month":"August","quarter":"","sourceDataset":"CSDB","updateDate":"2016-01-14T16:25:13.586Z"},{"date":"2006 SEP","value":"69.8","year":"2006","month":"September","quarter":"","sourceDataset":"CSDB","updateDate":"2016-01-14T16:25:13.586Z"},{"date":"2006 OCT","value":"70.6","year":"2006","month":"October","quarter":"","sourceDataset":"CSDB","updateDate":"2016-01-14T16:25:13.586Z"},{"date":"2006 NOV","value":"70.6","year":"2006","month":"November","quarter":"","sourceDataset":"CSDB","updateDate":"2016-01-14T16:25:13.586Z"},{"date":"2006 DEC","value":"69.0","year":"2006","month":"December","quarter":"","sourceDataset":"CSDB","updateDate":"2016-01-14T16:25:13.586Z"},{"date":"2007 JAN","value":"65.2","year":"2007","month":"January","quarter":"","sourceDataset":"CSDB","updateDate":"2016-01-14T16:25:13.586Z"},{"date":"2007 FEB","value":"66.1","year":"2007","month":"February","quarter":"","sourceDataset":"CSDB","updateDate":"2016-01-14T16:25:13.586Z"},{"date":"2007 MAR","value":"68.0","year":"2007","month":"March","quarter":"","sourceDataset":"CSDB","updateDate":"2016-01-14T16:25:13.586Z"},{"date":"2007 APR","value":"69.0","year":"2007","month":"April","quarter":"","sourceDataset":"CSDB","updateDate":"2016-01-14T16:25:13.586Z"},{"date":"2007 MAY","value":"68.7","year":"2007","month":"May","quarter":"","sourceDataset":"CSDB","updateDate":"2016-01-14T16:25:13.586Z"},{"date":"2007 JUN","value":"68.6","year":"2007","month":"June","quarter":"","sourceDataset":"CSDB","updateDate":"2016-01-14T16:25:13.586Z"},{"date":"2007 JUL","value":"64.1","year":"2007","month":"July","quarter":"","sourceDataset":"CSDB","updateDate":"2016-01-14T16:25:13.586Z"},{"date":"2007 AUG","value":"65.7","year":"2007","month":"August","quarter":"","sourceDataset":"CSDB","updateDate":"2016-01-14T16:25:13.586Z"},{"date":"2007 SEP","value":"67.9","year":"2007","month":"September","quarter":"","sourceDataset":"CSDB","updateDate":"2016-01-14T16:25:13.586Z"},{"date":"2007 OCT","value":"67.3","year":"2007","month":"October","quarter":"","sourceDataset":"CSDB","updateDate":"2016-01-14T16:25:13.586Z"},{"date":"2007 NOV","value":"67.6","year":"2007","month":"November","quarter":"","sourceDataset":"CSDB","updateDate":"2016-01-14T16:25:13.586Z"},{"date":"2007 DEC","value":"66.3","year":"2007","month":"December","quarter":"","sourceDataset":"CSDB","updateDate":"2016-01-14T16:25:13.586Z"},{"date":"2008 JAN","value":"62.3","year":"2008","month":"January","quarter":"","sourceDataset":"CSDB","updateDate":"2016-01-14T16:25:13.586Z"},{"date":"2008 FEB","value":"63.2","year":"2008","month":"February","quarter":"","sourceDataset":"CSDB","updateDate":"2016-01-14T16:25:13.586Z"},{"date":"2008 MAR","value":"63.4","year":"2008","month":"March","quarter":"","sourceDataset":"CSDB","updateDate":"2016-01-14T16:25:13.586Z"},{"date":"2008 APR","value":"63.4","year":"2008","month":"April","quarter":"","sourceDataset":"CSDB","updateDate":"2016-01-14T16:25:13.586Z"},{"date":"2008 MAY","value":"63.3","year":"2008","month":"May","quarter":"","sourceDataset":"CSDB","updateDate":"2016-01-14T16:25:13.587Z"},{"date":"2008 JUN","value":"61.9","year":"2008","month":"June","quarter":"","sourceDataset":"CSDB","updateDate":"2016-01-14T16:25:13.587Z"},{"date":"2008 JUL","value":"58.8","year":"2008","month":"July","quarter":"","sourceDataset":"CSDB","updateDate":"2016-01-14T16:25:13.587Z"},{"date":"2008 AUG","value":"60.4","year":"2008","month":"August","quarter":"","sourceDataset":"CSDB","updateDate":"2016-01-14T16:25:13.587Z"},{"date":"2008 SEP","value":"62.2","year":"2008","month":"September","quarter":"","sourceDataset":"CSDB","updateDate":"2016-01-14T16:25:13.587Z"},{"date":"2008 OCT","value":"61.5","year":"2008","month":"October","quarter":"","sourceDataset":"CSDB","updateDate":"2016-01-14T16:25:13.587Z"},{"date":"2008 NOV","value":"61.3","year":"2008","month":"November","quarter":"","sourceDataset":"CSDB","updateDate":"2016-01-14T16:25:13.587Z"},{"date":"2008 DEC","value":"57.7","year":"2008","month":"December","quarter":"","sourceDataset":"CSDB","updateDate":"2016-01-14T16:25:13.587Z"},{"date":"2009 JAN","value":"54.1","year":"2009","month":"January","quarter":"","sourceDataset":"CSDB","updateDate":"2016-01-14T16:25:13.587Z"},{"date":"2009 FEB","value":"55.1","year":"2009","month":"February","quarter":"","sourceDataset":"CSDB","updateDate":"2016-01-14T16:25:13.587Z"},{"date":"2009 MAR","value":"56.3","year":"2009","month":"March","quarter":"","sourceDataset":"CSDB","updateDate":"2016-01-14T16:25:13.587Z"},{"date":"2009 APR","value":"56.5","year":"2009","month":"April","quarter":"","sourceDataset":"CSDB","updateDate":"2016-01-14T16:25:13.587Z"},{"date":"2009 MAY","value":"56.8","year":"2009","month":"May","quarter":"","sourceDataset":"CSDB","updateDate":"2016-01-14T16:25:13.587Z"},{"date":"2009 JUN","value":"55.0","year":"2009","month":"June","quarter":"","sourceDataset":"CSDB","updateDate":"2016-01-14T16:25:13.587Z"},{"date":"2009 JUL","value":"52.4","year":"2009","month":"July","quarter":"","sourceDataset":"CSDB","updateDate":"2016-01-14T16:25:13.587Z"},{"date":"2009 AUG","value":"53.4","year":"2009","month":"August","quarter":"","sourceDataset":"CSDB","updateDate":"2016-01-14T16:25:13.587Z"},{"date":"2009 SEP","value":"56.1","year":"2009","month":"September","quarter":"","sourceDataset":"CSDB","updateDate":"2016-01-14T16:25:13.587Z"},{"date":"2009 OCT","value":"55.3","year":"2009","month":"October","quarter":"","sourceDataset":"CSDB","updateDate":"2016-01-14T16:25:13.587Z"},{"date":"2009 NOV","value":"55.6","year":"2009","month":"November","quarter":"","sourceDataset":"CSDB","updateDate":"2016-01-14T16:25:13.587Z"},{"date":"2009 DEC","value":"54.3","year":"2009","month":"December","quarter":"","sourceDataset":"CSDB","updateDate":"2016-01-14T16:25:13.587Z"},{"date":"2010 JAN","value":"49.8","year":"2010","month":"January","quarter":"","sourceDataset":"CSDB","updateDate":"2016-01-14T16:25:13.587Z"},{"date":"2010 FEB","value":"54.2","year":"2010","month":"February","quarter":"","sourceDataset":"CSDB","updateDate":"2016-01-14T16:25:13.587Z"},{"date":"2010 MAR","value":"57.5","year":"2010","month":"March","quarter":"","sourceDataset":"CSDB","updateDate":"2016-01-14T16:25:13.587Z"},{"date":"2010 APR","value":"60.2","year":"2010","month":"April","quarter":"","sourceDataset":"CSDB","updateDate":"2016-01-14T16:25:13.587Z"},{"date":"2010 MAY","value":"60.6","year":"2010","month":"May","quarter":"","sourceDataset":"CSDB","updateDate":"2016-01-14T16:25:13.587Z"},{"date":"2010 JUN","value":"58.5","year":"2010","month":"June","quarter":"","sourceDataset":"CSDB","updateDate":"2016-01-14T16:25:13.587Z"},{"date":"2010 JUL","value":"54.5","year":"2010","month":"July","quarter":"","sourceDataset":"CSDB","updateDate":"2016-01-14T16:25:13.587Z"},{"date":"2010 AUG","value":"57.6","year":"2010","month":"August","quarter":"","sourceDataset":"CSDB","updateDate":"2016-01-14T16:25:13.587Z"},{"date":"2010 SEP","value":"63.4","year":"2010","month":"September","quarter":"","sourceDataset":"CSDB","updateDate":"2016-01-14T16:25:13.587Z"},{"date":"2010 OCT","value":"63.0","year":"2010","month":"October","quarter":"","sourceDataset":"CSDB","updateDate":"2016-01-14T16:25:13.587Z"},{"date":"2010 NOV","value":"64.5","year":"2010","month":"November","quarter":"","sourceDataset":"CSDB","updateDate":"2016-01-14T16:25:13.587Z"},{"date":"2010 DEC","value":"61.8","year":"2010","month":"December","quarter":"","sourceDataset":"CSDB","updateDate":"2016-01-14T16:25:13.587Z"},{"date":"2011 JAN","value":"57.3","year":"2011","month":"January","quarter":"","sourceDataset":"CSDB","updateDate":"2016-01-14T16:25:13.587Z"},{"date":"2011 FEB","value":"64.4","year":"2011","month":"February","quarter":"","sourceDataset":"CSDB","updateDate":"2016-01-14T16:25:13.587Z"},{"date":"2011 MAR","value":"68.1","year":"2011","month":"March","quarter":"","sourceDataset":"CSDB","updateDate":"2016-01-14T16:25:13.587Z"},{"date":"2011 APR","value":"70.4","year":"2011","month":"April","quarter":"","sourceDataset":"CSDB","updateDate":"2016-01-14T16:25:13.587Z"},{"date":"2011 MAY","value":"70.6","year":"2011","month":"May","quarter":"","sourceDataset":"CSDB","updateDate":"2016-01-14T16:25:13.587Z"},{"date":"2011 JUN","value":"68.0","year":"2011","month":"June","quarter":"","sourceDataset":"CSDB","updateDate":"2016-01-14T16:25:13.587Z"},{"date":"2011 JUL","value":"63.3","year":"2011","month":"July","quarter":"","sourceDataset":"CSDB","updateDate":"2016-01-14T16:25:13.587Z"},{"date":"2011 AUG","value":"67.7","year":"2011","month":"August","quarter":"","sourceDataset":"CSDB","updateDate":"2016-01-14T16:25:13.587Z"},{"date":"2011 SEP","value":"72.2","year":"2011","month":"September","quarter":"","sourceDataset":"CSDB","updateDate":"2016-01-14T16:25:13.587Z"},{"date":"2011 OCT","value":"73.1","year":"2011","month":"October","quarter":"","sourceDataset":"CSDB","updateDate":"2016-01-14T16:25:13.587Z"},{"date":"2011 NOV","value":"73.6","year":"2011","month":"November","quarter":"","sourceDataset":"CSDB","updateDate":"2016-01-14T16:25:13.587Z"},{"date":"2011 DEC","value":"69.8","year":"2011","month":"December","quarter":"","sourceDataset":"CSDB","updateDate":"2016-01-14T16:25:13.587Z"},{"date":"2012 JAN","value":"64.4","year":"2012","month":"January","quarter":"","sourceDataset":"CSDB","updateDate":"2016-01-14T16:25:13.587Z"},{"date":"2012 FEB","value":"72.2","year":"2012","month":"February","quarter":"","sourceDataset":"CSDB","updateDate":"2016-01-14T16:25:13.587Z"},{"date":"2012 MAR","value":"76.5","year":"2012","month":"March","quarter":"","sourceDataset":"CSDB","updateDate":"2016-01-14T16:25:13.587Z"},{"date":"2012 APR","value":"76.7","year":"2012","month":"April","quarter":"","sourceDataset":"CSDB","updateDate":"2016-01-14T16:25:13.587Z"},{"date":"2012 MAY","value":"76.9","year":"2012","month":"May","quarter":"","sourceDataset":"CSDB","updateDate":"2016-01-14T16:25:13.587Z"},{"date":"2012 JUN","value":"71.2","year":"2012","month":"June","quarter":"","sourceDataset":"CSDB","updateDate":"2016-01-14T16:25:13.587Z"},{"date":"2012 JUL","value":"67.6","year":"2012","month":"July","quarter":"","sourceDataset":"CSDB","updateDate":"2016-01-14T16:25:13.587Z"},{"date":"2012 AUG","value":"72.5","year":"2012","month":"August","quarter":"","sourceDataset":"CSDB","updateDate":"2016-01-14T16:25:13.587Z"},{"date":"2012 SEP","value":"79.0","year":"2012","month":"September","quarter":"","sourceDataset":"CSDB","updateDate":"2016-01-14T16:25:13.587Z"},{"date":"2012 OCT","value":"80.0","year":"2012","month":"October","quarter":"","sourceDataset":"CSDB","updateDate":"2016-01-14T16:25:13.587Z"},{"date":"2012 NOV","value":"80.1","year":"2012","month":"November","quarter":"","sourceDataset":"CSDB","updateDate":"2016-01-14T16:25:13.587Z"},{"date":"2012 DEC","value":"77.9","year":"2012","month":"December","quarter":"","sourceDataset":"CSDB","updateDate":"2016-01-14T16:25:13.587Z"},{"date":"2013 JAN","value":"72.4","year":"2013","month":"January","quarter":"","sourceDataset":"CSDB","updateDate":"2016-01-14T16:25:13.587Z"},{"date":"2013 FEB","value":"79.8","year":"2013","month":"February","quarter":"","sourceDataset":"CSDB","updateDate":"2016-01-14T16:25:13.587Z"},{"date":"2013 MAR","value":"84.4","year":"2013","month":"March","quarter":"","sourceDataset":"CSDB","updateDate":"2016-01-14T16:25:13.587Z"},{"date":"2013 APR","value":"84.6","year":"2013","month":"April","quarter":"","sourceDataset":"CSDB","updateDate":"2016-01-14T16:25:13.587Z"},{"date":"2013 MAY","value":"86.8","year":"2013","month":"May","quarter":"","sourceDataset":"CSDB","updateDate":"2016-01-14T16:25:13.587Z"},{"date":"2013 JUN","value":"83.8","year":"2013","month":"June","quarter":"","sourceDataset":"CSDB","updateDate":"2016-01-14T16:25:13.587Z"},{"date":"2013 JUL","value":"79.8","year":"2013","month":"July","quarter":"","sourceDataset":"CSDB","updateDate":"2016-01-14T16:25:13.587Z"},{"date":"2013 AUG","value":"82.7","year":"2013","month":"August","quarter":"","sourceDataset":"CSDB","updateDate":"2016-01-14T16:25:13.587Z"},{"date":"2013 SEP","value":"89.7","year":"2013","month":"September","quarter":"","sourceDataset":"CSDB","updateDate":"2016-01-14T16:25:13.587Z"},{"date":"2013 OCT","value":"91.5","year":"2013","month":"October","quarter":"","sourceDataset":"CSDB","updateDate":"2016-01-14T16:25:13.587Z"},{"date":"2013 NOV","value":"91.4","year":"2013","month":"November","quarter":"","sourceDataset":"CSDB","updateDate":"2016-01-14T16:25:13.587Z"},{"date":"2013 DEC","value":"90.2","year":"2013","month":"December","quarter":"","sourceDataset":"CSDB","updateDate":"2016-01-14T16:25:13.587Z"},{"date":"2014 JAN","value":"82.8","year":"2014","month":"January","quarter":"","sourceDataset":"CSDB","updateDate":"2016-01-14T16:25:13.587Z"},{"date":"2014 FEB","value":"89.8","year":"2014","month":"February","quarter":"","sourceDataset":"CSDB","updateDate":"2016-01-14T16:25:13.587Z"},{"date":"2014 MAR","value":"93.4","year":"2014","month":"March","quarter":"","sourceDataset":"CSDB","updateDate":"2016-01-14T16:25:13.587Z"},{"date":"2014 APR","value":"95.2","year":"2014","month":"April","quarter":"","sourceDataset":"CSDB","updateDate":"2016-01-14T16:25:13.587Z"},{"date":"2014 MAY","value":"94.8","year":"2014","month":"May","quarter":"","sourceDataset":"CSDB","updateDate":"2016-01-14T16:25:13.587Z"},{"date":"2014 JUN","value":"95.2","year":"2014","month":"June","quarter":"","sourceDataset":"CSDB","updateDate":"2016-01-14T16:25:13.587Z"},{"date":"2014 JUL","value":"87.8","year":"2014","month":"July","quarter":"","sourceDataset":"CSDB","updateDate":"2016-01-14T16:25:13.587Z"},{"date":"2014 AUG","value":"92.6","year":"2014","month":"August","quarter":"","sourceDataset":"CSDB","updateDate":"2016-01-14T16:25:13.587Z"},{"date":"2014 SEP","value":"97.2","year":"2014","month":"September","quarter":"","sourceDataset":"CSDB","updateDate":"2016-01-14T16:25:13.587Z"},{"date":"2014 OCT","value":"98.6","year":"2014","month":"October","quarter":"","sourceDataset":"CSDB","updateDate":"2016-01-14T16:25:13.587Z"},{"date":"2014 NOV","value":"99.5","year":"2014","month":"November","quarter":"","sourceDataset":"CSDB","updateDate":"2016-01-14T16:25:13.587Z"},{"date":"2014 DEC","value":"97.9","year":"2014","month":"December","quarter":"","sourceDataset":"CSDB","updateDate":"2016-01-14T16:25:13.587Z"},{"date":"2015 JAN","value":"93.7","year":"2015","month":"January","quarter":"","sourceDataset":"CSDB","updateDate":"2016-01-14T16:25:13.587Z"},{"date":"2015 FEB","value":"102.3","year":"2015","month":"February","quarter":"","sourceDataset":"CSDB","updateDate":"2016-01-14T16:25:13.587Z"},{"date":"2015 MAR","value":"103.0","year":"2015","month":"March","quarter":"","sourceDataset":"CSDB","updateDate":"2016-01-14T16:25:13.587Z"},{"date":"2015 APR","value":"105.1","year":"2015","month":"April","quarter":"","sourceDataset":"CSDB","updateDate":"2016-01-14T16:25:13.587Z"},{"date":"2015 MAY","value":"105.9","year":"2015","month":"May","quarter":"","sourceDataset":"CSDB","updateDate":"2016-01-14T16:25:13.587Z"},{"date":"2015 JUN","value":"105.0","year":"2015","month":"June","quarter":"","sourceDataset":"CSDB","updateDate":"2016-01-14T16:25:13.587Z"},{"date":"2015 JUL","value":"101.2","year":"2015","month":"July","quarter":"","sourceDataset":"CSDB","updateDate":"2016-01-14T16:25:13.587Z"},{"date":"2015 AUG","value":"103.2","year":"2015","month":"August","quarter":"","sourceDataset":"CSDB","updateDate":"2016-01-22T20:07:44.673Z"}],"sourceDatasets":["CSDB"],"relatedDatasets":[{"uri":"/businessindustryandtrade/changestobusiness/bankruptcyinsolvency/datasets/carlsxmasrelease/2015"},{"uri":"/businessindustryandtrade/changestobusiness/bankruptcyinsolvency/datasets/wahasaqewqeqwe/2015"},{"uri":"/businessindustryandtrade/changestobusiness/bankruptcyinsolvency/datasets/releaseisreleaseygyug/2015"},{"uri":"/businessindustryandtrade/changestobusiness/bankruptcyinsolvency/datasets/releaseisreleaseadffd/2015"},{"uri":"/businessindustryandtrade/changestobusiness/bankruptcyinsolvency/datasets/pageunencrypted/2015"}],"relatedDocuments":[],"versions":[{"uri":"/businessindustryandtrade/changestobusiness/bankruptcyinsolvency/timeseries/docl/previous/v1","updateDate":"2016-01-26T00:00:00.000Z","correctionNotice":"","label":"v1"}],"type":"timeseries","description":{"title":"RPI: clothing \u0026 footwear: womens outerwear (Jan 1987\u003d100)               ","contact":{"email":"","name":"","telephone":""},"releaseDate":"2016-01-28T00:00:00.000Z","nextRelease":"","cdid":"DOCL","unit":"","preUnit":"","source":"","seasonalAdjustment":"NSA","date":"2015 AUG","number":"103.2"}}