{"years":[{"date":"1987","value":"102.7","year":"1987","month":"","quarter":"","sourceDataset":"CSDB","updateDate":"2016-01-14T16:25:13.904Z"},{"date":"1988","value":"112.3","year":"1988","month":"","quarter":"","sourceDataset":"CSDB","updateDate":"2016-01-14T16:25:13.904Z"},{"date":"1989","value":"122.4","year":"1989","month":"","quarter":"","sourceDataset":"CSDB","updateDate":"2016-01-14T16:25:13.904Z"},{"date":"1990","value":"134.7","year":"1990","month":"","quarter":"","sourceDataset":"CSDB","updateDate":"2016-01-14T16:25:13.904Z"},{"date":"1991","value":"153.1","year":"1991","month":"","quarter":"","sourceDataset":"CSDB","updateDate":"2016-01-14T16:25:13.904Z"},{"date":"1992","value":"168.4","year":"1992","month":"","quarter":"","sourceDataset":"CSDB","updateDate":"2016-01-14T16:25:13.904Z"},{"date":"1993","value":"180.7","year":"1993","month":"","quarter":"","sourceDataset":"CSDB","updateDate":"2016-01-14T16:25:13.904Z"},{"date":"1994","value":"193.6","year":"1994","month":"","quarter":"","sourceDataset":"CSDB","updateDate":"2016-01-14T16:25:13.904Z"},{"date":"1995","value":"203.3","year":"1995","month":"","quarter":"","sourceDataset":"CSDB","updateDate":"2016-01-14T16:25:13.904Z"},{"date":"1996","value":"211.8","year":"1996","month":"","quarter":"","sourceDataset":"CSDB","updateDate":"2016-01-14T16:25:13.904Z"},{"date":"1997","value":"221.9","year":"1997","month":"","quarter":"","sourceDataset":"CSDB","updateDate":"2016-01-14T16:25:13.904Z"},{"date":"1998","value":"233.1","year":"1998","month":"","quarter":"","sourceDataset":"CSDB","updateDate":"2016-01-14T16:25:13.904Z"},{"date":"1999","value":"245.5","year":"1999","month":"","quarter":"","sourceDataset":"CSDB","updateDate":"2016-01-14T16:25:13.904Z"},{"date":"2000","value":"258.2","year":"2000","month":"","quarter":"","sourceDataset":"CSDB","updateDate":"2016-01-14T16:25:13.904Z"},{"date":"2001","value":"270.8","year":"2001","month":"","quarter":"","sourceDataset":"CSDB","updateDate":"2016-01-14T16:25:13.904Z"},{"date":"2002","value":"281.7","year":"2002","month":"","quarter":"","sourceDataset":"CSDB","updateDate":"2016-01-14T16:25:13.904Z"},{"date":"2003","value":"297.4","year":"2003","month":"","quarter":"","sourceDataset":"CSDB","updateDate":"2016-01-14T16:25:13.904Z"},{"date":"2004","value":"312.9","year":"2004","month":"","quarter":"","sourceDataset":"CSDB","updateDate":"2016-01-14T16:25:13.904Z"},{"date":"2005","value":"333.6","year":"2005","month":"","quarter":"","sourceDataset":"CSDB","updateDate":"2016-01-14T16:25:13.904Z"},{"date":"2006","value":"351.4","year":"2006","month":"","quarter":"","sourceDataset":"CSDB","updateDate":"2016-01-14T16:25:13.904Z"},{"date":"2007","value":"370.8","year":"2007","month":"","quarter":"","sourceDataset":"CSDB","updateDate":"2016-01-14T16:25:13.904Z"},{"date":"2008","value":"389.6","year":"2008","month":"","quarter":"","sourceDataset":"CSDB","updateDate":"2016-01-14T16:25:13.904Z"},{"date":"2009","value":"408.3","year":"2009","month":"","quarter":"","sourceDataset":"CSDB","updateDate":"2016-01-14T16:25:13.904Z"},{"date":"2010","value":"421.3","year":"2010","month":"","quarter":"","sourceDataset":"CSDB","updateDate":"2016-01-14T16:25:13.904Z"},{"date":"2011","value":"442.4","year":"2011","month":"","quarter":"","sourceDataset":"CSDB","updateDate":"2016-01-14T16:25:13.904Z"},{"date":"2012","value":"463.7","year":"2012","month":"","quarter":"","sourceDataset":"CSDB","updateDate":"2016-01-14T16:25:13.904Z"},{"date":"2013","value":"485.4","year":"2013","month":"","quarter":"","sourceDataset":"CSDB","updateDate":"2016-01-14T16:25:13.904Z"},{"date":"2014","value":"502.5","year":"2014","month":"","quarter":"","sourceDataset":"CSDB","updateDate":"2016-01-14T16:25:13.904Z"}],"quarters":[{"date":"1987 Q1","value":"99.9","year":"1987","month":"","quarter":"Q1","sourceDataset":"CSDB","updateDate":"2016-01-14T16:25:13.904Z"},{"date":"1987 Q2","value":"102.0","year":"1987","month":"","quarter":"Q2","sourceDataset":"CSDB","updateDate":"2016-01-14T16:25:13.904Z"},{"date":"1987 Q3","value":"102.7","year":"1987","month":"","quarter":"Q3","sourceDataset":"CSDB","updateDate":"2016-01-14T16:25:13.904Z"},{"date":"1987 Q4","value":"106.3","year":"1987","month":"","quarter":"Q4","sourceDataset":"CSDB","updateDate":"2016-01-14T16:25:13.904Z"},{"date":"1988 Q1","value":"107.0","year":"1988","month":"","quarter":"Q1","sourceDataset":"CSDB","updateDate":"2016-01-14T16:25:13.904Z"},{"date":"1988 Q2","value":"111.9","year":"1988","month":"","quarter":"Q2","sourceDataset":"CSDB","updateDate":"2016-01-14T16:25:13.904Z"},{"date":"1988 Q3","value":"113.5","year":"1988","month":"","quarter":"Q3","sourceDataset":"CSDB","updateDate":"2016-01-14T16:25:13.904Z"},{"date":"1988 Q4","value":"117.0","year":"1988","month":"","quarter":"Q4","sourceDataset":"CSDB","updateDate":"2016-01-14T16:25:13.904Z"},{"date":"1989 Q1","value":"118.3","year":"1989","month":"","quarter":"Q1","sourceDataset":"CSDB","updateDate":"2016-01-14T16:25:13.904Z"},{"date":"1989 Q2","value":"121.0","year":"1989","month":"","quarter":"Q2","sourceDataset":"CSDB","updateDate":"2016-01-14T16:25:13.904Z"},{"date":"1989 Q3","value":"123.4","year":"1989","month":"","quarter":"Q3","sourceDataset":"CSDB","updateDate":"2016-01-14T16:25:13.904Z"},{"date":"1989 Q4","value":"126.8","year":"1989","month":"","quarter":"Q4","sourceDataset":"CSDB","updateDate":"2016-01-14T16:25:13.904Z"},{"date":"1990 Q1","value":"129.1","year":"1990","month":"","quarter":"Q1","sourceDataset":"CSDB","updateDate":"2016-01-14T16:25:13.904Z"},{"date":"1990 Q2","value":"132.5","year":"1990","month":"","quarter":"Q2","sourceDataset":"CSDB","updateDate":"2016-01-14T16:25:13.904Z"},{"date":"1990 Q3","value":"136.0","year":"1990","month":"","quarter":"Q3","sourceDataset":"CSDB","updateDate":"2016-01-14T16:25:13.904Z"},{"date":"1990 Q4","value":"141.0","year":"1990","month":"","quarter":"Q4","sourceDataset":"CSDB","updateDate":"2016-01-14T16:25:13.904Z"},{"date":"1991 Q1","value":"143.2","year":"1991","month":"","quarter":"Q1","sourceDataset":"CSDB","updateDate":"2016-01-14T16:25:13.904Z"},{"date":"1991 Q2","value":"151.3","year":"1991","month":"","quarter":"Q2","sourceDataset":"CSDB","updateDate":"2016-01-14T16:25:13.904Z"},{"date":"1991 Q3","value":"156.6","year":"1991","month":"","quarter":"Q3","sourceDataset":"CSDB","updateDate":"2016-01-14T16:25:13.904Z"},{"date":"1991 Q4","value":"161.2","year":"1991","month":"","quarter":"Q4","sourceDataset":"CSDB","updateDate":"2016-01-14T16:25:13.904Z"},{"date":"1992 Q1","value":"162.3","year":"1992","month":"","quarter":"Q1","sourceDataset":"CSDB","updateDate":"2016-01-14T16:25:13.904Z"},{"date":"1992 Q2","value":"167.4","year":"1992","month":"","quarter":"Q2","sourceDataset":"CSDB","updateDate":"2016-01-14T16:25:13.904Z"},{"date":"1992 Q3","value":"170.3","year":"1992","month":"","quarter":"Q3","sourceDataset":"CSDB","updateDate":"2016-01-14T16:25:13.904Z"},{"date":"1992 Q4","value":"173.7","year":"1992","month":"","quarter":"Q4","sourceDataset":"CSDB","updateDate":"2016-01-14T16:25:13.904Z"},{"date":"1993 Q1","value":"174.7","year":"1993","month":"","quarter":"Q1","sourceDataset":"CSDB","updateDate":"2016-01-14T16:25:13.904Z"},{"date":"1993 Q2","value":"178.8","year":"1993","month":"","quarter":"Q2","sourceDataset":"CSDB","updateDate":"2016-01-14T16:25:13.904Z"},{"date":"1993 Q3","value":"182.3","year":"1993","month":"","quarter":"Q3","sourceDataset":"CSDB","updateDate":"2016-01-14T16:25:13.904Z"},{"date":"1993 Q4","value":"187.0","year":"1993","month":"","quarter":"Q4","sourceDataset":"CSDB","updateDate":"2016-01-14T16:25:13.904Z"},{"date":"1994 Q1","value":"188.8","year":"1994","month":"","quarter":"Q1","sourceDataset":"CSDB","updateDate":"2016-01-14T16:25:13.904Z"},{"date":"1994 Q2","value":"192.6","year":"1994","month":"","quarter":"Q2","sourceDataset":"CSDB","updateDate":"2016-01-14T16:25:13.904Z"},{"date":"1994 Q3","value":"195.1","year":"1994","month":"","quarter":"Q3","sourceDataset":"CSDB","updateDate":"2016-01-14T16:25:13.904Z"},{"date":"1994 Q4","value":"197.9","year":"1994","month":"","quarter":"Q4","sourceDataset":"CSDB","updateDate":"2016-01-14T16:25:13.904Z"},{"date":"1995 Q1","value":"198.9","year":"1995","month":"","quarter":"Q1","sourceDataset":"CSDB","updateDate":"2016-01-14T16:25:13.904Z"},{"date":"1995 Q2","value":"202.5","year":"1995","month":"","quarter":"Q2","sourceDataset":"CSDB","updateDate":"2016-01-14T16:25:13.904Z"},{"date":"1995 Q3","value":"204.7","year":"1995","month":"","quarter":"Q3","sourceDataset":"CSDB","updateDate":"2016-01-14T16:25:13.904Z"},{"date":"1995 Q4","value":"206.9","year":"1995","month":"","quarter":"Q4","sourceDataset":"CSDB","updateDate":"2016-01-14T16:25:13.904Z"},{"date":"1996 Q1","value":"207.8","year":"1996","month":"","quarter":"Q1","sourceDataset":"CSDB","updateDate":"2016-01-14T16:25:13.904Z"},{"date":"1996 Q2","value":"210.7","year":"1996","month":"","quarter":"Q2","sourceDataset":"CSDB","updateDate":"2016-01-14T16:25:13.904Z"},{"date":"1996 Q3","value":"212.9","year":"1996","month":"","quarter":"Q3","sourceDataset":"CSDB","updateDate":"2016-01-14T16:25:13.904Z"},{"date":"1996 Q4","value":"215.6","year":"1996","month":"","quarter":"Q4","sourceDataset":"CSDB","updateDate":"2016-01-14T16:25:13.904Z"},{"date":"1997 Q1","value":"217.2","year":"1997","month":"","quarter":"Q1","sourceDataset":"CSDB","updateDate":"2016-01-14T16:25:13.904Z"},{"date":"1997 Q2","value":"220.0","year":"1997","month":"","quarter":"Q2","sourceDataset":"CSDB","updateDate":"2016-01-14T16:25:13.904Z"},{"date":"1997 Q3","value":"223.4","year":"1997","month":"","quarter":"Q3","sourceDataset":"CSDB","updateDate":"2016-01-14T16:25:13.904Z"},{"date":"1997 Q4","value":"227.1","year":"1997","month":"","quarter":"Q4","sourceDataset":"CSDB","updateDate":"2016-01-14T16:25:13.904Z"},{"date":"1998 Q1","value":"227.8","year":"1998","month":"","quarter":"Q1","sourceDataset":"CSDB","updateDate":"2016-01-14T16:25:13.904Z"},{"date":"1998 Q2","value":"232.0","year":"1998","month":"","quarter":"Q2","sourceDataset":"CSDB","updateDate":"2016-01-14T16:25:13.904Z"},{"date":"1998 Q3","value":"234.6","year":"1998","month":"","quarter":"Q3","sourceDataset":"CSDB","updateDate":"2016-01-14T16:25:13.904Z"},{"date":"1998 Q4","value":"238.0","year":"1998","month":"","quarter":"Q4","sourceDataset":"CSDB","updateDate":"2016-01-14T16:25:13.904Z"},{"date":"1999 Q1","value":"239.8","year":"1999","month":"","quarter":"Q1","sourceDataset":"CSDB","updateDate":"2016-01-14T16:25:13.904Z"},{"date":"1999 Q2","value":"244.7","year":"1999","month":"","quarter":"Q2","sourceDataset":"CSDB","updateDate":"2016-01-14T16:25:13.904Z"},{"date":"1999 Q3","value":"246.2","year":"1999","month":"","quarter":"Q3","sourceDataset":"CSDB","updateDate":"2016-01-14T16:25:13.904Z"},{"date":"1999 Q4","value":"251.4","year":"1999","month":"","quarter":"Q4","sourceDataset":"CSDB","updateDate":"2016-01-14T16:25:13.904Z"},{"date":"2000 Q1","value":"252.9","year":"2000","month":"","quarter":"Q1","sourceDataset":"CSDB","updateDate":"2016-01-14T16:25:13.904Z"},{"date":"2000 Q2","value":"257.6","year":"2000","month":"","quarter":"Q2","sourceDataset":"CSDB","updateDate":"2016-01-14T16:25:13.904Z"},{"date":"2000 Q3","value":"259.8","year":"2000","month":"","quarter":"Q3","sourceDataset":"CSDB","updateDate":"2016-01-14T16:25:13.904Z"},{"date":"2000 Q4","value":"262.3","year":"2000","month":"","quarter":"Q4","sourceDataset":"CSDB","updateDate":"2016-01-14T16:25:13.904Z"},{"date":"2001 Q1","value":"266.6","year":"2001","month":"","quarter":"Q1","sourceDataset":"CSDB","updateDate":"2016-01-14T16:25:13.904Z"},{"date":"2001 Q2","value":"269.6","year":"2001","month":"","quarter":"Q2","sourceDataset":"CSDB","updateDate":"2016-01-14T16:25:13.904Z"},{"date":"2001 Q3","value":"272.2","year":"2001","month":"","quarter":"Q3","sourceDataset":"CSDB","updateDate":"2016-01-14T16:25:13.904Z"},{"date":"2001 Q4","value":"274.8","year":"2001","month":"","quarter":"Q4","sourceDataset":"CSDB","updateDate":"2016-01-14T16:25:13.904Z"},{"date":"2002 Q1","value":"275.0","year":"2002","month":"","quarter":"Q1","sourceDataset":"CSDB","updateDate":"2016-01-14T16:25:13.904Z"},{"date":"2002 Q2","value":"280.0","year":"2002","month":"","quarter":"Q2","sourceDataset":"CSDB","updateDate":"2016-01-14T16:25:13.904Z"},{"date":"2002 Q3","value":"283.6","year":"2002","month":"","quarter":"Q3","sourceDataset":"CSDB","updateDate":"2016-01-14T16:25:13.904Z"},{"date":"2002 Q4","value":"288.1","year":"2002","month":"","quarter":"Q4","sourceDataset":"CSDB","updateDate":"2016-01-14T16:25:13.904Z"},{"date":"2003 Q1","value":"292.0","year":"2003","month":"","quarter":"Q1","sourceDataset":"CSDB","updateDate":"2016-01-14T16:25:13.904Z"},{"date":"2003 Q2","value":"294.9","year":"2003","month":"","quarter":"Q2","sourceDataset":"CSDB","updateDate":"2016-01-14T16:25:13.904Z"},{"date":"2003 Q3","value":"298.8","year":"2003","month":"","quarter":"Q3","sourceDataset":"CSDB","updateDate":"2016-01-14T16:25:13.904Z"},{"date":"2003 Q4","value":"303.8","year":"2003","month":"","quarter":"Q4","sourceDataset":"CSDB","updateDate":"2016-01-14T16:25:13.904Z"},{"date":"2004 Q1","value":"305.6","year":"2004","month":"","quarter":"Q1","sourceDataset":"CSDB","updateDate":"2016-01-14T16:25:13.904Z"},{"date":"2004 Q2","value":"311.1","year":"2004","month":"","quarter":"Q2","sourceDataset":"CSDB","updateDate":"2016-01-14T16:25:13.904Z"},{"date":"2004 Q3","value":"314.9","year":"2004","month":"","quarter":"Q3","sourceDataset":"CSDB","updateDate":"2016-01-14T16:25:13.904Z"},{"date":"2004 Q4","value":"320.1","year":"2004","month":"","quarter":"Q4","sourceDataset":"CSDB","updateDate":"2016-01-14T16:25:13.904Z"},{"date":"2005 Q1","value":"324.2","year":"2005","month":"","quarter":"Q1","sourceDataset":"CSDB","updateDate":"2016-01-14T16:25:13.904Z"},{"date":"2005 Q2","value":"330.8","year":"2005","month":"","quarter":"Q2","sourceDataset":"CSDB","updateDate":"2016-01-14T16:25:13.904Z"},{"date":"2005 Q3","value":"336.5","year":"2005","month":"","quarter":"Q3","sourceDataset":"CSDB","updateDate":"2016-01-14T16:25:13.904Z"},{"date":"2005 Q4","value":"343.1","year":"2005","month":"","quarter":"Q4","sourceDataset":"CSDB","updateDate":"2016-01-14T16:25:13.904Z"},{"date":"2006 Q1","value":"342.6","year":"2006","month":"","quarter":"Q1","sourceDataset":"CSDB","updateDate":"2016-01-14T16:25:13.904Z"},{"date":"2006 Q2","value":"349.1","year":"2006","month":"","quarter":"Q2","sourceDataset":"CSDB","updateDate":"2016-01-14T16:25:13.904Z"},{"date":"2006 Q3","value":"352.8","year":"2006","month":"","quarter":"Q3","sourceDataset":"CSDB","updateDate":"2016-01-14T16:25:13.904Z"},{"date":"2006 Q4","value":"361.2","year":"2006","month":"","quarter":"Q4","sourceDataset":"CSDB","updateDate":"2016-01-14T16:25:13.904Z"},{"date":"2007 Q1","value":"362.5","year":"2007","month":"","quarter":"Q1","sourceDataset":"CSDB","updateDate":"2016-01-14T16:25:13.904Z"},{"date":"2007 Q2","value":"367.9","year":"2007","month":"","quarter":"Q2","sourceDataset":"CSDB","updateDate":"2016-01-14T16:25:13.904Z"},{"date":"2007 Q3","value":"372.7","year":"2007","month":"","quarter":"Q3","sourceDataset":"CSDB","updateDate":"2016-01-14T16:25:13.904Z"},{"date":"2007 Q4","value":"379.9","year":"2007","month":"","quarter":"Q4","sourceDataset":"CSDB","updateDate":"2016-01-14T16:25:13.904Z"},{"date":"2008 Q1","value":"381.7","year":"2008","month":"","quarter":"Q1","sourceDataset":"CSDB","updateDate":"2016-01-14T16:25:13.904Z"},{"date":"2008 Q2","value":"387.0","year":"2008","month":"","quarter":"Q2","sourceDataset":"CSDB","updateDate":"2016-01-14T16:25:13.904Z"},{"date":"2008 Q3","value":"391.0","year":"2008","month":"","quarter":"Q3","sourceDataset":"CSDB","updateDate":"2016-01-14T16:25:13.904Z"},{"date":"2008 Q4","value":"398.8","year":"2008","month":"","quarter":"Q4","sourceDataset":"CSDB","updateDate":"2016-01-14T16:25:13.904Z"},{"date":"2009 Q1","value":"402.1","year":"2009","month":"","quarter":"Q1","sourceDataset":"CSDB","updateDate":"2016-01-14T16:25:13.904Z"},{"date":"2009 Q2","value":"406.4","year":"2009","month":"","quarter":"Q2","sourceDataset":"CSDB","updateDate":"2016-01-14T16:25:13.904Z"},{"date":"2009 Q3","value":"410.6","year":"2009","month":"","quarter":"Q3","sourceDataset":"CSDB","updateDate":"2016-01-14T16:25:13.904Z"},{"date":"2009 Q4","value":"414.3","year":"2009","month":"","quarter":"Q4","sourceDataset":"CSDB","updateDate":"2016-01-14T16:25:13.904Z"},{"date":"2010 Q1","value":"412.1","year":"2010","month":"","quarter":"Q1","sourceDataset":"CSDB","updateDate":"2016-01-14T16:25:13.904Z"},{"date":"2010 Q2","value":"418.5","year":"2010","month":"","quarter":"Q2","sourceDataset":"CSDB","updateDate":"2016-01-14T16:25:13.904Z"},{"date":"2010 Q3","value":"422.7","year":"2010","month":"","quarter":"Q3","sourceDataset":"CSDB","updateDate":"2016-01-14T16:25:13.904Z"},{"date":"2010 Q4","value":"432.0","year":"2010","month":"","quarter":"Q4","sourceDataset":"CSDB","updateDate":"2016-01-14T16:25:13.904Z"},{"date":"2011 Q1","value":"434.1","year":"2011","month":"","quarter":"Q1","sourceDataset":"CSDB","updateDate":"2016-01-14T16:25:13.904Z"},{"date":"2011 Q2","value":"439.0","year":"2011","month":"","quarter":"Q2","sourceDataset":"CSDB","updateDate":"2016-01-14T16:25:13.904Z"},{"date":"2011 Q3","value":"444.0","year":"2011","month":"","quarter":"Q3","sourceDataset":"CSDB","updateDate":"2016-01-14T16:25:13.904Z"},{"date":"2011 Q4","value":"452.5","year":"2011","month":"","quarter":"Q4","sourceDataset":"CSDB","updateDate":"2016-01-14T16:25:13.904Z"},{"date":"2012 Q1","value":"453.9","year":"2012","month":"","quarter":"Q1","sourceDataset":"CSDB","updateDate":"2016-01-14T16:25:13.904Z"},{"date":"2012 Q2","value":"461.6","year":"2012","month":"","quarter":"Q2","sourceDataset":"CSDB","updateDate":"2016-01-14T16:25:13.904Z"},{"date":"2012 Q3","value":"466.0","year":"2012","month":"","quarter":"Q3","sourceDataset":"CSDB","updateDate":"2016-01-14T16:25:13.904Z"},{"date":"2012 Q4","value":"473.3","year":"2012","month":"","quarter":"Q4","sourceDataset":"CSDB","updateDate":"2016-01-14T16:25:13.904Z"},{"date":"2013 Q1","value":"471.5","year":"2013","month":"","quarter":"Q1","sourceDataset":"CSDB","updateDate":"2016-01-14T16:25:13.904Z"},{"date":"2013 Q2","value":"485.7","year":"2013","month":"","quarter":"Q2","sourceDataset":"CSDB","updateDate":"2016-01-14T16:25:13.904Z"},{"date":"2013 Q3","value":"490.2","year":"2013","month":"","quarter":"Q3","sourceDataset":"CSDB","updateDate":"2016-01-14T16:25:13.904Z"},{"date":"2013 Q4","value":"494.0","year":"2013","month":"","quarter":"Q4","sourceDataset":"CSDB","updateDate":"2016-01-14T16:25:13.904Z"},{"date":"2014 Q1","value":"486.3","year":"2014","month":"","quarter":"Q1","sourceDataset":"CSDB","updateDate":"2016-01-14T16:25:13.904Z"},{"date":"2014 Q2","value":"502.5","year":"2014","month":"","quarter":"Q2","sourceDataset":"CSDB","updateDate":"2016-01-14T16:25:13.904Z"},{"date":"2014 Q3","value":"507.0","year":"2014","month":"","quarter":"Q3","sourceDataset":"CSDB","updateDate":"2016-01-14T16:25:13.904Z"},{"date":"2014 Q4","value":"514.1","year":"2014","month":"","quarter":"Q4","sourceDataset":"CSDB","updateDate":"2016-01-14T16:25:13.904Z"},{"date":"2015 Q1","value":"506.6","year":"2015","month":"","quarter":"Q1","sourceDataset":"CSDB","updateDate":"2016-01-14T16:25:13.904Z"},{"date":"2015 Q2","value":"522.9","year":"2015","month":"","quarter":"Q2","sourceDataset":"CSDB","updateDate":"2016-01-14T16:25:13.904Z"}],"months":[{"date":"1987 JAN","value":"100.0","year":"1987","month":"January","quarter":"","sourceDataset":"CSDB","updateDate":"2016-01-14T16:25:13.904Z"},{"date":"1987 FEB","value":"99.9","year":"1987","month":"February","quarter":"","sourceDataset":"CSDB","updateDate":"2016-01-14T16:25:13.904Z"},{"date":"1987 MAR","value":"99.7","year":"1987","month":"March","quarter":"","sourceDataset":"CSDB","updateDate":"2016-01-14T16:25:13.904Z"},{"date":"1987 APR","value":"102.0","year":"1987","month":"April","quarter":"","sourceDataset":"CSDB","updateDate":"2016-01-14T16:25:13.904Z"},{"date":"1987 MAY","value":"101.8","year":"1987","month":"May","quarter":"","sourceDataset":"CSDB","updateDate":"2016-01-14T16:25:13.904Z"},{"date":"1987 JUN","value":"102.1","year":"1987","month":"June","quarter":"","sourceDataset":"CSDB","updateDate":"2016-01-14T16:25:13.904Z"},{"date":"1987 JUL","value":"102.4","year":"1987","month":"July","quarter":"","sourceDataset":"CSDB","updateDate":"2016-01-14T16:25:13.904Z"},{"date":"1987 AUG","value":"102.4","year":"1987","month":"August","quarter":"","sourceDataset":"CSDB","updateDate":"2016-01-14T16:25:13.904Z"},{"date":"1987 SEP","value":"103.4","year":"1987","month":"September","quarter":"","sourceDataset":"CSDB","updateDate":"2016-01-14T16:25:13.904Z"},{"date":"1987 OCT","value":"105.8","year":"1987","month":"October","quarter":"","sourceDataset":"CSDB","updateDate":"2016-01-14T16:25:13.904Z"},{"date":"1987 NOV","value":"106.6","year":"1987","month":"November","quarter":"","sourceDataset":"CSDB","updateDate":"2016-01-14T16:25:13.904Z"},{"date":"1987 DEC","value":"106.4","year":"1987","month":"December","quarter":"","sourceDataset":"CSDB","updateDate":"2016-01-14T16:25:13.904Z"},{"date":"1988 JAN","value":"106.9","year":"1988","month":"January","quarter":"","sourceDataset":"CSDB","updateDate":"2016-01-14T16:25:13.904Z"},{"date":"1988 FEB","value":"107.0","year":"1988","month":"February","quarter":"","sourceDataset":"CSDB","updateDate":"2016-01-14T16:25:13.904Z"},{"date":"1988 MAR","value":"107.1","year":"1988","month":"March","quarter":"","sourceDataset":"CSDB","updateDate":"2016-01-14T16:25:13.904Z"},{"date":"1988 APR","value":"111.8","year":"1988","month":"April","quarter":"","sourceDataset":"CSDB","updateDate":"2016-01-14T16:25:13.904Z"},{"date":"1988 MAY","value":"112.0","year":"1988","month":"May","quarter":"","sourceDataset":"CSDB","updateDate":"2016-01-14T16:25:13.904Z"},{"date":"1988 JUN","value":"112.0","year":"1988","month":"June","quarter":"","sourceDataset":"CSDB","updateDate":"2016-01-14T16:25:13.904Z"},{"date":"1988 JUL","value":"112.1","year":"1988","month":"July","quarter":"","sourceDataset":"CSDB","updateDate":"2016-01-14T16:25:13.904Z"},{"date":"1988 AUG","value":"112.4","year":"1988","month":"August","quarter":"","sourceDataset":"CSDB","updateDate":"2016-01-14T16:25:13.904Z"},{"date":"1988 SEP","value":"115.9","year":"1988","month":"September","quarter":"","sourceDataset":"CSDB","updateDate":"2016-01-14T16:25:13.904Z"},{"date":"1988 OCT","value":"115.8","year":"1988","month":"October","quarter":"","sourceDataset":"CSDB","updateDate":"2016-01-14T16:25:13.904Z"},{"date":"1988 NOV","value":"117.5","year":"1988","month":"November","quarter":"","sourceDataset":"CSDB","updateDate":"2016-01-14T16:25:13.904Z"},{"date":"1988 DEC","value":"117.6","year":"1988","month":"December","quarter":"","sourceDataset":"CSDB","updateDate":"2016-01-14T16:25:13.904Z"},{"date":"1989 JAN","value":"118.1","year":"1989","month":"January","quarter":"","sourceDataset":"CSDB","updateDate":"2016-01-14T16:25:13.904Z"},{"date":"1989 FEB","value":"118.3","year":"1989","month":"February","quarter":"","sourceDataset":"CSDB","updateDate":"2016-01-14T16:25:13.904Z"},{"date":"1989 MAR","value":"118.4","year":"1989","month":"March","quarter":"","sourceDataset":"CSDB","updateDate":"2016-01-14T16:25:13.904Z"},{"date":"1989 APR","value":"120.2","year":"1989","month":"April","quarter":"","sourceDataset":"CSDB","updateDate":"2016-01-14T16:25:13.904Z"},{"date":"1989 MAY","value":"121.3","year":"1989","month":"May","quarter":"","sourceDataset":"CSDB","updateDate":"2016-01-14T16:25:13.904Z"},{"date":"1989 JUN","value":"121.6","year":"1989","month":"June","quarter":"","sourceDataset":"CSDB","updateDate":"2016-01-14T16:25:13.904Z"},{"date":"1989 JUL","value":"122.1","year":"1989","month":"July","quarter":"","sourceDataset":"CSDB","updateDate":"2016-01-14T16:25:13.904Z"},{"date":"1989 AUG","value":"122.7","year":"1989","month":"August","quarter":"","sourceDataset":"CSDB","updateDate":"2016-01-14T16:25:13.904Z"},{"date":"1989 SEP","value":"125.3","year":"1989","month":"September","quarter":"","sourceDataset":"CSDB","updateDate":"2016-01-14T16:25:13.904Z"},{"date":"1989 OCT","value":"125.7","year":"1989","month":"October","quarter":"","sourceDataset":"CSDB","updateDate":"2016-01-14T16:25:13.904Z"},{"date":"1989 NOV","value":"127.3","year":"1989","month":"November","quarter":"","sourceDataset":"CSDB","updateDate":"2016-01-14T16:25:13.904Z"},{"date":"1989 DEC","value":"127.3","year":"1989","month":"December","quarter":"","sourceDataset":"CSDB","updateDate":"2016-01-14T16:25:13.904Z"},{"date":"1990 JAN","value":"128.8","year":"1990","month":"January","quarter":"","sourceDataset":"CSDB","updateDate":"2016-01-14T16:25:13.904Z"},{"date":"1990 FEB","value":"129.2","year":"1990","month":"February","quarter":"","sourceDataset":"CSDB","updateDate":"2016-01-14T16:25:13.904Z"},{"date":"1990 MAR","value":"129.4","year":"1990","month":"March","quarter":"","sourceDataset":"CSDB","updateDate":"2016-01-14T16:25:13.904Z"},{"date":"1990 APR","value":"131.5","year":"1990","month":"April","quarter":"","sourceDataset":"CSDB","updateDate":"2016-01-14T16:25:13.904Z"},{"date":"1990 MAY","value":"132.5","year":"1990","month":"May","quarter":"","sourceDataset":"CSDB","updateDate":"2016-01-14T16:25:13.904Z"},{"date":"1990 JUN","value":"133.6","year":"1990","month":"June","quarter":"","sourceDataset":"CSDB","updateDate":"2016-01-14T16:25:13.904Z"},{"date":"1990 JUL","value":"134.1","year":"1990","month":"July","quarter":"","sourceDataset":"CSDB","updateDate":"2016-01-14T16:25:13.904Z"},{"date":"1990 AUG","value":"134.7","year":"1990","month":"August","quarter":"","sourceDataset":"CSDB","updateDate":"2016-01-14T16:25:13.904Z"},{"date":"1990 SEP","value":"139.1","year":"1990","month":"September","quarter":"","sourceDataset":"CSDB","updateDate":"2016-01-14T16:25:13.904Z"},{"date":"1990 OCT","value":"140.1","year":"1990","month":"October","quarter":"","sourceDataset":"CSDB","updateDate":"2016-01-14T16:25:13.904Z"},{"date":"1990 NOV","value":"141.2","year":"1990","month":"November","quarter":"","sourceDataset":"CSDB","updateDate":"2016-01-14T16:25:13.904Z"},{"date":"1990 DEC","value":"141.7","year":"1990","month":"December","quarter":"","sourceDataset":"CSDB","updateDate":"2016-01-14T16:25:13.904Z"},{"date":"1991 JAN","value":"143.2","year":"1991","month":"January","quarter":"","sourceDataset":"CSDB","updateDate":"2016-01-14T16:25:13.904Z"},{"date":"1991 FEB","value":"143.2","year":"1991","month":"February","quarter":"","sourceDataset":"CSDB","updateDate":"2016-01-14T16:25:13.904Z"},{"date":"1991 MAR","value":"143.3","year":"1991","month":"March","quarter":"","sourceDataset":"CSDB","updateDate":"2016-01-14T16:25:13.904Z"},{"date":"1991 APR","value":"150.5","year":"1991","month":"April","quarter":"","sourceDataset":"CSDB","updateDate":"2016-01-14T16:25:13.904Z"},{"date":"1991 MAY","value":"151.3","year":"1991","month":"May","quarter":"","sourceDataset":"CSDB","updateDate":"2016-01-14T16:25:13.904Z"},{"date":"1991 JUN","value":"152.2","year":"1991","month":"June","quarter":"","sourceDataset":"CSDB","updateDate":"2016-01-14T16:25:13.904Z"},{"date":"1991 JUL","value":"154.1","year":"1991","month":"July","quarter":"","sourceDataset":"CSDB","updateDate":"2016-01-14T16:25:13.904Z"},{"date":"1991 AUG","value":"154.6","year":"1991","month":"August","quarter":"","sourceDataset":"CSDB","updateDate":"2016-01-14T16:25:13.904Z"},{"date":"1991 SEP","value":"161.2","year":"1991","month":"September","quarter":"","sourceDataset":"CSDB","updateDate":"2016-01-14T16:25:13.904Z"},{"date":"1991 OCT","value":"161.2","year":"1991","month":"October","quarter":"","sourceDataset":"CSDB","updateDate":"2016-01-14T16:25:13.904Z"},{"date":"1991 NOV","value":"161.1","year":"1991","month":"November","quarter":"","sourceDataset":"CSDB","updateDate":"2016-01-14T16:25:13.904Z"},{"date":"1991 DEC","value":"161.2","year":"1991","month":"December","quarter":"","sourceDataset":"CSDB","updateDate":"2016-01-14T16:25:13.904Z"},{"date":"1992 JAN","value":"162.1","year":"1992","month":"January","quarter":"","sourceDataset":"CSDB","updateDate":"2016-01-14T16:25:13.904Z"},{"date":"1992 FEB","value":"162.3","year":"1992","month":"February","quarter":"","sourceDataset":"CSDB","updateDate":"2016-01-14T16:25:13.904Z"},{"date":"1992 MAR","value":"162.5","year":"1992","month":"March","quarter":"","sourceDataset":"CSDB","updateDate":"2016-01-14T16:25:13.904Z"},{"date":"1992 APR","value":"166.9","year":"1992","month":"April","quarter":"","sourceDataset":"CSDB","updateDate":"2016-01-14T16:25:13.904Z"},{"date":"1992 MAY","value":"167.5","year":"1992","month":"May","quarter":"","sourceDataset":"CSDB","updateDate":"2016-01-14T16:25:13.904Z"},{"date":"1992 JUN","value":"167.8","year":"1992","month":"June","quarter":"","sourceDataset":"CSDB","updateDate":"2016-01-14T16:25:13.904Z"},{"date":"1992 JUL","value":"168.4","year":"1992","month":"July","quarter":"","sourceDataset":"CSDB","updateDate":"2016-01-14T16:25:13.904Z"},{"date":"1992 AUG","value":"168.8","year":"1992","month":"August","quarter":"","sourceDataset":"CSDB","updateDate":"2016-01-14T16:25:13.904Z"},{"date":"1992 SEP","value":"173.8","year":"1992","month":"September","quarter":"","sourceDataset":"CSDB","updateDate":"2016-01-14T16:25:13.904Z"},{"date":"1992 OCT","value":"174.1","year":"1992","month":"October","quarter":"","sourceDataset":"CSDB","updateDate":"2016-01-14T16:25:13.904Z"},{"date":"1992 NOV","value":"173.5","year":"1992","month":"November","quarter":"","sourceDataset":"CSDB","updateDate":"2016-01-14T16:25:13.904Z"},{"date":"1992 DEC","value":"173.6","year":"1992","month":"December","quarter":"","sourceDataset":"CSDB","updateDate":"2016-01-14T16:25:13.904Z"},{"date":"1993 JAN","value":"174.4","year":"1993","month":"January","quarter":"","sourceDataset":"CSDB","updateDate":"2016-01-14T16:25:13.904Z"},{"date":"1993 FEB","value":"174.7","year":"1993","month":"February","quarter":"","sourceDataset":"CSDB","updateDate":"2016-01-14T16:25:13.904Z"},{"date":"1993 MAR","value":"175.1","year":"1993","month":"March","quarter":"","sourceDataset":"CSDB","updateDate":"2016-01-14T16:25:13.904Z"},{"date":"1993 APR","value":"177.9","year":"1993","month":"April","quarter":"","sourceDataset":"CSDB","updateDate":"2016-01-14T16:25:13.904Z"},{"date":"1993 MAY","value":"179.0","year":"1993","month":"May","quarter":"","sourceDataset":"CSDB","updateDate":"2016-01-14T16:25:13.904Z"},{"date":"1993 JUN","value":"179.6","year":"1993","month":"June","quarter":"","sourceDataset":"CSDB","updateDate":"2016-01-14T16:25:13.904Z"},{"date":"1993 JUL","value":"180.5","year":"1993","month":"July","quarter":"","sourceDataset":"CSDB","updateDate":"2016-01-14T16:25:13.904Z"},{"date":"1993 AUG","value":"181.1","year":"1993","month":"August","quarter":"","sourceDataset":"CSDB","updateDate":"2016-01-14T16:25:13.904Z"},{"date":"1993 SEP","value":"185.4","year":"1993","month":"September","quarter":"","sourceDataset":"CSDB","updateDate":"2016-01-14T16:25:13.904Z"},{"date":"1993 OCT","value":"186.2","year":"1993","month":"October","quarter":"","sourceDataset":"CSDB","updateDate":"2016-01-14T16:25:13.904Z"},{"date":"1993 NOV","value":"187.4","year":"1993","month":"November","quarter":"","sourceDataset":"CSDB","updateDate":"2016-01-14T16:25:13.904Z"},{"date":"1993 DEC","value":"187.5","year":"1993","month":"December","quarter":"","sourceDataset":"CSDB","updateDate":"2016-01-14T16:25:13.904Z"},{"date":"1994 JAN","value":"188.6","year":"1994","month":"January","quarter":"","sourceDataset":"CSDB","updateDate":"2016-01-14T16:25:13.904Z"},{"date":"1994 FEB","value":"188.9","year":"1994","month":"February","quarter":"","sourceDataset":"CSDB","updateDate":"2016-01-14T16:25:13.904Z"},{"date":"1994 MAR","value":"188.9","year":"1994","month":"March","quarter":"","sourceDataset":"CSDB","updateDate":"2016-01-14T16:25:13.904Z"},{"date":"1994 APR","value":"192.0","year":"1994","month":"April","quarter":"","sourceDataset":"CSDB","updateDate":"2016-01-14T16:25:13.904Z"},{"date":"1994 MAY","value":"192.8","year":"1994","month":"May","quarter":"","sourceDataset":"CSDB","updateDate":"2016-01-14T16:25:13.904Z"},{"date":"1994 JUN","value":"193.1","year":"1994","month":"June","quarter":"","sourceDataset":"CSDB","updateDate":"2016-01-14T16:25:13.904Z"},{"date":"1994 JUL","value":"193.8","year":"1994","month":"July","quarter":"","sourceDataset":"CSDB","updateDate":"2016-01-14T16:25:13.904Z"},{"date":"1994 AUG","value":"194.3","year":"1994","month":"August","quarter":"","sourceDataset":"CSDB","updateDate":"2016-01-14T16:25:13.904Z"},{"date":"1994 SEP","value":"197.3","year":"1994","month":"September","quarter":"","sourceDataset":"CSDB","updateDate":"2016-01-14T16:25:13.904Z"},{"date":"1994 OCT","value":"197.4","year":"1994","month":"October","quarter":"","sourceDataset":"CSDB","updateDate":"2016-01-14T16:25:13.904Z"},{"date":"1994 NOV","value":"198.0","year":"1994","month":"November","quarter":"","sourceDataset":"CSDB","updateDate":"2016-01-14T16:25:13.904Z"},{"date":"1994 DEC","value":"198.4","year":"1994","month":"December","quarter":"","sourceDataset":"CSDB","updateDate":"2016-01-14T16:25:13.904Z"},{"date":"1995 JAN","value":"198.8","year":"1995","month":"January","quarter":"","sourceDataset":"CSDB","updateDate":"2016-01-14T16:25:13.904Z"},{"date":"1995 FEB","value":"199.0","year":"1995","month":"February","quarter":"","sourceDataset":"CSDB","updateDate":"2016-01-14T16:25:13.904Z"},{"date":"1995 MAR","value":"199.0","year":"1995","month":"March","quarter":"","sourceDataset":"CSDB","updateDate":"2016-01-14T16:25:13.904Z"},{"date":"1995 APR","value":"201.6","year":"1995","month":"April","quarter":"","sourceDataset":"CSDB","updateDate":"2016-01-14T16:25:13.904Z"},{"date":"1995 MAY","value":"202.7","year":"1995","month":"May","quarter":"","sourceDataset":"CSDB","updateDate":"2016-01-14T16:25:13.904Z"},{"date":"1995 JUN","value":"203.3","year":"1995","month":"June","quarter":"","sourceDataset":"CSDB","updateDate":"2016-01-14T16:25:13.904Z"},{"date":"1995 JUL","value":"203.5","year":"1995","month":"July","quarter":"","sourceDataset":"CSDB","updateDate":"2016-01-14T16:25:13.904Z"},{"date":"1995 AUG","value":"204.0","year":"1995","month":"August","quarter":"","sourceDataset":"CSDB","updateDate":"2016-01-14T16:25:13.904Z"},{"date":"1995 SEP","value":"206.5","year":"1995","month":"September","quarter":"","sourceDataset":"CSDB","updateDate":"2016-01-14T16:25:13.904Z"},{"date":"1995 OCT","value":"206.8","year":"1995","month":"October","quarter":"","sourceDataset":"CSDB","updateDate":"2016-01-14T16:25:13.904Z"},{"date":"1995 NOV","value":"206.9","year":"1995","month":"November","quarter":"","sourceDataset":"CSDB","updateDate":"2016-01-14T16:25:13.904Z"},{"date":"1995 DEC","value":"206.9","year":"1995","month":"December","quarter":"","sourceDataset":"CSDB","updateDate":"2016-01-14T16:25:13.904Z"},{"date":"1996 JAN","value":"207.8","year":"1996","month":"January","quarter":"","sourceDataset":"CSDB","updateDate":"2016-01-14T16:25:13.904Z"},{"date":"1996 FEB","value":"207.7","year":"1996","month":"February","quarter":"","sourceDataset":"CSDB","updateDate":"2016-01-14T16:25:13.904Z"},{"date":"1996 MAR","value":"208.0","year":"1996","month":"March","quarter":"","sourceDataset":"CSDB","updateDate":"2016-01-14T16:25:13.904Z"},{"date":"1996 APR","value":"209.5","year":"1996","month":"April","quarter":"","sourceDataset":"CSDB","updateDate":"2016-01-14T16:25:13.904Z"},{"date":"1996 MAY","value":"211.1","year":"1996","month":"May","quarter":"","sourceDataset":"CSDB","updateDate":"2016-01-14T16:25:13.904Z"},{"date":"1996 JUN","value":"211.5","year":"1996","month":"June","quarter":"","sourceDataset":"CSDB","updateDate":"2016-01-14T16:25:13.904Z"},{"date":"1996 JUL","value":"211.8","year":"1996","month":"July","quarter":"","sourceDataset":"CSDB","updateDate":"2016-01-14T16:25:13.904Z"},{"date":"1996 AUG","value":"212.3","year":"1996","month":"August","quarter":"","sourceDataset":"CSDB","updateDate":"2016-01-14T16:25:13.904Z"},{"date":"1996 SEP","value":"214.6","year":"1996","month":"September","quarter":"","sourceDataset":"CSDB","updateDate":"2016-01-14T16:25:13.904Z"},{"date":"1996 OCT","value":"215.1","year":"1996","month":"October","quarter":"","sourceDataset":"CSDB","updateDate":"2016-01-14T16:25:13.904Z"},{"date":"1996 NOV","value":"215.8","year":"1996","month":"November","quarter":"","sourceDataset":"CSDB","updateDate":"2016-01-14T16:25:13.904Z"},{"date":"1996 DEC","value":"216.0","year":"1996","month":"December","quarter":"","sourceDataset":"CSDB","updateDate":"2016-01-14T16:25:13.904Z"},{"date":"1997 JAN","value":"217.0","year":"1997","month":"January","quarter":"","sourceDataset":"CSDB","updateDate":"2016-01-14T16:25:13.904Z"},{"date":"1997 FEB","value":"217.2","year":"1997","month":"February","quarter":"","sourceDataset":"CSDB","updateDate":"2016-01-14T16:25:13.904Z"},{"date":"1997 MAR","value":"217.3","year":"1997","month":"March","quarter":"","sourceDataset":"CSDB","updateDate":"2016-01-14T16:25:13.904Z"},{"date":"1997 APR","value":"219.0","year":"1997","month":"April","quarter":"","sourceDataset":"CSDB","updateDate":"2016-01-14T16:25:13.904Z"},{"date":"1997 MAY","value":"220.1","year":"1997","month":"May","quarter":"","sourceDataset":"CSDB","updateDate":"2016-01-14T16:25:13.904Z"},{"date":"1997 JUN","value":"220.8","year":"1997","month":"June","quarter":"","sourceDataset":"CSDB","updateDate":"2016-01-14T16:25:13.904Z"},{"date":"1997 JUL","value":"221.7","year":"1997","month":"July","quarter":"","sourceDataset":"CSDB","updateDate":"2016-01-14T16:25:13.904Z"},{"date":"1997 AUG","value":"222.7","year":"1997","month":"August","quarter":"","sourceDataset":"CSDB","updateDate":"2016-01-14T16:25:13.904Z"},{"date":"1997 SEP","value":"225.9","year":"1997","month":"September","quarter":"","sourceDataset":"CSDB","updateDate":"2016-01-14T16:25:13.904Z"},{"date":"1997 OCT","value":"226.5","year":"1997","month":"October","quarter":"","sourceDataset":"CSDB","updateDate":"2016-01-14T16:25:13.904Z"},{"date":"1997 NOV","value":"227.4","year":"1997","month":"November","quarter":"","sourceDataset":"CSDB","updateDate":"2016-01-14T16:25:13.904Z"},{"date":"1997 DEC","value":"227.5","year":"1997","month":"December","quarter":"","sourceDataset":"CSDB","updateDate":"2016-01-14T16:25:13.904Z"},{"date":"1998 JAN","value":"227.6","year":"1998","month":"January","quarter":"","sourceDataset":"CSDB","updateDate":"2016-01-14T16:25:13.904Z"},{"date":"1998 FEB","value":"227.7","year":"1998","month":"February","quarter":"","sourceDataset":"CSDB","updateDate":"2016-01-14T16:25:13.904Z"},{"date":"1998 MAR","value":"228.0","year":"1998","month":"March","quarter":"","sourceDataset":"CSDB","updateDate":"2016-01-14T16:25:13.904Z"},{"date":"1998 APR","value":"230.3","year":"1998","month":"April","quarter":"","sourceDataset":"CSDB","updateDate":"2016-01-14T16:25:13.904Z"},{"date":"1998 MAY","value":"233.0","year":"1998","month":"May","quarter":"","sourceDataset":"CSDB","updateDate":"2016-01-14T16:25:13.904Z"},{"date":"1998 JUN","value":"232.6","year":"1998","month":"June","quarter":"","sourceDataset":"CSDB","updateDate":"2016-01-14T16:25:13.904Z"},{"date":"1998 JUL","value":"232.8","year":"1998","month":"July","quarter":"","sourceDataset":"CSDB","updateDate":"2016-01-14T16:25:13.904Z"},{"date":"1998 AUG","value":"233.8","year":"1998","month":"August","quarter":"","sourceDataset":"CSDB","updateDate":"2016-01-14T16:25:13.904Z"},{"date":"1998 SEP","value":"237.1","year":"1998","month":"September","quarter":"","sourceDataset":"CSDB","updateDate":"2016-01-14T16:25:13.904Z"},{"date":"1998 OCT","value":"238.3","year":"1998","month":"October","quarter":"","sourceDataset":"CSDB","updateDate":"2016-01-14T16:25:13.904Z"},{"date":"1998 NOV","value":"238.2","year":"1998","month":"November","quarter":"","sourceDataset":"CSDB","updateDate":"2016-01-14T16:25:13.904Z"},{"date":"1998 DEC","value":"237.4","year":"1998","month":"December","quarter":"","sourceDataset":"CSDB","updateDate":"2016-01-14T16:25:13.904Z"},{"date":"1999 JAN","value":"239.2","year":"1999","month":"January","quarter":"","sourceDataset":"CSDB","updateDate":"2016-01-14T16:25:13.904Z"},{"date":"1999 FEB","value":"239.6","year":"1999","month":"February","quarter":"","sourceDataset":"CSDB","updateDate":"2016-01-14T16:25:13.904Z"},{"date":"1999 MAR","value":"240.7","year":"1999","month":"March","quarter":"","sourceDataset":"CSDB","updateDate":"2016-01-14T16:25:13.904Z"},{"date":"1999 APR","value":"243.9","year":"1999","month":"April","quarter":"","sourceDataset":"CSDB","updateDate":"2016-01-14T16:25:13.904Z"},{"date":"1999 MAY","value":"244.7","year":"1999","month":"May","quarter":"","sourceDataset":"CSDB","updateDate":"2016-01-14T16:25:13.904Z"},{"date":"1999 JUN","value":"245.4","year":"1999","month":"June","quarter":"","sourceDataset":"CSDB","updateDate":"2016-01-14T16:25:13.904Z"},{"date":"1999 JUL","value":"245.1","year":"1999","month":"July","quarter":"","sourceDataset":"CSDB","updateDate":"2016-01-14T16:25:13.904Z"},{"date":"1999 AUG","value":"244.8","year":"1999","month":"August","quarter":"","sourceDataset":"CSDB","updateDate":"2016-01-14T16:25:13.904Z"},{"date":"1999 SEP","value":"248.6","year":"1999","month":"September","quarter":"","sourceDataset":"CSDB","updateDate":"2016-01-14T16:25:13.904Z"},{"date":"1999 OCT","value":"251.0","year":"1999","month":"October","quarter":"","sourceDataset":"CSDB","updateDate":"2016-01-14T16:25:13.904Z"},{"date":"1999 NOV","value":"252.3","year":"1999","month":"November","quarter":"","sourceDataset":"CSDB","updateDate":"2016-01-14T16:25:13.904Z"},{"date":"1999 DEC","value":"251.0","year":"1999","month":"December","quarter":"","sourceDataset":"CSDB","updateDate":"2016-01-14T16:25:13.904Z"},{"date":"2000 JAN","value":"251.1","year":"2000","month":"January","quarter":"","sourceDataset":"CSDB","updateDate":"2016-01-14T16:25:13.904Z"},{"date":"2000 FEB","value":"253.4","year":"2000","month":"February","quarter":"","sourceDataset":"CSDB","updateDate":"2016-01-14T16:25:13.904Z"},{"date":"2000 MAR","value":"254.3","year":"2000","month":"March","quarter":"","sourceDataset":"CSDB","updateDate":"2016-01-14T16:25:13.904Z"},{"date":"2000 APR","value":"256.3","year":"2000","month":"April","quarter":"","sourceDataset":"CSDB","updateDate":"2016-01-14T16:25:13.904Z"},{"date":"2000 MAY","value":"258.0","year":"2000","month":"May","quarter":"","sourceDataset":"CSDB","updateDate":"2016-01-14T16:25:13.904Z"},{"date":"2000 JUN","value":"258.5","year":"2000","month":"June","quarter":"","sourceDataset":"CSDB","updateDate":"2016-01-14T16:25:13.904Z"},{"date":"2000 JUL","value":"258.3","year":"2000","month":"July","quarter":"","sourceDataset":"CSDB","updateDate":"2016-01-14T16:25:13.904Z"},{"date":"2000 AUG","value":"257.9","year":"2000","month":"August","quarter":"","sourceDataset":"CSDB","updateDate":"2016-01-14T16:25:13.904Z"},{"date":"2000 SEP","value":"263.3","year":"2000","month":"September","quarter":"","sourceDataset":"CSDB","updateDate":"2016-01-14T16:25:13.904Z"},{"date":"2000 OCT","value":"262.2","year":"2000","month":"October","quarter":"","sourceDataset":"CSDB","updateDate":"2016-01-14T16:25:13.904Z"},{"date":"2000 NOV","value":"262.2","year":"2000","month":"November","quarter":"","sourceDataset":"CSDB","updateDate":"2016-01-14T16:25:13.904Z"},{"date":"2000 DEC","value":"262.5","year":"2000","month":"December","quarter":"","sourceDataset":"CSDB","updateDate":"2016-01-14T16:25:13.904Z"},{"date":"2001 JAN","value":"264.6","year":"2001","month":"January","quarter":"","sourceDataset":"CSDB","updateDate":"2016-01-14T16:25:13.904Z"},{"date":"2001 FEB","value":"267.5","year":"2001","month":"February","quarter":"","sourceDataset":"CSDB","updateDate":"2016-01-14T16:25:13.904Z"},{"date":"2001 MAR","value":"267.6","year":"2001","month":"March","quarter":"","sourceDataset":"CSDB","updateDate":"2016-01-14T16:25:13.904Z"},{"date":"2001 APR","value":"269.3","year":"2001","month":"April","quarter":"","sourceDataset":"CSDB","updateDate":"2016-01-14T16:25:13.904Z"},{"date":"2001 MAY","value":"269.9","year":"2001","month":"May","quarter":"","sourceDataset":"CSDB","updateDate":"2016-01-14T16:25:13.904Z"},{"date":"2001 JUN","value":"269.5","year":"2001","month":"June","quarter":"","sourceDataset":"CSDB","updateDate":"2016-01-14T16:25:13.904Z"},{"date":"2001 JUL","value":"270.3","year":"2001","month":"July","quarter":"","sourceDataset":"CSDB","updateDate":"2016-01-14T16:25:13.904Z"},{"date":"2001 AUG","value":"272.0","year":"2001","month":"August","quarter":"","sourceDataset":"CSDB","updateDate":"2016-01-14T16:25:13.904Z"},{"date":"2001 SEP","value":"274.4","year":"2001","month":"September","quarter":"","sourceDataset":"CSDB","updateDate":"2016-01-14T16:25:13.904Z"},{"date":"2001 OCT","value":"274.0","year":"2001","month":"October","quarter":"","sourceDataset":"CSDB","updateDate":"2016-01-14T16:25:13.904Z"},{"date":"2001 NOV","value":"274.4","year":"2001","month":"November","quarter":"","sourceDataset":"CSDB","updateDate":"2016-01-14T16:25:13.904Z"},{"date":"2001 DEC","value":"275.9","year":"2001","month":"December","quarter":"","sourceDataset":"CSDB","updateDate":"2016-01-14T16:25:13.904Z"},{"date":"2002 JAN","value":"274.0","year":"2002","month":"January","quarter":"","sourceDataset":"CSDB","updateDate":"2016-01-14T16:25:13.904Z"},{"date":"2002 FEB","value":"274.3","year":"2002","month":"February","quarter":"","sourceDataset":"CSDB","updateDate":"2016-01-14T16:25:13.904Z"},{"date":"2002 MAR","value":"276.6","year":"2002","month":"March","quarter":"","sourceDataset":"CSDB","updateDate":"2016-01-14T16:25:13.904Z"},{"date":"2002 APR","value":"279.1","year":"2002","month":"April","quarter":"","sourceDataset":"CSDB","updateDate":"2016-01-14T16:25:13.904Z"},{"date":"2002 MAY","value":"279.9","year":"2002","month":"May","quarter":"","sourceDataset":"CSDB","updateDate":"2016-01-14T16:25:13.904Z"},{"date":"2002 JUN","value":"281.0","year":"2002","month":"June","quarter":"","sourceDataset":"CSDB","updateDate":"2016-01-14T16:25:13.904Z"},{"date":"2002 JUL","value":"279.9","year":"2002","month":"July","quarter":"","sourceDataset":"CSDB","updateDate":"2016-01-14T16:25:13.904Z"},{"date":"2002 AUG","value":"284.2","year":"2002","month":"August","quarter":"","sourceDataset":"CSDB","updateDate":"2016-01-14T16:25:13.904Z"},{"date":"2002 SEP","value":"286.8","year":"2002","month":"September","quarter":"","sourceDataset":"CSDB","updateDate":"2016-01-14T16:25:13.904Z"},{"date":"2002 OCT","value":"286.1","year":"2002","month":"October","quarter":"","sourceDataset":"CSDB","updateDate":"2016-01-14T16:25:13.904Z"},{"date":"2002 NOV","value":"288.4","year":"2002","month":"November","quarter":"","sourceDataset":"CSDB","updateDate":"2016-01-14T16:25:13.904Z"},{"date":"2002 DEC","value":"289.8","year":"2002","month":"December","quarter":"","sourceDataset":"CSDB","updateDate":"2016-01-14T16:25:13.904Z"},{"date":"2003 JAN","value":"291.2","year":"2003","month":"January","quarter":"","sourceDataset":"CSDB","updateDate":"2016-01-14T16:25:13.904Z"},{"date":"2003 FEB","value":"292.2","year":"2003","month":"February","quarter":"","sourceDataset":"CSDB","updateDate":"2016-01-14T16:25:13.904Z"},{"date":"2003 MAR","value":"292.5","year":"2003","month":"March","quarter":"","sourceDataset":"CSDB","updateDate":"2016-01-14T16:25:13.904Z"},{"date":"2003 APR","value":"295.1","year":"2003","month":"April","quarter":"","sourceDataset":"CSDB","updateDate":"2016-01-14T16:25:13.904Z"},{"date":"2003 MAY","value":"293.4","year":"2003","month":"May","quarter":"","sourceDataset":"CSDB","updateDate":"2016-01-14T16:25:13.904Z"},{"date":"2003 JUN","value":"296.3","year":"2003","month":"June","quarter":"","sourceDataset":"CSDB","updateDate":"2016-01-14T16:25:13.904Z"},{"date":"2003 JUL","value":"297.1","year":"2003","month":"July","quarter":"","sourceDataset":"CSDB","updateDate":"2016-01-14T16:25:13.904Z"},{"date":"2003 AUG","value":"297.0","year":"2003","month":"August","quarter":"","sourceDataset":"CSDB","updateDate":"2016-01-14T16:25:13.904Z"},{"date":"2003 SEP","value":"302.3","year":"2003","month":"September","quarter":"","sourceDataset":"CSDB","updateDate":"2016-01-14T16:25:13.904Z"},{"date":"2003 OCT","value":"304.0","year":"2003","month":"October","quarter":"","sourceDataset":"CSDB","updateDate":"2016-01-14T16:25:13.904Z"},{"date":"2003 NOV","value":"303.7","year":"2003","month":"November","quarter":"","sourceDataset":"CSDB","updateDate":"2016-01-14T16:25:13.904Z"},{"date":"2003 DEC","value":"303.6","year":"2003","month":"December","quarter":"","sourceDataset":"CSDB","updateDate":"2016-01-14T16:25:13.904Z"},{"date":"2004 JAN","value":"304.4","year":"2004","month":"January","quarter":"","sourceDataset":"CSDB","updateDate":"2016-01-14T16:25:13.904Z"},{"date":"2004 FEB","value":"306.1","year":"2004","month":"February","quarter":"","sourceDataset":"CSDB","updateDate":"2016-01-14T16:25:13.904Z"},{"date":"2004 MAR","value":"306.4","year":"2004","month":"March","quarter":"","sourceDataset":"CSDB","updateDate":"2016-01-14T16:25:13.904Z"},{"date":"2004 APR","value":"309.7","year":"2004","month":"April","quarter":"","sourceDataset":"CSDB","updateDate":"2016-01-14T16:25:13.904Z"},{"date":"2004 MAY","value":"311.3","year":"2004","month":"May","quarter":"","sourceDataset":"CSDB","updateDate":"2016-01-14T16:25:13.904Z"},{"date":"2004 JUN","value":"312.2","year":"2004","month":"June","quarter":"","sourceDataset":"CSDB","updateDate":"2016-01-14T16:25:13.904Z"},{"date":"2004 JUL","value":"312.3","year":"2004","month":"July","quarter":"","sourceDataset":"CSDB","updateDate":"2016-01-14T16:25:13.904Z"},{"date":"2004 AUG","value":"314.8","year":"2004","month":"August","quarter":"","sourceDataset":"CSDB","updateDate":"2016-01-14T16:25:13.904Z"},{"date":"2004 SEP","value":"317.7","year":"2004","month":"September","quarter":"","sourceDataset":"CSDB","updateDate":"2016-01-14T16:25:13.904Z"},{"date":"2004 OCT","value":"319.8","year":"2004","month":"October","quarter":"","sourceDataset":"CSDB","updateDate":"2016-01-14T16:25:13.904Z"},{"date":"2004 NOV","value":"319.7","year":"2004","month":"November","quarter":"","sourceDataset":"CSDB","updateDate":"2016-01-14T16:25:13.904Z"},{"date":"2004 DEC","value":"320.9","year":"2004","month":"December","quarter":"","sourceDataset":"CSDB","updateDate":"2016-01-14T16:25:13.904Z"},{"date":"2005 JAN","value":"322.1","year":"2005","month":"January","quarter":"","sourceDataset":"CSDB","updateDate":"2016-01-14T16:25:13.904Z"},{"date":"2005 FEB","value":"324.2","year":"2005","month":"February","quarter":"","sourceDataset":"CSDB","updateDate":"2016-01-14T16:25:13.904Z"},{"date":"2005 MAR","value":"326.3","year":"2005","month":"March","quarter":"","sourceDataset":"CSDB","updateDate":"2016-01-14T16:25:13.904Z"},{"date":"2005 APR","value":"329.6","year":"2005","month":"April","quarter":"","sourceDataset":"CSDB","updateDate":"2016-01-14T16:25:13.904Z"},{"date":"2005 MAY","value":"331.3","year":"2005","month":"May","quarter":"","sourceDataset":"CSDB","updateDate":"2016-01-14T16:25:13.904Z"},{"date":"2005 JUN","value":"331.5","year":"2005","month":"June","quarter":"","sourceDataset":"CSDB","updateDate":"2016-01-14T16:25:13.904Z"},{"date":"2005 JUL","value":"335.4","year":"2005","month":"July","quarter":"","sourceDataset":"CSDB","updateDate":"2016-01-14T16:25:13.904Z"},{"date":"2005 AUG","value":"332.3","year":"2005","month":"August","quarter":"","sourceDataset":"CSDB","updateDate":"2016-01-14T16:25:13.904Z"},{"date":"2005 SEP","value":"341.7","year":"2005","month":"September","quarter":"","sourceDataset":"CSDB","updateDate":"2016-01-14T16:25:13.904Z"},{"date":"2005 OCT","value":"340.4","year":"2005","month":"October","quarter":"","sourceDataset":"CSDB","updateDate":"2016-01-14T16:25:13.904Z"},{"date":"2005 NOV","value":"342.5","year":"2005","month":"November","quarter":"","sourceDataset":"CSDB","updateDate":"2016-01-14T16:25:13.904Z"},{"date":"2005 DEC","value":"346.3","year":"2005","month":"December","quarter":"","sourceDataset":"CSDB","updateDate":"2016-01-14T16:25:13.904Z"},{"date":"2006 JAN","value":"342.1","year":"2006","month":"January","quarter":"","sourceDataset":"CSDB","updateDate":"2016-01-14T16:25:13.904Z"},{"date":"2006 FEB","value":"343.1","year":"2006","month":"February","quarter":"","sourceDataset":"CSDB","updateDate":"2016-01-14T16:25:13.904Z"},{"date":"2006 MAR","value":"342.6","year":"2006","month":"March","quarter":"","sourceDataset":"CSDB","updateDate":"2016-01-14T16:25:13.904Z"},{"date":"2006 APR","value":"349.9","year":"2006","month":"April","quarter":"","sourceDataset":"CSDB","updateDate":"2016-01-14T16:25:13.904Z"},{"date":"2006 MAY","value":"348.6","year":"2006","month":"May","quarter":"","sourceDataset":"CSDB","updateDate":"2016-01-14T16:25:13.904Z"},{"date":"2006 JUN","value":"348.7","year":"2006","month":"June","quarter":"","sourceDataset":"CSDB","updateDate":"2016-01-14T16:25:13.904Z"},{"date":"2006 JUL","value":"351.4","year":"2006","month":"July","quarter":"","sourceDataset":"CSDB","updateDate":"2016-01-14T16:25:13.904Z"},{"date":"2006 AUG","value":"348.4","year":"2006","month":"August","quarter":"","sourceDataset":"CSDB","updateDate":"2016-01-14T16:25:13.904Z"},{"date":"2006 SEP","value":"358.7","year":"2006","month":"September","quarter":"","sourceDataset":"CSDB","updateDate":"2016-01-14T16:25:13.904Z"},{"date":"2006 OCT","value":"361.3","year":"2006","month":"October","quarter":"","sourceDataset":"CSDB","updateDate":"2016-01-14T16:25:13.904Z"},{"date":"2006 NOV","value":"360.1","year":"2006","month":"November","quarter":"","sourceDataset":"CSDB","updateDate":"2016-01-14T16:25:13.904Z"},{"date":"2006 DEC","value":"362.3","year":"2006","month":"December","quarter":"","sourceDataset":"CSDB","updateDate":"2016-01-14T16:25:13.904Z"},{"date":"2007 JAN","value":"359.6","year":"2007","month":"January","quarter":"","sourceDataset":"CSDB","updateDate":"2016-01-14T16:25:13.904Z"},{"date":"2007 FEB","value":"363.2","year":"2007","month":"February","quarter":"","sourceDataset":"CSDB","updateDate":"2016-01-14T16:25:13.904Z"},{"date":"2007 MAR","value":"364.7","year":"2007","month":"March","quarter":"","sourceDataset":"CSDB","updateDate":"2016-01-14T16:25:13.904Z"},{"date":"2007 APR","value":"366.7","year":"2007","month":"April","quarter":"","sourceDataset":"CSDB","updateDate":"2016-01-14T16:25:13.904Z"},{"date":"2007 MAY","value":"367.0","year":"2007","month":"May","quarter":"","sourceDataset":"CSDB","updateDate":"2016-01-14T16:25:13.904Z"},{"date":"2007 JUN","value":"370.1","year":"2007","month":"June","quarter":"","sourceDataset":"CSDB","updateDate":"2016-01-14T16:25:13.904Z"},{"date":"2007 JUL","value":"367.2","year":"2007","month":"July","quarter":"","sourceDataset":"CSDB","updateDate":"2016-01-14T16:25:13.904Z"},{"date":"2007 AUG","value":"371.0","year":"2007","month":"August","quarter":"","sourceDataset":"CSDB","updateDate":"2016-01-14T16:25:13.904Z"},{"date":"2007 SEP","value":"379.8","year":"2007","month":"September","quarter":"","sourceDataset":"CSDB","updateDate":"2016-01-14T16:25:13.905Z"},{"date":"2007 OCT","value":"379.5","year":"2007","month":"October","quarter":"","sourceDataset":"CSDB","updateDate":"2016-01-14T16:25:13.905Z"},{"date":"2007 NOV","value":"379.6","year":"2007","month":"November","quarter":"","sourceDataset":"CSDB","updateDate":"2016-01-14T16:25:13.905Z"},{"date":"2007 DEC","value":"380.7","year":"2007","month":"December","quarter":"","sourceDataset":"CSDB","updateDate":"2016-01-14T16:25:13.905Z"},{"date":"2008 JAN","value":"381.1","year":"2008","month":"January","quarter":"","sourceDataset":"CSDB","updateDate":"2016-01-14T16:25:13.905Z"},{"date":"2008 FEB","value":"381.8","year":"2008","month":"February","quarter":"","sourceDataset":"CSDB","updateDate":"2016-01-14T16:25:13.905Z"},{"date":"2008 MAR","value":"382.1","year":"2008","month":"March","quarter":"","sourceDataset":"CSDB","updateDate":"2016-01-14T16:25:13.905Z"},{"date":"2008 APR","value":"387.3","year":"2008","month":"April","quarter":"","sourceDataset":"CSDB","updateDate":"2016-01-14T16:25:13.905Z"},{"date":"2008 MAY","value":"386.9","year":"2008","month":"May","quarter":"","sourceDataset":"CSDB","updateDate":"2016-01-14T16:25:13.905Z"},{"date":"2008 JUN","value":"386.7","year":"2008","month":"June","quarter":"","sourceDataset":"CSDB","updateDate":"2016-01-14T16:25:13.905Z"},{"date":"2008 JUL","value":"386.7","year":"2008","month":"July","quarter":"","sourceDataset":"CSDB","updateDate":"2016-01-14T16:25:13.905Z"},{"date":"2008 AUG","value":"388.2","year":"2008","month":"August","quarter":"","sourceDataset":"CSDB","updateDate":"2016-01-14T16:25:13.905Z"},{"date":"2008 SEP","value":"398.0","year":"2008","month":"September","quarter":"","sourceDataset":"CSDB","updateDate":"2016-01-14T16:25:13.905Z"},{"date":"2008 OCT","value":"397.5","year":"2008","month":"October","quarter":"","sourceDataset":"CSDB","updateDate":"2016-01-14T16:25:13.905Z"},{"date":"2008 NOV","value":"399.6","year":"2008","month":"November","quarter":"","sourceDataset":"CSDB","updateDate":"2016-01-14T16:25:13.905Z"},{"date":"2008 DEC","value":"399.3","year":"2008","month":"December","quarter":"","sourceDataset":"CSDB","updateDate":"2016-01-14T16:25:13.905Z"},{"date":"2009 JAN","value":"400.7","year":"2009","month":"January","quarter":"","sourceDataset":"CSDB","updateDate":"2016-01-14T16:25:13.905Z"},{"date":"2009 FEB","value":"402.4","year":"2009","month":"February","quarter":"","sourceDataset":"CSDB","updateDate":"2016-01-14T16:25:13.905Z"},{"date":"2009 MAR","value":"403.1","year":"2009","month":"March","quarter":"","sourceDataset":"CSDB","updateDate":"2016-01-14T16:25:13.905Z"},{"date":"2009 APR","value":"405.8","year":"2009","month":"April","quarter":"","sourceDataset":"CSDB","updateDate":"2016-01-14T16:25:13.905Z"},{"date":"2009 MAY","value":"406.1","year":"2009","month":"May","quarter":"","sourceDataset":"CSDB","updateDate":"2016-01-14T16:25:13.905Z"},{"date":"2009 JUN","value":"407.3","year":"2009","month":"June","quarter":"","sourceDataset":"CSDB","updateDate":"2016-01-14T16:25:13.905Z"},{"date":"2009 JUL","value":"409.4","year":"2009","month":"July","quarter":"","sourceDataset":"CSDB","updateDate":"2016-01-14T16:25:13.905Z"},{"date":"2009 AUG","value":"408.4","year":"2009","month":"August","quarter":"","sourceDataset":"CSDB","updateDate":"2016-01-14T16:25:13.905Z"},{"date":"2009 SEP","value":"413.9","year":"2009","month":"September","quarter":"","sourceDataset":"CSDB","updateDate":"2016-01-14T16:25:13.905Z"},{"date":"2009 OCT","value":"415.1","year":"2009","month":"October","quarter":"","sourceDataset":"CSDB","updateDate":"2016-01-14T16:25:13.905Z"},{"date":"2009 NOV","value":"414.4","year":"2009","month":"November","quarter":"","sourceDataset":"CSDB","updateDate":"2016-01-14T16:25:13.905Z"},{"date":"2009 DEC","value":"413.4","year":"2009","month":"December","quarter":"","sourceDataset":"CSDB","updateDate":"2016-01-14T16:25:13.905Z"},{"date":"2010 JAN","value":"412.1","year":"2010","month":"January","quarter":"","sourceDataset":"CSDB","updateDate":"2016-01-14T16:25:13.905Z"},{"date":"2010 FEB","value":"413.2","year":"2010","month":"February","quarter":"","sourceDataset":"CSDB","updateDate":"2016-01-14T16:25:13.905Z"},{"date":"2010 MAR","value":"411.1","year":"2010","month":"March","quarter":"","sourceDataset":"CSDB","updateDate":"2016-01-14T16:25:13.905Z"},{"date":"2010 APR","value":"418.2","year":"2010","month":"April","quarter":"","sourceDataset":"CSDB","updateDate":"2016-01-14T16:25:13.905Z"},{"date":"2010 MAY","value":"419.7","year":"2010","month":"May","quarter":"","sourceDataset":"CSDB","updateDate":"2016-01-14T16:25:13.905Z"},{"date":"2010 JUN","value":"417.5","year":"2010","month":"June","quarter":"","sourceDataset":"CSDB","updateDate":"2016-01-14T16:25:13.905Z"},{"date":"2010 JUL","value":"418.1","year":"2010","month":"July","quarter":"","sourceDataset":"CSDB","updateDate":"2016-01-14T16:25:13.905Z"},{"date":"2010 AUG","value":"419.3","year":"2010","month":"August","quarter":"","sourceDataset":"CSDB","updateDate":"2016-01-14T16:25:13.905Z"},{"date":"2010 SEP","value":"430.6","year":"2010","month":"September","quarter":"","sourceDataset":"CSDB","updateDate":"2016-01-14T16:25:13.905Z"},{"date":"2010 OCT","value":"432.8","year":"2010","month":"October","quarter":"","sourceDataset":"CSDB","updateDate":"2016-01-14T16:25:13.905Z"},{"date":"2010 NOV","value":"431.8","year":"2010","month":"November","quarter":"","sourceDataset":"CSDB","updateDate":"2016-01-14T16:25:13.905Z"},{"date":"2010 DEC","value":"431.3","year":"2010","month":"December","quarter":"","sourceDataset":"CSDB","updateDate":"2016-01-14T16:25:13.905Z"},{"date":"2011 JAN","value":"432.6","year":"2011","month":"January","quarter":"","sourceDataset":"CSDB","updateDate":"2016-01-14T16:25:13.905Z"},{"date":"2011 FEB","value":"434.0","year":"2011","month":"February","quarter":"","sourceDataset":"CSDB","updateDate":"2016-01-14T16:25:13.905Z"},{"date":"2011 MAR","value":"435.8","year":"2011","month":"March","quarter":"","sourceDataset":"CSDB","updateDate":"2016-01-14T16:25:13.905Z"},{"date":"2011 APR","value":"439.2","year":"2011","month":"April","quarter":"","sourceDataset":"CSDB","updateDate":"2016-01-14T16:25:13.905Z"},{"date":"2011 MAY","value":"438.4","year":"2011","month":"May","quarter":"","sourceDataset":"CSDB","updateDate":"2016-01-14T16:25:13.905Z"},{"date":"2011 JUN","value":"439.4","year":"2011","month":"June","quarter":"","sourceDataset":"CSDB","updateDate":"2016-01-14T16:25:13.905Z"},{"date":"2011 JUL","value":"440.5","year":"2011","month":"July","quarter":"","sourceDataset":"CSDB","updateDate":"2016-01-14T16:25:13.905Z"},{"date":"2011 AUG","value":"441.7","year":"2011","month":"August","quarter":"","sourceDataset":"CSDB","updateDate":"2016-01-14T16:25:13.905Z"},{"date":"2011 SEP","value":"449.7","year":"2011","month":"September","quarter":"","sourceDataset":"CSDB","updateDate":"2016-01-14T16:25:13.905Z"},{"date":"2011 OCT","value":"452.8","year":"2011","month":"October","quarter":"","sourceDataset":"CSDB","updateDate":"2016-01-14T16:25:13.905Z"},{"date":"2011 NOV","value":"452.3","year":"2011","month":"November","quarter":"","sourceDataset":"CSDB","updateDate":"2016-01-14T16:25:13.905Z"},{"date":"2011 DEC","value":"452.4","year":"2011","month":"December","quarter":"","sourceDataset":"CSDB","updateDate":"2016-01-14T16:25:13.905Z"},{"date":"2012 JAN","value":"452.1","year":"2012","month":"January","quarter":"","sourceDataset":"CSDB","updateDate":"2016-01-14T16:25:13.905Z"},{"date":"2012 FEB","value":"453.8","year":"2012","month":"February","quarter":"","sourceDataset":"CSDB","updateDate":"2016-01-14T16:25:13.905Z"},{"date":"2012 MAR","value":"455.7","year":"2012","month":"March","quarter":"","sourceDataset":"CSDB","updateDate":"2016-01-14T16:25:13.905Z"},{"date":"2012 APR","value":"461.7","year":"2012","month":"April","quarter":"","sourceDataset":"CSDB","updateDate":"2016-01-14T16:25:13.905Z"},{"date":"2012 MAY","value":"461.8","year":"2012","month":"May","quarter":"","sourceDataset":"CSDB","updateDate":"2016-01-14T16:25:13.905Z"},{"date":"2012 JUN","value":"461.2","year":"2012","month":"June","quarter":"","sourceDataset":"CSDB","updateDate":"2016-01-14T16:25:13.905Z"},{"date":"2012 JUL","value":"462.5","year":"2012","month":"July","quarter":"","sourceDataset":"CSDB","updateDate":"2016-01-14T16:25:13.905Z"},{"date":"2012 AUG","value":"462.6","year":"2012","month":"August","quarter":"","sourceDataset":"CSDB","updateDate":"2016-01-14T16:25:13.905Z"},{"date":"2012 SEP","value":"472.9","year":"2012","month":"September","quarter":"","sourceDataset":"CSDB","updateDate":"2016-01-14T16:25:13.905Z"},{"date":"2012 OCT","value":"474.2","year":"2012","month":"October","quarter":"","sourceDataset":"CSDB","updateDate":"2016-01-14T16:25:13.905Z"},{"date":"2012 NOV","value":"475.7","year":"2012","month":"November","quarter":"","sourceDataset":"CSDB","updateDate":"2016-01-14T16:25:13.905Z"},{"date":"2012 DEC","value":"470.0","year":"2012","month":"December","quarter":"","sourceDataset":"CSDB","updateDate":"2016-01-14T16:25:13.905Z"},{"date":"2013 JAN","value":"469.8","year":"2013","month":"January","quarter":"","sourceDataset":"CSDB","updateDate":"2016-01-14T16:25:13.905Z"},{"date":"2013 FEB","value":"472.0","year":"2013","month":"February","quarter":"","sourceDataset":"CSDB","updateDate":"2016-01-14T16:25:13.905Z"},{"date":"2013 MAR","value":"472.7","year":"2013","month":"March","quarter":"","sourceDataset":"CSDB","updateDate":"2016-01-14T16:25:13.905Z"},{"date":"2013 APR","value":"483.3","year":"2013","month":"April","quarter":"","sourceDataset":"CSDB","updateDate":"2016-01-14T16:25:13.905Z"},{"date":"2013 MAY","value":"485.2","year":"2013","month":"May","quarter":"","sourceDataset":"CSDB","updateDate":"2016-01-14T16:25:13.905Z"},{"date":"2013 JUN","value":"488.7","year":"2013","month":"June","quarter":"","sourceDataset":"CSDB","updateDate":"2016-01-14T16:25:13.905Z"},{"date":"2013 JUL","value":"487.9","year":"2013","month":"July","quarter":"","sourceDataset":"CSDB","updateDate":"2016-01-14T16:25:13.905Z"},{"date":"2013 AUG","value":"490.8","year":"2013","month":"August","quarter":"","sourceDataset":"CSDB","updateDate":"2016-01-14T16:25:13.905Z"},{"date":"2013 SEP","value":"491.8","year":"2013","month":"September","quarter":"","sourceDataset":"CSDB","updateDate":"2016-01-14T16:25:13.905Z"},{"date":"2013 OCT","value":"494.9","year":"2013","month":"October","quarter":"","sourceDataset":"CSDB","updateDate":"2016-01-14T16:25:13.905Z"},{"date":"2013 NOV","value":"494.3","year":"2013","month":"November","quarter":"","sourceDataset":"CSDB","updateDate":"2016-01-14T16:25:13.905Z"},{"date":"2013 DEC","value":"492.8","year":"2013","month":"December","quarter":"","sourceDataset":"CSDB","updateDate":"2016-01-14T16:25:13.905Z"},{"date":"2014 JAN","value":"484.8","year":"2014","month":"January","quarter":"","sourceDataset":"CSDB","updateDate":"2016-01-14T16:25:13.905Z"},{"date":"2014 FEB","value":"485.8","year":"2014","month":"February","quarter":"","sourceDataset":"CSDB","updateDate":"2016-01-14T16:25:13.905Z"},{"date":"2014 MAR","value":"488.2","year":"2014","month":"March","quarter":"","sourceDataset":"CSDB","updateDate":"2016-01-14T16:25:13.905Z"},{"date":"2014 APR","value":"501.6","year":"2014","month":"April","quarter":"","sourceDataset":"CSDB","updateDate":"2016-01-14T16:25:13.905Z"},{"date":"2014 MAY","value":"501.6","year":"2014","month":"May","quarter":"","sourceDataset":"CSDB","updateDate":"2016-01-14T16:25:13.905Z"},{"date":"2014 JUN","value":"504.4","year":"2014","month":"June","quarter":"","sourceDataset":"CSDB","updateDate":"2016-01-14T16:25:13.905Z"},{"date":"2014 JUL","value":"502.6","year":"2014","month":"July","quarter":"","sourceDataset":"CSDB","updateDate":"2016-01-14T16:25:13.905Z"},{"date":"2014 AUG","value":"505.4","year":"2014","month":"August","quarter":"","sourceDataset":"CSDB","updateDate":"2016-01-14T16:25:13.905Z"},{"date":"2014 SEP","value":"513.1","year":"2014","month":"September","quarter":"","sourceDataset":"CSDB","updateDate":"2016-01-14T16:25:13.905Z"},{"date":"2014 OCT","value":"512.9","year":"2014","month":"October","quarter":"","sourceDataset":"CSDB","updateDate":"2016-01-14T16:25:13.905Z"},{"date":"2014 NOV","value":"514.4","year":"2014","month":"November","quarter":"","sourceDataset":"CSDB","updateDate":"2016-01-14T16:25:13.905Z"},{"date":"2014 DEC","value":"515.0","year":"2014","month":"December","quarter":"","sourceDataset":"CSDB","updateDate":"2016-01-14T16:25:13.905Z"},{"date":"2015 JAN","value":"505.1","year":"2015","month":"January","quarter":"","sourceDataset":"CSDB","updateDate":"2016-01-14T16:25:13.905Z"},{"date":"2015 FEB","value":"505.6","year":"2015","month":"February","quarter":"","sourceDataset":"CSDB","updateDate":"2016-01-14T16:25:13.905Z"},{"date":"2015 MAR","value":"509.1","year":"2015","month":"March","quarter":"","sourceDataset":"CSDB","updateDate":"2016-01-14T16:25:13.905Z"},{"date":"2015 APR","value":"521.2","year":"2015","month":"April","quarter":"","sourceDataset":"CSDB","updateDate":"2016-01-14T16:25:13.905Z"},{"date":"2015 MAY","value":"523.4","year":"2015","month":"May","quarter":"","sourceDataset":"CSDB","updateDate":"2016-01-14T16:25:13.905Z"},{"date":"2015 JUN","value":"524.1","year":"2015","month":"June","quarter":"","sourceDataset":"CSDB","updateDate":"2016-01-14T16:25:13.905Z"},{"date":"2015 JUL","value":"525.6","year":"2015","month":"July","quarter":"","sourceDataset":"CSDB","updateDate":"2016-01-14T16:25:13.905Z"},{"date":"2015 AUG","value":"524.1","year":"2015","month":"August","quarter":"","sourceDataset":"CSDB","updateDate":"2016-01-22T20:07:46.128Z"}],"sourceDatasets":["CSDB"],"relatedDatasets":[{"uri":"/businessindustryandtrade/changestobusiness/bankruptcyinsolvency/datasets/carlsxmasrelease/2015"},{"uri":"/businessindustryandtrade/changestobusiness/bankruptcyinsolvency/datasets/wahasaqewqeqwe/2015"},{"uri":"/businessindustryandtrade/changestobusiness/bankruptcyinsolvency/datasets/releaseisreleaseygyug/2015"},{"uri":"/businessindustryandtrade/changestobusiness/bankruptcyinsolvency/datasets/releaseisreleaseadffd/2015"},{"uri":"/businessindustryandtrade/changestobusiness/bankruptcyinsolvency/datasets/pageunencrypted/2015"}],"relatedDocuments":[],"versions":[{"uri":"/businessindustryandtrade/changestobusiness/bankruptcyinsolvency/timeseries/dodf/previous/v1","updateDate":"2016-01-26T00:00:00.000Z","correctionNotice":"","label":"v1"}],"type":"timeseries","description":{"title":"RPI: leisure services: entertainment \u0026 other recreation (Jan 1987\u003d100)  ","contact":{"email":"","name":"","telephone":""},"releaseDate":"2016-01-28T00:00:00.000Z","nextRelease":"","cdid":"DODF","unit":"","preUnit":"","source":"","seasonalAdjustment":"NSA","date":"2015 AUG","number":"524.1"}}