{"years":[{"date":"1987","value":"233","year":"1987","month":"","quarter":"","sourceDataset":"CSDB10","updateDate":"2016-01-28T09:29:36.587Z"},{"date":"1988","value":"148","year":"1988","month":"","quarter":"","sourceDataset":"CSDB10","updateDate":"2016-01-28T09:29:36.587Z"},{"date":"1989","value":"191","year":"1989","month":"","quarter":"","sourceDataset":"CSDB10","updateDate":"2016-01-28T09:29:36.587Z"},{"date":"1990","value":"-19","year":"1990","month":"","quarter":"","sourceDataset":"CSDB10","updateDate":"2016-01-28T09:29:36.587Z"},{"date":"1991","value":"94","year":"1991","month":"","quarter":"","sourceDataset":"CSDB10","updateDate":"2016-01-28T09:29:36.587Z"},{"date":"1992","value":"46","year":"1992","month":"","quarter":"","sourceDataset":"CSDB10","updateDate":"2016-01-28T09:29:36.587Z"},{"date":"1993","value":"126","year":"1993","month":"","quarter":"","sourceDataset":"CSDB10","updateDate":"2016-01-28T09:29:36.587Z"},{"date":"1994","value":"24","year":"1994","month":"","quarter":"","sourceDataset":"CSDB10","updateDate":"2016-01-28T09:29:36.587Z"},{"date":"1995","value":"38","year":"1995","month":"","quarter":"","sourceDataset":"CSDB10","updateDate":"2016-01-28T09:29:36.587Z"},{"date":"1996","value":"112","year":"1996","month":"","quarter":"","sourceDataset":"CSDB10","updateDate":"2016-01-28T09:29:36.587Z"},{"date":"1997","value":"571","year":"1997","month":"","quarter":"","sourceDataset":"CSDB10","updateDate":"2016-01-28T09:29:36.587Z"},{"date":"1998","value":"392","year":"1998","month":"","quarter":"","sourceDataset":"CSDB10","updateDate":"2016-01-28T09:29:36.587Z"},{"date":"1999","value":"-210","year":"1999","month":"","quarter":"","sourceDataset":"CSDB10","updateDate":"2016-01-28T09:29:36.587Z"},{"date":"2000","value":"647","year":"2000","month":"","quarter":"","sourceDataset":"CSDB10","updateDate":"2016-01-28T09:29:36.587Z"},{"date":"2001","value":"127","year":"2001","month":"","quarter":"","sourceDataset":"CSDB10","updateDate":"2016-01-28T09:29:36.587Z"},{"date":"2002","value":"457","year":"2002","month":"","quarter":"","sourceDataset":"CSDB10","updateDate":"2016-01-28T09:29:36.587Z"},{"date":"2003","value":"491","year":"2003","month":"","quarter":"","sourceDataset":"CSDB10","updateDate":"2016-01-28T09:29:36.587Z"},{"date":"2004","value":"203","year":"2004","month":"","quarter":"","sourceDataset":"CSDB10","updateDate":"2016-01-28T09:29:36.587Z"},{"date":"2005","value":"138","year":"2005","month":"","quarter":"","sourceDataset":"CSDB10","updateDate":"2016-01-28T09:29:36.587Z"},{"date":"2006","value":"2439","year":"2006","month":"","quarter":"","sourceDataset":"CSDB10","updateDate":"2016-01-28T09:29:36.587Z"},{"date":"2007","value":"-1358","year":"2007","month":"","quarter":"","sourceDataset":"CSDB10","updateDate":"2016-01-28T09:29:36.587Z"},{"date":"2008","value":"-1795","year":"2008","month":"","quarter":"","sourceDataset":"CSDB10","updateDate":"2016-01-28T09:29:36.587Z"},{"date":"2009","value":"296","year":"2009","month":"","quarter":"","sourceDataset":"CSDB10","updateDate":"2016-01-28T09:29:36.587Z"},{"date":"2010","value":"336","year":"2010","month":"","quarter":"","sourceDataset":"CSDB10","updateDate":"2016-01-28T09:29:36.587Z"},{"date":"2011","value":"554","year":"2011","month":"","quarter":"","sourceDataset":"CSDB10","updateDate":"2016-01-28T09:29:36.587Z"},{"date":"2012","value":"3454","year":"2012","month":"","quarter":"","sourceDataset":"CSDB10","updateDate":"2016-01-28T09:29:36.587Z"},{"date":"2013","value":"3891","year":"2013","month":"","quarter":"","sourceDataset":"CSDB10","updateDate":"2016-01-28T09:29:36.587Z"},{"date":"2014","value":"-645","year":"2014","month":"","quarter":"","sourceDataset":"CSDB10","updateDate":"2016-01-28T09:29:36.587Z"}],"quarters":[{"date":"1987 Q1","value":"68","year":"1987","month":"","quarter":"Q1","sourceDataset":"CSDB10","updateDate":"2016-01-28T09:29:36.587Z"},{"date":"1987 Q2","value":"51","year":"1987","month":"","quarter":"Q2","sourceDataset":"CSDB10","updateDate":"2016-01-28T09:29:36.587Z"},{"date":"1987 Q3","value":"59","year":"1987","month":"","quarter":"Q3","sourceDataset":"CSDB10","updateDate":"2016-01-28T09:29:36.587Z"},{"date":"1987 Q4","value":"55","year":"1987","month":"","quarter":"Q4","sourceDataset":"CSDB10","updateDate":"2016-01-28T09:29:36.587Z"},{"date":"1988 Q1","value":"60","year":"1988","month":"","quarter":"Q1","sourceDataset":"CSDB10","updateDate":"2016-01-28T09:29:36.587Z"},{"date":"1988 Q2","value":"26","year":"1988","month":"","quarter":"Q2","sourceDataset":"CSDB10","updateDate":"2016-01-28T09:29:36.587Z"},{"date":"1988 Q3","value":"39","year":"1988","month":"","quarter":"Q3","sourceDataset":"CSDB10","updateDate":"2016-01-28T09:29:36.587Z"},{"date":"1988 Q4","value":"23","year":"1988","month":"","quarter":"Q4","sourceDataset":"CSDB10","updateDate":"2016-01-28T09:29:36.587Z"},{"date":"1989 Q1","value":"52","year":"1989","month":"","quarter":"Q1","sourceDataset":"CSDB10","updateDate":"2016-01-28T09:29:36.587Z"},{"date":"1989 Q2","value":"56","year":"1989","month":"","quarter":"Q2","sourceDataset":"CSDB10","updateDate":"2016-01-28T09:29:36.587Z"},{"date":"1989 Q3","value":"39","year":"1989","month":"","quarter":"Q3","sourceDataset":"CSDB10","updateDate":"2016-01-28T09:29:36.587Z"},{"date":"1989 Q4","value":"44","year":"1989","month":"","quarter":"Q4","sourceDataset":"CSDB10","updateDate":"2016-01-28T09:29:36.587Z"},{"date":"1990 Q1","value":"4","year":"1990","month":"","quarter":"Q1","sourceDataset":"CSDB10","updateDate":"2016-01-28T09:29:36.587Z"},{"date":"1990 Q2","value":"16","year":"1990","month":"","quarter":"Q2","sourceDataset":"CSDB10","updateDate":"2016-01-28T09:29:36.587Z"},{"date":"1990 Q3","value":"-18","year":"1990","month":"","quarter":"Q3","sourceDataset":"CSDB10","updateDate":"2016-01-28T09:29:36.587Z"},{"date":"1990 Q4","value":"-21","year":"1990","month":"","quarter":"Q4","sourceDataset":"CSDB10","updateDate":"2016-01-28T09:29:36.587Z"},{"date":"1991 Q1","value":"44","year":"1991","month":"","quarter":"Q1","sourceDataset":"CSDB10","updateDate":"2016-01-28T09:29:36.587Z"},{"date":"1991 Q2","value":"27","year":"1991","month":"","quarter":"Q2","sourceDataset":"CSDB10","updateDate":"2016-01-28T09:29:36.587Z"},{"date":"1991 Q3","value":"37","year":"1991","month":"","quarter":"Q3","sourceDataset":"CSDB10","updateDate":"2016-01-28T09:29:36.587Z"},{"date":"1991 Q4","value":"-14","year":"1991","month":"","quarter":"Q4","sourceDataset":"CSDB10","updateDate":"2016-01-28T09:29:36.587Z"},{"date":"1992 Q1","value":"32","year":"1992","month":"","quarter":"Q1","sourceDataset":"CSDB10","updateDate":"2016-01-28T09:29:36.587Z"},{"date":"1992 Q2","value":"5","year":"1992","month":"","quarter":"Q2","sourceDataset":"CSDB10","updateDate":"2016-01-28T09:29:36.587Z"},{"date":"1992 Q3","value":"4","year":"1992","month":"","quarter":"Q3","sourceDataset":"CSDB10","updateDate":"2016-01-28T09:29:36.587Z"},{"date":"1992 Q4","value":"5","year":"1992","month":"","quarter":"Q4","sourceDataset":"CSDB10","updateDate":"2016-01-28T09:29:36.587Z"},{"date":"1993 Q1","value":"27","year":"1993","month":"","quarter":"Q1","sourceDataset":"CSDB10","updateDate":"2016-01-28T09:29:36.587Z"},{"date":"1993 Q2","value":"34","year":"1993","month":"","quarter":"Q2","sourceDataset":"CSDB10","updateDate":"2016-01-28T09:29:36.587Z"},{"date":"1993 Q3","value":"28","year":"1993","month":"","quarter":"Q3","sourceDataset":"CSDB10","updateDate":"2016-01-28T09:29:36.587Z"},{"date":"1993 Q4","value":"37","year":"1993","month":"","quarter":"Q4","sourceDataset":"CSDB10","updateDate":"2016-01-28T09:29:36.587Z"},{"date":"1994 Q1","value":"-2","year":"1994","month":"","quarter":"Q1","sourceDataset":"CSDB10","updateDate":"2016-01-28T09:29:36.587Z"},{"date":"1994 Q2","value":"-6","year":"1994","month":"","quarter":"Q2","sourceDataset":"CSDB10","updateDate":"2016-01-28T09:29:36.587Z"},{"date":"1994 Q3","value":"24","year":"1994","month":"","quarter":"Q3","sourceDataset":"CSDB10","updateDate":"2016-01-28T09:29:36.587Z"},{"date":"1994 Q4","value":"8","year":"1994","month":"","quarter":"Q4","sourceDataset":"CSDB10","updateDate":"2016-01-28T09:29:36.587Z"},{"date":"1995 Q1","value":"11","year":"1995","month":"","quarter":"Q1","sourceDataset":"CSDB10","updateDate":"2016-01-28T09:29:36.587Z"},{"date":"1995 Q2","value":"7","year":"1995","month":"","quarter":"Q2","sourceDataset":"CSDB10","updateDate":"2016-01-28T09:29:36.587Z"},{"date":"1995 Q3","value":"-17","year":"1995","month":"","quarter":"Q3","sourceDataset":"CSDB10","updateDate":"2016-01-28T09:29:36.587Z"},{"date":"1995 Q4","value":"37","year":"1995","month":"","quarter":"Q4","sourceDataset":"CSDB10","updateDate":"2016-01-28T09:29:36.587Z"},{"date":"1996 Q1","value":"-25","year":"1996","month":"","quarter":"Q1","sourceDataset":"CSDB10","updateDate":"2016-01-28T09:29:36.587Z"},{"date":"1996 Q2","value":"47","year":"1996","month":"","quarter":"Q2","sourceDataset":"CSDB10","updateDate":"2016-01-28T09:29:36.587Z"},{"date":"1996 Q3","value":"42","year":"1996","month":"","quarter":"Q3","sourceDataset":"CSDB10","updateDate":"2016-01-28T09:29:36.587Z"},{"date":"1996 Q4","value":"48","year":"1996","month":"","quarter":"Q4","sourceDataset":"CSDB10","updateDate":"2016-01-28T09:29:36.587Z"},{"date":"1997 Q1","value":"158","year":"1997","month":"","quarter":"Q1","sourceDataset":"CSDB10","updateDate":"2016-01-28T09:29:36.587Z"},{"date":"1997 Q2","value":"127","year":"1997","month":"","quarter":"Q2","sourceDataset":"CSDB10","updateDate":"2016-01-28T09:29:36.587Z"},{"date":"1997 Q3","value":"128","year":"1997","month":"","quarter":"Q3","sourceDataset":"CSDB10","updateDate":"2016-01-28T09:29:36.587Z"},{"date":"1997 Q4","value":"158","year":"1997","month":"","quarter":"Q4","sourceDataset":"CSDB10","updateDate":"2016-01-28T09:29:36.587Z"},{"date":"1998 Q1","value":"72","year":"1998","month":"","quarter":"Q1","sourceDataset":"CSDB10","updateDate":"2016-01-28T09:29:36.587Z"},{"date":"1998 Q2","value":"121","year":"1998","month":"","quarter":"Q2","sourceDataset":"CSDB10","updateDate":"2016-01-28T09:29:36.587Z"},{"date":"1998 Q3","value":"79","year":"1998","month":"","quarter":"Q3","sourceDataset":"CSDB10","updateDate":"2016-01-28T09:29:36.587Z"},{"date":"1998 Q4","value":"120","year":"1998","month":"","quarter":"Q4","sourceDataset":"CSDB10","updateDate":"2016-01-28T09:29:36.587Z"},{"date":"1999 Q1","value":"-53","year":"1999","month":"","quarter":"Q1","sourceDataset":"CSDB10","updateDate":"2016-01-28T09:29:36.587Z"},{"date":"1999 Q2","value":"-3","year":"1999","month":"","quarter":"Q2","sourceDataset":"CSDB10","updateDate":"2016-01-28T09:29:36.587Z"},{"date":"1999 Q3","value":"-37","year":"1999","month":"","quarter":"Q3","sourceDataset":"CSDB10","updateDate":"2016-01-28T09:29:36.587Z"},{"date":"1999 Q4","value":"-117","year":"1999","month":"","quarter":"Q4","sourceDataset":"CSDB10","updateDate":"2016-01-28T09:29:36.587Z"},{"date":"2000 Q1","value":"189","year":"2000","month":"","quarter":"Q1","sourceDataset":"CSDB10","updateDate":"2016-01-28T09:29:36.587Z"},{"date":"2000 Q2","value":"242","year":"2000","month":"","quarter":"Q2","sourceDataset":"CSDB10","updateDate":"2016-01-28T09:29:36.587Z"},{"date":"2000 Q3","value":"112","year":"2000","month":"","quarter":"Q3","sourceDataset":"CSDB10","updateDate":"2016-01-28T09:29:36.587Z"},{"date":"2000 Q4","value":"104","year":"2000","month":"","quarter":"Q4","sourceDataset":"CSDB10","updateDate":"2016-01-28T09:29:36.587Z"},{"date":"2001 Q1","value":"80","year":"2001","month":"","quarter":"Q1","sourceDataset":"CSDB10","updateDate":"2016-01-28T09:29:36.587Z"},{"date":"2001 Q2","value":"-114","year":"2001","month":"","quarter":"Q2","sourceDataset":"CSDB10","updateDate":"2016-01-28T09:29:36.587Z"},{"date":"2001 Q3","value":"-10","year":"2001","month":"","quarter":"Q3","sourceDataset":"CSDB10","updateDate":"2016-01-28T09:29:36.587Z"},{"date":"2001 Q4","value":"171","year":"2001","month":"","quarter":"Q4","sourceDataset":"CSDB10","updateDate":"2016-01-28T09:29:36.587Z"},{"date":"2002 Q1","value":"112","year":"2002","month":"","quarter":"Q1","sourceDataset":"CSDB10","updateDate":"2016-01-28T09:29:36.587Z"},{"date":"2002 Q2","value":"115","year":"2002","month":"","quarter":"Q2","sourceDataset":"CSDB10","updateDate":"2016-01-28T09:29:36.587Z"},{"date":"2002 Q3","value":"115","year":"2002","month":"","quarter":"Q3","sourceDataset":"CSDB10","updateDate":"2016-01-28T09:29:36.587Z"},{"date":"2002 Q4","value":"115","year":"2002","month":"","quarter":"Q4","sourceDataset":"CSDB10","updateDate":"2016-01-28T09:29:36.587Z"},{"date":"2003 Q1","value":"129","year":"2003","month":"","quarter":"Q1","sourceDataset":"CSDB10","updateDate":"2016-01-28T09:29:36.587Z"},{"date":"2003 Q2","value":"112","year":"2003","month":"","quarter":"Q2","sourceDataset":"CSDB10","updateDate":"2016-01-28T09:29:36.587Z"},{"date":"2003 Q3","value":"148","year":"2003","month":"","quarter":"Q3","sourceDataset":"CSDB10","updateDate":"2016-01-28T09:29:36.587Z"},{"date":"2003 Q4","value":"102","year":"2003","month":"","quarter":"Q4","sourceDataset":"CSDB10","updateDate":"2016-01-28T09:29:36.587Z"},{"date":"2004 Q1","value":"71","year":"2004","month":"","quarter":"Q1","sourceDataset":"CSDB10","updateDate":"2016-01-28T09:29:36.587Z"},{"date":"2004 Q2","value":"33","year":"2004","month":"","quarter":"Q2","sourceDataset":"CSDB10","updateDate":"2016-01-28T09:29:36.587Z"},{"date":"2004 Q3","value":"78","year":"2004","month":"","quarter":"Q3","sourceDataset":"CSDB10","updateDate":"2016-01-28T09:29:36.587Z"},{"date":"2004 Q4","value":"21","year":"2004","month":"","quarter":"Q4","sourceDataset":"CSDB10","updateDate":"2016-01-28T09:29:36.587Z"},{"date":"2005 Q1","value":"284","year":"2005","month":"","quarter":"Q1","sourceDataset":"CSDB10","updateDate":"2016-01-28T09:29:36.587Z"},{"date":"2005 Q2","value":"-93","year":"2005","month":"","quarter":"Q2","sourceDataset":"CSDB10","updateDate":"2016-01-28T09:29:36.587Z"},{"date":"2005 Q3","value":"30","year":"2005","month":"","quarter":"Q3","sourceDataset":"CSDB10","updateDate":"2016-01-28T09:29:36.587Z"},{"date":"2005 Q4","value":"-83","year":"2005","month":"","quarter":"Q4","sourceDataset":"CSDB10","updateDate":"2016-01-28T09:29:36.587Z"},{"date":"2006 Q1","value":"643","year":"2006","month":"","quarter":"Q1","sourceDataset":"CSDB10","updateDate":"2016-01-28T09:29:36.587Z"},{"date":"2006 Q2","value":"803","year":"2006","month":"","quarter":"Q2","sourceDataset":"CSDB10","updateDate":"2016-01-28T09:29:36.587Z"},{"date":"2006 Q3","value":"376","year":"2006","month":"","quarter":"Q3","sourceDataset":"CSDB10","updateDate":"2016-01-28T09:29:36.587Z"},{"date":"2006 Q4","value":"617","year":"2006","month":"","quarter":"Q4","sourceDataset":"CSDB10","updateDate":"2016-01-28T09:29:36.587Z"},{"date":"2007 Q1","value":"190","year":"2007","month":"","quarter":"Q1","sourceDataset":"CSDB10","updateDate":"2016-01-28T09:29:36.587Z"},{"date":"2007 Q2","value":"-528","year":"2007","month":"","quarter":"Q2","sourceDataset":"CSDB10","updateDate":"2016-01-28T09:29:36.587Z"},{"date":"2007 Q3","value":"-470","year":"2007","month":"","quarter":"Q3","sourceDataset":"CSDB10","updateDate":"2016-01-28T09:29:36.587Z"},{"date":"2007 Q4","value":"-550","year":"2007","month":"","quarter":"Q4","sourceDataset":"CSDB10","updateDate":"2016-01-28T09:29:36.587Z"},{"date":"2008 Q1","value":"-1879","year":"2008","month":"","quarter":"Q1","sourceDataset":"CSDB10","updateDate":"2016-01-28T09:29:36.587Z"},{"date":"2008 Q2","value":"-169","year":"2008","month":"","quarter":"Q2","sourceDataset":"CSDB10","updateDate":"2016-01-28T09:29:36.587Z"},{"date":"2008 Q3","value":"-5","year":"2008","month":"","quarter":"Q3","sourceDataset":"CSDB10","updateDate":"2016-01-28T09:29:36.587Z"},{"date":"2008 Q4","value":"258","year":"2008","month":"","quarter":"Q4","sourceDataset":"CSDB10","updateDate":"2016-01-28T09:29:36.587Z"},{"date":"2009 Q1","value":"397","year":"2009","month":"","quarter":"Q1","sourceDataset":"CSDB10","updateDate":"2016-01-28T09:29:36.587Z"},{"date":"2009 Q2","value":"-9","year":"2009","month":"","quarter":"Q2","sourceDataset":"CSDB10","updateDate":"2016-01-28T09:29:36.587Z"},{"date":"2009 Q3","value":"-107","year":"2009","month":"","quarter":"Q3","sourceDataset":"CSDB10","updateDate":"2016-01-28T09:29:36.587Z"},{"date":"2009 Q4","value":"15","year":"2009","month":"","quarter":"Q4","sourceDataset":"CSDB10","updateDate":"2016-01-28T09:29:36.587Z"},{"date":"2010 Q1","value":"50","year":"2010","month":"","quarter":"Q1","sourceDataset":"CSDB10","updateDate":"2016-01-28T09:29:36.587Z"},{"date":"2010 Q2","value":"2","year":"2010","month":"","quarter":"Q2","sourceDataset":"CSDB10","updateDate":"2016-01-28T09:29:36.587Z"},{"date":"2010 Q3","value":"58","year":"2010","month":"","quarter":"Q3","sourceDataset":"CSDB10","updateDate":"2016-01-28T09:29:36.587Z"},{"date":"2010 Q4","value":"226","year":"2010","month":"","quarter":"Q4","sourceDataset":"CSDB10","updateDate":"2016-01-28T09:29:36.587Z"},{"date":"2011 Q1","value":"-2","year":"2011","month":"","quarter":"Q1","sourceDataset":"CSDB10","updateDate":"2016-01-28T09:29:36.587Z"},{"date":"2011 Q2","value":"196","year":"2011","month":"","quarter":"Q2","sourceDataset":"CSDB10","updateDate":"2016-01-28T09:29:36.587Z"},{"date":"2011 Q3","value":"173","year":"2011","month":"","quarter":"Q3","sourceDataset":"CSDB10","updateDate":"2016-01-28T09:29:36.587Z"},{"date":"2011 Q4","value":"187","year":"2011","month":"","quarter":"Q4","sourceDataset":"CSDB10","updateDate":"2016-01-28T09:29:36.587Z"},{"date":"2012 Q1","value":"694","year":"2012","month":"","quarter":"Q1","sourceDataset":"CSDB10","updateDate":"2016-01-28T09:29:36.587Z"},{"date":"2012 Q2","value":"800","year":"2012","month":"","quarter":"Q2","sourceDataset":"CSDB10","updateDate":"2016-01-28T09:29:36.587Z"},{"date":"2012 Q3","value":"891","year":"2012","month":"","quarter":"Q3","sourceDataset":"CSDB10","updateDate":"2016-01-28T09:29:36.587Z"},{"date":"2012 Q4","value":"1069","year":"2012","month":"","quarter":"Q4","sourceDataset":"CSDB10","updateDate":"2016-01-28T09:29:36.587Z"},{"date":"2013 Q1","value":"895","year":"2013","month":"","quarter":"Q1","sourceDataset":"CSDB10","updateDate":"2016-01-28T09:29:36.587Z"},{"date":"2013 Q2","value":"2711","year":"2013","month":"","quarter":"Q2","sourceDataset":"CSDB10","updateDate":"2016-01-28T09:29:36.587Z"},{"date":"2013 Q3","value":"529","year":"2013","month":"","quarter":"Q3","sourceDataset":"CSDB10","updateDate":"2016-01-28T09:29:36.587Z"},{"date":"2013 Q4","value":"-244","year":"2013","month":"","quarter":"Q4","sourceDataset":"CSDB10","updateDate":"2016-01-28T09:29:36.587Z"},{"date":"2014 Q1","value":"-1717","year":"2014","month":"","quarter":"Q1","sourceDataset":"CSDB10","updateDate":"2016-01-28T09:29:36.587Z"},{"date":"2014 Q2","value":"320","year":"2014","month":"","quarter":"Q2","sourceDataset":"CSDB10","updateDate":"2016-01-28T09:29:36.587Z"},{"date":"2014 Q3","value":"253","year":"2014","month":"","quarter":"Q3","sourceDataset":"CSDB10","updateDate":"2016-01-28T09:29:36.587Z"},{"date":"2014 Q4","value":"499","year":"2014","month":"","quarter":"Q4","sourceDataset":"CSDB10","updateDate":"2016-01-28T09:29:36.587Z"},{"date":"2015 Q1","value":"30","year":"2015","month":"","quarter":"Q1","sourceDataset":"CSDB10","updateDate":"2016-01-28T09:29:36.587Z"},{"date":"2015 Q2","value":"-22","year":"2015","month":"","quarter":"Q2","sourceDataset":"CSDB10","updateDate":"2016-01-28T09:29:36.587Z"},{"date":"2015 Q3","value":"298","year":"2015","month":"","quarter":"Q3","sourceDataset":"CSDB10","updateDate":"2016-01-28T09:29:36.587Z"}],"months":[],"sourceDatasets":["CSDB10"],"relatedDatasets":[{"uri":"/economy/environmentalaccounts/datasets/werwerwerwerwerwr/2015"}],"relatedDocuments":[],"type":"timeseries","description":{"title":"FDI : Inward : Total NFC \u0026 FCs : Change in B/HO debt due to parent : nsa : £m","contact":{"email":"","name":"","telephone":""},"releaseDate":"2016-01-27T00:00:00.000Z","nextRelease":"","cdid":"CYGL","unit":"","preUnit":"","source":"","seasonalAdjustment":"NSA","date":"2015 Q3","number":"298"}}