{"years":[{"date":"1999","value":"5421","year":"1999","month":"","quarter":"","sourceDataset":"CSDB10","updateDate":"2016-01-28T09:29:38.674Z"},{"date":"2000","value":"5868","year":"2000","month":"","quarter":"","sourceDataset":"CSDB10","updateDate":"2016-01-28T09:29:38.674Z"},{"date":"2001","value":"7067","year":"2001","month":"","quarter":"","sourceDataset":"CSDB10","updateDate":"2016-01-28T09:29:38.674Z"},{"date":"2002","value":"7047","year":"2002","month":"","quarter":"","sourceDataset":"CSDB10","updateDate":"2016-01-28T09:29:38.674Z"},{"date":"2003","value":"7416","year":"2003","month":"","quarter":"","sourceDataset":"CSDB10","updateDate":"2016-01-28T09:29:38.674Z"},{"date":"2004","value":"7263","year":"2004","month":"","quarter":"","sourceDataset":"CSDB10","updateDate":"2016-01-28T09:29:38.674Z"},{"date":"2005","value":"10184","year":"2005","month":"","quarter":"","sourceDataset":"CSDB10","updateDate":"2016-01-28T09:29:38.674Z"},{"date":"2006","value":"10214","year":"2006","month":"","quarter":"","sourceDataset":"CSDB10","updateDate":"2016-01-28T09:29:38.674Z"},{"date":"2007","value":"10118","year":"2007","month":"","quarter":"","sourceDataset":"CSDB10","updateDate":"2016-01-28T09:29:38.674Z"},{"date":"2008","value":"10734","year":"2008","month":"","quarter":"","sourceDataset":"CSDB10","updateDate":"2016-01-28T09:29:38.674Z"},{"date":"2009","value":"12415","year":"2009","month":"","quarter":"","sourceDataset":"CSDB10","updateDate":"2016-01-28T09:29:38.674Z"},{"date":"2010","value":"13577","year":"2010","month":"","quarter":"","sourceDataset":"CSDB10","updateDate":"2016-01-28T09:29:38.674Z"},{"date":"2011","value":"13743","year":"2011","month":"","quarter":"","sourceDataset":"CSDB10","updateDate":"2016-01-28T09:29:38.674Z"},{"date":"2012","value":"14712","year":"2012","month":"","quarter":"","sourceDataset":"CSDB10","updateDate":"2016-01-28T09:29:38.674Z"},{"date":"2013","value":"16451","year":"2013","month":"","quarter":"","sourceDataset":"CSDB10","updateDate":"2016-01-28T09:29:38.674Z"},{"date":"2014","value":"21598","year":"2014","month":"","quarter":"","sourceDataset":"CSDB10","updateDate":"2016-01-28T09:29:38.674Z"}],"quarters":[{"date":"1999 Q1","value":"1356","year":"1999","month":"","quarter":"Q1","sourceDataset":"CSDB10","updateDate":"2016-01-28T09:29:38.674Z"},{"date":"1999 Q2","value":"1301","year":"1999","month":"","quarter":"Q2","sourceDataset":"CSDB10","updateDate":"2016-01-28T09:29:38.674Z"},{"date":"1999 Q3","value":"1365","year":"1999","month":"","quarter":"Q3","sourceDataset":"CSDB10","updateDate":"2016-01-28T09:29:38.674Z"},{"date":"1999 Q4","value":"1399","year":"1999","month":"","quarter":"Q4","sourceDataset":"CSDB10","updateDate":"2016-01-28T09:29:38.674Z"},{"date":"2000 Q1","value":"1308","year":"2000","month":"","quarter":"Q1","sourceDataset":"CSDB10","updateDate":"2016-01-28T09:29:38.674Z"},{"date":"2000 Q2","value":"1393","year":"2000","month":"","quarter":"Q2","sourceDataset":"CSDB10","updateDate":"2016-01-28T09:29:38.674Z"},{"date":"2000 Q3","value":"1408","year":"2000","month":"","quarter":"Q3","sourceDataset":"CSDB10","updateDate":"2016-01-28T09:29:38.674Z"},{"date":"2000 Q4","value":"1759","year":"2000","month":"","quarter":"Q4","sourceDataset":"CSDB10","updateDate":"2016-01-28T09:29:38.674Z"},{"date":"2001 Q1","value":"1764","year":"2001","month":"","quarter":"Q1","sourceDataset":"CSDB10","updateDate":"2016-01-28T09:29:38.674Z"},{"date":"2001 Q2","value":"1809","year":"2001","month":"","quarter":"Q2","sourceDataset":"CSDB10","updateDate":"2016-01-28T09:29:38.674Z"},{"date":"2001 Q3","value":"1792","year":"2001","month":"","quarter":"Q3","sourceDataset":"CSDB10","updateDate":"2016-01-28T09:29:38.674Z"},{"date":"2001 Q4","value":"1702","year":"2001","month":"","quarter":"Q4","sourceDataset":"CSDB10","updateDate":"2016-01-28T09:29:38.674Z"},{"date":"2002 Q1","value":"1761","year":"2002","month":"","quarter":"Q1","sourceDataset":"CSDB10","updateDate":"2016-01-28T09:29:38.674Z"},{"date":"2002 Q2","value":"1726","year":"2002","month":"","quarter":"Q2","sourceDataset":"CSDB10","updateDate":"2016-01-28T09:29:38.674Z"},{"date":"2002 Q3","value":"1849","year":"2002","month":"","quarter":"Q3","sourceDataset":"CSDB10","updateDate":"2016-01-28T09:29:38.674Z"},{"date":"2002 Q4","value":"1711","year":"2002","month":"","quarter":"Q4","sourceDataset":"CSDB10","updateDate":"2016-01-28T09:29:38.674Z"},{"date":"2003 Q1","value":"1779","year":"2003","month":"","quarter":"Q1","sourceDataset":"CSDB10","updateDate":"2016-01-28T09:29:38.674Z"},{"date":"2003 Q2","value":"1833","year":"2003","month":"","quarter":"Q2","sourceDataset":"CSDB10","updateDate":"2016-01-28T09:29:38.674Z"},{"date":"2003 Q3","value":"1853","year":"2003","month":"","quarter":"Q3","sourceDataset":"CSDB10","updateDate":"2016-01-28T09:29:38.674Z"},{"date":"2003 Q4","value":"1951","year":"2003","month":"","quarter":"Q4","sourceDataset":"CSDB10","updateDate":"2016-01-28T09:29:38.674Z"},{"date":"2004 Q1","value":"1707","year":"2004","month":"","quarter":"Q1","sourceDataset":"CSDB10","updateDate":"2016-01-28T09:29:38.674Z"},{"date":"2004 Q2","value":"1866","year":"2004","month":"","quarter":"Q2","sourceDataset":"CSDB10","updateDate":"2016-01-28T09:29:38.674Z"},{"date":"2004 Q3","value":"1791","year":"2004","month":"","quarter":"Q3","sourceDataset":"CSDB10","updateDate":"2016-01-28T09:29:38.674Z"},{"date":"2004 Q4","value":"1899","year":"2004","month":"","quarter":"Q4","sourceDataset":"CSDB10","updateDate":"2016-01-28T09:29:38.674Z"},{"date":"2005 Q1","value":"2095","year":"2005","month":"","quarter":"Q1","sourceDataset":"CSDB10","updateDate":"2016-01-28T09:29:38.674Z"},{"date":"2005 Q2","value":"2414","year":"2005","month":"","quarter":"Q2","sourceDataset":"CSDB10","updateDate":"2016-01-28T09:29:38.674Z"},{"date":"2005 Q3","value":"2796","year":"2005","month":"","quarter":"Q3","sourceDataset":"CSDB10","updateDate":"2016-01-28T09:29:38.674Z"},{"date":"2005 Q4","value":"2879","year":"2005","month":"","quarter":"Q4","sourceDataset":"CSDB10","updateDate":"2016-01-28T09:29:38.674Z"},{"date":"2006 Q1","value":"2837","year":"2006","month":"","quarter":"Q1","sourceDataset":"CSDB10","updateDate":"2016-01-28T09:29:38.674Z"},{"date":"2006 Q2","value":"2600","year":"2006","month":"","quarter":"Q2","sourceDataset":"CSDB10","updateDate":"2016-01-28T09:29:38.674Z"},{"date":"2006 Q3","value":"2363","year":"2006","month":"","quarter":"Q3","sourceDataset":"CSDB10","updateDate":"2016-01-28T09:29:38.674Z"},{"date":"2006 Q4","value":"2414","year":"2006","month":"","quarter":"Q4","sourceDataset":"CSDB10","updateDate":"2016-01-28T09:29:38.674Z"},{"date":"2007 Q1","value":"2302","year":"2007","month":"","quarter":"Q1","sourceDataset":"CSDB10","updateDate":"2016-01-28T09:29:38.674Z"},{"date":"2007 Q2","value":"2529","year":"2007","month":"","quarter":"Q2","sourceDataset":"CSDB10","updateDate":"2016-01-28T09:29:38.674Z"},{"date":"2007 Q3","value":"2540","year":"2007","month":"","quarter":"Q3","sourceDataset":"CSDB10","updateDate":"2016-01-28T09:29:38.674Z"},{"date":"2007 Q4","value":"2747","year":"2007","month":"","quarter":"Q4","sourceDataset":"CSDB10","updateDate":"2016-01-28T09:29:38.674Z"},{"date":"2008 Q1","value":"2228","year":"2008","month":"","quarter":"Q1","sourceDataset":"CSDB10","updateDate":"2016-01-28T09:29:38.674Z"},{"date":"2008 Q2","value":"2882","year":"2008","month":"","quarter":"Q2","sourceDataset":"CSDB10","updateDate":"2016-01-28T09:29:38.674Z"},{"date":"2008 Q3","value":"2722","year":"2008","month":"","quarter":"Q3","sourceDataset":"CSDB10","updateDate":"2016-01-28T09:29:38.674Z"},{"date":"2008 Q4","value":"2902","year":"2008","month":"","quarter":"Q4","sourceDataset":"CSDB10","updateDate":"2016-01-28T09:29:38.674Z"},{"date":"2009 Q1","value":"2943","year":"2009","month":"","quarter":"Q1","sourceDataset":"CSDB10","updateDate":"2016-01-28T09:29:38.674Z"},{"date":"2009 Q2","value":"3254","year":"2009","month":"","quarter":"Q2","sourceDataset":"CSDB10","updateDate":"2016-01-28T09:29:38.674Z"},{"date":"2009 Q3","value":"2934","year":"2009","month":"","quarter":"Q3","sourceDataset":"CSDB10","updateDate":"2016-01-28T09:29:38.674Z"},{"date":"2009 Q4","value":"3284","year":"2009","month":"","quarter":"Q4","sourceDataset":"CSDB10","updateDate":"2016-01-28T09:29:38.674Z"},{"date":"2010 Q1","value":"2984","year":"2010","month":"","quarter":"Q1","sourceDataset":"CSDB10","updateDate":"2016-01-28T09:29:38.674Z"},{"date":"2010 Q2","value":"3397","year":"2010","month":"","quarter":"Q2","sourceDataset":"CSDB10","updateDate":"2016-01-28T09:29:38.674Z"},{"date":"2010 Q3","value":"3374","year":"2010","month":"","quarter":"Q3","sourceDataset":"CSDB10","updateDate":"2016-01-28T09:29:38.674Z"},{"date":"2010 Q4","value":"3822","year":"2010","month":"","quarter":"Q4","sourceDataset":"CSDB10","updateDate":"2016-01-28T09:29:38.674Z"},{"date":"2011 Q1","value":"3381","year":"2011","month":"","quarter":"Q1","sourceDataset":"CSDB10","updateDate":"2016-01-28T09:29:38.674Z"},{"date":"2011 Q2","value":"3464","year":"2011","month":"","quarter":"Q2","sourceDataset":"CSDB10","updateDate":"2016-01-28T09:29:38.674Z"},{"date":"2011 Q3","value":"3385","year":"2011","month":"","quarter":"Q3","sourceDataset":"CSDB10","updateDate":"2016-01-28T09:29:38.674Z"},{"date":"2011 Q4","value":"3513","year":"2011","month":"","quarter":"Q4","sourceDataset":"CSDB10","updateDate":"2016-01-28T09:29:38.674Z"},{"date":"2012 Q1","value":"3351","year":"2012","month":"","quarter":"Q1","sourceDataset":"CSDB10","updateDate":"2016-01-28T09:29:38.674Z"},{"date":"2012 Q2","value":"3406","year":"2012","month":"","quarter":"Q2","sourceDataset":"CSDB10","updateDate":"2016-01-28T09:29:38.674Z"},{"date":"2012 Q3","value":"3738","year":"2012","month":"","quarter":"Q3","sourceDataset":"CSDB10","updateDate":"2016-01-28T09:29:38.674Z"},{"date":"2012 Q4","value":"4217","year":"2012","month":"","quarter":"Q4","sourceDataset":"CSDB10","updateDate":"2016-01-28T09:29:38.674Z"},{"date":"2013 Q1","value":"3899","year":"2013","month":"","quarter":"Q1","sourceDataset":"CSDB10","updateDate":"2016-01-28T09:29:38.674Z"},{"date":"2013 Q2","value":"4302","year":"2013","month":"","quarter":"Q2","sourceDataset":"CSDB10","updateDate":"2016-01-28T09:29:38.674Z"},{"date":"2013 Q3","value":"4251","year":"2013","month":"","quarter":"Q3","sourceDataset":"CSDB10","updateDate":"2016-01-28T09:29:38.674Z"},{"date":"2013 Q4","value":"3999","year":"2013","month":"","quarter":"Q4","sourceDataset":"CSDB10","updateDate":"2016-01-28T09:29:38.674Z"},{"date":"2014 Q1","value":"4326","year":"2014","month":"","quarter":"Q1","sourceDataset":"CSDB10","updateDate":"2016-01-28T09:29:38.674Z"},{"date":"2014 Q2","value":"4471","year":"2014","month":"","quarter":"Q2","sourceDataset":"CSDB10","updateDate":"2016-01-28T09:29:38.674Z"},{"date":"2014 Q3","value":"5602","year":"2014","month":"","quarter":"Q3","sourceDataset":"CSDB10","updateDate":"2016-01-28T09:29:38.674Z"},{"date":"2014 Q4","value":"7199","year":"2014","month":"","quarter":"Q4","sourceDataset":"CSDB10","updateDate":"2016-01-28T09:29:38.674Z"},{"date":"2015 Q1","value":"4847","year":"2015","month":"","quarter":"Q1","sourceDataset":"CSDB10","updateDate":"2016-01-28T09:29:38.674Z"},{"date":"2015 Q2","value":"4837","year":"2015","month":"","quarter":"Q2","sourceDataset":"CSDB10","updateDate":"2016-01-28T09:29:38.674Z"},{"date":"2015 Q3","value":"4728","year":"2015","month":"","quarter":"Q3","sourceDataset":"CSDB10","updateDate":"2016-01-28T09:29:38.674Z"}],"months":[],"sourceDatasets":["CSDB10"],"relatedDatasets":[{"uri":"/economy/environmentalaccounts/datasets/werwerwerwerwerwr/2015"}],"relatedDocuments":[],"type":"timeseries","description":{"title":"BoP: Current Account: Goods \u0026 Services: Exports: Switzerland: sa        ","contact":{"email":"","name":"","telephone":""},"releaseDate":"2016-01-27T00:00:00.000Z","nextRelease":"","cdid":"D38F","unit":"","preUnit":"","source":"","seasonalAdjustment":"NSA","date":"2015 Q3","number":"4728"}}