{"years":[{"date":"1948","value":"26134","year":"1948","month":"","quarter":"","sourceDataset":"CSDB2","updateDate":"2016-01-27T15:25:46.288Z"},{"date":"1949","value":"28185","year":"1949","month":"","quarter":"","sourceDataset":"CSDB2","updateDate":"2016-01-27T15:25:46.288Z"},{"date":"1950","value":"28422","year":"1950","month":"","quarter":"","sourceDataset":"CSDB2","updateDate":"2016-01-27T15:25:46.288Z"},{"date":"1951","value":"30417","year":"1951","month":"","quarter":"","sourceDataset":"CSDB2","updateDate":"2016-01-27T15:25:46.288Z"},{"date":"1952","value":"28153","year":"1952","month":"","quarter":"","sourceDataset":"CSDB2","updateDate":"2016-01-27T15:25:46.288Z"},{"date":"1953","value":"30376","year":"1953","month":"","quarter":"","sourceDataset":"CSDB2","updateDate":"2016-01-27T15:25:46.288Z"},{"date":"1954","value":"31500","year":"1954","month":"","quarter":"","sourceDataset":"CSDB2","updateDate":"2016-01-27T15:25:46.288Z"},{"date":"1955","value":"33260","year":"1955","month":"","quarter":"","sourceDataset":"CSDB2","updateDate":"2016-01-27T15:25:46.288Z"},{"date":"1956","value":"33216","year":"1956","month":"","quarter":"","sourceDataset":"CSDB2","updateDate":"2016-01-27T15:25:46.288Z"},{"date":"1957","value":"34640","year":"1957","month":"","quarter":"","sourceDataset":"CSDB2","updateDate":"2016-01-27T15:25:46.288Z"},{"date":"1958","value":"34763","year":"1958","month":"","quarter":"","sourceDataset":"CSDB2","updateDate":"2016-01-27T15:25:46.288Z"},{"date":"1959","value":"37455","year":"1959","month":"","quarter":"","sourceDataset":"CSDB2","updateDate":"2016-01-27T15:25:46.288Z"},{"date":"1960","value":"41863","year":"1960","month":"","quarter":"","sourceDataset":"CSDB2","updateDate":"2016-01-27T15:25:46.288Z"},{"date":"1961","value":"41275","year":"1961","month":"","quarter":"","sourceDataset":"CSDB2","updateDate":"2016-01-27T15:25:46.288Z"},{"date":"1962","value":"42182","year":"1962","month":"","quarter":"","sourceDataset":"CSDB2","updateDate":"2016-01-27T15:25:46.288Z"},{"date":"1963","value":"44435","year":"1963","month":"","quarter":"","sourceDataset":"CSDB2","updateDate":"2016-01-27T15:25:46.288Z"},{"date":"1964","value":"49632","year":"1964","month":"","quarter":"","sourceDataset":"CSDB2","updateDate":"2016-01-27T15:25:46.288Z"},{"date":"1965","value":"49762","year":"1965","month":"","quarter":"","sourceDataset":"CSDB2","updateDate":"2016-01-27T15:25:46.288Z"},{"date":"1966","value":"50918","year":"1966","month":"","quarter":"","sourceDataset":"CSDB2","updateDate":"2016-01-27T15:25:46.288Z"},{"date":"1967","value":"55400","year":"1967","month":"","quarter":"","sourceDataset":"CSDB2","updateDate":"2016-01-27T15:25:46.288Z"},{"date":"1968","value":"60863","year":"1968","month":"","quarter":"","sourceDataset":"CSDB2","updateDate":"2016-01-27T15:25:46.288Z"},{"date":"1969","value":"61498","year":"1969","month":"","quarter":"","sourceDataset":"CSDB2","updateDate":"2016-01-27T15:25:46.288Z"},{"date":"1970","value":"65030","year":"1970","month":"","quarter":"","sourceDataset":"CSDB2","updateDate":"2016-01-27T15:25:46.288Z"},{"date":"1971","value":"68055","year":"1971","month":"","quarter":"","sourceDataset":"CSDB2","updateDate":"2016-01-27T15:25:46.288Z"},{"date":"1972","value":"75761","year":"1972","month":"","quarter":"","sourceDataset":"CSDB2","updateDate":"2016-01-27T15:25:46.288Z"},{"date":"1973","value":"86112","year":"1973","month":"","quarter":"","sourceDataset":"CSDB2","updateDate":"2016-01-27T15:25:46.288Z"},{"date":"1974","value":"86387","year":"1974","month":"","quarter":"","sourceDataset":"CSDB2","updateDate":"2016-01-27T15:25:46.288Z"},{"date":"1975","value":"78836","year":"1975","month":"","quarter":"","sourceDataset":"CSDB2","updateDate":"2016-01-27T15:25:46.288Z"},{"date":"1976","value":"83820","year":"1976","month":"","quarter":"","sourceDataset":"CSDB2","updateDate":"2016-01-27T15:25:46.288Z"},{"date":"1977","value":"85522","year":"1977","month":"","quarter":"","sourceDataset":"CSDB2","updateDate":"2016-01-27T15:25:46.288Z"},{"date":"1978","value":"89321","year":"1978","month":"","quarter":"","sourceDataset":"CSDB2","updateDate":"2016-01-27T15:25:46.288Z"},{"date":"1979","value":"97969","year":"1979","month":"","quarter":"","sourceDataset":"CSDB2","updateDate":"2016-01-27T15:25:46.288Z"},{"date":"1980","value":"92733","year":"1980","month":"","quarter":"","sourceDataset":"CSDB2","updateDate":"2016-01-27T15:25:46.288Z"},{"date":"1981","value":"89075","year":"1981","month":"","quarter":"","sourceDataset":"CSDB2","updateDate":"2016-01-27T15:25:46.288Z"},{"date":"1982","value":"93933","year":"1982","month":"","quarter":"","sourceDataset":"CSDB2","updateDate":"2016-01-27T15:25:46.288Z"},{"date":"1983","value":"102211","year":"1983","month":"","quarter":"","sourceDataset":"CSDB2","updateDate":"2016-01-27T15:25:46.288Z"},{"date":"1984","value":"113695","year":"1984","month":"","quarter":"","sourceDataset":"CSDB2","updateDate":"2016-01-27T15:25:46.288Z"},{"date":"1985","value":"117257","year":"1985","month":"","quarter":"","sourceDataset":"CSDB2","updateDate":"2016-01-27T15:25:46.288Z"},{"date":"1986","value":"125964","year":"1986","month":"","quarter":"","sourceDataset":"CSDB2","updateDate":"2016-01-27T15:25:46.288Z"},{"date":"1987","value":"135742","year":"1987","month":"","quarter":"","sourceDataset":"CSDB2","updateDate":"2016-01-27T15:25:46.288Z"},{"date":"1988","value":"153845","year":"1988","month":"","quarter":"","sourceDataset":"CSDB2","updateDate":"2016-01-27T15:25:46.288Z"},{"date":"1989","value":"166421","year":"1989","month":"","quarter":"","sourceDataset":"CSDB2","updateDate":"2016-01-27T15:25:46.288Z"},{"date":"1990","value":"166594","year":"1990","month":"","quarter":"","sourceDataset":"CSDB2","updateDate":"2016-01-27T15:25:46.288Z"},{"date":"1991","value":"157840","year":"1991","month":"","quarter":"","sourceDataset":"CSDB2","updateDate":"2016-01-27T15:25:46.288Z"},{"date":"1992","value":"168247","year":"1992","month":"","quarter":"","sourceDataset":"CSDB2","updateDate":"2016-01-27T15:25:46.288Z"},{"date":"1993","value":"174627","year":"1993","month":"","quarter":"","sourceDataset":"CSDB2","updateDate":"2016-01-27T15:25:46.288Z"},{"date":"1994","value":"182354","year":"1994","month":"","quarter":"","sourceDataset":"CSDB2","updateDate":"2016-01-27T15:25:46.288Z"},{"date":"1995","value":"193617","year":"1995","month":"","quarter":"","sourceDataset":"CSDB2","updateDate":"2016-01-27T15:25:46.288Z"},{"date":"1996","value":"211953","year":"1996","month":"","quarter":"","sourceDataset":"CSDB2","updateDate":"2016-01-27T15:25:46.288Z"},{"date":"1997","value":"227906","year":"1997","month":"","quarter":"","sourceDataset":"CSDB2","updateDate":"2016-01-27T15:25:46.288Z"},{"date":"1998","value":"246682","year":"1998","month":"","quarter":"","sourceDataset":"CSDB2","updateDate":"2016-01-27T15:25:46.288Z"},{"date":"1999","value":"261148","year":"1999","month":"","quarter":"","sourceDataset":"CSDB2","updateDate":"2016-01-27T15:25:46.288Z"},{"date":"2000","value":"286237","year":"2000","month":"","quarter":"","sourceDataset":"CSDB2","updateDate":"2016-01-27T15:25:46.288Z"},{"date":"2001","value":"301679","year":"2001","month":"","quarter":"","sourceDataset":"CSDB2","updateDate":"2016-01-27T15:25:46.288Z"},{"date":"2002","value":"316568","year":"2002","month":"","quarter":"","sourceDataset":"CSDB2","updateDate":"2016-01-27T15:25:46.288Z"},{"date":"2003","value":"323394","year":"2003","month":"","quarter":"","sourceDataset":"CSDB2","updateDate":"2016-01-27T15:25:46.288Z"},{"date":"2004","value":"345851","year":"2004","month":"","quarter":"","sourceDataset":"CSDB2","updateDate":"2016-01-27T15:25:46.288Z"},{"date":"2005","value":"371071","year":"2005","month":"","quarter":"","sourceDataset":"CSDB2","updateDate":"2016-01-27T15:25:46.288Z"},{"date":"2006","value":"413332","year":"2006","month":"","quarter":"","sourceDataset":"CSDB2","updateDate":"2016-01-27T15:25:46.288Z"},{"date":"2007","value":"401058","year":"2007","month":"","quarter":"","sourceDataset":"CSDB2","updateDate":"2016-01-27T15:25:46.288Z"},{"date":"2008","value":"394623","year":"2008","month":"","quarter":"","sourceDataset":"CSDB2","updateDate":"2016-01-27T15:25:46.288Z"},{"date":"2009","value":"355384","year":"2009","month":"","quarter":"","sourceDataset":"CSDB2","updateDate":"2016-01-27T15:25:46.288Z"},{"date":"2010","value":"396511","year":"2010","month":"","quarter":"","sourceDataset":"CSDB2","updateDate":"2016-01-27T15:25:46.288Z"},{"date":"2011","value":"401135","year":"2011","month":"","quarter":"","sourceDataset":"CSDB2","updateDate":"2016-01-27T15:25:46.288Z"},{"date":"2012","value":"410800","year":"2012","month":"","quarter":"","sourceDataset":"CSDB2","updateDate":"2016-01-27T15:25:46.288Z"},{"date":"2013","value":"420569","year":"2013","month":"","quarter":"","sourceDataset":"CSDB2","updateDate":"2016-01-27T15:25:46.288Z"},{"date":"2014","value":"434918","year":"2014","month":"","quarter":"","sourceDataset":"CSDB2","updateDate":"2016-01-27T15:25:46.288Z"}],"quarters":[{"date":"1955 Q1","value":"8341","year":"1955","month":"","quarter":"Q1","sourceDataset":"CSDB2","updateDate":"2016-01-27T15:25:46.288Z"},{"date":"1955 Q2","value":"7656","year":"1955","month":"","quarter":"Q2","sourceDataset":"CSDB2","updateDate":"2016-01-27T15:25:46.288Z"},{"date":"1955 Q3","value":"8747","year":"1955","month":"","quarter":"Q3","sourceDataset":"CSDB2","updateDate":"2016-01-27T15:25:46.288Z"},{"date":"1955 Q4","value":"8515","year":"1955","month":"","quarter":"Q4","sourceDataset":"CSDB2","updateDate":"2016-01-27T15:25:46.288Z"},{"date":"1956 Q1","value":"8373","year":"1956","month":"","quarter":"Q1","sourceDataset":"CSDB2","updateDate":"2016-01-27T15:25:46.288Z"},{"date":"1956 Q2","value":"8322","year":"1956","month":"","quarter":"Q2","sourceDataset":"CSDB2","updateDate":"2016-01-27T15:25:46.288Z"},{"date":"1956 Q3","value":"8352","year":"1956","month":"","quarter":"Q3","sourceDataset":"CSDB2","updateDate":"2016-01-27T15:25:46.288Z"},{"date":"1956 Q4","value":"8169","year":"1956","month":"","quarter":"Q4","sourceDataset":"CSDB2","updateDate":"2016-01-27T15:25:46.288Z"},{"date":"1957 Q1","value":"8807","year":"1957","month":"","quarter":"Q1","sourceDataset":"CSDB2","updateDate":"2016-01-27T15:25:46.288Z"},{"date":"1957 Q2","value":"8501","year":"1957","month":"","quarter":"Q2","sourceDataset":"CSDB2","updateDate":"2016-01-27T15:25:46.288Z"},{"date":"1957 Q3","value":"8786","year":"1957","month":"","quarter":"Q3","sourceDataset":"CSDB2","updateDate":"2016-01-27T15:25:46.288Z"},{"date":"1957 Q4","value":"8545","year":"1957","month":"","quarter":"Q4","sourceDataset":"CSDB2","updateDate":"2016-01-27T15:25:46.288Z"},{"date":"1958 Q1","value":"8446","year":"1958","month":"","quarter":"Q1","sourceDataset":"CSDB2","updateDate":"2016-01-27T15:25:46.288Z"},{"date":"1958 Q2","value":"8387","year":"1958","month":"","quarter":"Q2","sourceDataset":"CSDB2","updateDate":"2016-01-27T15:25:46.288Z"},{"date":"1958 Q3","value":"8979","year":"1958","month":"","quarter":"Q3","sourceDataset":"CSDB2","updateDate":"2016-01-27T15:25:46.288Z"},{"date":"1958 Q4","value":"8952","year":"1958","month":"","quarter":"Q4","sourceDataset":"CSDB2","updateDate":"2016-01-27T15:25:46.288Z"},{"date":"1959 Q1","value":"9008","year":"1959","month":"","quarter":"Q1","sourceDataset":"CSDB2","updateDate":"2016-01-27T15:25:46.288Z"},{"date":"1959 Q2","value":"9342","year":"1959","month":"","quarter":"Q2","sourceDataset":"CSDB2","updateDate":"2016-01-27T15:25:46.288Z"},{"date":"1959 Q3","value":"9225","year":"1959","month":"","quarter":"Q3","sourceDataset":"CSDB2","updateDate":"2016-01-27T15:25:46.288Z"},{"date":"1959 Q4","value":"9880","year":"1959","month":"","quarter":"Q4","sourceDataset":"CSDB2","updateDate":"2016-01-27T15:25:46.288Z"},{"date":"1960 Q1","value":"10086","year":"1960","month":"","quarter":"Q1","sourceDataset":"CSDB2","updateDate":"2016-01-27T15:25:46.288Z"},{"date":"1960 Q2","value":"10613","year":"1960","month":"","quarter":"Q2","sourceDataset":"CSDB2","updateDate":"2016-01-27T15:25:46.288Z"},{"date":"1960 Q3","value":"10529","year":"1960","month":"","quarter":"Q3","sourceDataset":"CSDB2","updateDate":"2016-01-27T15:25:46.288Z"},{"date":"1960 Q4","value":"10636","year":"1960","month":"","quarter":"Q4","sourceDataset":"CSDB2","updateDate":"2016-01-27T15:25:46.288Z"},{"date":"1961 Q1","value":"10697","year":"1961","month":"","quarter":"Q1","sourceDataset":"CSDB2","updateDate":"2016-01-27T15:25:46.288Z"},{"date":"1961 Q2","value":"10357","year":"1961","month":"","quarter":"Q2","sourceDataset":"CSDB2","updateDate":"2016-01-27T15:25:46.288Z"},{"date":"1961 Q3","value":"10142","year":"1961","month":"","quarter":"Q3","sourceDataset":"CSDB2","updateDate":"2016-01-27T15:25:46.288Z"},{"date":"1961 Q4","value":"10079","year":"1961","month":"","quarter":"Q4","sourceDataset":"CSDB2","updateDate":"2016-01-27T15:25:46.288Z"},{"date":"1962 Q1","value":"10229","year":"1962","month":"","quarter":"Q1","sourceDataset":"CSDB2","updateDate":"2016-01-27T15:25:46.288Z"},{"date":"1962 Q2","value":"10538","year":"1962","month":"","quarter":"Q2","sourceDataset":"CSDB2","updateDate":"2016-01-27T15:25:46.288Z"},{"date":"1962 Q3","value":"10836","year":"1962","month":"","quarter":"Q3","sourceDataset":"CSDB2","updateDate":"2016-01-27T15:25:46.288Z"},{"date":"1962 Q4","value":"10579","year":"1962","month":"","quarter":"Q4","sourceDataset":"CSDB2","updateDate":"2016-01-27T15:25:46.288Z"},{"date":"1963 Q1","value":"10442","year":"1963","month":"","quarter":"Q1","sourceDataset":"CSDB2","updateDate":"2016-01-27T15:25:46.288Z"},{"date":"1963 Q2","value":"11017","year":"1963","month":"","quarter":"Q2","sourceDataset":"CSDB2","updateDate":"2016-01-27T15:25:46.288Z"},{"date":"1963 Q3","value":"11369","year":"1963","month":"","quarter":"Q3","sourceDataset":"CSDB2","updateDate":"2016-01-27T15:25:46.288Z"},{"date":"1963 Q4","value":"11607","year":"1963","month":"","quarter":"Q4","sourceDataset":"CSDB2","updateDate":"2016-01-27T15:25:46.288Z"},{"date":"1964 Q1","value":"12105","year":"1964","month":"","quarter":"Q1","sourceDataset":"CSDB2","updateDate":"2016-01-27T15:25:46.288Z"},{"date":"1964 Q2","value":"12155","year":"1964","month":"","quarter":"Q2","sourceDataset":"CSDB2","updateDate":"2016-01-27T15:25:46.288Z"},{"date":"1964 Q3","value":"12557","year":"1964","month":"","quarter":"Q3","sourceDataset":"CSDB2","updateDate":"2016-01-27T15:25:46.288Z"},{"date":"1964 Q4","value":"12815","year":"1964","month":"","quarter":"Q4","sourceDataset":"CSDB2","updateDate":"2016-01-27T15:25:46.288Z"},{"date":"1965 Q1","value":"11709","year":"1965","month":"","quarter":"Q1","sourceDataset":"CSDB2","updateDate":"2016-01-27T15:25:46.288Z"},{"date":"1965 Q2","value":"12431","year":"1965","month":"","quarter":"Q2","sourceDataset":"CSDB2","updateDate":"2016-01-27T15:25:46.288Z"},{"date":"1965 Q3","value":"12776","year":"1965","month":"","quarter":"Q3","sourceDataset":"CSDB2","updateDate":"2016-01-27T15:25:46.288Z"},{"date":"1965 Q4","value":"12846","year":"1965","month":"","quarter":"Q4","sourceDataset":"CSDB2","updateDate":"2016-01-27T15:25:46.288Z"},{"date":"1966 Q1","value":"13005","year":"1966","month":"","quarter":"Q1","sourceDataset":"CSDB2","updateDate":"2016-01-27T15:25:46.288Z"},{"date":"1966 Q2","value":"12574","year":"1966","month":"","quarter":"Q2","sourceDataset":"CSDB2","updateDate":"2016-01-27T15:25:46.288Z"},{"date":"1966 Q3","value":"13122","year":"1966","month":"","quarter":"Q3","sourceDataset":"CSDB2","updateDate":"2016-01-27T15:25:46.288Z"},{"date":"1966 Q4","value":"12217","year":"1966","month":"","quarter":"Q4","sourceDataset":"CSDB2","updateDate":"2016-01-27T15:25:46.288Z"},{"date":"1967 Q1","value":"13652","year":"1967","month":"","quarter":"Q1","sourceDataset":"CSDB2","updateDate":"2016-01-27T15:25:46.288Z"},{"date":"1967 Q2","value":"13880","year":"1967","month":"","quarter":"Q2","sourceDataset":"CSDB2","updateDate":"2016-01-27T15:25:46.288Z"},{"date":"1967 Q3","value":"13711","year":"1967","month":"","quarter":"Q3","sourceDataset":"CSDB2","updateDate":"2016-01-27T15:25:46.288Z"},{"date":"1967 Q4","value":"14157","year":"1967","month":"","quarter":"Q4","sourceDataset":"CSDB2","updateDate":"2016-01-27T15:25:46.288Z"},{"date":"1968 Q1","value":"15173","year":"1968","month":"","quarter":"Q1","sourceDataset":"CSDB2","updateDate":"2016-01-27T15:25:46.288Z"},{"date":"1968 Q2","value":"15068","year":"1968","month":"","quarter":"Q2","sourceDataset":"CSDB2","updateDate":"2016-01-27T15:25:46.288Z"},{"date":"1968 Q3","value":"15401","year":"1968","month":"","quarter":"Q3","sourceDataset":"CSDB2","updateDate":"2016-01-27T15:25:46.288Z"},{"date":"1968 Q4","value":"15220","year":"1968","month":"","quarter":"Q4","sourceDataset":"CSDB2","updateDate":"2016-01-27T15:25:46.288Z"},{"date":"1969 Q1","value":"15269","year":"1969","month":"","quarter":"Q1","sourceDataset":"CSDB2","updateDate":"2016-01-27T15:25:46.288Z"},{"date":"1969 Q2","value":"15392","year":"1969","month":"","quarter":"Q2","sourceDataset":"CSDB2","updateDate":"2016-01-27T15:25:46.288Z"},{"date":"1969 Q3","value":"15368","year":"1969","month":"","quarter":"Q3","sourceDataset":"CSDB2","updateDate":"2016-01-27T15:25:46.288Z"},{"date":"1969 Q4","value":"15469","year":"1969","month":"","quarter":"Q4","sourceDataset":"CSDB2","updateDate":"2016-01-27T15:25:46.288Z"},{"date":"1970 Q1","value":"15563","year":"1970","month":"","quarter":"Q1","sourceDataset":"CSDB2","updateDate":"2016-01-27T15:25:46.288Z"},{"date":"1970 Q2","value":"16431","year":"1970","month":"","quarter":"Q2","sourceDataset":"CSDB2","updateDate":"2016-01-27T15:25:46.288Z"},{"date":"1970 Q3","value":"16119","year":"1970","month":"","quarter":"Q3","sourceDataset":"CSDB2","updateDate":"2016-01-27T15:25:46.288Z"},{"date":"1970 Q4","value":"16917","year":"1970","month":"","quarter":"Q4","sourceDataset":"CSDB2","updateDate":"2016-01-27T15:25:46.288Z"},{"date":"1971 Q1","value":"16653","year":"1971","month":"","quarter":"Q1","sourceDataset":"CSDB2","updateDate":"2016-01-27T15:25:46.288Z"},{"date":"1971 Q2","value":"17193","year":"1971","month":"","quarter":"Q2","sourceDataset":"CSDB2","updateDate":"2016-01-27T15:25:46.288Z"},{"date":"1971 Q3","value":"16834","year":"1971","month":"","quarter":"Q3","sourceDataset":"CSDB2","updateDate":"2016-01-27T15:25:46.288Z"},{"date":"1971 Q4","value":"17375","year":"1971","month":"","quarter":"Q4","sourceDataset":"CSDB2","updateDate":"2016-01-27T15:25:46.288Z"},{"date":"1972 Q1","value":"18216","year":"1972","month":"","quarter":"Q1","sourceDataset":"CSDB2","updateDate":"2016-01-27T15:25:46.288Z"},{"date":"1972 Q2","value":"18698","year":"1972","month":"","quarter":"Q2","sourceDataset":"CSDB2","updateDate":"2016-01-27T15:25:46.288Z"},{"date":"1972 Q3","value":"17996","year":"1972","month":"","quarter":"Q3","sourceDataset":"CSDB2","updateDate":"2016-01-27T15:25:46.288Z"},{"date":"1972 Q4","value":"20851","year":"1972","month":"","quarter":"Q4","sourceDataset":"CSDB2","updateDate":"2016-01-27T15:25:46.288Z"},{"date":"1973 Q1","value":"21039","year":"1973","month":"","quarter":"Q1","sourceDataset":"CSDB2","updateDate":"2016-01-27T15:25:46.288Z"},{"date":"1973 Q2","value":"21099","year":"1973","month":"","quarter":"Q2","sourceDataset":"CSDB2","updateDate":"2016-01-27T15:25:46.288Z"},{"date":"1973 Q3","value":"21786","year":"1973","month":"","quarter":"Q3","sourceDataset":"CSDB2","updateDate":"2016-01-27T15:25:46.288Z"},{"date":"1973 Q4","value":"22189","year":"1973","month":"","quarter":"Q4","sourceDataset":"CSDB2","updateDate":"2016-01-27T15:25:46.288Z"},{"date":"1974 Q1","value":"21492","year":"1974","month":"","quarter":"Q1","sourceDataset":"CSDB2","updateDate":"2016-01-27T15:25:46.288Z"},{"date":"1974 Q2","value":"21955","year":"1974","month":"","quarter":"Q2","sourceDataset":"CSDB2","updateDate":"2016-01-27T15:25:46.288Z"},{"date":"1974 Q3","value":"21711","year":"1974","month":"","quarter":"Q3","sourceDataset":"CSDB2","updateDate":"2016-01-27T15:25:46.288Z"},{"date":"1974 Q4","value":"21229","year":"1974","month":"","quarter":"Q4","sourceDataset":"CSDB2","updateDate":"2016-01-27T15:25:46.288Z"},{"date":"1975 Q1","value":"20044","year":"1975","month":"","quarter":"Q1","sourceDataset":"CSDB2","updateDate":"2016-01-27T15:25:46.288Z"},{"date":"1975 Q2","value":"18908","year":"1975","month":"","quarter":"Q2","sourceDataset":"CSDB2","updateDate":"2016-01-27T15:25:46.288Z"},{"date":"1975 Q3","value":"20260","year":"1975","month":"","quarter":"Q3","sourceDataset":"CSDB2","updateDate":"2016-01-27T15:25:46.288Z"},{"date":"1975 Q4","value":"19624","year":"1975","month":"","quarter":"Q4","sourceDataset":"CSDB2","updateDate":"2016-01-27T15:25:46.288Z"},{"date":"1976 Q1","value":"19540","year":"1976","month":"","quarter":"Q1","sourceDataset":"CSDB2","updateDate":"2016-01-27T15:25:46.288Z"},{"date":"1976 Q2","value":"21272","year":"1976","month":"","quarter":"Q2","sourceDataset":"CSDB2","updateDate":"2016-01-27T15:25:46.288Z"},{"date":"1976 Q3","value":"21519","year":"1976","month":"","quarter":"Q3","sourceDataset":"CSDB2","updateDate":"2016-01-27T15:25:46.288Z"},{"date":"1976 Q4","value":"21489","year":"1976","month":"","quarter":"Q4","sourceDataset":"CSDB2","updateDate":"2016-01-27T15:25:46.288Z"},{"date":"1977 Q1","value":"21483","year":"1977","month":"","quarter":"Q1","sourceDataset":"CSDB2","updateDate":"2016-01-27T15:25:46.288Z"},{"date":"1977 Q2","value":"22107","year":"1977","month":"","quarter":"Q2","sourceDataset":"CSDB2","updateDate":"2016-01-27T15:25:46.288Z"},{"date":"1977 Q3","value":"21198","year":"1977","month":"","quarter":"Q3","sourceDataset":"CSDB2","updateDate":"2016-01-27T15:25:46.288Z"},{"date":"1977 Q4","value":"20735","year":"1977","month":"","quarter":"Q4","sourceDataset":"CSDB2","updateDate":"2016-01-27T15:25:46.288Z"},{"date":"1978 Q1","value":"22634","year":"1978","month":"","quarter":"Q1","sourceDataset":"CSDB2","updateDate":"2016-01-27T15:25:46.288Z"},{"date":"1978 Q2","value":"22727","year":"1978","month":"","quarter":"Q2","sourceDataset":"CSDB2","updateDate":"2016-01-27T15:25:46.288Z"},{"date":"1978 Q3","value":"22738","year":"1978","month":"","quarter":"Q3","sourceDataset":"CSDB2","updateDate":"2016-01-27T15:25:46.288Z"},{"date":"1978 Q4","value":"21223","year":"1978","month":"","quarter":"Q4","sourceDataset":"CSDB2","updateDate":"2016-01-27T15:25:46.288Z"},{"date":"1979 Q1","value":"22640","year":"1979","month":"","quarter":"Q1","sourceDataset":"CSDB2","updateDate":"2016-01-27T15:25:46.288Z"},{"date":"1979 Q2","value":"24708","year":"1979","month":"","quarter":"Q2","sourceDataset":"CSDB2","updateDate":"2016-01-27T15:25:46.288Z"},{"date":"1979 Q3","value":"25443","year":"1979","month":"","quarter":"Q3","sourceDataset":"CSDB2","updateDate":"2016-01-27T15:25:46.288Z"},{"date":"1979 Q4","value":"25177","year":"1979","month":"","quarter":"Q4","sourceDataset":"CSDB2","updateDate":"2016-01-27T15:25:46.288Z"},{"date":"1980 Q1","value":"25449","year":"1980","month":"","quarter":"Q1","sourceDataset":"CSDB2","updateDate":"2016-01-27T15:25:46.288Z"},{"date":"1980 Q2","value":"24179","year":"1980","month":"","quarter":"Q2","sourceDataset":"CSDB2","updateDate":"2016-01-27T15:25:46.288Z"},{"date":"1980 Q3","value":"21874","year":"1980","month":"","quarter":"Q3","sourceDataset":"CSDB2","updateDate":"2016-01-27T15:25:46.288Z"},{"date":"1980 Q4","value":"21232","year":"1980","month":"","quarter":"Q4","sourceDataset":"CSDB2","updateDate":"2016-01-27T15:25:46.288Z"},{"date":"1981 Q1","value":"20222","year":"1981","month":"","quarter":"Q1","sourceDataset":"CSDB2","updateDate":"2016-01-27T15:25:46.288Z"},{"date":"1981 Q2","value":"21189","year":"1981","month":"","quarter":"Q2","sourceDataset":"CSDB2","updateDate":"2016-01-27T15:25:46.288Z"},{"date":"1981 Q3","value":"24252","year":"1981","month":"","quarter":"Q3","sourceDataset":"CSDB2","updateDate":"2016-01-27T15:25:46.288Z"},{"date":"1981 Q4","value":"23412","year":"1981","month":"","quarter":"Q4","sourceDataset":"CSDB2","updateDate":"2016-01-27T15:25:46.288Z"},{"date":"1982 Q1","value":"23246","year":"1982","month":"","quarter":"Q1","sourceDataset":"CSDB2","updateDate":"2016-01-27T15:25:46.288Z"},{"date":"1982 Q2","value":"24080","year":"1982","month":"","quarter":"Q2","sourceDataset":"CSDB2","updateDate":"2016-01-27T15:25:46.288Z"},{"date":"1982 Q3","value":"23341","year":"1982","month":"","quarter":"Q3","sourceDataset":"CSDB2","updateDate":"2016-01-27T15:25:46.288Z"},{"date":"1982 Q4","value":"23266","year":"1982","month":"","quarter":"Q4","sourceDataset":"CSDB2","updateDate":"2016-01-27T15:25:46.288Z"},{"date":"1983 Q1","value":"24799","year":"1983","month":"","quarter":"Q1","sourceDataset":"CSDB2","updateDate":"2016-01-27T15:25:46.288Z"},{"date":"1983 Q2","value":"25348","year":"1983","month":"","quarter":"Q2","sourceDataset":"CSDB2","updateDate":"2016-01-27T15:25:46.288Z"},{"date":"1983 Q3","value":"25557","year":"1983","month":"","quarter":"Q3","sourceDataset":"CSDB2","updateDate":"2016-01-27T15:25:46.288Z"},{"date":"1983 Q4","value":"26507","year":"1983","month":"","quarter":"Q4","sourceDataset":"CSDB2","updateDate":"2016-01-27T15:25:46.288Z"},{"date":"1984 Q1","value":"26813","year":"1984","month":"","quarter":"Q1","sourceDataset":"CSDB2","updateDate":"2016-01-27T15:25:46.288Z"},{"date":"1984 Q2","value":"28182","year":"1984","month":"","quarter":"Q2","sourceDataset":"CSDB2","updateDate":"2016-01-27T15:25:46.288Z"},{"date":"1984 Q3","value":"28722","year":"1984","month":"","quarter":"Q3","sourceDataset":"CSDB2","updateDate":"2016-01-27T15:25:46.288Z"},{"date":"1984 Q4","value":"29978","year":"1984","month":"","quarter":"Q4","sourceDataset":"CSDB2","updateDate":"2016-01-27T15:25:46.288Z"},{"date":"1985 Q1","value":"30200","year":"1985","month":"","quarter":"Q1","sourceDataset":"CSDB2","updateDate":"2016-01-27T15:25:46.288Z"},{"date":"1985 Q2","value":"29278","year":"1985","month":"","quarter":"Q2","sourceDataset":"CSDB2","updateDate":"2016-01-27T15:25:46.288Z"},{"date":"1985 Q3","value":"28654","year":"1985","month":"","quarter":"Q3","sourceDataset":"CSDB2","updateDate":"2016-01-27T15:25:46.288Z"},{"date":"1985 Q4","value":"29125","year":"1985","month":"","quarter":"Q4","sourceDataset":"CSDB2","updateDate":"2016-01-27T15:25:46.288Z"},{"date":"1986 Q1","value":"30226","year":"1986","month":"","quarter":"Q1","sourceDataset":"CSDB2","updateDate":"2016-01-27T15:25:46.288Z"},{"date":"1986 Q2","value":"31412","year":"1986","month":"","quarter":"Q2","sourceDataset":"CSDB2","updateDate":"2016-01-27T15:25:46.288Z"},{"date":"1986 Q3","value":"31954","year":"1986","month":"","quarter":"Q3","sourceDataset":"CSDB2","updateDate":"2016-01-27T15:25:46.288Z"},{"date":"1986 Q4","value":"32373","year":"1986","month":"","quarter":"Q4","sourceDataset":"CSDB2","updateDate":"2016-01-27T15:25:46.288Z"},{"date":"1987 Q1","value":"31848","year":"1987","month":"","quarter":"Q1","sourceDataset":"CSDB2","updateDate":"2016-01-27T15:25:46.288Z"},{"date":"1987 Q2","value":"33427","year":"1987","month":"","quarter":"Q2","sourceDataset":"CSDB2","updateDate":"2016-01-27T15:25:46.288Z"},{"date":"1987 Q3","value":"34971","year":"1987","month":"","quarter":"Q3","sourceDataset":"CSDB2","updateDate":"2016-01-27T15:25:46.288Z"},{"date":"1987 Q4","value":"35496","year":"1987","month":"","quarter":"Q4","sourceDataset":"CSDB2","updateDate":"2016-01-27T15:25:46.288Z"},{"date":"1988 Q1","value":"35711","year":"1988","month":"","quarter":"Q1","sourceDataset":"CSDB2","updateDate":"2016-01-27T15:25:46.288Z"},{"date":"1988 Q2","value":"37691","year":"1988","month":"","quarter":"Q2","sourceDataset":"CSDB2","updateDate":"2016-01-27T15:25:46.288Z"},{"date":"1988 Q3","value":"39267","year":"1988","month":"","quarter":"Q3","sourceDataset":"CSDB2","updateDate":"2016-01-27T15:25:46.288Z"},{"date":"1988 Q4","value":"41176","year":"1988","month":"","quarter":"Q4","sourceDataset":"CSDB2","updateDate":"2016-01-27T15:25:46.288Z"},{"date":"1989 Q1","value":"41590","year":"1989","month":"","quarter":"Q1","sourceDataset":"CSDB2","updateDate":"2016-01-27T15:25:46.288Z"},{"date":"1989 Q2","value":"41151","year":"1989","month":"","quarter":"Q2","sourceDataset":"CSDB2","updateDate":"2016-01-27T15:25:46.288Z"},{"date":"1989 Q3","value":"42158","year":"1989","month":"","quarter":"Q3","sourceDataset":"CSDB2","updateDate":"2016-01-27T15:25:46.288Z"},{"date":"1989 Q4","value":"41523","year":"1989","month":"","quarter":"Q4","sourceDataset":"CSDB2","updateDate":"2016-01-27T15:25:46.288Z"},{"date":"1990 Q1","value":"42589","year":"1990","month":"","quarter":"Q1","sourceDataset":"CSDB2","updateDate":"2016-01-27T15:25:46.288Z"},{"date":"1990 Q2","value":"42383","year":"1990","month":"","quarter":"Q2","sourceDataset":"CSDB2","updateDate":"2016-01-27T15:25:46.288Z"},{"date":"1990 Q3","value":"41275","year":"1990","month":"","quarter":"Q3","sourceDataset":"CSDB2","updateDate":"2016-01-27T15:25:46.288Z"},{"date":"1990 Q4","value":"40348","year":"1990","month":"","quarter":"Q4","sourceDataset":"CSDB2","updateDate":"2016-01-27T15:25:46.288Z"},{"date":"1991 Q1","value":"39321","year":"1991","month":"","quarter":"Q1","sourceDataset":"CSDB2","updateDate":"2016-01-27T15:25:46.288Z"},{"date":"1991 Q2","value":"38965","year":"1991","month":"","quarter":"Q2","sourceDataset":"CSDB2","updateDate":"2016-01-27T15:25:46.288Z"},{"date":"1991 Q3","value":"39518","year":"1991","month":"","quarter":"Q3","sourceDataset":"CSDB2","updateDate":"2016-01-27T15:25:46.288Z"},{"date":"1991 Q4","value":"40036","year":"1991","month":"","quarter":"Q4","sourceDataset":"CSDB2","updateDate":"2016-01-27T15:25:46.288Z"},{"date":"1992 Q1","value":"40439","year":"1992","month":"","quarter":"Q1","sourceDataset":"CSDB2","updateDate":"2016-01-27T15:25:46.288Z"},{"date":"1992 Q2","value":"42253","year":"1992","month":"","quarter":"Q2","sourceDataset":"CSDB2","updateDate":"2016-01-27T15:25:46.288Z"},{"date":"1992 Q3","value":"42422","year":"1992","month":"","quarter":"Q3","sourceDataset":"CSDB2","updateDate":"2016-01-27T15:25:46.288Z"},{"date":"1992 Q4","value":"43132","year":"1992","month":"","quarter":"Q4","sourceDataset":"CSDB2","updateDate":"2016-01-27T15:25:46.288Z"},{"date":"1993 Q1","value":"43814","year":"1993","month":"","quarter":"Q1","sourceDataset":"CSDB2","updateDate":"2016-01-27T15:25:46.288Z"},{"date":"1993 Q2","value":"42763","year":"1993","month":"","quarter":"Q2","sourceDataset":"CSDB2","updateDate":"2016-01-27T15:25:46.288Z"},{"date":"1993 Q3","value":"43621","year":"1993","month":"","quarter":"Q3","sourceDataset":"CSDB2","updateDate":"2016-01-27T15:25:46.288Z"},{"date":"1993 Q4","value":"44428","year":"1993","month":"","quarter":"Q4","sourceDataset":"CSDB2","updateDate":"2016-01-27T15:25:46.288Z"},{"date":"1994 Q1","value":"45049","year":"1994","month":"","quarter":"Q1","sourceDataset":"CSDB2","updateDate":"2016-01-27T15:25:46.288Z"},{"date":"1994 Q2","value":"45343","year":"1994","month":"","quarter":"Q2","sourceDataset":"CSDB2","updateDate":"2016-01-27T15:25:46.288Z"},{"date":"1994 Q3","value":"44949","year":"1994","month":"","quarter":"Q3","sourceDataset":"CSDB2","updateDate":"2016-01-27T15:25:46.288Z"},{"date":"1994 Q4","value":"47013","year":"1994","month":"","quarter":"Q4","sourceDataset":"CSDB2","updateDate":"2016-01-27T15:25:46.288Z"},{"date":"1995 Q1","value":"46465","year":"1995","month":"","quarter":"Q1","sourceDataset":"CSDB2","updateDate":"2016-01-27T15:25:46.288Z"},{"date":"1995 Q2","value":"48034","year":"1995","month":"","quarter":"Q2","sourceDataset":"CSDB2","updateDate":"2016-01-27T15:25:46.288Z"},{"date":"1995 Q3","value":"49228","year":"1995","month":"","quarter":"Q3","sourceDataset":"CSDB2","updateDate":"2016-01-27T15:25:46.288Z"},{"date":"1995 Q4","value":"49890","year":"1995","month":"","quarter":"Q4","sourceDataset":"CSDB2","updateDate":"2016-01-27T15:25:46.288Z"},{"date":"1996 Q1","value":"51975","year":"1996","month":"","quarter":"Q1","sourceDataset":"CSDB2","updateDate":"2016-01-27T15:25:46.288Z"},{"date":"1996 Q2","value":"52395","year":"1996","month":"","quarter":"Q2","sourceDataset":"CSDB2","updateDate":"2016-01-27T15:25:46.288Z"},{"date":"1996 Q3","value":"53565","year":"1996","month":"","quarter":"Q3","sourceDataset":"CSDB2","updateDate":"2016-01-27T15:25:46.288Z"},{"date":"1996 Q4","value":"54018","year":"1996","month":"","quarter":"Q4","sourceDataset":"CSDB2","updateDate":"2016-01-27T15:25:46.288Z"},{"date":"1997 Q1","value":"54485","year":"1997","month":"","quarter":"Q1","sourceDataset":"CSDB2","updateDate":"2016-01-27T15:25:46.288Z"},{"date":"1997 Q2","value":"57161","year":"1997","month":"","quarter":"Q2","sourceDataset":"CSDB2","updateDate":"2016-01-27T15:25:46.288Z"},{"date":"1997 Q3","value":"57007","year":"1997","month":"","quarter":"Q3","sourceDataset":"CSDB2","updateDate":"2016-01-27T15:25:46.288Z"},{"date":"1997 Q4","value":"59253","year":"1997","month":"","quarter":"Q4","sourceDataset":"CSDB2","updateDate":"2016-01-27T15:25:46.288Z"},{"date":"1998 Q1","value":"60253","year":"1998","month":"","quarter":"Q1","sourceDataset":"CSDB2","updateDate":"2016-01-27T15:25:46.288Z"},{"date":"1998 Q2","value":"62388","year":"1998","month":"","quarter":"Q2","sourceDataset":"CSDB2","updateDate":"2016-01-27T15:25:46.288Z"},{"date":"1998 Q3","value":"61625","year":"1998","month":"","quarter":"Q3","sourceDataset":"CSDB2","updateDate":"2016-01-27T15:25:46.288Z"},{"date":"1998 Q4","value":"62416","year":"1998","month":"","quarter":"Q4","sourceDataset":"CSDB2","updateDate":"2016-01-27T15:25:46.288Z"},{"date":"1999 Q1","value":"63350","year":"1999","month":"","quarter":"Q1","sourceDataset":"CSDB2","updateDate":"2016-01-27T15:25:46.288Z"},{"date":"1999 Q2","value":"62935","year":"1999","month":"","quarter":"Q2","sourceDataset":"CSDB2","updateDate":"2016-01-27T15:25:46.288Z"},{"date":"1999 Q3","value":"66785","year":"1999","month":"","quarter":"Q3","sourceDataset":"CSDB2","updateDate":"2016-01-27T15:25:46.288Z"},{"date":"1999 Q4","value":"68078","year":"1999","month":"","quarter":"Q4","sourceDataset":"CSDB2","updateDate":"2016-01-27T15:25:46.288Z"},{"date":"2000 Q1","value":"69050","year":"2000","month":"","quarter":"Q1","sourceDataset":"CSDB2","updateDate":"2016-01-27T15:25:46.288Z"},{"date":"2000 Q2","value":"70730","year":"2000","month":"","quarter":"Q2","sourceDataset":"CSDB2","updateDate":"2016-01-27T15:25:46.288Z"},{"date":"2000 Q3","value":"71980","year":"2000","month":"","quarter":"Q3","sourceDataset":"CSDB2","updateDate":"2016-01-27T15:25:46.288Z"},{"date":"2000 Q4","value":"74477","year":"2000","month":"","quarter":"Q4","sourceDataset":"CSDB2","updateDate":"2016-01-27T15:25:46.288Z"},{"date":"2001 Q1","value":"75936","year":"2001","month":"","quarter":"Q1","sourceDataset":"CSDB2","updateDate":"2016-01-27T15:25:46.288Z"},{"date":"2001 Q2","value":"75980","year":"2001","month":"","quarter":"Q2","sourceDataset":"CSDB2","updateDate":"2016-01-27T15:25:46.288Z"},{"date":"2001 Q3","value":"74529","year":"2001","month":"","quarter":"Q3","sourceDataset":"CSDB2","updateDate":"2016-01-27T15:25:46.288Z"},{"date":"2001 Q4","value":"75234","year":"2001","month":"","quarter":"Q4","sourceDataset":"CSDB2","updateDate":"2016-01-27T15:25:46.288Z"},{"date":"2002 Q1","value":"77620","year":"2002","month":"","quarter":"Q1","sourceDataset":"CSDB2","updateDate":"2016-01-27T15:25:46.288Z"},{"date":"2002 Q2","value":"80486","year":"2002","month":"","quarter":"Q2","sourceDataset":"CSDB2","updateDate":"2016-01-27T15:25:46.288Z"},{"date":"2002 Q3","value":"79592","year":"2002","month":"","quarter":"Q3","sourceDataset":"CSDB2","updateDate":"2016-01-27T15:25:46.288Z"},{"date":"2002 Q4","value":"78870","year":"2002","month":"","quarter":"Q4","sourceDataset":"CSDB2","updateDate":"2016-01-27T15:25:46.288Z"},{"date":"2003 Q1","value":"81100","year":"2003","month":"","quarter":"Q1","sourceDataset":"CSDB2","updateDate":"2016-01-27T15:25:46.288Z"},{"date":"2003 Q2","value":"79539","year":"2003","month":"","quarter":"Q2","sourceDataset":"CSDB2","updateDate":"2016-01-27T15:25:46.288Z"},{"date":"2003 Q3","value":"79728","year":"2003","month":"","quarter":"Q3","sourceDataset":"CSDB2","updateDate":"2016-01-27T15:25:46.288Z"},{"date":"2003 Q4","value":"83027","year":"2003","month":"","quarter":"Q4","sourceDataset":"CSDB2","updateDate":"2016-01-27T15:25:46.288Z"},{"date":"2004 Q1","value":"83682","year":"2004","month":"","quarter":"Q1","sourceDataset":"CSDB2","updateDate":"2016-01-27T15:25:46.288Z"},{"date":"2004 Q2","value":"85506","year":"2004","month":"","quarter":"Q2","sourceDataset":"CSDB2","updateDate":"2016-01-27T15:25:46.288Z"},{"date":"2004 Q3","value":"87442","year":"2004","month":"","quarter":"Q3","sourceDataset":"CSDB2","updateDate":"2016-01-27T15:25:46.288Z"},{"date":"2004 Q4","value":"89221","year":"2004","month":"","quarter":"Q4","sourceDataset":"CSDB2","updateDate":"2016-01-27T15:25:46.288Z"},{"date":"2005 Q1","value":"87962","year":"2005","month":"","quarter":"Q1","sourceDataset":"CSDB2","updateDate":"2016-01-27T15:25:46.288Z"},{"date":"2005 Q2","value":"91632","year":"2005","month":"","quarter":"Q2","sourceDataset":"CSDB2","updateDate":"2016-01-27T15:25:46.288Z"},{"date":"2005 Q3","value":"94181","year":"2005","month":"","quarter":"Q3","sourceDataset":"CSDB2","updateDate":"2016-01-27T15:25:46.288Z"},{"date":"2005 Q4","value":"97296","year":"2005","month":"","quarter":"Q4","sourceDataset":"CSDB2","updateDate":"2016-01-27T15:25:46.288Z"},{"date":"2006 Q1","value":"107957","year":"2006","month":"","quarter":"Q1","sourceDataset":"CSDB2","updateDate":"2016-01-27T15:25:46.288Z"},{"date":"2006 Q2","value":"112819","year":"2006","month":"","quarter":"Q2","sourceDataset":"CSDB2","updateDate":"2016-01-27T15:25:46.288Z"},{"date":"2006 Q3","value":"96286","year":"2006","month":"","quarter":"Q3","sourceDataset":"CSDB2","updateDate":"2016-01-27T15:25:46.288Z"},{"date":"2006 Q4","value":"96270","year":"2006","month":"","quarter":"Q4","sourceDataset":"CSDB2","updateDate":"2016-01-27T15:25:46.288Z"},{"date":"2007 Q1","value":"99481","year":"2007","month":"","quarter":"Q1","sourceDataset":"CSDB2","updateDate":"2016-01-27T15:25:46.288Z"},{"date":"2007 Q2","value":"98382","year":"2007","month":"","quarter":"Q2","sourceDataset":"CSDB2","updateDate":"2016-01-27T15:25:46.288Z"},{"date":"2007 Q3","value":"102524","year":"2007","month":"","quarter":"Q3","sourceDataset":"CSDB2","updateDate":"2016-01-27T15:25:46.288Z"},{"date":"2007 Q4","value":"100671","year":"2007","month":"","quarter":"Q4","sourceDataset":"CSDB2","updateDate":"2016-01-27T15:25:46.288Z"},{"date":"2008 Q1","value":"100281","year":"2008","month":"","quarter":"Q1","sourceDataset":"CSDB2","updateDate":"2016-01-27T15:25:46.288Z"},{"date":"2008 Q2","value":"101892","year":"2008","month":"","quarter":"Q2","sourceDataset":"CSDB2","updateDate":"2016-01-27T15:25:46.288Z"},{"date":"2008 Q3","value":"98678","year":"2008","month":"","quarter":"Q3","sourceDataset":"CSDB2","updateDate":"2016-01-27T15:25:46.288Z"},{"date":"2008 Q4","value":"93772","year":"2008","month":"","quarter":"Q4","sourceDataset":"CSDB2","updateDate":"2016-01-27T15:25:46.288Z"},{"date":"2009 Q1","value":"87591","year":"2009","month":"","quarter":"Q1","sourceDataset":"CSDB2","updateDate":"2016-01-27T15:25:46.288Z"},{"date":"2009 Q2","value":"87050","year":"2009","month":"","quarter":"Q2","sourceDataset":"CSDB2","updateDate":"2016-01-27T15:25:46.288Z"},{"date":"2009 Q3","value":"88478","year":"2009","month":"","quarter":"Q3","sourceDataset":"CSDB2","updateDate":"2016-01-27T15:25:46.288Z"},{"date":"2009 Q4","value":"92265","year":"2009","month":"","quarter":"Q4","sourceDataset":"CSDB2","updateDate":"2016-01-27T15:25:46.288Z"},{"date":"2010 Q1","value":"94620","year":"2010","month":"","quarter":"Q1","sourceDataset":"CSDB2","updateDate":"2016-01-27T15:25:46.288Z"},{"date":"2010 Q2","value":"98093","year":"2010","month":"","quarter":"Q2","sourceDataset":"CSDB2","updateDate":"2016-01-27T15:25:46.288Z"},{"date":"2010 Q3","value":"100762","year":"2010","month":"","quarter":"Q3","sourceDataset":"CSDB2","updateDate":"2016-01-27T15:25:46.288Z"},{"date":"2010 Q4","value":"103036","year":"2010","month":"","quarter":"Q4","sourceDataset":"CSDB2","updateDate":"2016-01-27T15:25:46.288Z"},{"date":"2011 Q1","value":"100216","year":"2011","month":"","quarter":"Q1","sourceDataset":"CSDB2","updateDate":"2016-01-27T15:25:46.288Z"},{"date":"2011 Q2","value":"98588","year":"2011","month":"","quarter":"Q2","sourceDataset":"CSDB2","updateDate":"2016-01-27T15:25:46.288Z"},{"date":"2011 Q3","value":"101022","year":"2011","month":"","quarter":"Q3","sourceDataset":"CSDB2","updateDate":"2016-01-27T15:25:46.288Z"},{"date":"2011 Q4","value":"101309","year":"2011","month":"","quarter":"Q4","sourceDataset":"CSDB2","updateDate":"2016-01-27T15:25:46.288Z"},{"date":"2012 Q1","value":"102217","year":"2012","month":"","quarter":"Q1","sourceDataset":"CSDB2","updateDate":"2016-01-27T15:25:46.288Z"},{"date":"2012 Q2","value":"102910","year":"2012","month":"","quarter":"Q2","sourceDataset":"CSDB2","updateDate":"2016-01-27T15:25:46.288Z"},{"date":"2012 Q3","value":"102984","year":"2012","month":"","quarter":"Q3","sourceDataset":"CSDB2","updateDate":"2016-01-27T15:25:46.288Z"},{"date":"2012 Q4","value":"102689","year":"2012","month":"","quarter":"Q4","sourceDataset":"CSDB2","updateDate":"2016-01-27T15:25:46.288Z"},{"date":"2013 Q1","value":"102221","year":"2013","month":"","quarter":"Q1","sourceDataset":"CSDB2","updateDate":"2016-01-27T15:25:46.288Z"},{"date":"2013 Q2","value":"105769","year":"2013","month":"","quarter":"Q2","sourceDataset":"CSDB2","updateDate":"2016-01-27T15:25:46.288Z"},{"date":"2013 Q3","value":"105187","year":"2013","month":"","quarter":"Q3","sourceDataset":"CSDB2","updateDate":"2016-01-27T15:25:46.288Z"},{"date":"2013 Q4","value":"107392","year":"2013","month":"","quarter":"Q4","sourceDataset":"CSDB2","updateDate":"2016-01-27T15:25:46.288Z"},{"date":"2014 Q1","value":"105731","year":"2014","month":"","quarter":"Q1","sourceDataset":"CSDB2","updateDate":"2016-01-27T15:25:46.288Z"},{"date":"2014 Q2","value":"106933","year":"2014","month":"","quarter":"Q2","sourceDataset":"CSDB2","updateDate":"2016-01-27T15:25:46.288Z"},{"date":"2014 Q3","value":"109027","year":"2014","month":"","quarter":"Q3","sourceDataset":"CSDB2","updateDate":"2016-01-27T15:25:46.288Z"},{"date":"2014 Q4","value":"113227","year":"2014","month":"","quarter":"Q4","sourceDataset":"CSDB2","updateDate":"2016-01-27T15:25:46.288Z"},{"date":"2015 Q1","value":"115922","year":"2015","month":"","quarter":"Q1","sourceDataset":"CSDB2","updateDate":"2016-01-27T15:25:46.288Z"},{"date":"2015 Q2","value":"112011","year":"2015","month":"","quarter":"Q2","sourceDataset":"CSDB2","updateDate":"2016-01-27T15:25:46.288Z"},{"date":"2015 Q3","value":"116169","year":"2015","month":"","quarter":"Q3","sourceDataset":"CSDB2","updateDate":"2016-01-27T15:25:46.288Z"}],"months":[],"sourceDatasets":["CSDB2","CSDB10"],"relatedDatasets":[{"uri":"/economy/environmentalaccounts/datasets/asdasdasdasdsadqwdeqweqe/2046"},{"uri":"/economy/environmentalaccounts/datasets/werwerwerwerwerwr/2015"}],"relatedDocuments":[],"versions":[{"uri":"/economy/environmentalaccounts/timeseries/bqko/previous/v1","updateDate":"2016-01-27T00:00:00.000Z","correctionNotice":"","label":"v1"}],"type":"timeseries","description":{"title":"BOP:IM:CVM:SA:Total Trade in Goods £m                                   ","contact":{"email":"","name":"","telephone":""},"releaseDate":"2016-01-27T00:00:00.000Z","nextRelease":"","cdid":"BQKO","unit":"","preUnit":"","source":"","seasonalAdjustment":"NSA","date":"2015 Q3","number":"116169"}}