{"years":[{"date":"1987","value":"1783","year":"1987","month":"","quarter":"","sourceDataset":"CSDB2","updateDate":"2016-01-27T15:25:45.838Z"},{"date":"1988","value":"4293","year":"1988","month":"","quarter":"","sourceDataset":"CSDB2","updateDate":"2016-01-27T15:25:45.838Z"},{"date":"1989","value":"2426","year":"1989","month":"","quarter":"","sourceDataset":"CSDB2","updateDate":"2016-01-27T15:25:45.838Z"},{"date":"1990","value":"-1687","year":"1990","month":"","quarter":"","sourceDataset":"CSDB2","updateDate":"2016-01-27T15:25:45.838Z"},{"date":"1991","value":"-4858","year":"1991","month":"","quarter":"","sourceDataset":"CSDB2","updateDate":"2016-01-27T15:25:45.838Z"},{"date":"1992","value":"-1921","year":"1992","month":"","quarter":"","sourceDataset":"CSDB2","updateDate":"2016-01-27T15:25:45.838Z"},{"date":"1993","value":"238","year":"1993","month":"","quarter":"","sourceDataset":"CSDB2","updateDate":"2016-01-27T15:25:45.838Z"},{"date":"1994","value":"3904","year":"1994","month":"","quarter":"","sourceDataset":"CSDB2","updateDate":"2016-01-27T15:25:45.838Z"},{"date":"1995","value":"4542","year":"1995","month":"","quarter":"","sourceDataset":"CSDB2","updateDate":"2016-01-27T15:25:45.838Z"},{"date":"1996","value":"1672","year":"1996","month":"","quarter":"","sourceDataset":"CSDB2","updateDate":"2016-01-27T15:25:45.838Z"},{"date":"1997","value":"5248","year":"1997","month":"","quarter":"","sourceDataset":"CSDB2","updateDate":"2016-01-27T15:25:45.838Z"},{"date":"1998","value":"6889","year":"1998","month":"","quarter":"","sourceDataset":"CSDB2","updateDate":"2016-01-27T15:25:45.838Z"},{"date":"1999","value":"2110","year":"1999","month":"","quarter":"","sourceDataset":"CSDB2","updateDate":"2016-01-27T15:25:45.838Z"},{"date":"2000","value":"6499","year":"2000","month":"","quarter":"","sourceDataset":"CSDB2","updateDate":"2016-01-27T15:25:45.838Z"},{"date":"2001","value":"5770","year":"2001","month":"","quarter":"","sourceDataset":"CSDB2","updateDate":"2016-01-27T15:25:45.838Z"},{"date":"2002","value":"3720","year":"2002","month":"","quarter":"","sourceDataset":"CSDB2","updateDate":"2016-01-27T15:25:45.838Z"},{"date":"2003","value":"5315","year":"2003","month":"","quarter":"","sourceDataset":"CSDB2","updateDate":"2016-01-27T15:25:45.838Z"},{"date":"2004","value":"3818","year":"2004","month":"","quarter":"","sourceDataset":"CSDB2","updateDate":"2016-01-27T15:25:45.838Z"},{"date":"2005","value":"3229","year":"2005","month":"","quarter":"","sourceDataset":"CSDB2","updateDate":"2016-01-27T15:25:45.838Z"},{"date":"2006","value":"5057","year":"2006","month":"","quarter":"","sourceDataset":"CSDB2","updateDate":"2016-01-27T15:25:45.838Z"},{"date":"2007","value":"7309","year":"2007","month":"","quarter":"","sourceDataset":"CSDB2","updateDate":"2016-01-27T15:25:45.838Z"},{"date":"2008","value":"384","year":"2008","month":"","quarter":"","sourceDataset":"CSDB2","updateDate":"2016-01-27T15:25:45.838Z"},{"date":"2009","value":"-13479","year":"2009","month":"","quarter":"","sourceDataset":"CSDB2","updateDate":"2016-01-27T15:25:45.838Z"},{"date":"2010","value":"5055","year":"2010","month":"","quarter":"","sourceDataset":"CSDB2","updateDate":"2016-01-27T15:25:45.838Z"},{"date":"2011","value":"2619","year":"2011","month":"","quarter":"","sourceDataset":"CSDB2","updateDate":"2016-01-27T15:25:45.838Z"},{"date":"2012","value":"1603","year":"2012","month":"","quarter":"","sourceDataset":"CSDB2","updateDate":"2016-01-27T15:25:45.838Z"},{"date":"2013","value":"6753","year":"2013","month":"","quarter":"","sourceDataset":"CSDB2","updateDate":"2016-01-27T15:25:45.838Z"},{"date":"2014","value":"9860","year":"2014","month":"","quarter":"","sourceDataset":"CSDB2","updateDate":"2016-01-27T15:25:45.838Z"}],"quarters":[{"date":"1987 Q1","value":"291","year":"1987","month":"","quarter":"Q1","sourceDataset":"CSDB2","updateDate":"2016-01-27T15:25:45.838Z"},{"date":"1987 Q2","value":"604","year":"1987","month":"","quarter":"Q2","sourceDataset":"CSDB2","updateDate":"2016-01-27T15:25:45.838Z"},{"date":"1987 Q3","value":"337","year":"1987","month":"","quarter":"Q3","sourceDataset":"CSDB2","updateDate":"2016-01-27T15:25:45.838Z"},{"date":"1987 Q4","value":"551","year":"1987","month":"","quarter":"Q4","sourceDataset":"CSDB2","updateDate":"2016-01-27T15:25:45.838Z"},{"date":"1988 Q1","value":"361","year":"1988","month":"","quarter":"Q1","sourceDataset":"CSDB2","updateDate":"2016-01-27T15:25:45.838Z"},{"date":"1988 Q2","value":"-228","year":"1988","month":"","quarter":"Q2","sourceDataset":"CSDB2","updateDate":"2016-01-27T15:25:45.838Z"},{"date":"1988 Q3","value":"901","year":"1988","month":"","quarter":"Q3","sourceDataset":"CSDB2","updateDate":"2016-01-27T15:25:45.838Z"},{"date":"1988 Q4","value":"3259","year":"1988","month":"","quarter":"Q4","sourceDataset":"CSDB2","updateDate":"2016-01-27T15:25:45.838Z"},{"date":"1989 Q1","value":"700","year":"1989","month":"","quarter":"Q1","sourceDataset":"CSDB2","updateDate":"2016-01-27T15:25:45.838Z"},{"date":"1989 Q2","value":"635","year":"1989","month":"","quarter":"Q2","sourceDataset":"CSDB2","updateDate":"2016-01-27T15:25:45.838Z"},{"date":"1989 Q3","value":"1058","year":"1989","month":"","quarter":"Q3","sourceDataset":"CSDB2","updateDate":"2016-01-27T15:25:45.838Z"},{"date":"1989 Q4","value":"33","year":"1989","month":"","quarter":"Q4","sourceDataset":"CSDB2","updateDate":"2016-01-27T15:25:45.838Z"},{"date":"1990 Q1","value":"401","year":"1990","month":"","quarter":"Q1","sourceDataset":"CSDB2","updateDate":"2016-01-27T15:25:45.838Z"},{"date":"1990 Q2","value":"720","year":"1990","month":"","quarter":"Q2","sourceDataset":"CSDB2","updateDate":"2016-01-27T15:25:45.838Z"},{"date":"1990 Q3","value":"-251","year":"1990","month":"","quarter":"Q3","sourceDataset":"CSDB2","updateDate":"2016-01-27T15:25:45.838Z"},{"date":"1990 Q4","value":"-2557","year":"1990","month":"","quarter":"Q4","sourceDataset":"CSDB2","updateDate":"2016-01-27T15:25:45.838Z"},{"date":"1991 Q1","value":"-436","year":"1991","month":"","quarter":"Q1","sourceDataset":"CSDB2","updateDate":"2016-01-27T15:25:45.838Z"},{"date":"1991 Q2","value":"-1937","year":"1991","month":"","quarter":"Q2","sourceDataset":"CSDB2","updateDate":"2016-01-27T15:25:45.838Z"},{"date":"1991 Q3","value":"-1438","year":"1991","month":"","quarter":"Q3","sourceDataset":"CSDB2","updateDate":"2016-01-27T15:25:45.838Z"},{"date":"1991 Q4","value":"-1047","year":"1991","month":"","quarter":"Q4","sourceDataset":"CSDB2","updateDate":"2016-01-27T15:25:45.838Z"},{"date":"1992 Q1","value":"-654","year":"1992","month":"","quarter":"Q1","sourceDataset":"CSDB2","updateDate":"2016-01-27T15:25:45.838Z"},{"date":"1992 Q2","value":"-1119","year":"1992","month":"","quarter":"Q2","sourceDataset":"CSDB2","updateDate":"2016-01-27T15:25:45.838Z"},{"date":"1992 Q3","value":"-499","year":"1992","month":"","quarter":"Q3","sourceDataset":"CSDB2","updateDate":"2016-01-27T15:25:45.838Z"},{"date":"1992 Q4","value":"351","year":"1992","month":"","quarter":"Q4","sourceDataset":"CSDB2","updateDate":"2016-01-27T15:25:45.838Z"},{"date":"1993 Q1","value":"79","year":"1993","month":"","quarter":"Q1","sourceDataset":"CSDB2","updateDate":"2016-01-27T15:25:45.838Z"},{"date":"1993 Q2","value":"480","year":"1993","month":"","quarter":"Q2","sourceDataset":"CSDB2","updateDate":"2016-01-27T15:25:45.838Z"},{"date":"1993 Q3","value":"334","year":"1993","month":"","quarter":"Q3","sourceDataset":"CSDB2","updateDate":"2016-01-27T15:25:45.838Z"},{"date":"1993 Q4","value":"-655","year":"1993","month":"","quarter":"Q4","sourceDataset":"CSDB2","updateDate":"2016-01-27T15:25:45.838Z"},{"date":"1994 Q1","value":"-79","year":"1994","month":"","quarter":"Q1","sourceDataset":"CSDB2","updateDate":"2016-01-27T15:25:45.838Z"},{"date":"1994 Q2","value":"1729","year":"1994","month":"","quarter":"Q2","sourceDataset":"CSDB2","updateDate":"2016-01-27T15:25:45.838Z"},{"date":"1994 Q3","value":"520","year":"1994","month":"","quarter":"Q3","sourceDataset":"CSDB2","updateDate":"2016-01-27T15:25:45.838Z"},{"date":"1994 Q4","value":"1734","year":"1994","month":"","quarter":"Q4","sourceDataset":"CSDB2","updateDate":"2016-01-27T15:25:45.838Z"},{"date":"1995 Q1","value":"-704","year":"1995","month":"","quarter":"Q1","sourceDataset":"CSDB2","updateDate":"2016-01-27T15:25:45.838Z"},{"date":"1995 Q2","value":"1698","year":"1995","month":"","quarter":"Q2","sourceDataset":"CSDB2","updateDate":"2016-01-27T15:25:45.838Z"},{"date":"1995 Q3","value":"2773","year":"1995","month":"","quarter":"Q3","sourceDataset":"CSDB2","updateDate":"2016-01-27T15:25:45.838Z"},{"date":"1995 Q4","value":"775","year":"1995","month":"","quarter":"Q4","sourceDataset":"CSDB2","updateDate":"2016-01-27T15:25:45.838Z"},{"date":"1996 Q1","value":"1036","year":"1996","month":"","quarter":"Q1","sourceDataset":"CSDB2","updateDate":"2016-01-27T15:25:45.838Z"},{"date":"1996 Q2","value":"813","year":"1996","month":"","quarter":"Q2","sourceDataset":"CSDB2","updateDate":"2016-01-27T15:25:45.838Z"},{"date":"1996 Q3","value":"-50","year":"1996","month":"","quarter":"Q3","sourceDataset":"CSDB2","updateDate":"2016-01-27T15:25:45.838Z"},{"date":"1996 Q4","value":"-127","year":"1996","month":"","quarter":"Q4","sourceDataset":"CSDB2","updateDate":"2016-01-27T15:25:45.838Z"},{"date":"1997 Q1","value":"2954","year":"1997","month":"","quarter":"Q1","sourceDataset":"CSDB2","updateDate":"2016-01-27T15:25:45.838Z"},{"date":"1997 Q2","value":"2254","year":"1997","month":"","quarter":"Q2","sourceDataset":"CSDB2","updateDate":"2016-01-27T15:25:45.838Z"},{"date":"1997 Q3","value":"992","year":"1997","month":"","quarter":"Q3","sourceDataset":"CSDB2","updateDate":"2016-01-27T15:25:45.838Z"},{"date":"1997 Q4","value":"-952","year":"1997","month":"","quarter":"Q4","sourceDataset":"CSDB2","updateDate":"2016-01-27T15:25:45.838Z"},{"date":"1998 Q1","value":"507","year":"1998","month":"","quarter":"Q1","sourceDataset":"CSDB2","updateDate":"2016-01-27T15:25:45.838Z"},{"date":"1998 Q2","value":"3089","year":"1998","month":"","quarter":"Q2","sourceDataset":"CSDB2","updateDate":"2016-01-27T15:25:45.838Z"},{"date":"1998 Q3","value":"615","year":"1998","month":"","quarter":"Q3","sourceDataset":"CSDB2","updateDate":"2016-01-27T15:25:45.838Z"},{"date":"1998 Q4","value":"2678","year":"1998","month":"","quarter":"Q4","sourceDataset":"CSDB2","updateDate":"2016-01-27T15:25:45.838Z"},{"date":"1999 Q1","value":"544","year":"1999","month":"","quarter":"Q1","sourceDataset":"CSDB2","updateDate":"2016-01-27T15:25:45.838Z"},{"date":"1999 Q2","value":"241","year":"1999","month":"","quarter":"Q2","sourceDataset":"CSDB2","updateDate":"2016-01-27T15:25:45.838Z"},{"date":"1999 Q3","value":"143","year":"1999","month":"","quarter":"Q3","sourceDataset":"CSDB2","updateDate":"2016-01-27T15:25:45.838Z"},{"date":"1999 Q4","value":"1182","year":"1999","month":"","quarter":"Q4","sourceDataset":"CSDB2","updateDate":"2016-01-27T15:25:45.838Z"},{"date":"2000 Q1","value":"1524","year":"2000","month":"","quarter":"Q1","sourceDataset":"CSDB2","updateDate":"2016-01-27T15:25:45.838Z"},{"date":"2000 Q2","value":"276","year":"2000","month":"","quarter":"Q2","sourceDataset":"CSDB2","updateDate":"2016-01-27T15:25:45.838Z"},{"date":"2000 Q3","value":"2634","year":"2000","month":"","quarter":"Q3","sourceDataset":"CSDB2","updateDate":"2016-01-27T15:25:45.838Z"},{"date":"2000 Q4","value":"2065","year":"2000","month":"","quarter":"Q4","sourceDataset":"CSDB2","updateDate":"2016-01-27T15:25:45.838Z"},{"date":"2001 Q1","value":"826","year":"2001","month":"","quarter":"Q1","sourceDataset":"CSDB2","updateDate":"2016-01-27T15:25:45.838Z"},{"date":"2001 Q2","value":"3046","year":"2001","month":"","quarter":"Q2","sourceDataset":"CSDB2","updateDate":"2016-01-27T15:25:45.838Z"},{"date":"2001 Q3","value":"386","year":"2001","month":"","quarter":"Q3","sourceDataset":"CSDB2","updateDate":"2016-01-27T15:25:45.838Z"},{"date":"2001 Q4","value":"1512","year":"2001","month":"","quarter":"Q4","sourceDataset":"CSDB2","updateDate":"2016-01-27T15:25:45.838Z"},{"date":"2002 Q1","value":"1874","year":"2002","month":"","quarter":"Q1","sourceDataset":"CSDB2","updateDate":"2016-01-27T15:25:45.838Z"},{"date":"2002 Q2","value":"759","year":"2002","month":"","quarter":"Q2","sourceDataset":"CSDB2","updateDate":"2016-01-27T15:25:45.838Z"},{"date":"2002 Q3","value":"1068","year":"2002","month":"","quarter":"Q3","sourceDataset":"CSDB2","updateDate":"2016-01-27T15:25:45.838Z"},{"date":"2002 Q4","value":"19","year":"2002","month":"","quarter":"Q4","sourceDataset":"CSDB2","updateDate":"2016-01-27T15:25:45.838Z"},{"date":"2003 Q1","value":"1450","year":"2003","month":"","quarter":"Q1","sourceDataset":"CSDB2","updateDate":"2016-01-27T15:25:45.838Z"},{"date":"2003 Q2","value":"746","year":"2003","month":"","quarter":"Q2","sourceDataset":"CSDB2","updateDate":"2016-01-27T15:25:45.838Z"},{"date":"2003 Q3","value":"1066","year":"2003","month":"","quarter":"Q3","sourceDataset":"CSDB2","updateDate":"2016-01-27T15:25:45.838Z"},{"date":"2003 Q4","value":"2053","year":"2003","month":"","quarter":"Q4","sourceDataset":"CSDB2","updateDate":"2016-01-27T15:25:45.838Z"},{"date":"2004 Q1","value":"-1295","year":"2004","month":"","quarter":"Q1","sourceDataset":"CSDB2","updateDate":"2016-01-27T15:25:45.838Z"},{"date":"2004 Q2","value":"1761","year":"2004","month":"","quarter":"Q2","sourceDataset":"CSDB2","updateDate":"2016-01-27T15:25:45.838Z"},{"date":"2004 Q3","value":"2022","year":"2004","month":"","quarter":"Q3","sourceDataset":"CSDB2","updateDate":"2016-01-27T15:25:45.838Z"},{"date":"2004 Q4","value":"1330","year":"2004","month":"","quarter":"Q4","sourceDataset":"CSDB2","updateDate":"2016-01-27T15:25:45.838Z"},{"date":"2005 Q1","value":"-204","year":"2005","month":"","quarter":"Q1","sourceDataset":"CSDB2","updateDate":"2016-01-27T15:25:45.838Z"},{"date":"2005 Q2","value":"669","year":"2005","month":"","quarter":"Q2","sourceDataset":"CSDB2","updateDate":"2016-01-27T15:25:45.838Z"},{"date":"2005 Q3","value":"-171","year":"2005","month":"","quarter":"Q3","sourceDataset":"CSDB2","updateDate":"2016-01-27T15:25:45.838Z"},{"date":"2005 Q4","value":"2935","year":"2005","month":"","quarter":"Q4","sourceDataset":"CSDB2","updateDate":"2016-01-27T15:25:45.838Z"},{"date":"2006 Q1","value":"2834","year":"2006","month":"","quarter":"Q1","sourceDataset":"CSDB2","updateDate":"2016-01-27T15:25:45.838Z"},{"date":"2006 Q2","value":"192","year":"2006","month":"","quarter":"Q2","sourceDataset":"CSDB2","updateDate":"2016-01-27T15:25:45.838Z"},{"date":"2006 Q3","value":"-72","year":"2006","month":"","quarter":"Q3","sourceDataset":"CSDB2","updateDate":"2016-01-27T15:25:45.838Z"},{"date":"2006 Q4","value":"2103","year":"2006","month":"","quarter":"Q4","sourceDataset":"CSDB2","updateDate":"2016-01-27T15:25:45.838Z"},{"date":"2007 Q1","value":"3136","year":"2007","month":"","quarter":"Q1","sourceDataset":"CSDB2","updateDate":"2016-01-27T15:25:45.838Z"},{"date":"2007 Q2","value":"-1211","year":"2007","month":"","quarter":"Q2","sourceDataset":"CSDB2","updateDate":"2016-01-27T15:25:45.838Z"},{"date":"2007 Q3","value":"3871","year":"2007","month":"","quarter":"Q3","sourceDataset":"CSDB2","updateDate":"2016-01-27T15:25:45.838Z"},{"date":"2007 Q4","value":"1513","year":"2007","month":"","quarter":"Q4","sourceDataset":"CSDB2","updateDate":"2016-01-27T15:25:45.838Z"},{"date":"2008 Q1","value":"5570","year":"2008","month":"","quarter":"Q1","sourceDataset":"CSDB2","updateDate":"2016-01-27T15:25:45.838Z"},{"date":"2008 Q2","value":"1696","year":"2008","month":"","quarter":"Q2","sourceDataset":"CSDB2","updateDate":"2016-01-27T15:25:45.838Z"},{"date":"2008 Q3","value":"184","year":"2008","month":"","quarter":"Q3","sourceDataset":"CSDB2","updateDate":"2016-01-27T15:25:45.838Z"},{"date":"2008 Q4","value":"-7066","year":"2008","month":"","quarter":"Q4","sourceDataset":"CSDB2","updateDate":"2016-01-27T15:25:45.838Z"},{"date":"2009 Q1","value":"-6312","year":"2009","month":"","quarter":"Q1","sourceDataset":"CSDB2","updateDate":"2016-01-27T15:25:45.838Z"},{"date":"2009 Q2","value":"-1020","year":"2009","month":"","quarter":"Q2","sourceDataset":"CSDB2","updateDate":"2016-01-27T15:25:45.838Z"},{"date":"2009 Q3","value":"-4207","year":"2009","month":"","quarter":"Q3","sourceDataset":"CSDB2","updateDate":"2016-01-27T15:25:45.838Z"},{"date":"2009 Q4","value":"-1940","year":"2009","month":"","quarter":"Q4","sourceDataset":"CSDB2","updateDate":"2016-01-27T15:25:45.838Z"},{"date":"2010 Q1","value":"1187","year":"2010","month":"","quarter":"Q1","sourceDataset":"CSDB2","updateDate":"2016-01-27T15:25:45.838Z"},{"date":"2010 Q2","value":"2007","year":"2010","month":"","quarter":"Q2","sourceDataset":"CSDB2","updateDate":"2016-01-27T15:25:45.838Z"},{"date":"2010 Q3","value":"1118","year":"2010","month":"","quarter":"Q3","sourceDataset":"CSDB2","updateDate":"2016-01-27T15:25:45.838Z"},{"date":"2010 Q4","value":"743","year":"2010","month":"","quarter":"Q4","sourceDataset":"CSDB2","updateDate":"2016-01-27T15:25:45.838Z"},{"date":"2011 Q1","value":"266","year":"2011","month":"","quarter":"Q1","sourceDataset":"CSDB2","updateDate":"2016-01-27T15:25:45.838Z"},{"date":"2011 Q2","value":"-689","year":"2011","month":"","quarter":"Q2","sourceDataset":"CSDB2","updateDate":"2016-01-27T15:25:45.838Z"},{"date":"2011 Q3","value":"2715","year":"2011","month":"","quarter":"Q3","sourceDataset":"CSDB2","updateDate":"2016-01-27T15:25:45.838Z"},{"date":"2011 Q4","value":"327","year":"2011","month":"","quarter":"Q4","sourceDataset":"CSDB2","updateDate":"2016-01-27T15:25:45.838Z"},{"date":"2012 Q1","value":"-2304","year":"2012","month":"","quarter":"Q1","sourceDataset":"CSDB2","updateDate":"2016-01-27T15:25:45.838Z"},{"date":"2012 Q2","value":"-1411","year":"2012","month":"","quarter":"Q2","sourceDataset":"CSDB2","updateDate":"2016-01-27T15:25:45.838Z"},{"date":"2012 Q3","value":"3397","year":"2012","month":"","quarter":"Q3","sourceDataset":"CSDB2","updateDate":"2016-01-27T15:25:45.838Z"},{"date":"2012 Q4","value":"1921","year":"2012","month":"","quarter":"Q4","sourceDataset":"CSDB2","updateDate":"2016-01-27T15:25:45.838Z"},{"date":"2013 Q1","value":"1785","year":"2013","month":"","quarter":"Q1","sourceDataset":"CSDB2","updateDate":"2016-01-27T15:25:45.838Z"},{"date":"2013 Q2","value":"19","year":"2013","month":"","quarter":"Q2","sourceDataset":"CSDB2","updateDate":"2016-01-27T15:25:45.838Z"},{"date":"2013 Q3","value":"4699","year":"2013","month":"","quarter":"Q3","sourceDataset":"CSDB2","updateDate":"2016-01-27T15:25:45.838Z"},{"date":"2013 Q4","value":"250","year":"2013","month":"","quarter":"Q4","sourceDataset":"CSDB2","updateDate":"2016-01-27T15:25:45.838Z"},{"date":"2014 Q1","value":"980","year":"2014","month":"","quarter":"Q1","sourceDataset":"CSDB2","updateDate":"2016-01-27T15:25:45.838Z"},{"date":"2014 Q2","value":"2057","year":"2014","month":"","quarter":"Q2","sourceDataset":"CSDB2","updateDate":"2016-01-27T15:25:45.838Z"},{"date":"2014 Q3","value":"3911","year":"2014","month":"","quarter":"Q3","sourceDataset":"CSDB2","updateDate":"2016-01-27T15:25:45.838Z"},{"date":"2014 Q4","value":"2912","year":"2014","month":"","quarter":"Q4","sourceDataset":"CSDB2","updateDate":"2016-01-27T15:25:45.838Z"},{"date":"2015 Q1","value":"2235","year":"2015","month":"","quarter":"Q1","sourceDataset":"CSDB2","updateDate":"2016-01-27T15:25:45.838Z"},{"date":"2015 Q2","value":"-1460","year":"2015","month":"","quarter":"Q2","sourceDataset":"CSDB2","updateDate":"2016-01-27T15:25:45.838Z"},{"date":"2015 Q3","value":"-1310","year":"2015","month":"","quarter":"Q3","sourceDataset":"CSDB2","updateDate":"2016-01-27T15:25:45.838Z"}],"months":[],"sourceDatasets":["CSDB2"],"relatedDatasets":[{"uri":"/economy/environmentalaccounts/datasets/asdasdasdasdsadqwdeqweqe/2046"}],"relatedDocuments":[],"type":"timeseries","description":{"title":"Inventories: Private Non Financial Corporations: CP SA £m               ","contact":{"email":"","name":"","telephone":""},"releaseDate":"2016-01-27T00:00:00.000Z","nextRelease":"","cdid":"DLQY","unit":"","preUnit":"","source":"","seasonalAdjustment":"NSA","date":"2015 Q3","number":"-1310"}}