{"years":[{"date":"1999","value":"-3427","year":"1999","month":"","quarter":"","sourceDataset":"CSDB10","updateDate":"2016-01-28T09:29:40.226Z"},{"date":"2000","value":"-4529","year":"2000","month":"","quarter":"","sourceDataset":"CSDB10","updateDate":"2016-01-28T09:29:40.226Z"},{"date":"2001","value":"-4457","year":"2001","month":"","quarter":"","sourceDataset":"CSDB10","updateDate":"2016-01-28T09:29:40.226Z"},{"date":"2002","value":"-3517","year":"2002","month":"","quarter":"","sourceDataset":"CSDB10","updateDate":"2016-01-28T09:29:40.226Z"},{"date":"2003","value":"-2715","year":"2003","month":"","quarter":"","sourceDataset":"CSDB10","updateDate":"2016-01-28T09:29:40.226Z"},{"date":"2004","value":"-1620","year":"2004","month":"","quarter":"","sourceDataset":"CSDB10","updateDate":"2016-01-28T09:29:40.226Z"},{"date":"2005","value":"-1642","year":"2005","month":"","quarter":"","sourceDataset":"CSDB10","updateDate":"2016-01-28T09:29:40.226Z"},{"date":"2006","value":"-2304","year":"2006","month":"","quarter":"","sourceDataset":"CSDB10","updateDate":"2016-01-28T09:29:40.226Z"},{"date":"2007","value":"-2896","year":"2007","month":"","quarter":"","sourceDataset":"CSDB10","updateDate":"2016-01-28T09:29:40.226Z"},{"date":"2008","value":"-5766","year":"2008","month":"","quarter":"","sourceDataset":"CSDB10","updateDate":"2016-01-28T09:29:40.226Z"},{"date":"2009","value":"-6773","year":"2009","month":"","quarter":"","sourceDataset":"CSDB10","updateDate":"2016-01-28T09:29:40.226Z"},{"date":"2010","value":"-1921","year":"2010","month":"","quarter":"","sourceDataset":"CSDB10","updateDate":"2016-01-28T09:29:40.226Z"},{"date":"2011","value":"1228","year":"2011","month":"","quarter":"","sourceDataset":"CSDB10","updateDate":"2016-01-28T09:29:40.226Z"},{"date":"2012","value":"5813","year":"2012","month":"","quarter":"","sourceDataset":"CSDB10","updateDate":"2016-01-28T09:29:40.226Z"},{"date":"2013","value":"1366","year":"2013","month":"","quarter":"","sourceDataset":"CSDB10","updateDate":"2016-01-28T09:29:40.226Z"},{"date":"2014","value":"2005","year":"2014","month":"","quarter":"","sourceDataset":"CSDB10","updateDate":"2016-01-28T09:29:40.226Z"}],"quarters":[{"date":"1999 Q1","value":"-717","year":"1999","month":"","quarter":"Q1","sourceDataset":"CSDB10","updateDate":"2016-01-28T09:29:40.226Z"},{"date":"1999 Q2","value":"-845","year":"1999","month":"","quarter":"Q2","sourceDataset":"CSDB10","updateDate":"2016-01-28T09:29:40.226Z"},{"date":"1999 Q3","value":"-901","year":"1999","month":"","quarter":"Q3","sourceDataset":"CSDB10","updateDate":"2016-01-28T09:29:40.226Z"},{"date":"1999 Q4","value":"-964","year":"1999","month":"","quarter":"Q4","sourceDataset":"CSDB10","updateDate":"2016-01-28T09:29:40.226Z"},{"date":"2000 Q1","value":"-1044","year":"2000","month":"","quarter":"Q1","sourceDataset":"CSDB10","updateDate":"2016-01-28T09:29:40.226Z"},{"date":"2000 Q2","value":"-1073","year":"2000","month":"","quarter":"Q2","sourceDataset":"CSDB10","updateDate":"2016-01-28T09:29:40.226Z"},{"date":"2000 Q3","value":"-1125","year":"2000","month":"","quarter":"Q3","sourceDataset":"CSDB10","updateDate":"2016-01-28T09:29:40.226Z"},{"date":"2000 Q4","value":"-1287","year":"2000","month":"","quarter":"Q4","sourceDataset":"CSDB10","updateDate":"2016-01-28T09:29:40.226Z"},{"date":"2001 Q1","value":"-1286","year":"2001","month":"","quarter":"Q1","sourceDataset":"CSDB10","updateDate":"2016-01-28T09:29:40.226Z"},{"date":"2001 Q2","value":"-1330","year":"2001","month":"","quarter":"Q2","sourceDataset":"CSDB10","updateDate":"2016-01-28T09:29:40.226Z"},{"date":"2001 Q3","value":"-1075","year":"2001","month":"","quarter":"Q3","sourceDataset":"CSDB10","updateDate":"2016-01-28T09:29:40.226Z"},{"date":"2001 Q4","value":"-766","year":"2001","month":"","quarter":"Q4","sourceDataset":"CSDB10","updateDate":"2016-01-28T09:29:40.226Z"},{"date":"2002 Q1","value":"-937","year":"2002","month":"","quarter":"Q1","sourceDataset":"CSDB10","updateDate":"2016-01-28T09:29:40.226Z"},{"date":"2002 Q2","value":"-965","year":"2002","month":"","quarter":"Q2","sourceDataset":"CSDB10","updateDate":"2016-01-28T09:29:40.226Z"},{"date":"2002 Q3","value":"-845","year":"2002","month":"","quarter":"Q3","sourceDataset":"CSDB10","updateDate":"2016-01-28T09:29:40.226Z"},{"date":"2002 Q4","value":"-770","year":"2002","month":"","quarter":"Q4","sourceDataset":"CSDB10","updateDate":"2016-01-28T09:29:40.226Z"},{"date":"2003 Q1","value":"-634","year":"2003","month":"","quarter":"Q1","sourceDataset":"CSDB10","updateDate":"2016-01-28T09:29:40.226Z"},{"date":"2003 Q2","value":"-627","year":"2003","month":"","quarter":"Q2","sourceDataset":"CSDB10","updateDate":"2016-01-28T09:29:40.226Z"},{"date":"2003 Q3","value":"-646","year":"2003","month":"","quarter":"Q3","sourceDataset":"CSDB10","updateDate":"2016-01-28T09:29:40.226Z"},{"date":"2003 Q4","value":"-808","year":"2003","month":"","quarter":"Q4","sourceDataset":"CSDB10","updateDate":"2016-01-28T09:29:40.226Z"},{"date":"2004 Q1","value":"-388","year":"2004","month":"","quarter":"Q1","sourceDataset":"CSDB10","updateDate":"2016-01-28T09:29:40.226Z"},{"date":"2004 Q2","value":"-486","year":"2004","month":"","quarter":"Q2","sourceDataset":"CSDB10","updateDate":"2016-01-28T09:29:40.226Z"},{"date":"2004 Q3","value":"-468","year":"2004","month":"","quarter":"Q3","sourceDataset":"CSDB10","updateDate":"2016-01-28T09:29:40.226Z"},{"date":"2004 Q4","value":"-278","year":"2004","month":"","quarter":"Q4","sourceDataset":"CSDB10","updateDate":"2016-01-28T09:29:40.226Z"},{"date":"2005 Q1","value":"-454","year":"2005","month":"","quarter":"Q1","sourceDataset":"CSDB10","updateDate":"2016-01-28T09:29:40.226Z"},{"date":"2005 Q2","value":"-248","year":"2005","month":"","quarter":"Q2","sourceDataset":"CSDB10","updateDate":"2016-01-28T09:29:40.226Z"},{"date":"2005 Q3","value":"-486","year":"2005","month":"","quarter":"Q3","sourceDataset":"CSDB10","updateDate":"2016-01-28T09:29:40.226Z"},{"date":"2005 Q4","value":"-454","year":"2005","month":"","quarter":"Q4","sourceDataset":"CSDB10","updateDate":"2016-01-28T09:29:40.226Z"},{"date":"2006 Q1","value":"-547","year":"2006","month":"","quarter":"Q1","sourceDataset":"CSDB10","updateDate":"2016-01-28T09:29:40.226Z"},{"date":"2006 Q2","value":"-654","year":"2006","month":"","quarter":"Q2","sourceDataset":"CSDB10","updateDate":"2016-01-28T09:29:40.226Z"},{"date":"2006 Q3","value":"-593","year":"2006","month":"","quarter":"Q3","sourceDataset":"CSDB10","updateDate":"2016-01-28T09:29:40.226Z"},{"date":"2006 Q4","value":"-510","year":"2006","month":"","quarter":"Q4","sourceDataset":"CSDB10","updateDate":"2016-01-28T09:29:40.226Z"},{"date":"2007 Q1","value":"-680","year":"2007","month":"","quarter":"Q1","sourceDataset":"CSDB10","updateDate":"2016-01-28T09:29:40.226Z"},{"date":"2007 Q2","value":"-808","year":"2007","month":"","quarter":"Q2","sourceDataset":"CSDB10","updateDate":"2016-01-28T09:29:40.226Z"},{"date":"2007 Q3","value":"-715","year":"2007","month":"","quarter":"Q3","sourceDataset":"CSDB10","updateDate":"2016-01-28T09:29:40.226Z"},{"date":"2007 Q4","value":"-693","year":"2007","month":"","quarter":"Q4","sourceDataset":"CSDB10","updateDate":"2016-01-28T09:29:40.226Z"},{"date":"2008 Q1","value":"-1000","year":"2008","month":"","quarter":"Q1","sourceDataset":"CSDB10","updateDate":"2016-01-28T09:29:40.226Z"},{"date":"2008 Q2","value":"-1424","year":"2008","month":"","quarter":"Q2","sourceDataset":"CSDB10","updateDate":"2016-01-28T09:29:40.226Z"},{"date":"2008 Q3","value":"-1610","year":"2008","month":"","quarter":"Q3","sourceDataset":"CSDB10","updateDate":"2016-01-28T09:29:40.226Z"},{"date":"2008 Q4","value":"-1732","year":"2008","month":"","quarter":"Q4","sourceDataset":"CSDB10","updateDate":"2016-01-28T09:29:40.226Z"},{"date":"2009 Q1","value":"-2022","year":"2009","month":"","quarter":"Q1","sourceDataset":"CSDB10","updateDate":"2016-01-28T09:29:40.226Z"},{"date":"2009 Q2","value":"-1448","year":"2009","month":"","quarter":"Q2","sourceDataset":"CSDB10","updateDate":"2016-01-28T09:29:40.226Z"},{"date":"2009 Q3","value":"-1672","year":"2009","month":"","quarter":"Q3","sourceDataset":"CSDB10","updateDate":"2016-01-28T09:29:40.226Z"},{"date":"2009 Q4","value":"-1631","year":"2009","month":"","quarter":"Q4","sourceDataset":"CSDB10","updateDate":"2016-01-28T09:29:40.226Z"},{"date":"2010 Q1","value":"-590","year":"2010","month":"","quarter":"Q1","sourceDataset":"CSDB10","updateDate":"2016-01-28T09:29:40.226Z"},{"date":"2010 Q2","value":"-470","year":"2010","month":"","quarter":"Q2","sourceDataset":"CSDB10","updateDate":"2016-01-28T09:29:40.226Z"},{"date":"2010 Q3","value":"-347","year":"2010","month":"","quarter":"Q3","sourceDataset":"CSDB10","updateDate":"2016-01-28T09:29:40.226Z"},{"date":"2010 Q4","value":"-514","year":"2010","month":"","quarter":"Q4","sourceDataset":"CSDB10","updateDate":"2016-01-28T09:29:40.226Z"},{"date":"2011 Q1","value":"-17","year":"2011","month":"","quarter":"Q1","sourceDataset":"CSDB10","updateDate":"2016-01-28T09:29:40.226Z"},{"date":"2011 Q2","value":"-7","year":"2011","month":"","quarter":"Q2","sourceDataset":"CSDB10","updateDate":"2016-01-28T09:29:40.226Z"},{"date":"2011 Q3","value":"258","year":"2011","month":"","quarter":"Q3","sourceDataset":"CSDB10","updateDate":"2016-01-28T09:29:40.226Z"},{"date":"2011 Q4","value":"994","year":"2011","month":"","quarter":"Q4","sourceDataset":"CSDB10","updateDate":"2016-01-28T09:29:40.226Z"},{"date":"2012 Q1","value":"1396","year":"2012","month":"","quarter":"Q1","sourceDataset":"CSDB10","updateDate":"2016-01-28T09:29:40.226Z"},{"date":"2012 Q2","value":"1385","year":"2012","month":"","quarter":"Q2","sourceDataset":"CSDB10","updateDate":"2016-01-28T09:29:40.226Z"},{"date":"2012 Q3","value":"1527","year":"2012","month":"","quarter":"Q3","sourceDataset":"CSDB10","updateDate":"2016-01-28T09:29:40.226Z"},{"date":"2012 Q4","value":"1505","year":"2012","month":"","quarter":"Q4","sourceDataset":"CSDB10","updateDate":"2016-01-28T09:29:40.226Z"},{"date":"2013 Q1","value":"330","year":"2013","month":"","quarter":"Q1","sourceDataset":"CSDB10","updateDate":"2016-01-28T09:29:40.226Z"},{"date":"2013 Q2","value":"346","year":"2013","month":"","quarter":"Q2","sourceDataset":"CSDB10","updateDate":"2016-01-28T09:29:40.226Z"},{"date":"2013 Q3","value":"356","year":"2013","month":"","quarter":"Q3","sourceDataset":"CSDB10","updateDate":"2016-01-28T09:29:40.226Z"},{"date":"2013 Q4","value":"334","year":"2013","month":"","quarter":"Q4","sourceDataset":"CSDB10","updateDate":"2016-01-28T09:29:40.226Z"},{"date":"2014 Q1","value":"320","year":"2014","month":"","quarter":"Q1","sourceDataset":"CSDB10","updateDate":"2016-01-28T09:29:40.226Z"},{"date":"2014 Q2","value":"138","year":"2014","month":"","quarter":"Q2","sourceDataset":"CSDB10","updateDate":"2016-01-28T09:29:40.226Z"},{"date":"2014 Q3","value":"741","year":"2014","month":"","quarter":"Q3","sourceDataset":"CSDB10","updateDate":"2016-01-28T09:29:40.226Z"},{"date":"2014 Q4","value":"806","year":"2014","month":"","quarter":"Q4","sourceDataset":"CSDB10","updateDate":"2016-01-28T09:29:40.226Z"},{"date":"2015 Q1","value":"915","year":"2015","month":"","quarter":"Q1","sourceDataset":"CSDB10","updateDate":"2016-01-28T09:29:40.226Z"},{"date":"2015 Q2","value":"899","year":"2015","month":"","quarter":"Q2","sourceDataset":"CSDB10","updateDate":"2016-01-28T09:29:40.226Z"},{"date":"2015 Q3","value":"681","year":"2015","month":"","quarter":"Q3","sourceDataset":"CSDB10","updateDate":"2016-01-28T09:29:40.226Z"}],"months":[],"sourceDatasets":["CSDB10"],"relatedDatasets":[{"uri":"/economy/environmentalaccounts/datasets/werwerwerwerwerwr/2015"}],"relatedDocuments":[],"type":"timeseries","description":{"title":"Current Account Balance Hong Kong : SA:£m                               ","contact":{"email":"","name":"","telephone":""},"releaseDate":"2016-01-27T00:00:00.000Z","nextRelease":"","cdid":"EQS6","unit":"","preUnit":"","source":"","seasonalAdjustment":"NSA","date":"2015 Q3","number":"681"}}