{"years":[{"date":"1948","value":"2380","year":"1948","month":"","quarter":"","sourceDataset":"CSDB10","updateDate":"2016-01-28T09:29:38.274Z"},{"date":"1949","value":"-42","year":"1949","month":"","quarter":"","sourceDataset":"CSDB10","updateDate":"2016-01-28T09:29:38.274Z"},{"date":"1950","value":"-5576","year":"1950","month":"","quarter":"","sourceDataset":"CSDB10","updateDate":"2016-01-28T09:29:38.274Z"},{"date":"1951","value":"7945","year":"1951","month":"","quarter":"","sourceDataset":"CSDB10","updateDate":"2016-01-28T09:29:38.274Z"},{"date":"1952","value":"-404","year":"1952","month":"","quarter":"","sourceDataset":"CSDB10","updateDate":"2016-01-28T09:29:38.274Z"},{"date":"1953","value":"638","year":"1953","month":"","quarter":"","sourceDataset":"CSDB10","updateDate":"2016-01-28T09:29:38.274Z"},{"date":"1954","value":"-435","year":"1954","month":"","quarter":"","sourceDataset":"CSDB10","updateDate":"2016-01-28T09:29:38.274Z"},{"date":"1955","value":"4193","year":"1955","month":"","quarter":"","sourceDataset":"CSDB10","updateDate":"2016-01-28T09:29:38.274Z"},{"date":"1956","value":"3000","year":"1956","month":"","quarter":"","sourceDataset":"CSDB10","updateDate":"2016-01-28T09:29:38.274Z"},{"date":"1957","value":"3110","year":"1957","month":"","quarter":"","sourceDataset":"CSDB10","updateDate":"2016-01-28T09:29:38.274Z"},{"date":"1958","value":"602","year":"1958","month":"","quarter":"","sourceDataset":"CSDB10","updateDate":"2016-01-28T09:29:38.274Z"},{"date":"1959","value":"2350","year":"1959","month":"","quarter":"","sourceDataset":"CSDB10","updateDate":"2016-01-28T09:29:38.274Z"},{"date":"1960","value":"10323","year":"1960","month":"","quarter":"","sourceDataset":"CSDB10","updateDate":"2016-01-28T09:29:38.274Z"},{"date":"1961","value":"4242","year":"1961","month":"","quarter":"","sourceDataset":"CSDB10","updateDate":"2016-01-28T09:29:38.274Z"},{"date":"1962","value":"-1212","year":"1962","month":"","quarter":"","sourceDataset":"CSDB10","updateDate":"2016-01-28T09:29:38.274Z"},{"date":"1963","value":"2026","year":"1963","month":"","quarter":"","sourceDataset":"CSDB10","updateDate":"2016-01-28T09:29:38.274Z"},{"date":"1964","value":"12708","year":"1964","month":"","quarter":"","sourceDataset":"CSDB10","updateDate":"2016-01-28T09:29:38.274Z"},{"date":"1965","value":"7777","year":"1965","month":"","quarter":"","sourceDataset":"CSDB10","updateDate":"2016-01-28T09:29:38.274Z"},{"date":"1966","value":"4415","year":"1966","month":"","quarter":"","sourceDataset":"CSDB10","updateDate":"2016-01-28T09:29:38.274Z"},{"date":"1967","value":"3205","year":"1967","month":"","quarter":"","sourceDataset":"CSDB10","updateDate":"2016-01-28T09:29:38.274Z"},{"date":"1968","value":"5933","year":"1968","month":"","quarter":"","sourceDataset":"CSDB10","updateDate":"2016-01-28T09:29:38.274Z"},{"date":"1969","value":"6718","year":"1969","month":"","quarter":"","sourceDataset":"CSDB10","updateDate":"2016-01-28T09:29:38.274Z"},{"date":"1970","value":"4640","year":"1970","month":"","quarter":"","sourceDataset":"CSDB10","updateDate":"2016-01-28T09:29:38.274Z"},{"date":"1971","value":"518","year":"1971","month":"","quarter":"","sourceDataset":"CSDB10","updateDate":"2016-01-28T09:29:38.274Z"},{"date":"1972","value":"-1423","year":"1972","month":"","quarter":"","sourceDataset":"CSDB10","updateDate":"2016-01-28T09:29:38.274Z"},{"date":"1973","value":"19615","year":"1973","month":"","quarter":"","sourceDataset":"CSDB10","updateDate":"2016-01-28T09:29:38.274Z"},{"date":"1974","value":"8087","year":"1974","month":"","quarter":"","sourceDataset":"CSDB10","updateDate":"2016-01-28T09:29:38.274Z"},{"date":"1975","value":"-12245","year":"1975","month":"","quarter":"","sourceDataset":"CSDB10","updateDate":"2016-01-28T09:29:38.274Z"},{"date":"1976","value":"3764","year":"1976","month":"","quarter":"","sourceDataset":"CSDB10","updateDate":"2016-01-28T09:29:38.274Z"},{"date":"1977","value":"9479","year":"1977","month":"","quarter":"","sourceDataset":"CSDB10","updateDate":"2016-01-28T09:29:38.274Z"},{"date":"1978","value":"7737","year":"1978","month":"","quarter":"","sourceDataset":"CSDB10","updateDate":"2016-01-28T09:29:38.274Z"},{"date":"1979","value":"9195","year":"1979","month":"","quarter":"","sourceDataset":"CSDB10","updateDate":"2016-01-28T09:29:38.274Z"},{"date":"1980","value":"-12145","year":"1980","month":"","quarter":"","sourceDataset":"CSDB10","updateDate":"2016-01-28T09:29:38.274Z"},{"date":"1981","value":"-11604","year":"1981","month":"","quarter":"","sourceDataset":"CSDB10","updateDate":"2016-01-28T09:29:38.274Z"},{"date":"1982","value":"-5482","year":"1982","month":"","quarter":"","sourceDataset":"CSDB10","updateDate":"2016-01-28T09:29:38.274Z"},{"date":"1983","value":"2925","year":"1983","month":"","quarter":"","sourceDataset":"CSDB10","updateDate":"2016-01-28T09:29:38.274Z"},{"date":"1984","value":"2048","year":"1984","month":"","quarter":"","sourceDataset":"CSDB10","updateDate":"2016-01-28T09:29:38.274Z"},{"date":"1985","value":"1210","year":"1985","month":"","quarter":"","sourceDataset":"CSDB10","updateDate":"2016-01-28T09:29:38.274Z"},{"date":"1986","value":"1763","year":"1986","month":"","quarter":"","sourceDataset":"CSDB10","updateDate":"2016-01-28T09:29:38.274Z"},{"date":"1987","value":"2959","year":"1987","month":"","quarter":"","sourceDataset":"CSDB10","updateDate":"2016-01-28T09:29:38.274Z"},{"date":"1988","value":"12053","year":"1988","month":"","quarter":"","sourceDataset":"CSDB10","updateDate":"2016-01-28T09:29:38.274Z"},{"date":"1989","value":"5743","year":"1989","month":"","quarter":"","sourceDataset":"CSDB10","updateDate":"2016-01-28T09:29:38.274Z"},{"date":"1990","value":"-6152","year":"1990","month":"","quarter":"","sourceDataset":"CSDB10","updateDate":"2016-01-28T09:29:38.274Z"},{"date":"1991","value":"-13644","year":"1991","month":"","quarter":"","sourceDataset":"CSDB10","updateDate":"2016-01-28T09:29:38.274Z"},{"date":"1992","value":"-5889","year":"1992","month":"","quarter":"","sourceDataset":"CSDB10","updateDate":"2016-01-28T09:29:38.274Z"},{"date":"1993","value":"-577","year":"1993","month":"","quarter":"","sourceDataset":"CSDB10","updateDate":"2016-01-28T09:29:38.274Z"},{"date":"1994","value":"9657","year":"1994","month":"","quarter":"","sourceDataset":"CSDB10","updateDate":"2016-01-28T09:29:38.274Z"},{"date":"1995","value":"8883","year":"1995","month":"","quarter":"","sourceDataset":"CSDB10","updateDate":"2016-01-28T09:29:38.274Z"},{"date":"1996","value":"2792","year":"1996","month":"","quarter":"","sourceDataset":"CSDB10","updateDate":"2016-01-28T09:29:38.274Z"},{"date":"1997","value":"2696","year":"1997","month":"","quarter":"","sourceDataset":"CSDB10","updateDate":"2016-01-28T09:29:38.274Z"},{"date":"1998","value":"5062","year":"1998","month":"","quarter":"","sourceDataset":"CSDB10","updateDate":"2016-01-28T09:29:38.274Z"},{"date":"1999","value":"7804","year":"1999","month":"","quarter":"","sourceDataset":"CSDB10","updateDate":"2016-01-28T09:29:38.274Z"},{"date":"2000","value":"1324","year":"2000","month":"","quarter":"","sourceDataset":"CSDB10","updateDate":"2016-01-28T09:29:38.274Z"},{"date":"2001","value":"9801","year":"2001","month":"","quarter":"","sourceDataset":"CSDB10","updateDate":"2016-01-28T09:29:38.275Z"},{"date":"2002","value":"2763","year":"2002","month":"","quarter":"","sourceDataset":"CSDB10","updateDate":"2016-01-28T09:29:38.275Z"},{"date":"2003","value":"4143","year":"2003","month":"","quarter":"","sourceDataset":"CSDB10","updateDate":"2016-01-28T09:29:38.275Z"},{"date":"2004","value":"-33","year":"2004","month":"","quarter":"","sourceDataset":"CSDB10","updateDate":"2016-01-28T09:29:38.275Z"},{"date":"2005","value":"-2773","year":"2005","month":"","quarter":"","sourceDataset":"CSDB10","updateDate":"2016-01-28T09:29:38.275Z"},{"date":"2006","value":"1814","year":"2006","month":"","quarter":"","sourceDataset":"CSDB10","updateDate":"2016-01-28T09:29:38.275Z"},{"date":"2007","value":"79","year":"2007","month":"","quarter":"","sourceDataset":"CSDB10","updateDate":"2016-01-28T09:29:38.275Z"},{"date":"2008","value":"-8749","year":"2008","month":"","quarter":"","sourceDataset":"CSDB10","updateDate":"2016-01-28T09:29:38.275Z"},{"date":"2009","value":"-17856","year":"2009","month":"","quarter":"","sourceDataset":"CSDB10","updateDate":"2016-01-28T09:29:38.275Z"},{"date":"2010","value":"5492","year":"2010","month":"","quarter":"","sourceDataset":"CSDB10","updateDate":"2016-01-28T09:29:38.275Z"},{"date":"2011","value":"-4247","year":"2011","month":"","quarter":"","sourceDataset":"CSDB10","updateDate":"2016-01-28T09:29:38.275Z"},{"date":"2012","value":"1533","year":"2012","month":"","quarter":"","sourceDataset":"CSDB10","updateDate":"2016-01-28T09:29:38.275Z"},{"date":"2013","value":"13632","year":"2013","month":"","quarter":"","sourceDataset":"CSDB10","updateDate":"2016-01-28T09:29:38.275Z"},{"date":"2014","value":"16662","year":"2014","month":"","quarter":"","sourceDataset":"CSDB10","updateDate":"2016-01-28T09:29:38.275Z"}],"quarters":[{"date":"1955 Q1","value":"2788","year":"1955","month":"","quarter":"Q1","sourceDataset":"CSDB10","updateDate":"2016-01-28T09:29:38.275Z"},{"date":"1955 Q2","value":"-821","year":"1955","month":"","quarter":"Q2","sourceDataset":"CSDB10","updateDate":"2016-01-28T09:29:38.275Z"},{"date":"1955 Q3","value":"2282","year":"1955","month":"","quarter":"Q3","sourceDataset":"CSDB10","updateDate":"2016-01-28T09:29:38.275Z"},{"date":"1955 Q4","value":"-56","year":"1955","month":"","quarter":"Q4","sourceDataset":"CSDB10","updateDate":"2016-01-28T09:29:38.275Z"},{"date":"1956 Q1","value":"2047","year":"1956","month":"","quarter":"Q1","sourceDataset":"CSDB10","updateDate":"2016-01-28T09:29:38.275Z"},{"date":"1956 Q2","value":"1891","year":"1956","month":"","quarter":"Q2","sourceDataset":"CSDB10","updateDate":"2016-01-28T09:29:38.275Z"},{"date":"1956 Q3","value":"348","year":"1956","month":"","quarter":"Q3","sourceDataset":"CSDB10","updateDate":"2016-01-28T09:29:38.275Z"},{"date":"1956 Q4","value":"-1286","year":"1956","month":"","quarter":"Q4","sourceDataset":"CSDB10","updateDate":"2016-01-28T09:29:38.275Z"},{"date":"1957 Q1","value":"3187","year":"1957","month":"","quarter":"Q1","sourceDataset":"CSDB10","updateDate":"2016-01-28T09:29:38.275Z"},{"date":"1957 Q2","value":"1602","year":"1957","month":"","quarter":"Q2","sourceDataset":"CSDB10","updateDate":"2016-01-28T09:29:38.275Z"},{"date":"1957 Q3","value":"532","year":"1957","month":"","quarter":"Q3","sourceDataset":"CSDB10","updateDate":"2016-01-28T09:29:38.275Z"},{"date":"1957 Q4","value":"-2211","year":"1957","month":"","quarter":"Q4","sourceDataset":"CSDB10","updateDate":"2016-01-28T09:29:38.275Z"},{"date":"1958 Q1","value":"1373","year":"1958","month":"","quarter":"Q1","sourceDataset":"CSDB10","updateDate":"2016-01-28T09:29:38.275Z"},{"date":"1958 Q2","value":"-93","year":"1958","month":"","quarter":"Q2","sourceDataset":"CSDB10","updateDate":"2016-01-28T09:29:38.275Z"},{"date":"1958 Q3","value":"1007","year":"1958","month":"","quarter":"Q3","sourceDataset":"CSDB10","updateDate":"2016-01-28T09:29:38.275Z"},{"date":"1958 Q4","value":"-1685","year":"1958","month":"","quarter":"Q4","sourceDataset":"CSDB10","updateDate":"2016-01-28T09:29:38.275Z"},{"date":"1959 Q1","value":"922","year":"1959","month":"","quarter":"Q1","sourceDataset":"CSDB10","updateDate":"2016-01-28T09:29:38.275Z"},{"date":"1959 Q2","value":"461","year":"1959","month":"","quarter":"Q2","sourceDataset":"CSDB10","updateDate":"2016-01-28T09:29:38.275Z"},{"date":"1959 Q3","value":"1262","year":"1959","month":"","quarter":"Q3","sourceDataset":"CSDB10","updateDate":"2016-01-28T09:29:38.275Z"},{"date":"1959 Q4","value":"-295","year":"1959","month":"","quarter":"Q4","sourceDataset":"CSDB10","updateDate":"2016-01-28T09:29:38.275Z"},{"date":"1960 Q1","value":"3057","year":"1960","month":"","quarter":"Q1","sourceDataset":"CSDB10","updateDate":"2016-01-28T09:29:38.275Z"},{"date":"1960 Q2","value":"2219","year":"1960","month":"","quarter":"Q2","sourceDataset":"CSDB10","updateDate":"2016-01-28T09:29:38.275Z"},{"date":"1960 Q3","value":"3038","year":"1960","month":"","quarter":"Q3","sourceDataset":"CSDB10","updateDate":"2016-01-28T09:29:38.275Z"},{"date":"1960 Q4","value":"2009","year":"1960","month":"","quarter":"Q4","sourceDataset":"CSDB10","updateDate":"2016-01-28T09:29:38.275Z"},{"date":"1961 Q1","value":"2994","year":"1961","month":"","quarter":"Q1","sourceDataset":"CSDB10","updateDate":"2016-01-28T09:29:38.275Z"},{"date":"1961 Q2","value":"2480","year":"1961","month":"","quarter":"Q2","sourceDataset":"CSDB10","updateDate":"2016-01-28T09:29:38.275Z"},{"date":"1961 Q3","value":"459","year":"1961","month":"","quarter":"Q3","sourceDataset":"CSDB10","updateDate":"2016-01-28T09:29:38.275Z"},{"date":"1961 Q4","value":"-1691","year":"1961","month":"","quarter":"Q4","sourceDataset":"CSDB10","updateDate":"2016-01-28T09:29:38.275Z"},{"date":"1962 Q1","value":"-775","year":"1962","month":"","quarter":"Q1","sourceDataset":"CSDB10","updateDate":"2016-01-28T09:29:38.275Z"},{"date":"1962 Q2","value":"314","year":"1962","month":"","quarter":"Q2","sourceDataset":"CSDB10","updateDate":"2016-01-28T09:29:38.275Z"},{"date":"1962 Q3","value":"592","year":"1962","month":"","quarter":"Q3","sourceDataset":"CSDB10","updateDate":"2016-01-28T09:29:38.275Z"},{"date":"1962 Q4","value":"-1343","year":"1962","month":"","quarter":"Q4","sourceDataset":"CSDB10","updateDate":"2016-01-28T09:29:38.275Z"},{"date":"1963 Q1","value":"-41","year":"1963","month":"","quarter":"Q1","sourceDataset":"CSDB10","updateDate":"2016-01-28T09:29:38.275Z"},{"date":"1963 Q2","value":"1152","year":"1963","month":"","quarter":"Q2","sourceDataset":"CSDB10","updateDate":"2016-01-28T09:29:38.275Z"},{"date":"1963 Q3","value":"-77","year":"1963","month":"","quarter":"Q3","sourceDataset":"CSDB10","updateDate":"2016-01-28T09:29:38.275Z"},{"date":"1963 Q4","value":"992","year":"1963","month":"","quarter":"Q4","sourceDataset":"CSDB10","updateDate":"2016-01-28T09:29:38.275Z"},{"date":"1964 Q1","value":"1934","year":"1964","month":"","quarter":"Q1","sourceDataset":"CSDB10","updateDate":"2016-01-28T09:29:38.275Z"},{"date":"1964 Q2","value":"3957","year":"1964","month":"","quarter":"Q2","sourceDataset":"CSDB10","updateDate":"2016-01-28T09:29:38.275Z"},{"date":"1964 Q3","value":"3237","year":"1964","month":"","quarter":"Q3","sourceDataset":"CSDB10","updateDate":"2016-01-28T09:29:38.275Z"},{"date":"1964 Q4","value":"3580","year":"1964","month":"","quarter":"Q4","sourceDataset":"CSDB10","updateDate":"2016-01-28T09:29:38.275Z"},{"date":"1965 Q1","value":"1614","year":"1965","month":"","quarter":"Q1","sourceDataset":"CSDB10","updateDate":"2016-01-28T09:29:38.275Z"},{"date":"1965 Q2","value":"2512","year":"1965","month":"","quarter":"Q2","sourceDataset":"CSDB10","updateDate":"2016-01-28T09:29:38.275Z"},{"date":"1965 Q3","value":"3085","year":"1965","month":"","quarter":"Q3","sourceDataset":"CSDB10","updateDate":"2016-01-28T09:29:38.275Z"},{"date":"1965 Q4","value":"566","year":"1965","month":"","quarter":"Q4","sourceDataset":"CSDB10","updateDate":"2016-01-28T09:29:38.275Z"},{"date":"1966 Q1","value":"1049","year":"1966","month":"","quarter":"Q1","sourceDataset":"CSDB10","updateDate":"2016-01-28T09:29:38.275Z"},{"date":"1966 Q2","value":"1998","year":"1966","month":"","quarter":"Q2","sourceDataset":"CSDB10","updateDate":"2016-01-28T09:29:38.275Z"},{"date":"1966 Q3","value":"2992","year":"1966","month":"","quarter":"Q3","sourceDataset":"CSDB10","updateDate":"2016-01-28T09:29:38.275Z"},{"date":"1966 Q4","value":"-1624","year":"1966","month":"","quarter":"Q4","sourceDataset":"CSDB10","updateDate":"2016-01-28T09:29:38.275Z"},{"date":"1967 Q1","value":"937","year":"1967","month":"","quarter":"Q1","sourceDataset":"CSDB10","updateDate":"2016-01-28T09:29:38.275Z"},{"date":"1967 Q2","value":"1416","year":"1967","month":"","quarter":"Q2","sourceDataset":"CSDB10","updateDate":"2016-01-28T09:29:38.275Z"},{"date":"1967 Q3","value":"937","year":"1967","month":"","quarter":"Q3","sourceDataset":"CSDB10","updateDate":"2016-01-28T09:29:38.275Z"},{"date":"1967 Q4","value":"-85","year":"1967","month":"","quarter":"Q4","sourceDataset":"CSDB10","updateDate":"2016-01-28T09:29:38.275Z"},{"date":"1968 Q1","value":"-2148","year":"1968","month":"","quarter":"Q1","sourceDataset":"CSDB10","updateDate":"2016-01-28T09:29:38.275Z"},{"date":"1968 Q2","value":"3281","year":"1968","month":"","quarter":"Q2","sourceDataset":"CSDB10","updateDate":"2016-01-28T09:29:38.275Z"},{"date":"1968 Q3","value":"3590","year":"1968","month":"","quarter":"Q3","sourceDataset":"CSDB10","updateDate":"2016-01-28T09:29:38.275Z"},{"date":"1968 Q4","value":"1210","year":"1968","month":"","quarter":"Q4","sourceDataset":"CSDB10","updateDate":"2016-01-28T09:29:38.275Z"},{"date":"1969 Q1","value":"1444","year":"1969","month":"","quarter":"Q1","sourceDataset":"CSDB10","updateDate":"2016-01-28T09:29:38.275Z"},{"date":"1969 Q2","value":"3089","year":"1969","month":"","quarter":"Q2","sourceDataset":"CSDB10","updateDate":"2016-01-28T09:29:38.275Z"},{"date":"1969 Q3","value":"1380","year":"1969","month":"","quarter":"Q3","sourceDataset":"CSDB10","updateDate":"2016-01-28T09:29:38.275Z"},{"date":"1969 Q4","value":"805","year":"1969","month":"","quarter":"Q4","sourceDataset":"CSDB10","updateDate":"2016-01-28T09:29:38.275Z"},{"date":"1970 Q1","value":"-1708","year":"1970","month":"","quarter":"Q1","sourceDataset":"CSDB10","updateDate":"2016-01-28T09:29:38.275Z"},{"date":"1970 Q2","value":"2850","year":"1970","month":"","quarter":"Q2","sourceDataset":"CSDB10","updateDate":"2016-01-28T09:29:38.275Z"},{"date":"1970 Q3","value":"2719","year":"1970","month":"","quarter":"Q3","sourceDataset":"CSDB10","updateDate":"2016-01-28T09:29:38.275Z"},{"date":"1970 Q4","value":"779","year":"1970","month":"","quarter":"Q4","sourceDataset":"CSDB10","updateDate":"2016-01-28T09:29:38.275Z"},{"date":"1971 Q1","value":"24","year":"1971","month":"","quarter":"Q1","sourceDataset":"CSDB10","updateDate":"2016-01-28T09:29:38.275Z"},{"date":"1971 Q2","value":"243","year":"1971","month":"","quarter":"Q2","sourceDataset":"CSDB10","updateDate":"2016-01-28T09:29:38.275Z"},{"date":"1971 Q3","value":"223","year":"1971","month":"","quarter":"Q3","sourceDataset":"CSDB10","updateDate":"2016-01-28T09:29:38.275Z"},{"date":"1971 Q4","value":"28","year":"1971","month":"","quarter":"Q4","sourceDataset":"CSDB10","updateDate":"2016-01-28T09:29:38.275Z"},{"date":"1972 Q1","value":"-2470","year":"1972","month":"","quarter":"Q1","sourceDataset":"CSDB10","updateDate":"2016-01-28T09:29:38.275Z"},{"date":"1972 Q2","value":"821","year":"1972","month":"","quarter":"Q2","sourceDataset":"CSDB10","updateDate":"2016-01-28T09:29:38.275Z"},{"date":"1972 Q3","value":"-328","year":"1972","month":"","quarter":"Q3","sourceDataset":"CSDB10","updateDate":"2016-01-28T09:29:38.275Z"},{"date":"1972 Q4","value":"554","year":"1972","month":"","quarter":"Q4","sourceDataset":"CSDB10","updateDate":"2016-01-28T09:29:38.275Z"},{"date":"1973 Q1","value":"4353","year":"1973","month":"","quarter":"Q1","sourceDataset":"CSDB10","updateDate":"2016-01-28T09:29:38.275Z"},{"date":"1973 Q2","value":"6671","year":"1973","month":"","quarter":"Q2","sourceDataset":"CSDB10","updateDate":"2016-01-28T09:29:38.275Z"},{"date":"1973 Q3","value":"5761","year":"1973","month":"","quarter":"Q3","sourceDataset":"CSDB10","updateDate":"2016-01-28T09:29:38.275Z"},{"date":"1973 Q4","value":"2830","year":"1973","month":"","quarter":"Q4","sourceDataset":"CSDB10","updateDate":"2016-01-28T09:29:38.275Z"},{"date":"1974 Q1","value":"-2051","year":"1974","month":"","quarter":"Q1","sourceDataset":"CSDB10","updateDate":"2016-01-28T09:29:38.275Z"},{"date":"1974 Q2","value":"5400","year":"1974","month":"","quarter":"Q2","sourceDataset":"CSDB10","updateDate":"2016-01-28T09:29:38.275Z"},{"date":"1974 Q3","value":"5250","year":"1974","month":"","quarter":"Q3","sourceDataset":"CSDB10","updateDate":"2016-01-28T09:29:38.275Z"},{"date":"1974 Q4","value":"-512","year":"1974","month":"","quarter":"Q4","sourceDataset":"CSDB10","updateDate":"2016-01-28T09:29:38.275Z"},{"date":"1975 Q1","value":"-5034","year":"1975","month":"","quarter":"Q1","sourceDataset":"CSDB10","updateDate":"2016-01-28T09:29:38.275Z"},{"date":"1975 Q2","value":"-3261","year":"1975","month":"","quarter":"Q2","sourceDataset":"CSDB10","updateDate":"2016-01-28T09:29:38.275Z"},{"date":"1975 Q3","value":"-2361","year":"1975","month":"","quarter":"Q3","sourceDataset":"CSDB10","updateDate":"2016-01-28T09:29:38.275Z"},{"date":"1975 Q4","value":"-1589","year":"1975","month":"","quarter":"Q4","sourceDataset":"CSDB10","updateDate":"2016-01-28T09:29:38.275Z"},{"date":"1976 Q1","value":"-1961","year":"1976","month":"","quarter":"Q1","sourceDataset":"CSDB10","updateDate":"2016-01-28T09:29:38.275Z"},{"date":"1976 Q2","value":"-73","year":"1976","month":"","quarter":"Q2","sourceDataset":"CSDB10","updateDate":"2016-01-28T09:29:38.275Z"},{"date":"1976 Q3","value":"2281","year":"1976","month":"","quarter":"Q3","sourceDataset":"CSDB10","updateDate":"2016-01-28T09:29:38.275Z"},{"date":"1976 Q4","value":"3517","year":"1976","month":"","quarter":"Q4","sourceDataset":"CSDB10","updateDate":"2016-01-28T09:29:38.275Z"},{"date":"1977 Q1","value":"3201","year":"1977","month":"","quarter":"Q1","sourceDataset":"CSDB10","updateDate":"2016-01-28T09:29:38.275Z"},{"date":"1977 Q2","value":"4011","year":"1977","month":"","quarter":"Q2","sourceDataset":"CSDB10","updateDate":"2016-01-28T09:29:38.275Z"},{"date":"1977 Q3","value":"244","year":"1977","month":"","quarter":"Q3","sourceDataset":"CSDB10","updateDate":"2016-01-28T09:29:38.275Z"},{"date":"1977 Q4","value":"2023","year":"1977","month":"","quarter":"Q4","sourceDataset":"CSDB10","updateDate":"2016-01-28T09:29:38.275Z"},{"date":"1978 Q1","value":"376","year":"1978","month":"","quarter":"Q1","sourceDataset":"CSDB10","updateDate":"2016-01-28T09:29:38.275Z"},{"date":"1978 Q2","value":"4123","year":"1978","month":"","quarter":"Q2","sourceDataset":"CSDB10","updateDate":"2016-01-28T09:29:38.275Z"},{"date":"1978 Q3","value":"2116","year":"1978","month":"","quarter":"Q3","sourceDataset":"CSDB10","updateDate":"2016-01-28T09:29:38.275Z"},{"date":"1978 Q4","value":"1122","year":"1978","month":"","quarter":"Q4","sourceDataset":"CSDB10","updateDate":"2016-01-28T09:29:38.275Z"},{"date":"1979 Q1","value":"3055","year":"1979","month":"","quarter":"Q1","sourceDataset":"CSDB10","updateDate":"2016-01-28T09:29:38.275Z"},{"date":"1979 Q2","value":"2082","year":"1979","month":"","quarter":"Q2","sourceDataset":"CSDB10","updateDate":"2016-01-28T09:29:38.275Z"},{"date":"1979 Q3","value":"4855","year":"1979","month":"","quarter":"Q3","sourceDataset":"CSDB10","updateDate":"2016-01-28T09:29:38.275Z"},{"date":"1979 Q4","value":"-797","year":"1979","month":"","quarter":"Q4","sourceDataset":"CSDB10","updateDate":"2016-01-28T09:29:38.275Z"},{"date":"1980 Q1","value":"-2394","year":"1980","month":"","quarter":"Q1","sourceDataset":"CSDB10","updateDate":"2016-01-28T09:29:38.275Z"},{"date":"1980 Q2","value":"120","year":"1980","month":"","quarter":"Q2","sourceDataset":"CSDB10","updateDate":"2016-01-28T09:29:38.275Z"},{"date":"1980 Q3","value":"-2013","year":"1980","month":"","quarter":"Q3","sourceDataset":"CSDB10","updateDate":"2016-01-28T09:29:38.275Z"},{"date":"1980 Q4","value":"-7858","year":"1980","month":"","quarter":"Q4","sourceDataset":"CSDB10","updateDate":"2016-01-28T09:29:38.275Z"},{"date":"1981 Q1","value":"-4256","year":"1981","month":"","quarter":"Q1","sourceDataset":"CSDB10","updateDate":"2016-01-28T09:29:38.275Z"},{"date":"1981 Q2","value":"-3899","year":"1981","month":"","quarter":"Q2","sourceDataset":"CSDB10","updateDate":"2016-01-28T09:29:38.275Z"},{"date":"1981 Q3","value":"275","year":"1981","month":"","quarter":"Q3","sourceDataset":"CSDB10","updateDate":"2016-01-28T09:29:38.275Z"},{"date":"1981 Q4","value":"-3724","year":"1981","month":"","quarter":"Q4","sourceDataset":"CSDB10","updateDate":"2016-01-28T09:29:38.275Z"},{"date":"1982 Q1","value":"2612","year":"1982","month":"","quarter":"Q1","sourceDataset":"CSDB10","updateDate":"2016-01-28T09:29:38.275Z"},{"date":"1982 Q2","value":"1457","year":"1982","month":"","quarter":"Q2","sourceDataset":"CSDB10","updateDate":"2016-01-28T09:29:38.275Z"},{"date":"1982 Q3","value":"-1889","year":"1982","month":"","quarter":"Q3","sourceDataset":"CSDB10","updateDate":"2016-01-28T09:29:38.275Z"},{"date":"1982 Q4","value":"-7662","year":"1982","month":"","quarter":"Q4","sourceDataset":"CSDB10","updateDate":"2016-01-28T09:29:38.275Z"},{"date":"1983 Q1","value":"1072","year":"1983","month":"","quarter":"Q1","sourceDataset":"CSDB10","updateDate":"2016-01-28T09:29:38.275Z"},{"date":"1983 Q2","value":"1359","year":"1983","month":"","quarter":"Q2","sourceDataset":"CSDB10","updateDate":"2016-01-28T09:29:38.275Z"},{"date":"1983 Q3","value":"2946","year":"1983","month":"","quarter":"Q3","sourceDataset":"CSDB10","updateDate":"2016-01-28T09:29:38.275Z"},{"date":"1983 Q4","value":"-2452","year":"1983","month":"","quarter":"Q4","sourceDataset":"CSDB10","updateDate":"2016-01-28T09:29:38.275Z"},{"date":"1984 Q1","value":"1075","year":"1984","month":"","quarter":"Q1","sourceDataset":"CSDB10","updateDate":"2016-01-28T09:29:38.275Z"},{"date":"1984 Q2","value":"119","year":"1984","month":"","quarter":"Q2","sourceDataset":"CSDB10","updateDate":"2016-01-28T09:29:38.275Z"},{"date":"1984 Q3","value":"1376","year":"1984","month":"","quarter":"Q3","sourceDataset":"CSDB10","updateDate":"2016-01-28T09:29:38.275Z"},{"date":"1984 Q4","value":"-522","year":"1984","month":"","quarter":"Q4","sourceDataset":"CSDB10","updateDate":"2016-01-28T09:29:38.275Z"},{"date":"1985 Q1","value":"-61","year":"1985","month":"","quarter":"Q1","sourceDataset":"CSDB10","updateDate":"2016-01-28T09:29:38.275Z"},{"date":"1985 Q2","value":"2701","year":"1985","month":"","quarter":"Q2","sourceDataset":"CSDB10","updateDate":"2016-01-28T09:29:38.275Z"},{"date":"1985 Q3","value":"1621","year":"1985","month":"","quarter":"Q3","sourceDataset":"CSDB10","updateDate":"2016-01-28T09:29:38.275Z"},{"date":"1985 Q4","value":"-3051","year":"1985","month":"","quarter":"Q4","sourceDataset":"CSDB10","updateDate":"2016-01-28T09:29:38.275Z"},{"date":"1986 Q1","value":"1244","year":"1986","month":"","quarter":"Q1","sourceDataset":"CSDB10","updateDate":"2016-01-28T09:29:38.275Z"},{"date":"1986 Q2","value":"2119","year":"1986","month":"","quarter":"Q2","sourceDataset":"CSDB10","updateDate":"2016-01-28T09:29:38.275Z"},{"date":"1986 Q3","value":"-884","year":"1986","month":"","quarter":"Q3","sourceDataset":"CSDB10","updateDate":"2016-01-28T09:29:38.275Z"},{"date":"1986 Q4","value":"-716","year":"1986","month":"","quarter":"Q4","sourceDataset":"CSDB10","updateDate":"2016-01-28T09:29:38.275Z"},{"date":"1987 Q1","value":"63","year":"1987","month":"","quarter":"Q1","sourceDataset":"CSDB10","updateDate":"2016-01-28T09:29:38.275Z"},{"date":"1987 Q2","value":"1680","year":"1987","month":"","quarter":"Q2","sourceDataset":"CSDB10","updateDate":"2016-01-28T09:29:38.275Z"},{"date":"1987 Q3","value":"3516","year":"1987","month":"","quarter":"Q3","sourceDataset":"CSDB10","updateDate":"2016-01-28T09:29:38.275Z"},{"date":"1987 Q4","value":"-2300","year":"1987","month":"","quarter":"Q4","sourceDataset":"CSDB10","updateDate":"2016-01-28T09:29:38.275Z"},{"date":"1988 Q1","value":"2460","year":"1988","month":"","quarter":"Q1","sourceDataset":"CSDB10","updateDate":"2016-01-28T09:29:38.275Z"},{"date":"1988 Q2","value":"4097","year":"1988","month":"","quarter":"Q2","sourceDataset":"CSDB10","updateDate":"2016-01-28T09:29:38.275Z"},{"date":"1988 Q3","value":"1948","year":"1988","month":"","quarter":"Q3","sourceDataset":"CSDB10","updateDate":"2016-01-28T09:29:38.275Z"},{"date":"1988 Q4","value":"3548","year":"1988","month":"","quarter":"Q4","sourceDataset":"CSDB10","updateDate":"2016-01-28T09:29:38.275Z"},{"date":"1989 Q1","value":"1492","year":"1989","month":"","quarter":"Q1","sourceDataset":"CSDB10","updateDate":"2016-01-28T09:29:38.275Z"},{"date":"1989 Q2","value":"4296","year":"1989","month":"","quarter":"Q2","sourceDataset":"CSDB10","updateDate":"2016-01-28T09:29:38.275Z"},{"date":"1989 Q3","value":"1968","year":"1989","month":"","quarter":"Q3","sourceDataset":"CSDB10","updateDate":"2016-01-28T09:29:38.275Z"},{"date":"1989 Q4","value":"-2013","year":"1989","month":"","quarter":"Q4","sourceDataset":"CSDB10","updateDate":"2016-01-28T09:29:38.275Z"},{"date":"1990 Q1","value":"113","year":"1990","month":"","quarter":"Q1","sourceDataset":"CSDB10","updateDate":"2016-01-28T09:29:38.275Z"},{"date":"1990 Q2","value":"1012","year":"1990","month":"","quarter":"Q2","sourceDataset":"CSDB10","updateDate":"2016-01-28T09:29:38.275Z"},{"date":"1990 Q3","value":"-57","year":"1990","month":"","quarter":"Q3","sourceDataset":"CSDB10","updateDate":"2016-01-28T09:29:38.275Z"},{"date":"1990 Q4","value":"-7220","year":"1990","month":"","quarter":"Q4","sourceDataset":"CSDB10","updateDate":"2016-01-28T09:29:38.275Z"},{"date":"1991 Q1","value":"-4171","year":"1991","month":"","quarter":"Q1","sourceDataset":"CSDB10","updateDate":"2016-01-28T09:29:38.275Z"},{"date":"1991 Q2","value":"-2263","year":"1991","month":"","quarter":"Q2","sourceDataset":"CSDB10","updateDate":"2016-01-28T09:29:38.275Z"},{"date":"1991 Q3","value":"-941","year":"1991","month":"","quarter":"Q3","sourceDataset":"CSDB10","updateDate":"2016-01-28T09:29:38.275Z"},{"date":"1991 Q4","value":"-6269","year":"1991","month":"","quarter":"Q4","sourceDataset":"CSDB10","updateDate":"2016-01-28T09:29:38.275Z"},{"date":"1992 Q1","value":"-2499","year":"1992","month":"","quarter":"Q1","sourceDataset":"CSDB10","updateDate":"2016-01-28T09:29:38.275Z"},{"date":"1992 Q2","value":"-544","year":"1992","month":"","quarter":"Q2","sourceDataset":"CSDB10","updateDate":"2016-01-28T09:29:38.275Z"},{"date":"1992 Q3","value":"633","year":"1992","month":"","quarter":"Q3","sourceDataset":"CSDB10","updateDate":"2016-01-28T09:29:38.275Z"},{"date":"1992 Q4","value":"-3479","year":"1992","month":"","quarter":"Q4","sourceDataset":"CSDB10","updateDate":"2016-01-28T09:29:38.275Z"},{"date":"1993 Q1","value":"-4292","year":"1993","month":"","quarter":"Q1","sourceDataset":"CSDB10","updateDate":"2016-01-28T09:29:38.275Z"},{"date":"1993 Q2","value":"2943","year":"1993","month":"","quarter":"Q2","sourceDataset":"CSDB10","updateDate":"2016-01-28T09:29:38.275Z"},{"date":"1993 Q3","value":"733","year":"1993","month":"","quarter":"Q3","sourceDataset":"CSDB10","updateDate":"2016-01-28T09:29:38.275Z"},{"date":"1993 Q4","value":"39","year":"1993","month":"","quarter":"Q4","sourceDataset":"CSDB10","updateDate":"2016-01-28T09:29:38.275Z"},{"date":"1994 Q1","value":"-2307","year":"1994","month":"","quarter":"Q1","sourceDataset":"CSDB10","updateDate":"2016-01-28T09:29:38.275Z"},{"date":"1994 Q2","value":"6599","year":"1994","month":"","quarter":"Q2","sourceDataset":"CSDB10","updateDate":"2016-01-28T09:29:38.275Z"},{"date":"1994 Q3","value":"2832","year":"1994","month":"","quarter":"Q3","sourceDataset":"CSDB10","updateDate":"2016-01-28T09:29:38.275Z"},{"date":"1994 Q4","value":"2533","year":"1994","month":"","quarter":"Q4","sourceDataset":"CSDB10","updateDate":"2016-01-28T09:29:38.275Z"},{"date":"1995 Q1","value":"-2774","year":"1995","month":"","quarter":"Q1","sourceDataset":"CSDB10","updateDate":"2016-01-28T09:29:38.275Z"},{"date":"1995 Q2","value":"6567","year":"1995","month":"","quarter":"Q2","sourceDataset":"CSDB10","updateDate":"2016-01-28T09:29:38.275Z"},{"date":"1995 Q3","value":"3060","year":"1995","month":"","quarter":"Q3","sourceDataset":"CSDB10","updateDate":"2016-01-28T09:29:38.275Z"},{"date":"1995 Q4","value":"2030","year":"1995","month":"","quarter":"Q4","sourceDataset":"CSDB10","updateDate":"2016-01-28T09:29:38.275Z"},{"date":"1996 Q1","value":"-1767","year":"1996","month":"","quarter":"Q1","sourceDataset":"CSDB10","updateDate":"2016-01-28T09:29:38.275Z"},{"date":"1996 Q2","value":"2968","year":"1996","month":"","quarter":"Q2","sourceDataset":"CSDB10","updateDate":"2016-01-28T09:29:38.275Z"},{"date":"1996 Q3","value":"441","year":"1996","month":"","quarter":"Q3","sourceDataset":"CSDB10","updateDate":"2016-01-28T09:29:38.275Z"},{"date":"1996 Q4","value":"1150","year":"1996","month":"","quarter":"Q4","sourceDataset":"CSDB10","updateDate":"2016-01-28T09:29:38.275Z"},{"date":"1997 Q1","value":"-484","year":"1997","month":"","quarter":"Q1","sourceDataset":"CSDB10","updateDate":"2016-01-28T09:29:38.275Z"},{"date":"1997 Q2","value":"4864","year":"1997","month":"","quarter":"Q2","sourceDataset":"CSDB10","updateDate":"2016-01-28T09:29:38.275Z"},{"date":"1997 Q3","value":"1491","year":"1997","month":"","quarter":"Q3","sourceDataset":"CSDB10","updateDate":"2016-01-28T09:29:38.275Z"},{"date":"1997 Q4","value":"-3175","year":"1997","month":"","quarter":"Q4","sourceDataset":"CSDB10","updateDate":"2016-01-28T09:29:38.275Z"},{"date":"1998 Q1","value":"332","year":"1998","month":"","quarter":"Q1","sourceDataset":"CSDB10","updateDate":"2016-01-28T09:29:38.275Z"},{"date":"1998 Q2","value":"1727","year":"1998","month":"","quarter":"Q2","sourceDataset":"CSDB10","updateDate":"2016-01-28T09:29:38.275Z"},{"date":"1998 Q3","value":"2431","year":"1998","month":"","quarter":"Q3","sourceDataset":"CSDB10","updateDate":"2016-01-28T09:29:38.275Z"},{"date":"1998 Q4","value":"572","year":"1998","month":"","quarter":"Q4","sourceDataset":"CSDB10","updateDate":"2016-01-28T09:29:38.275Z"},{"date":"1999 Q1","value":"1370","year":"1999","month":"","quarter":"Q1","sourceDataset":"CSDB10","updateDate":"2016-01-28T09:29:38.275Z"},{"date":"1999 Q2","value":"996","year":"1999","month":"","quarter":"Q2","sourceDataset":"CSDB10","updateDate":"2016-01-28T09:29:38.275Z"},{"date":"1999 Q3","value":"3888","year":"1999","month":"","quarter":"Q3","sourceDataset":"CSDB10","updateDate":"2016-01-28T09:29:38.275Z"},{"date":"1999 Q4","value":"1550","year":"1999","month":"","quarter":"Q4","sourceDataset":"CSDB10","updateDate":"2016-01-28T09:29:38.275Z"},{"date":"2000 Q1","value":"8458","year":"2000","month":"","quarter":"Q1","sourceDataset":"CSDB10","updateDate":"2016-01-28T09:29:38.275Z"},{"date":"2000 Q2","value":"-3727","year":"2000","month":"","quarter":"Q2","sourceDataset":"CSDB10","updateDate":"2016-01-28T09:29:38.275Z"},{"date":"2000 Q3","value":"713","year":"2000","month":"","quarter":"Q3","sourceDataset":"CSDB10","updateDate":"2016-01-28T09:29:38.275Z"},{"date":"2000 Q4","value":"-4120","year":"2000","month":"","quarter":"Q4","sourceDataset":"CSDB10","updateDate":"2016-01-28T09:29:38.275Z"},{"date":"2001 Q1","value":"1305","year":"2001","month":"","quarter":"Q1","sourceDataset":"CSDB10","updateDate":"2016-01-28T09:29:38.275Z"},{"date":"2001 Q2","value":"3117","year":"2001","month":"","quarter":"Q2","sourceDataset":"CSDB10","updateDate":"2016-01-28T09:29:38.275Z"},{"date":"2001 Q3","value":"5562","year":"2001","month":"","quarter":"Q3","sourceDataset":"CSDB10","updateDate":"2016-01-28T09:29:38.275Z"},{"date":"2001 Q4","value":"-183","year":"2001","month":"","quarter":"Q4","sourceDataset":"CSDB10","updateDate":"2016-01-28T09:29:38.275Z"},{"date":"2002 Q1","value":"8264","year":"2002","month":"","quarter":"Q1","sourceDataset":"CSDB10","updateDate":"2016-01-28T09:29:38.275Z"},{"date":"2002 Q2","value":"-372","year":"2002","month":"","quarter":"Q2","sourceDataset":"CSDB10","updateDate":"2016-01-28T09:29:38.275Z"},{"date":"2002 Q3","value":"1526","year":"2002","month":"","quarter":"Q3","sourceDataset":"CSDB10","updateDate":"2016-01-28T09:29:38.275Z"},{"date":"2002 Q4","value":"-6655","year":"2002","month":"","quarter":"Q4","sourceDataset":"CSDB10","updateDate":"2016-01-28T09:29:38.275Z"},{"date":"2003 Q1","value":"2886","year":"2003","month":"","quarter":"Q1","sourceDataset":"CSDB10","updateDate":"2016-01-28T09:29:38.275Z"},{"date":"2003 Q2","value":"-1051","year":"2003","month":"","quarter":"Q2","sourceDataset":"CSDB10","updateDate":"2016-01-28T09:29:38.275Z"},{"date":"2003 Q3","value":"3398","year":"2003","month":"","quarter":"Q3","sourceDataset":"CSDB10","updateDate":"2016-01-28T09:29:38.275Z"},{"date":"2003 Q4","value":"-1090","year":"2003","month":"","quarter":"Q4","sourceDataset":"CSDB10","updateDate":"2016-01-28T09:29:38.275Z"},{"date":"2004 Q1","value":"-1585","year":"2004","month":"","quarter":"Q1","sourceDataset":"CSDB10","updateDate":"2016-01-28T09:29:38.275Z"},{"date":"2004 Q2","value":"-62","year":"2004","month":"","quarter":"Q2","sourceDataset":"CSDB10","updateDate":"2016-01-28T09:29:38.275Z"},{"date":"2004 Q3","value":"4547","year":"2004","month":"","quarter":"Q3","sourceDataset":"CSDB10","updateDate":"2016-01-28T09:29:38.275Z"},{"date":"2004 Q4","value":"-2933","year":"2004","month":"","quarter":"Q4","sourceDataset":"CSDB10","updateDate":"2016-01-28T09:29:38.275Z"},{"date":"2005 Q1","value":"-1077","year":"2005","month":"","quarter":"Q1","sourceDataset":"CSDB10","updateDate":"2016-01-28T09:29:38.275Z"},{"date":"2005 Q2","value":"-578","year":"2005","month":"","quarter":"Q2","sourceDataset":"CSDB10","updateDate":"2016-01-28T09:29:38.275Z"},{"date":"2005 Q3","value":"1514","year":"2005","month":"","quarter":"Q3","sourceDataset":"CSDB10","updateDate":"2016-01-28T09:29:38.275Z"},{"date":"2005 Q4","value":"-2632","year":"2005","month":"","quarter":"Q4","sourceDataset":"CSDB10","updateDate":"2016-01-28T09:29:38.275Z"},{"date":"2006 Q1","value":"1199","year":"2006","month":"","quarter":"Q1","sourceDataset":"CSDB10","updateDate":"2016-01-28T09:29:38.275Z"},{"date":"2006 Q2","value":"-1270","year":"2006","month":"","quarter":"Q2","sourceDataset":"CSDB10","updateDate":"2016-01-28T09:29:38.275Z"},{"date":"2006 Q3","value":"2427","year":"2006","month":"","quarter":"Q3","sourceDataset":"CSDB10","updateDate":"2016-01-28T09:29:38.275Z"},{"date":"2006 Q4","value":"-542","year":"2006","month":"","quarter":"Q4","sourceDataset":"CSDB10","updateDate":"2016-01-28T09:29:38.275Z"},{"date":"2007 Q1","value":"5216","year":"2007","month":"","quarter":"Q1","sourceDataset":"CSDB10","updateDate":"2016-01-28T09:29:38.275Z"},{"date":"2007 Q2","value":"-3580","year":"2007","month":"","quarter":"Q2","sourceDataset":"CSDB10","updateDate":"2016-01-28T09:29:38.275Z"},{"date":"2007 Q3","value":"6599","year":"2007","month":"","quarter":"Q3","sourceDataset":"CSDB10","updateDate":"2016-01-28T09:29:38.275Z"},{"date":"2007 Q4","value":"-8156","year":"2007","month":"","quarter":"Q4","sourceDataset":"CSDB10","updateDate":"2016-01-28T09:29:38.275Z"},{"date":"2008 Q1","value":"-2955","year":"2008","month":"","quarter":"Q1","sourceDataset":"CSDB10","updateDate":"2016-01-28T09:29:38.275Z"},{"date":"2008 Q2","value":"-439","year":"2008","month":"","quarter":"Q2","sourceDataset":"CSDB10","updateDate":"2016-01-28T09:29:38.275Z"},{"date":"2008 Q3","value":"816","year":"2008","month":"","quarter":"Q3","sourceDataset":"CSDB10","updateDate":"2016-01-28T09:29:38.275Z"},{"date":"2008 Q4","value":"-6171","year":"2008","month":"","quarter":"Q4","sourceDataset":"CSDB10","updateDate":"2016-01-28T09:29:38.275Z"},{"date":"2009 Q1","value":"-13583","year":"2009","month":"","quarter":"Q1","sourceDataset":"CSDB10","updateDate":"2016-01-28T09:29:38.275Z"},{"date":"2009 Q2","value":"-3917","year":"2009","month":"","quarter":"Q2","sourceDataset":"CSDB10","updateDate":"2016-01-28T09:29:38.275Z"},{"date":"2009 Q3","value":"-51","year":"2009","month":"","quarter":"Q3","sourceDataset":"CSDB10","updateDate":"2016-01-28T09:29:38.275Z"},{"date":"2009 Q4","value":"-305","year":"2009","month":"","quarter":"Q4","sourceDataset":"CSDB10","updateDate":"2016-01-28T09:29:38.275Z"},{"date":"2010 Q1","value":"-10414","year":"2010","month":"","quarter":"Q1","sourceDataset":"CSDB10","updateDate":"2016-01-28T09:29:38.275Z"},{"date":"2010 Q2","value":"8828","year":"2010","month":"","quarter":"Q2","sourceDataset":"CSDB10","updateDate":"2016-01-28T09:29:38.275Z"},{"date":"2010 Q3","value":"7441","year":"2010","month":"","quarter":"Q3","sourceDataset":"CSDB10","updateDate":"2016-01-28T09:29:38.275Z"},{"date":"2010 Q4","value":"-363","year":"2010","month":"","quarter":"Q4","sourceDataset":"CSDB10","updateDate":"2016-01-28T09:29:38.275Z"},{"date":"2011 Q1","value":"-8211","year":"2011","month":"","quarter":"Q1","sourceDataset":"CSDB10","updateDate":"2016-01-28T09:29:38.275Z"},{"date":"2011 Q2","value":"-1051","year":"2011","month":"","quarter":"Q2","sourceDataset":"CSDB10","updateDate":"2016-01-28T09:29:38.275Z"},{"date":"2011 Q3","value":"4246","year":"2011","month":"","quarter":"Q3","sourceDataset":"CSDB10","updateDate":"2016-01-28T09:29:38.275Z"},{"date":"2011 Q4","value":"769","year":"2011","month":"","quarter":"Q4","sourceDataset":"CSDB10","updateDate":"2016-01-28T09:29:38.275Z"},{"date":"2012 Q1","value":"-13344","year":"2012","month":"","quarter":"Q1","sourceDataset":"CSDB10","updateDate":"2016-01-28T09:29:38.275Z"},{"date":"2012 Q2","value":"3670","year":"2012","month":"","quarter":"Q2","sourceDataset":"CSDB10","updateDate":"2016-01-28T09:29:38.275Z"},{"date":"2012 Q3","value":"5106","year":"2012","month":"","quarter":"Q3","sourceDataset":"CSDB10","updateDate":"2016-01-28T09:29:38.275Z"},{"date":"2012 Q4","value":"6101","year":"2012","month":"","quarter":"Q4","sourceDataset":"CSDB10","updateDate":"2016-01-28T09:29:38.275Z"},{"date":"2013 Q1","value":"818","year":"2013","month":"","quarter":"Q1","sourceDataset":"CSDB10","updateDate":"2016-01-28T09:29:38.275Z"},{"date":"2013 Q2","value":"5583","year":"2013","month":"","quarter":"Q2","sourceDataset":"CSDB10","updateDate":"2016-01-28T09:29:38.275Z"},{"date":"2013 Q3","value":"2901","year":"2013","month":"","quarter":"Q3","sourceDataset":"CSDB10","updateDate":"2016-01-28T09:29:38.275Z"},{"date":"2013 Q4","value":"4330","year":"2013","month":"","quarter":"Q4","sourceDataset":"CSDB10","updateDate":"2016-01-28T09:29:38.275Z"},{"date":"2014 Q1","value":"7032","year":"2014","month":"","quarter":"Q1","sourceDataset":"CSDB10","updateDate":"2016-01-28T09:29:38.275Z"},{"date":"2014 Q2","value":"4963","year":"2014","month":"","quarter":"Q2","sourceDataset":"CSDB10","updateDate":"2016-01-28T09:29:38.275Z"},{"date":"2014 Q3","value":"5168","year":"2014","month":"","quarter":"Q3","sourceDataset":"CSDB10","updateDate":"2016-01-28T09:29:38.275Z"},{"date":"2014 Q4","value":"-501","year":"2014","month":"","quarter":"Q4","sourceDataset":"CSDB10","updateDate":"2016-01-28T09:29:38.275Z"},{"date":"2015 Q1","value":"6897","year":"2015","month":"","quarter":"Q1","sourceDataset":"CSDB10","updateDate":"2016-01-28T09:29:38.275Z"},{"date":"2015 Q2","value":"457","year":"2015","month":"","quarter":"Q2","sourceDataset":"CSDB10","updateDate":"2016-01-28T09:29:38.275Z"},{"date":"2015 Q3","value":"2010","year":"2015","month":"","quarter":"Q3","sourceDataset":"CSDB10","updateDate":"2016-01-28T09:29:38.275Z"}],"months":[],"sourceDatasets":["CSDB10"],"relatedDatasets":[{"uri":"/economy/environmentalaccounts/datasets/werwerwerwerwerwr/2015"}],"relatedDocuments":[],"type":"timeseries","description":{"title":"Changes in Inventories CVM NSA £m                                       ","contact":{"email":"","name":"","telephone":""},"releaseDate":"2016-01-27T00:00:00.000Z","nextRelease":"","cdid":"ABMQ","unit":"","preUnit":"","source":"","seasonalAdjustment":"NSA","date":"2015 Q3","number":"2010"}}