{"years":[],"quarters":[],"months":[{"date":"2003 JAN","value":"0.00","year":"2003","month":"January","quarter":"","sourceDataset":"CSDB","updateDate":"2016-01-14T16:25:13.834Z"},{"date":"2003 FEB","value":"0.00","year":"2003","month":"February","quarter":"","sourceDataset":"CSDB","updateDate":"2016-01-14T16:25:13.834Z"},{"date":"2003 MAR","value":"0.00","year":"2003","month":"March","quarter":"","sourceDataset":"CSDB","updateDate":"2016-01-14T16:25:13.834Z"},{"date":"2003 APR","value":"0.00","year":"2003","month":"April","quarter":"","sourceDataset":"CSDB","updateDate":"2016-01-14T16:25:13.834Z"},{"date":"2003 MAY","value":"0.00","year":"2003","month":"May","quarter":"","sourceDataset":"CSDB","updateDate":"2016-01-14T16:25:13.834Z"},{"date":"2003 JUN","value":"0.00","year":"2003","month":"June","quarter":"","sourceDataset":"CSDB","updateDate":"2016-01-14T16:25:13.834Z"},{"date":"2003 JUL","value":"0.00","year":"2003","month":"July","quarter":"","sourceDataset":"CSDB","updateDate":"2016-01-14T16:25:13.834Z"},{"date":"2003 AUG","value":"0.00","year":"2003","month":"August","quarter":"","sourceDataset":"CSDB","updateDate":"2016-01-14T16:25:13.834Z"},{"date":"2003 SEP","value":"0.00","year":"2003","month":"September","quarter":"","sourceDataset":"CSDB","updateDate":"2016-01-14T16:25:13.834Z"},{"date":"2003 OCT","value":"0.00","year":"2003","month":"October","quarter":"","sourceDataset":"CSDB","updateDate":"2016-01-14T16:25:13.834Z"},{"date":"2003 NOV","value":"0.00","year":"2003","month":"November","quarter":"","sourceDataset":"CSDB","updateDate":"2016-01-14T16:25:13.834Z"},{"date":"2003 DEC","value":"0.00","year":"2003","month":"December","quarter":"","sourceDataset":"CSDB","updateDate":"2016-01-14T16:25:13.834Z"},{"date":"2004 JAN","value":"0.00","year":"2004","month":"January","quarter":"","sourceDataset":"CSDB","updateDate":"2016-01-14T16:25:13.834Z"},{"date":"2004 FEB","value":"0.00","year":"2004","month":"February","quarter":"","sourceDataset":"CSDB","updateDate":"2016-01-14T16:25:13.834Z"},{"date":"2004 MAR","value":"0.00","year":"2004","month":"March","quarter":"","sourceDataset":"CSDB","updateDate":"2016-01-14T16:25:13.834Z"},{"date":"2004 APR","value":"0.00","year":"2004","month":"April","quarter":"","sourceDataset":"CSDB","updateDate":"2016-01-14T16:25:13.834Z"},{"date":"2004 MAY","value":"0.00","year":"2004","month":"May","quarter":"","sourceDataset":"CSDB","updateDate":"2016-01-14T16:25:13.834Z"},{"date":"2004 JUN","value":"0.00","year":"2004","month":"June","quarter":"","sourceDataset":"CSDB","updateDate":"2016-01-14T16:25:13.834Z"},{"date":"2004 JUL","value":"0.00","year":"2004","month":"July","quarter":"","sourceDataset":"CSDB","updateDate":"2016-01-14T16:25:13.834Z"},{"date":"2004 AUG","value":"0.00","year":"2004","month":"August","quarter":"","sourceDataset":"CSDB","updateDate":"2016-01-14T16:25:13.834Z"},{"date":"2004 SEP","value":"0.00","year":"2004","month":"September","quarter":"","sourceDataset":"CSDB","updateDate":"2016-01-14T16:25:13.834Z"},{"date":"2004 OCT","value":"0.00","year":"2004","month":"October","quarter":"","sourceDataset":"CSDB","updateDate":"2016-01-14T16:25:13.834Z"},{"date":"2004 NOV","value":"0.00","year":"2004","month":"November","quarter":"","sourceDataset":"CSDB","updateDate":"2016-01-14T16:25:13.834Z"},{"date":"2004 DEC","value":"0.00","year":"2004","month":"December","quarter":"","sourceDataset":"CSDB","updateDate":"2016-01-14T16:25:13.834Z"},{"date":"2005 JAN","value":"0.00","year":"2005","month":"January","quarter":"","sourceDataset":"CSDB","updateDate":"2016-01-14T16:25:13.834Z"},{"date":"2005 FEB","value":"0.00","year":"2005","month":"February","quarter":"","sourceDataset":"CSDB","updateDate":"2016-01-14T16:25:13.834Z"},{"date":"2005 MAR","value":"0.00","year":"2005","month":"March","quarter":"","sourceDataset":"CSDB","updateDate":"2016-01-14T16:25:13.834Z"},{"date":"2005 APR","value":"0.00","year":"2005","month":"April","quarter":"","sourceDataset":"CSDB","updateDate":"2016-01-14T16:25:13.834Z"},{"date":"2005 MAY","value":"0.00","year":"2005","month":"May","quarter":"","sourceDataset":"CSDB","updateDate":"2016-01-14T16:25:13.834Z"},{"date":"2005 JUN","value":"0.00","year":"2005","month":"June","quarter":"","sourceDataset":"CSDB","updateDate":"2016-01-14T16:25:13.834Z"},{"date":"2005 JUL","value":"0.00","year":"2005","month":"July","quarter":"","sourceDataset":"CSDB","updateDate":"2016-01-14T16:25:13.834Z"},{"date":"2005 AUG","value":"0.00","year":"2005","month":"August","quarter":"","sourceDataset":"CSDB","updateDate":"2016-01-14T16:25:13.834Z"},{"date":"2005 SEP","value":"0.00","year":"2005","month":"September","quarter":"","sourceDataset":"CSDB","updateDate":"2016-01-14T16:25:13.834Z"},{"date":"2005 OCT","value":"0.00","year":"2005","month":"October","quarter":"","sourceDataset":"CSDB","updateDate":"2016-01-14T16:25:13.834Z"},{"date":"2005 NOV","value":"0.00","year":"2005","month":"November","quarter":"","sourceDataset":"CSDB","updateDate":"2016-01-14T16:25:13.834Z"},{"date":"2005 DEC","value":"0.00","year":"2005","month":"December","quarter":"","sourceDataset":"CSDB","updateDate":"2016-01-14T16:25:13.834Z"},{"date":"2006 JAN","value":"0.00","year":"2006","month":"January","quarter":"","sourceDataset":"CSDB","updateDate":"2016-01-14T16:25:13.834Z"},{"date":"2006 FEB","value":"0.00","year":"2006","month":"February","quarter":"","sourceDataset":"CSDB","updateDate":"2016-01-14T16:25:13.834Z"},{"date":"2006 MAR","value":"0.00","year":"2006","month":"March","quarter":"","sourceDataset":"CSDB","updateDate":"2016-01-14T16:25:13.834Z"},{"date":"2006 APR","value":"0.00","year":"2006","month":"April","quarter":"","sourceDataset":"CSDB","updateDate":"2016-01-14T16:25:13.834Z"},{"date":"2006 MAY","value":"0.00","year":"2006","month":"May","quarter":"","sourceDataset":"CSDB","updateDate":"2016-01-14T16:25:13.834Z"},{"date":"2006 JUN","value":"0.00","year":"2006","month":"June","quarter":"","sourceDataset":"CSDB","updateDate":"2016-01-14T16:25:13.834Z"},{"date":"2006 JUL","value":"0.00","year":"2006","month":"July","quarter":"","sourceDataset":"CSDB","updateDate":"2016-01-14T16:25:13.834Z"},{"date":"2006 AUG","value":"0.00","year":"2006","month":"August","quarter":"","sourceDataset":"CSDB","updateDate":"2016-01-14T16:25:13.834Z"},{"date":"2006 SEP","value":"0.00","year":"2006","month":"September","quarter":"","sourceDataset":"CSDB","updateDate":"2016-01-14T16:25:13.834Z"},{"date":"2006 OCT","value":"0.00","year":"2006","month":"October","quarter":"","sourceDataset":"CSDB","updateDate":"2016-01-14T16:25:13.834Z"},{"date":"2006 NOV","value":"0.00","year":"2006","month":"November","quarter":"","sourceDataset":"CSDB","updateDate":"2016-01-14T16:25:13.834Z"},{"date":"2006 DEC","value":"0.00","year":"2006","month":"December","quarter":"","sourceDataset":"CSDB","updateDate":"2016-01-14T16:25:13.834Z"},{"date":"2007 JAN","value":"0.00","year":"2007","month":"January","quarter":"","sourceDataset":"CSDB","updateDate":"2016-01-14T16:25:13.834Z"},{"date":"2007 FEB","value":"0.00","year":"2007","month":"February","quarter":"","sourceDataset":"CSDB","updateDate":"2016-01-14T16:25:13.834Z"},{"date":"2007 MAR","value":"0.00","year":"2007","month":"March","quarter":"","sourceDataset":"CSDB","updateDate":"2016-01-14T16:25:13.834Z"},{"date":"2007 APR","value":"0.00","year":"2007","month":"April","quarter":"","sourceDataset":"CSDB","updateDate":"2016-01-14T16:25:13.834Z"},{"date":"2007 MAY","value":"0.00","year":"2007","month":"May","quarter":"","sourceDataset":"CSDB","updateDate":"2016-01-14T16:25:13.834Z"},{"date":"2007 JUN","value":"0.00","year":"2007","month":"June","quarter":"","sourceDataset":"CSDB","updateDate":"2016-01-14T16:25:13.834Z"},{"date":"2007 JUL","value":"0.00","year":"2007","month":"July","quarter":"","sourceDataset":"CSDB","updateDate":"2016-01-14T16:25:13.834Z"},{"date":"2007 AUG","value":"0.00","year":"2007","month":"August","quarter":"","sourceDataset":"CSDB","updateDate":"2016-01-14T16:25:13.834Z"},{"date":"2007 SEP","value":"0.00","year":"2007","month":"September","quarter":"","sourceDataset":"CSDB","updateDate":"2016-01-14T16:25:13.834Z"},{"date":"2007 OCT","value":"0.00","year":"2007","month":"October","quarter":"","sourceDataset":"CSDB","updateDate":"2016-01-14T16:25:13.834Z"},{"date":"2007 NOV","value":"0.00","year":"2007","month":"November","quarter":"","sourceDataset":"CSDB","updateDate":"2016-01-14T16:25:13.834Z"},{"date":"2007 DEC","value":"0.00","year":"2007","month":"December","quarter":"","sourceDataset":"CSDB","updateDate":"2016-01-14T16:25:13.834Z"},{"date":"2008 JAN","value":"0.00","year":"2008","month":"January","quarter":"","sourceDataset":"CSDB","updateDate":"2016-01-14T16:25:13.834Z"},{"date":"2008 FEB","value":"0.00","year":"2008","month":"February","quarter":"","sourceDataset":"CSDB","updateDate":"2016-01-14T16:25:13.834Z"},{"date":"2008 MAR","value":"0.00","year":"2008","month":"March","quarter":"","sourceDataset":"CSDB","updateDate":"2016-01-14T16:25:13.834Z"},{"date":"2008 APR","value":"0.00","year":"2008","month":"April","quarter":"","sourceDataset":"CSDB","updateDate":"2016-01-14T16:25:13.834Z"},{"date":"2008 MAY","value":"0.00","year":"2008","month":"May","quarter":"","sourceDataset":"CSDB","updateDate":"2016-01-14T16:25:13.834Z"},{"date":"2008 JUN","value":"0.00","year":"2008","month":"June","quarter":"","sourceDataset":"CSDB","updateDate":"2016-01-14T16:25:13.834Z"},{"date":"2008 JUL","value":"0.00","year":"2008","month":"July","quarter":"","sourceDataset":"CSDB","updateDate":"2016-01-14T16:25:13.834Z"},{"date":"2008 AUG","value":"0.00","year":"2008","month":"August","quarter":"","sourceDataset":"CSDB","updateDate":"2016-01-14T16:25:13.834Z"},{"date":"2008 SEP","value":"0.00","year":"2008","month":"September","quarter":"","sourceDataset":"CSDB","updateDate":"2016-01-14T16:25:13.834Z"},{"date":"2008 OCT","value":"0.00","year":"2008","month":"October","quarter":"","sourceDataset":"CSDB","updateDate":"2016-01-14T16:25:13.834Z"},{"date":"2008 NOV","value":"0.00","year":"2008","month":"November","quarter":"","sourceDataset":"CSDB","updateDate":"2016-01-14T16:25:13.834Z"},{"date":"2008 DEC","value":"-0.76","year":"2008","month":"December","quarter":"","sourceDataset":"CSDB","updateDate":"2016-01-14T16:25:13.834Z"},{"date":"2009 JAN","value":"0.00","year":"2009","month":"January","quarter":"","sourceDataset":"CSDB","updateDate":"2016-01-14T16:25:13.834Z"},{"date":"2009 FEB","value":"0.00","year":"2009","month":"February","quarter":"","sourceDataset":"CSDB","updateDate":"2016-01-14T16:25:13.834Z"},{"date":"2009 MAR","value":"0.00","year":"2009","month":"March","quarter":"","sourceDataset":"CSDB","updateDate":"2016-01-14T16:25:13.834Z"},{"date":"2009 APR","value":"-0.00","year":"2009","month":"April","quarter":"","sourceDataset":"CSDB","updateDate":"2016-01-14T16:25:13.834Z"},{"date":"2009 MAY","value":"0.00","year":"2009","month":"May","quarter":"","sourceDataset":"CSDB","updateDate":"2016-01-14T16:25:13.834Z"},{"date":"2009 JUN","value":"-0.00","year":"2009","month":"June","quarter":"","sourceDataset":"CSDB","updateDate":"2016-01-14T16:25:13.834Z"},{"date":"2009 JUL","value":"-0.00","year":"2009","month":"July","quarter":"","sourceDataset":"CSDB","updateDate":"2016-01-14T16:25:13.834Z"},{"date":"2009 AUG","value":"0.00","year":"2009","month":"August","quarter":"","sourceDataset":"CSDB","updateDate":"2016-01-14T16:25:13.834Z"},{"date":"2009 SEP","value":"-0.00","year":"2009","month":"September","quarter":"","sourceDataset":"CSDB","updateDate":"2016-01-14T16:25:13.834Z"},{"date":"2009 OCT","value":"0.00","year":"2009","month":"October","quarter":"","sourceDataset":"CSDB","updateDate":"2016-01-14T16:25:13.834Z"},{"date":"2009 NOV","value":"-0.00","year":"2009","month":"November","quarter":"","sourceDataset":"CSDB","updateDate":"2016-01-14T16:25:13.834Z"},{"date":"2009 DEC","value":"0.00","year":"2009","month":"December","quarter":"","sourceDataset":"CSDB","updateDate":"2016-01-14T16:25:13.834Z"},{"date":"2010 JAN","value":"0.75","year":"2010","month":"January","quarter":"","sourceDataset":"CSDB","updateDate":"2016-01-14T16:25:13.834Z"},{"date":"2010 FEB","value":"0.00","year":"2010","month":"February","quarter":"","sourceDataset":"CSDB","updateDate":"2016-01-14T16:25:13.834Z"},{"date":"2010 MAR","value":"0.00","year":"2010","month":"March","quarter":"","sourceDataset":"CSDB","updateDate":"2016-01-14T16:25:13.834Z"},{"date":"2010 APR","value":"0.00","year":"2010","month":"April","quarter":"","sourceDataset":"CSDB","updateDate":"2016-01-14T16:25:13.834Z"},{"date":"2010 MAY","value":"0.00","year":"2010","month":"May","quarter":"","sourceDataset":"CSDB","updateDate":"2016-01-14T16:25:13.834Z"},{"date":"2010 JUN","value":"-0.00","year":"2010","month":"June","quarter":"","sourceDataset":"CSDB","updateDate":"2016-01-14T16:25:13.834Z"},{"date":"2010 JUL","value":"-0.00","year":"2010","month":"July","quarter":"","sourceDataset":"CSDB","updateDate":"2016-01-14T16:25:13.834Z"},{"date":"2010 AUG","value":"-0.00","year":"2010","month":"August","quarter":"","sourceDataset":"CSDB","updateDate":"2016-01-14T16:25:13.834Z"},{"date":"2010 SEP","value":"0.00","year":"2010","month":"September","quarter":"","sourceDataset":"CSDB","updateDate":"2016-01-14T16:25:13.834Z"},{"date":"2010 OCT","value":"-0.00","year":"2010","month":"October","quarter":"","sourceDataset":"CSDB","updateDate":"2016-01-14T16:25:13.834Z"},{"date":"2010 NOV","value":"0.00","year":"2010","month":"November","quarter":"","sourceDataset":"CSDB","updateDate":"2016-01-14T16:25:13.834Z"},{"date":"2010 DEC","value":"-0.00","year":"2010","month":"December","quarter":"","sourceDataset":"CSDB","updateDate":"2016-01-14T16:25:13.834Z"},{"date":"2011 JAN","value":"0.76","year":"2011","month":"January","quarter":"","sourceDataset":"CSDB","updateDate":"2016-01-14T16:25:13.834Z"},{"date":"2011 FEB","value":"0.00","year":"2011","month":"February","quarter":"","sourceDataset":"CSDB","updateDate":"2016-01-14T16:25:13.834Z"},{"date":"2011 MAR","value":"-0.00","year":"2011","month":"March","quarter":"","sourceDataset":"CSDB","updateDate":"2016-01-14T16:25:13.834Z"},{"date":"2011 APR","value":"-0.00","year":"2011","month":"April","quarter":"","sourceDataset":"CSDB","updateDate":"2016-01-14T16:25:13.834Z"},{"date":"2011 MAY","value":"-0.00","year":"2011","month":"May","quarter":"","sourceDataset":"CSDB","updateDate":"2016-01-14T16:25:13.834Z"},{"date":"2011 JUN","value":"0.00","year":"2011","month":"June","quarter":"","sourceDataset":"CSDB","updateDate":"2016-01-14T16:25:13.834Z"},{"date":"2011 JUL","value":"-0.00","year":"2011","month":"July","quarter":"","sourceDataset":"CSDB","updateDate":"2016-01-14T16:25:13.834Z"},{"date":"2011 AUG","value":"0.00","year":"2011","month":"August","quarter":"","sourceDataset":"CSDB","updateDate":"2016-01-14T16:25:13.834Z"},{"date":"2011 SEP","value":"0.00","year":"2011","month":"September","quarter":"","sourceDataset":"CSDB","updateDate":"2016-01-14T16:25:13.834Z"},{"date":"2011 OCT","value":"0.00","year":"2011","month":"October","quarter":"","sourceDataset":"CSDB","updateDate":"2016-01-14T16:25:13.834Z"},{"date":"2011 NOV","value":"-0.00","year":"2011","month":"November","quarter":"","sourceDataset":"CSDB","updateDate":"2016-01-14T16:25:13.834Z"},{"date":"2011 DEC","value":"-0.00","year":"2011","month":"December","quarter":"","sourceDataset":"CSDB","updateDate":"2016-01-14T16:25:13.834Z"},{"date":"2012 JAN","value":"0.00","year":"2012","month":"January","quarter":"","sourceDataset":"CSDB","updateDate":"2016-01-14T16:25:13.834Z"},{"date":"2012 FEB","value":"0.00","year":"2012","month":"February","quarter":"","sourceDataset":"CSDB","updateDate":"2016-01-14T16:25:13.834Z"},{"date":"2012 MAR","value":"-0.00","year":"2012","month":"March","quarter":"","sourceDataset":"CSDB","updateDate":"2016-01-14T16:25:13.834Z"},{"date":"2012 APR","value":"0.00","year":"2012","month":"April","quarter":"","sourceDataset":"CSDB","updateDate":"2016-01-14T16:25:13.834Z"},{"date":"2012 MAY","value":"0.00","year":"2012","month":"May","quarter":"","sourceDataset":"CSDB","updateDate":"2016-01-14T16:25:13.834Z"},{"date":"2012 JUN","value":"-0.00","year":"2012","month":"June","quarter":"","sourceDataset":"CSDB","updateDate":"2016-01-14T16:25:13.834Z"},{"date":"2012 JUL","value":"0.00","year":"2012","month":"July","quarter":"","sourceDataset":"CSDB","updateDate":"2016-01-14T16:25:13.834Z"},{"date":"2012 AUG","value":"-0.00","year":"2012","month":"August","quarter":"","sourceDataset":"CSDB","updateDate":"2016-01-14T16:25:13.834Z"},{"date":"2012 SEP","value":"-0.00","year":"2012","month":"September","quarter":"","sourceDataset":"CSDB","updateDate":"2016-01-14T16:25:13.834Z"},{"date":"2012 OCT","value":"-0.00","year":"2012","month":"October","quarter":"","sourceDataset":"CSDB","updateDate":"2016-01-14T16:25:13.834Z"},{"date":"2012 NOV","value":"0.00","year":"2012","month":"November","quarter":"","sourceDataset":"CSDB","updateDate":"2016-01-14T16:25:13.834Z"},{"date":"2012 DEC","value":"0.00","year":"2012","month":"December","quarter":"","sourceDataset":"CSDB","updateDate":"2016-01-14T16:25:13.834Z"},{"date":"2013 JAN","value":"0.00","year":"2013","month":"January","quarter":"","sourceDataset":"CSDB","updateDate":"2016-01-14T16:25:13.834Z"},{"date":"2013 FEB","value":"-0.00","year":"2013","month":"February","quarter":"","sourceDataset":"CSDB","updateDate":"2016-01-14T16:25:13.834Z"},{"date":"2013 MAR","value":"0.00","year":"2013","month":"March","quarter":"","sourceDataset":"CSDB","updateDate":"2016-01-14T16:25:13.834Z"},{"date":"2013 APR","value":"-0.00","year":"2013","month":"April","quarter":"","sourceDataset":"CSDB","updateDate":"2016-01-14T16:25:13.834Z"},{"date":"2013 MAY","value":"0.00","year":"2013","month":"May","quarter":"","sourceDataset":"CSDB","updateDate":"2016-01-14T16:25:13.834Z"},{"date":"2013 JUN","value":"-0.00","year":"2013","month":"June","quarter":"","sourceDataset":"CSDB","updateDate":"2016-01-14T16:25:13.834Z"},{"date":"2013 JUL","value":"0.00","year":"2013","month":"July","quarter":"","sourceDataset":"CSDB","updateDate":"2016-01-14T16:25:13.834Z"},{"date":"2013 AUG","value":"-0.00","year":"2013","month":"August","quarter":"","sourceDataset":"CSDB","updateDate":"2016-01-14T16:25:13.834Z"},{"date":"2013 SEP","value":"0.00","year":"2013","month":"September","quarter":"","sourceDataset":"CSDB","updateDate":"2016-01-14T16:25:13.834Z"},{"date":"2013 OCT","value":"0.00","year":"2013","month":"October","quarter":"","sourceDataset":"CSDB","updateDate":"2016-01-14T16:25:13.834Z"},{"date":"2013 NOV","value":"0.00","year":"2013","month":"November","quarter":"","sourceDataset":"CSDB","updateDate":"2016-01-14T16:25:13.834Z"},{"date":"2013 DEC","value":"0.00","year":"2013","month":"December","quarter":"","sourceDataset":"CSDB","updateDate":"2016-01-14T16:25:13.834Z"},{"date":"2014 JAN","value":"0.00","year":"2014","month":"January","quarter":"","sourceDataset":"CSDB","updateDate":"2016-01-14T16:25:13.834Z"},{"date":"2014 FEB","value":"0.00","year":"2014","month":"February","quarter":"","sourceDataset":"CSDB","updateDate":"2016-01-14T16:25:13.834Z"},{"date":"2014 MAR","value":"0.00","year":"2014","month":"March","quarter":"","sourceDataset":"CSDB","updateDate":"2016-01-14T16:25:13.834Z"},{"date":"2014 APR","value":"-0.00","year":"2014","month":"April","quarter":"","sourceDataset":"CSDB","updateDate":"2016-01-14T16:25:13.834Z"},{"date":"2014 MAY","value":"0.00","year":"2014","month":"May","quarter":"","sourceDataset":"CSDB","updateDate":"2016-01-14T16:25:13.834Z"},{"date":"2014 JUN","value":"-0.00","year":"2014","month":"June","quarter":"","sourceDataset":"CSDB","updateDate":"2016-01-14T16:25:13.834Z"},{"date":"2014 JUL","value":"0.00","year":"2014","month":"July","quarter":"","sourceDataset":"CSDB","updateDate":"2016-01-14T16:25:13.834Z"},{"date":"2014 AUG","value":"0.00","year":"2014","month":"August","quarter":"","sourceDataset":"CSDB","updateDate":"2016-01-14T16:25:13.834Z"},{"date":"2014 SEP","value":"0.00","year":"2014","month":"September","quarter":"","sourceDataset":"CSDB","updateDate":"2016-01-14T16:25:13.834Z"},{"date":"2014 OCT","value":"-0.00","year":"2014","month":"October","quarter":"","sourceDataset":"CSDB","updateDate":"2016-01-14T16:25:13.834Z"},{"date":"2014 NOV","value":"0.00","year":"2014","month":"November","quarter":"","sourceDataset":"CSDB","updateDate":"2016-01-14T16:25:13.834Z"},{"date":"2014 DEC","value":"-0.00","year":"2014","month":"December","quarter":"","sourceDataset":"CSDB","updateDate":"2016-01-14T16:25:13.834Z"},{"date":"2015 JAN","value":"0.00","year":"2015","month":"January","quarter":"","sourceDataset":"CSDB","updateDate":"2016-01-14T16:25:13.834Z"},{"date":"2015 FEB","value":"-0.00","year":"2015","month":"February","quarter":"","sourceDataset":"CSDB","updateDate":"2016-01-14T16:25:13.834Z"},{"date":"2015 MAR","value":"0.00","year":"2015","month":"March","quarter":"","sourceDataset":"CSDB","updateDate":"2016-01-14T16:25:13.834Z"},{"date":"2015 APR","value":"-0.00","year":"2015","month":"April","quarter":"","sourceDataset":"CSDB","updateDate":"2016-01-14T16:25:13.834Z"},{"date":"2015 MAY","value":"0.00","year":"2015","month":"May","quarter":"","sourceDataset":"CSDB","updateDate":"2016-01-14T16:25:13.834Z"},{"date":"2015 JUN","value":"-0.00","year":"2015","month":"June","quarter":"","sourceDataset":"CSDB","updateDate":"2016-01-14T16:25:13.834Z"},{"date":"2015 JUL","value":"0.00","year":"2015","month":"July","quarter":"","sourceDataset":"CSDB","updateDate":"2016-01-14T16:25:13.834Z"},{"date":"2015 AUG","value":"0.00","year":"2015","month":"August","quarter":"","sourceDataset":"CSDB","updateDate":"2016-01-22T20:07:45.795Z"}],"sourceDatasets":["CSDB"],"relatedDatasets":[{"uri":"/businessindustryandtrade/changestobusiness/bankruptcyinsolvency/datasets/carlsxmasrelease/2015"},{"uri":"/businessindustryandtrade/changestobusiness/bankruptcyinsolvency/datasets/wahasaqewqeqwe/2015"},{"uri":"/businessindustryandtrade/changestobusiness/bankruptcyinsolvency/datasets/releaseisreleaseygyug/2015"},{"uri":"/businessindustryandtrade/changestobusiness/bankruptcyinsolvency/datasets/releaseisreleaseadffd/2015"},{"uri":"/businessindustryandtrade/changestobusiness/bankruptcyinsolvency/datasets/pageunencrypted/2015"}],"relatedDocuments":[],"versions":[{"uri":"/businessindustryandtrade/changestobusiness/bankruptcyinsolvency/timeseries/eag6/previous/v1","updateDate":"2016-01-26T00:00:00.000Z","correctionNotice":"","label":"v1"}],"type":"timeseries","description":{"title":"CPI-CT: % effect of indirect tax changes on 1-month rate: processed food","contact":{"email":"","name":"","telephone":""},"releaseDate":"2016-01-28T00:00:00.000Z","nextRelease":"","cdid":"EAG6","unit":"","preUnit":"","source":"","seasonalAdjustment":"NSA","date":"2015 AUG","number":"0.00"}}