{"years":[{"date":"1974","value":"5","year":"1974","month":"","quarter":"","sourceDataset":"CSDB","updateDate":"2016-01-14T16:25:12.770Z"},{"date":"1975","value":"5","year":"1975","month":"","quarter":"","sourceDataset":"CSDB","updateDate":"2016-01-14T16:25:12.770Z"},{"date":"1976","value":"5","year":"1976","month":"","quarter":"","sourceDataset":"CSDB","updateDate":"2016-01-14T16:25:12.770Z"},{"date":"1977","value":"8","year":"1977","month":"","quarter":"","sourceDataset":"CSDB","updateDate":"2016-01-14T16:25:12.770Z"},{"date":"1978","value":"6","year":"1978","month":"","quarter":"","sourceDataset":"CSDB","updateDate":"2016-01-14T16:25:12.770Z"},{"date":"1979","value":"6","year":"1979","month":"","quarter":"","sourceDataset":"CSDB","updateDate":"2016-01-14T16:25:12.770Z"},{"date":"1980","value":"5","year":"1980","month":"","quarter":"","sourceDataset":"CSDB","updateDate":"2016-01-14T16:25:12.770Z"},{"date":"1981","value":"5","year":"1981","month":"","quarter":"","sourceDataset":"CSDB","updateDate":"2016-01-14T16:25:12.770Z"},{"date":"1982","value":"4","year":"1982","month":"","quarter":"","sourceDataset":"CSDB","updateDate":"2016-01-14T16:25:12.770Z"},{"date":"1983","value":"4","year":"1983","month":"","quarter":"","sourceDataset":"CSDB","updateDate":"2016-01-14T16:25:12.770Z"},{"date":"1984","value":"3","year":"1984","month":"","quarter":"","sourceDataset":"CSDB","updateDate":"2016-01-14T16:25:12.770Z"},{"date":"1985","value":"3","year":"1985","month":"","quarter":"","sourceDataset":"CSDB","updateDate":"2016-01-14T16:25:12.770Z"},{"date":"1986","value":"3","year":"1986","month":"","quarter":"","sourceDataset":"CSDB","updateDate":"2016-01-14T16:25:12.770Z"},{"date":"1987","value":"2","year":"1987","month":"","quarter":"","sourceDataset":"CSDB","updateDate":"2016-01-14T16:25:12.770Z"},{"date":"1988","value":"2","year":"1988","month":"","quarter":"","sourceDataset":"CSDB","updateDate":"2016-01-14T16:25:12.770Z"},{"date":"1989","value":"2","year":"1989","month":"","quarter":"","sourceDataset":"CSDB","updateDate":"2016-01-14T16:25:12.770Z"},{"date":"1990","value":"2","year":"1990","month":"","quarter":"","sourceDataset":"CSDB","updateDate":"2016-01-14T16:25:12.770Z"},{"date":"1991","value":"1","year":"1991","month":"","quarter":"","sourceDataset":"CSDB","updateDate":"2016-01-14T16:25:12.770Z"},{"date":"1992","value":"1","year":"1992","month":"","quarter":"","sourceDataset":"CSDB","updateDate":"2016-01-14T16:25:12.770Z"},{"date":"1993","value":"1","year":"1993","month":"","quarter":"","sourceDataset":"CSDB","updateDate":"2016-01-14T16:25:12.770Z"},{"date":"1994","value":"1","year":"1994","month":"","quarter":"","sourceDataset":"CSDB","updateDate":"2016-01-14T16:25:12.770Z"},{"date":"1995","value":"1","year":"1995","month":"","quarter":"","sourceDataset":"CSDB","updateDate":"2016-01-14T16:25:12.770Z"},{"date":"1996","value":"1","year":"1996","month":"","quarter":"","sourceDataset":"CSDB","updateDate":"2016-01-14T16:25:12.770Z"},{"date":"1997","value":"1","year":"1997","month":"","quarter":"","sourceDataset":"CSDB","updateDate":"2016-01-14T16:25:12.770Z"},{"date":"1998","value":"1","year":"1998","month":"","quarter":"","sourceDataset":"CSDB","updateDate":"2016-01-14T16:25:12.770Z"},{"date":"1999","value":"1","year":"1999","month":"","quarter":"","sourceDataset":"CSDB","updateDate":"2016-01-14T16:25:12.770Z"},{"date":"2000","value":"1","year":"2000","month":"","quarter":"","sourceDataset":"CSDB","updateDate":"2016-01-14T16:25:12.770Z"},{"date":"2001","value":"1","year":"2001","month":"","quarter":"","sourceDataset":"CSDB","updateDate":"2016-01-14T16:25:12.770Z"},{"date":"2002","value":"1","year":"2002","month":"","quarter":"","sourceDataset":"CSDB","updateDate":"2016-01-14T16:25:12.770Z"},{"date":"2003","value":"1","year":"2003","month":"","quarter":"","sourceDataset":"CSDB","updateDate":"2016-01-14T16:25:12.770Z"},{"date":"2004","value":"1","year":"2004","month":"","quarter":"","sourceDataset":"CSDB","updateDate":"2016-01-14T16:25:12.770Z"},{"date":"2005","value":"1","year":"2005","month":"","quarter":"","sourceDataset":"CSDB","updateDate":"2016-01-14T16:25:12.770Z"},{"date":"2006","value":"1","year":"2006","month":"","quarter":"","sourceDataset":"CSDB","updateDate":"2016-01-14T16:25:12.770Z"},{"date":"2007","value":"1","year":"2007","month":"","quarter":"","sourceDataset":"CSDB","updateDate":"2016-01-14T16:25:12.770Z"},{"date":"2008","value":"1","year":"2008","month":"","quarter":"","sourceDataset":"CSDB","updateDate":"2016-01-14T16:25:12.770Z"},{"date":"2009","value":"1","year":"2009","month":"","quarter":"","sourceDataset":"CSDB","updateDate":"2016-01-14T16:25:12.770Z"},{"date":"2010","value":"1","year":"2010","month":"","quarter":"","sourceDataset":"CSDB","updateDate":"2016-01-14T16:25:12.770Z"},{"date":"2011","value":"1","year":"2011","month":"","quarter":"","sourceDataset":"CSDB","updateDate":"2016-01-14T16:25:12.770Z"},{"date":"2012","value":"1","year":"2012","month":"","quarter":"","sourceDataset":"CSDB","updateDate":"2016-01-14T16:25:12.770Z"},{"date":"2013","value":"1","year":"2013","month":"","quarter":"","sourceDataset":"CSDB","updateDate":"2016-01-14T16:25:12.770Z"},{"date":"2014","value":"1","year":"2014","month":"","quarter":"","sourceDataset":"CSDB","updateDate":"2016-01-14T16:25:12.770Z"},{"date":"2015","value":"1","year":"2015","month":"","quarter":"","sourceDataset":"CSDB","updateDate":"2016-01-14T16:25:12.770Z"}],"quarters":[],"months":[],"sourceDatasets":["CSDB"],"relatedDatasets":[{"uri":"/businessindustryandtrade/changestobusiness/bankruptcyinsolvency/datasets/carlsxmasrelease/2015"},{"uri":"/businessindustryandtrade/changestobusiness/bankruptcyinsolvency/datasets/wahasaqewqeqwe/2015"},{"uri":"/businessindustryandtrade/changestobusiness/bankruptcyinsolvency/datasets/releaseisreleaseygyug/2015"},{"uri":"/businessindustryandtrade/changestobusiness/bankruptcyinsolvency/datasets/releaseisreleaseadffd/2015"},{"uri":"/businessindustryandtrade/changestobusiness/bankruptcyinsolvency/datasets/pageunencrypted/2015"}],"relatedDocuments":[],"type":"timeseries","description":{"title":"RPI:Weights (parts per 1000) - Butter                                   ","contact":{"email":"","name":"","telephone":""},"releaseDate":"2016-01-28T00:00:00.000Z","nextRelease":"","cdid":"CZWA","unit":"","preUnit":"","source":"","seasonalAdjustment":"NSA","date":"2015","number":"1"}}