{"years":[{"date":"1985","value":"24195","year":"1985","month":"","quarter":"","sourceDataset":"CSDB10","updateDate":"2016-01-28T09:29:39.680Z"},{"date":"1986","value":"29163","year":"1986","month":"","quarter":"","sourceDataset":"CSDB10","updateDate":"2016-01-28T09:29:39.680Z"},{"date":"1987","value":"34070","year":"1987","month":"","quarter":"","sourceDataset":"CSDB10","updateDate":"2016-01-28T09:29:39.680Z"},{"date":"1988","value":"40441","year":"1988","month":"","quarter":"","sourceDataset":"CSDB10","updateDate":"2016-01-28T09:29:39.680Z"},{"date":"1989","value":"45844","year":"1989","month":"","quarter":"","sourceDataset":"CSDB10","updateDate":"2016-01-28T09:29:39.680Z"},{"date":"1990","value":"48548","year":"1990","month":"","quarter":"","sourceDataset":"CSDB10","updateDate":"2016-01-28T09:29:39.680Z"},{"date":"1991","value":"51920","year":"1991","month":"","quarter":"","sourceDataset":"CSDB10","updateDate":"2016-01-28T09:29:39.680Z"},{"date":"1992","value":"54692","year":"1992","month":"","quarter":"","sourceDataset":"CSDB10","updateDate":"2016-01-28T09:29:39.680Z"},{"date":"1993","value":"59508","year":"1993","month":"","quarter":"","sourceDataset":"CSDB10","updateDate":"2016-01-28T09:29:39.680Z"},{"date":"1994","value":"60859","year":"1994","month":"","quarter":"","sourceDataset":"CSDB10","updateDate":"2016-01-28T09:29:39.680Z"},{"date":"1995","value":"62896","year":"1995","month":"","quarter":"","sourceDataset":"CSDB10","updateDate":"2016-01-28T09:29:39.680Z"},{"date":"1996","value":"67686","year":"1996","month":"","quarter":"","sourceDataset":"CSDB10","updateDate":"2016-01-28T09:29:39.680Z"},{"date":"1997","value":"76167","year":"1997","month":"","quarter":"","sourceDataset":"CSDB10","updateDate":"2016-01-28T09:29:39.680Z"},{"date":"1998","value":"83157","year":"1998","month":"","quarter":"","sourceDataset":"CSDB10","updateDate":"2016-01-28T09:29:39.680Z"},{"date":"1999","value":"86931","year":"1999","month":"","quarter":"","sourceDataset":"CSDB10","updateDate":"2016-01-28T09:29:39.680Z"},{"date":"2000","value":"93822","year":"2000","month":"","quarter":"","sourceDataset":"CSDB10","updateDate":"2016-01-28T09:29:39.680Z"},{"date":"2001","value":"93313","year":"2001","month":"","quarter":"","sourceDataset":"CSDB10","updateDate":"2016-01-28T09:29:39.680Z"},{"date":"2002","value":"94942","year":"2002","month":"","quarter":"","sourceDataset":"CSDB10","updateDate":"2016-01-28T09:29:39.680Z"},{"date":"2003","value":"101499","year":"2003","month":"","quarter":"","sourceDataset":"CSDB10","updateDate":"2016-01-28T09:29:39.680Z"},{"date":"2004","value":"112915","year":"2004","month":"","quarter":"","sourceDataset":"CSDB10","updateDate":"2016-01-28T09:29:39.680Z"},{"date":"2005","value":"123246","year":"2005","month":"","quarter":"","sourceDataset":"CSDB10","updateDate":"2016-01-28T09:29:39.680Z"},{"date":"2006","value":"128602","year":"2006","month":"","quarter":"","sourceDataset":"CSDB10","updateDate":"2016-01-28T09:29:39.680Z"},{"date":"2007","value":"135177","year":"2007","month":"","quarter":"","sourceDataset":"CSDB10","updateDate":"2016-01-28T09:29:39.680Z"},{"date":"2008","value":"137439","year":"2008","month":"","quarter":"","sourceDataset":"CSDB10","updateDate":"2016-01-28T09:29:39.680Z"},{"date":"2009","value":"123871","year":"2009","month":"","quarter":"","sourceDataset":"CSDB10","updateDate":"2016-01-28T09:29:39.680Z"},{"date":"2010","value":"121089","year":"2010","month":"","quarter":"","sourceDataset":"CSDB10","updateDate":"2016-01-28T09:29:39.680Z"},{"date":"2011","value":"124454","year":"2011","month":"","quarter":"","sourceDataset":"CSDB10","updateDate":"2016-01-28T09:29:39.680Z"},{"date":"2012","value":"128041","year":"2012","month":"","quarter":"","sourceDataset":"CSDB10","updateDate":"2016-01-28T09:29:39.680Z"},{"date":"2013","value":"135949","year":"2013","month":"","quarter":"","sourceDataset":"CSDB10","updateDate":"2016-01-28T09:29:39.680Z"},{"date":"2014","value":"147939","year":"2014","month":"","quarter":"","sourceDataset":"CSDB10","updateDate":"2016-01-28T09:29:39.680Z"}],"quarters":[{"date":"1985 Q1","value":"5478","year":"1985","month":"","quarter":"Q1","sourceDataset":"CSDB10","updateDate":"2016-01-28T09:29:39.680Z"},{"date":"1985 Q2","value":"5762","year":"1985","month":"","quarter":"Q2","sourceDataset":"CSDB10","updateDate":"2016-01-28T09:29:39.680Z"},{"date":"1985 Q3","value":"6128","year":"1985","month":"","quarter":"Q3","sourceDataset":"CSDB10","updateDate":"2016-01-28T09:29:39.680Z"},{"date":"1985 Q4","value":"6827","year":"1985","month":"","quarter":"Q4","sourceDataset":"CSDB10","updateDate":"2016-01-28T09:29:39.680Z"},{"date":"1986 Q1","value":"6716","year":"1986","month":"","quarter":"Q1","sourceDataset":"CSDB10","updateDate":"2016-01-28T09:29:39.680Z"},{"date":"1986 Q2","value":"7142","year":"1986","month":"","quarter":"Q2","sourceDataset":"CSDB10","updateDate":"2016-01-28T09:29:39.680Z"},{"date":"1986 Q3","value":"7325","year":"1986","month":"","quarter":"Q3","sourceDataset":"CSDB10","updateDate":"2016-01-28T09:29:39.680Z"},{"date":"1986 Q4","value":"7980","year":"1986","month":"","quarter":"Q4","sourceDataset":"CSDB10","updateDate":"2016-01-28T09:29:39.680Z"},{"date":"1987 Q1","value":"7630","year":"1987","month":"","quarter":"Q1","sourceDataset":"CSDB10","updateDate":"2016-01-28T09:29:39.680Z"},{"date":"1987 Q2","value":"8348","year":"1987","month":"","quarter":"Q2","sourceDataset":"CSDB10","updateDate":"2016-01-28T09:29:39.680Z"},{"date":"1987 Q3","value":"8900","year":"1987","month":"","quarter":"Q3","sourceDataset":"CSDB10","updateDate":"2016-01-28T09:29:39.680Z"},{"date":"1987 Q4","value":"9192","year":"1987","month":"","quarter":"Q4","sourceDataset":"CSDB10","updateDate":"2016-01-28T09:29:39.680Z"},{"date":"1988 Q1","value":"9304","year":"1988","month":"","quarter":"Q1","sourceDataset":"CSDB10","updateDate":"2016-01-28T09:29:39.680Z"},{"date":"1988 Q2","value":"9837","year":"1988","month":"","quarter":"Q2","sourceDataset":"CSDB10","updateDate":"2016-01-28T09:29:39.680Z"},{"date":"1988 Q3","value":"10158","year":"1988","month":"","quarter":"Q3","sourceDataset":"CSDB10","updateDate":"2016-01-28T09:29:39.680Z"},{"date":"1988 Q4","value":"11142","year":"1988","month":"","quarter":"Q4","sourceDataset":"CSDB10","updateDate":"2016-01-28T09:29:39.680Z"},{"date":"1989 Q1","value":"10540","year":"1989","month":"","quarter":"Q1","sourceDataset":"CSDB10","updateDate":"2016-01-28T09:29:39.680Z"},{"date":"1989 Q2","value":"11059","year":"1989","month":"","quarter":"Q2","sourceDataset":"CSDB10","updateDate":"2016-01-28T09:29:39.680Z"},{"date":"1989 Q3","value":"11531","year":"1989","month":"","quarter":"Q3","sourceDataset":"CSDB10","updateDate":"2016-01-28T09:29:39.680Z"},{"date":"1989 Q4","value":"12714","year":"1989","month":"","quarter":"Q4","sourceDataset":"CSDB10","updateDate":"2016-01-28T09:29:39.680Z"},{"date":"1990 Q1","value":"10633","year":"1990","month":"","quarter":"Q1","sourceDataset":"CSDB10","updateDate":"2016-01-28T09:29:39.680Z"},{"date":"1990 Q2","value":"11999","year":"1990","month":"","quarter":"Q2","sourceDataset":"CSDB10","updateDate":"2016-01-28T09:29:39.680Z"},{"date":"1990 Q3","value":"12735","year":"1990","month":"","quarter":"Q3","sourceDataset":"CSDB10","updateDate":"2016-01-28T09:29:39.680Z"},{"date":"1990 Q4","value":"13181","year":"1990","month":"","quarter":"Q4","sourceDataset":"CSDB10","updateDate":"2016-01-28T09:29:39.680Z"},{"date":"1991 Q1","value":"12356","year":"1991","month":"","quarter":"Q1","sourceDataset":"CSDB10","updateDate":"2016-01-28T09:29:39.680Z"},{"date":"1991 Q2","value":"12837","year":"1991","month":"","quarter":"Q2","sourceDataset":"CSDB10","updateDate":"2016-01-28T09:29:39.680Z"},{"date":"1991 Q3","value":"13063","year":"1991","month":"","quarter":"Q3","sourceDataset":"CSDB10","updateDate":"2016-01-28T09:29:39.680Z"},{"date":"1991 Q4","value":"13664","year":"1991","month":"","quarter":"Q4","sourceDataset":"CSDB10","updateDate":"2016-01-28T09:29:39.680Z"},{"date":"1992 Q1","value":"12741","year":"1992","month":"","quarter":"Q1","sourceDataset":"CSDB10","updateDate":"2016-01-28T09:29:39.680Z"},{"date":"1992 Q2","value":"13435","year":"1992","month":"","quarter":"Q2","sourceDataset":"CSDB10","updateDate":"2016-01-28T09:29:39.680Z"},{"date":"1992 Q3","value":"13676","year":"1992","month":"","quarter":"Q3","sourceDataset":"CSDB10","updateDate":"2016-01-28T09:29:39.680Z"},{"date":"1992 Q4","value":"14840","year":"1992","month":"","quarter":"Q4","sourceDataset":"CSDB10","updateDate":"2016-01-28T09:29:39.680Z"},{"date":"1993 Q1","value":"14232","year":"1993","month":"","quarter":"Q1","sourceDataset":"CSDB10","updateDate":"2016-01-28T09:29:39.680Z"},{"date":"1993 Q2","value":"14397","year":"1993","month":"","quarter":"Q2","sourceDataset":"CSDB10","updateDate":"2016-01-28T09:29:39.680Z"},{"date":"1993 Q3","value":"14855","year":"1993","month":"","quarter":"Q3","sourceDataset":"CSDB10","updateDate":"2016-01-28T09:29:39.680Z"},{"date":"1993 Q4","value":"16024","year":"1993","month":"","quarter":"Q4","sourceDataset":"CSDB10","updateDate":"2016-01-28T09:29:39.680Z"},{"date":"1994 Q1","value":"14681","year":"1994","month":"","quarter":"Q1","sourceDataset":"CSDB10","updateDate":"2016-01-28T09:29:39.680Z"},{"date":"1994 Q2","value":"14911","year":"1994","month":"","quarter":"Q2","sourceDataset":"CSDB10","updateDate":"2016-01-28T09:29:39.680Z"},{"date":"1994 Q3","value":"15235","year":"1994","month":"","quarter":"Q3","sourceDataset":"CSDB10","updateDate":"2016-01-28T09:29:39.680Z"},{"date":"1994 Q4","value":"16032","year":"1994","month":"","quarter":"Q4","sourceDataset":"CSDB10","updateDate":"2016-01-28T09:29:39.680Z"},{"date":"1995 Q1","value":"14676","year":"1995","month":"","quarter":"Q1","sourceDataset":"CSDB10","updateDate":"2016-01-28T09:29:39.680Z"},{"date":"1995 Q2","value":"15314","year":"1995","month":"","quarter":"Q2","sourceDataset":"CSDB10","updateDate":"2016-01-28T09:29:39.680Z"},{"date":"1995 Q3","value":"15782","year":"1995","month":"","quarter":"Q3","sourceDataset":"CSDB10","updateDate":"2016-01-28T09:29:39.680Z"},{"date":"1995 Q4","value":"17124","year":"1995","month":"","quarter":"Q4","sourceDataset":"CSDB10","updateDate":"2016-01-28T09:29:39.680Z"},{"date":"1996 Q1","value":"15868","year":"1996","month":"","quarter":"Q1","sourceDataset":"CSDB10","updateDate":"2016-01-28T09:29:39.680Z"},{"date":"1996 Q2","value":"16789","year":"1996","month":"","quarter":"Q2","sourceDataset":"CSDB10","updateDate":"2016-01-28T09:29:39.680Z"},{"date":"1996 Q3","value":"16810","year":"1996","month":"","quarter":"Q3","sourceDataset":"CSDB10","updateDate":"2016-01-28T09:29:39.680Z"},{"date":"1996 Q4","value":"18219","year":"1996","month":"","quarter":"Q4","sourceDataset":"CSDB10","updateDate":"2016-01-28T09:29:39.680Z"},{"date":"1997 Q1","value":"17401","year":"1997","month":"","quarter":"Q1","sourceDataset":"CSDB10","updateDate":"2016-01-28T09:29:39.680Z"},{"date":"1997 Q2","value":"18417","year":"1997","month":"","quarter":"Q2","sourceDataset":"CSDB10","updateDate":"2016-01-28T09:29:39.680Z"},{"date":"1997 Q3","value":"19473","year":"1997","month":"","quarter":"Q3","sourceDataset":"CSDB10","updateDate":"2016-01-28T09:29:39.680Z"},{"date":"1997 Q4","value":"20876","year":"1997","month":"","quarter":"Q4","sourceDataset":"CSDB10","updateDate":"2016-01-28T09:29:39.680Z"},{"date":"1998 Q1","value":"19764","year":"1998","month":"","quarter":"Q1","sourceDataset":"CSDB10","updateDate":"2016-01-28T09:29:39.680Z"},{"date":"1998 Q2","value":"20765","year":"1998","month":"","quarter":"Q2","sourceDataset":"CSDB10","updateDate":"2016-01-28T09:29:39.680Z"},{"date":"1998 Q3","value":"20855","year":"1998","month":"","quarter":"Q3","sourceDataset":"CSDB10","updateDate":"2016-01-28T09:29:39.680Z"},{"date":"1998 Q4","value":"21773","year":"1998","month":"","quarter":"Q4","sourceDataset":"CSDB10","updateDate":"2016-01-28T09:29:39.680Z"},{"date":"1999 Q1","value":"21848","year":"1999","month":"","quarter":"Q1","sourceDataset":"CSDB10","updateDate":"2016-01-28T09:29:39.680Z"},{"date":"1999 Q2","value":"21399","year":"1999","month":"","quarter":"Q2","sourceDataset":"CSDB10","updateDate":"2016-01-28T09:29:39.680Z"},{"date":"1999 Q3","value":"20773","year":"1999","month":"","quarter":"Q3","sourceDataset":"CSDB10","updateDate":"2016-01-28T09:29:39.680Z"},{"date":"1999 Q4","value":"22911","year":"1999","month":"","quarter":"Q4","sourceDataset":"CSDB10","updateDate":"2016-01-28T09:29:39.680Z"},{"date":"2000 Q1","value":"23532","year":"2000","month":"","quarter":"Q1","sourceDataset":"CSDB10","updateDate":"2016-01-28T09:29:39.680Z"},{"date":"2000 Q2","value":"23173","year":"2000","month":"","quarter":"Q2","sourceDataset":"CSDB10","updateDate":"2016-01-28T09:29:39.680Z"},{"date":"2000 Q3","value":"23157","year":"2000","month":"","quarter":"Q3","sourceDataset":"CSDB10","updateDate":"2016-01-28T09:29:39.680Z"},{"date":"2000 Q4","value":"23960","year":"2000","month":"","quarter":"Q4","sourceDataset":"CSDB10","updateDate":"2016-01-28T09:29:39.680Z"},{"date":"2001 Q1","value":"22786","year":"2001","month":"","quarter":"Q1","sourceDataset":"CSDB10","updateDate":"2016-01-28T09:29:39.680Z"},{"date":"2001 Q2","value":"22979","year":"2001","month":"","quarter":"Q2","sourceDataset":"CSDB10","updateDate":"2016-01-28T09:29:39.680Z"},{"date":"2001 Q3","value":"23580","year":"2001","month":"","quarter":"Q3","sourceDataset":"CSDB10","updateDate":"2016-01-28T09:29:39.680Z"},{"date":"2001 Q4","value":"23968","year":"2001","month":"","quarter":"Q4","sourceDataset":"CSDB10","updateDate":"2016-01-28T09:29:39.680Z"},{"date":"2002 Q1","value":"22754","year":"2002","month":"","quarter":"Q1","sourceDataset":"CSDB10","updateDate":"2016-01-28T09:29:39.680Z"},{"date":"2002 Q2","value":"23402","year":"2002","month":"","quarter":"Q2","sourceDataset":"CSDB10","updateDate":"2016-01-28T09:29:39.680Z"},{"date":"2002 Q3","value":"23266","year":"2002","month":"","quarter":"Q3","sourceDataset":"CSDB10","updateDate":"2016-01-28T09:29:39.680Z"},{"date":"2002 Q4","value":"25520","year":"2002","month":"","quarter":"Q4","sourceDataset":"CSDB10","updateDate":"2016-01-28T09:29:39.680Z"},{"date":"2003 Q1","value":"23826","year":"2003","month":"","quarter":"Q1","sourceDataset":"CSDB10","updateDate":"2016-01-28T09:29:39.680Z"},{"date":"2003 Q2","value":"24629","year":"2003","month":"","quarter":"Q2","sourceDataset":"CSDB10","updateDate":"2016-01-28T09:29:39.680Z"},{"date":"2003 Q3","value":"25091","year":"2003","month":"","quarter":"Q3","sourceDataset":"CSDB10","updateDate":"2016-01-28T09:29:39.680Z"},{"date":"2003 Q4","value":"27953","year":"2003","month":"","quarter":"Q4","sourceDataset":"CSDB10","updateDate":"2016-01-28T09:29:39.680Z"},{"date":"2004 Q1","value":"25795","year":"2004","month":"","quarter":"Q1","sourceDataset":"CSDB10","updateDate":"2016-01-28T09:29:39.680Z"},{"date":"2004 Q2","value":"27648","year":"2004","month":"","quarter":"Q2","sourceDataset":"CSDB10","updateDate":"2016-01-28T09:29:39.680Z"},{"date":"2004 Q3","value":"28392","year":"2004","month":"","quarter":"Q3","sourceDataset":"CSDB10","updateDate":"2016-01-28T09:29:39.680Z"},{"date":"2004 Q4","value":"31080","year":"2004","month":"","quarter":"Q4","sourceDataset":"CSDB10","updateDate":"2016-01-28T09:29:39.680Z"},{"date":"2005 Q1","value":"29469","year":"2005","month":"","quarter":"Q1","sourceDataset":"CSDB10","updateDate":"2016-01-28T09:29:39.680Z"},{"date":"2005 Q2","value":"30026","year":"2005","month":"","quarter":"Q2","sourceDataset":"CSDB10","updateDate":"2016-01-28T09:29:39.680Z"},{"date":"2005 Q3","value":"31106","year":"2005","month":"","quarter":"Q3","sourceDataset":"CSDB10","updateDate":"2016-01-28T09:29:39.680Z"},{"date":"2005 Q4","value":"32645","year":"2005","month":"","quarter":"Q4","sourceDataset":"CSDB10","updateDate":"2016-01-28T09:29:39.680Z"},{"date":"2006 Q1","value":"30470","year":"2006","month":"","quarter":"Q1","sourceDataset":"CSDB10","updateDate":"2016-01-28T09:29:39.680Z"},{"date":"2006 Q2","value":"31129","year":"2006","month":"","quarter":"Q2","sourceDataset":"CSDB10","updateDate":"2016-01-28T09:29:39.680Z"},{"date":"2006 Q3","value":"31994","year":"2006","month":"","quarter":"Q3","sourceDataset":"CSDB10","updateDate":"2016-01-28T09:29:39.680Z"},{"date":"2006 Q4","value":"35009","year":"2006","month":"","quarter":"Q4","sourceDataset":"CSDB10","updateDate":"2016-01-28T09:29:39.680Z"},{"date":"2007 Q1","value":"31569","year":"2007","month":"","quarter":"Q1","sourceDataset":"CSDB10","updateDate":"2016-01-28T09:29:39.680Z"},{"date":"2007 Q2","value":"32762","year":"2007","month":"","quarter":"Q2","sourceDataset":"CSDB10","updateDate":"2016-01-28T09:29:39.680Z"},{"date":"2007 Q3","value":"34193","year":"2007","month":"","quarter":"Q3","sourceDataset":"CSDB10","updateDate":"2016-01-28T09:29:39.680Z"},{"date":"2007 Q4","value":"36653","year":"2007","month":"","quarter":"Q4","sourceDataset":"CSDB10","updateDate":"2016-01-28T09:29:39.680Z"},{"date":"2008 Q1","value":"34006","year":"2008","month":"","quarter":"Q1","sourceDataset":"CSDB10","updateDate":"2016-01-28T09:29:39.680Z"},{"date":"2008 Q2","value":"34299","year":"2008","month":"","quarter":"Q2","sourceDataset":"CSDB10","updateDate":"2016-01-28T09:29:39.680Z"},{"date":"2008 Q3","value":"33419","year":"2008","month":"","quarter":"Q3","sourceDataset":"CSDB10","updateDate":"2016-01-28T09:29:39.680Z"},{"date":"2008 Q4","value":"35715","year":"2008","month":"","quarter":"Q4","sourceDataset":"CSDB10","updateDate":"2016-01-28T09:29:39.680Z"},{"date":"2009 Q1","value":"31195","year":"2009","month":"","quarter":"Q1","sourceDataset":"CSDB10","updateDate":"2016-01-28T09:29:39.680Z"},{"date":"2009 Q2","value":"29803","year":"2009","month":"","quarter":"Q2","sourceDataset":"CSDB10","updateDate":"2016-01-28T09:29:39.680Z"},{"date":"2009 Q3","value":"30384","year":"2009","month":"","quarter":"Q3","sourceDataset":"CSDB10","updateDate":"2016-01-28T09:29:39.680Z"},{"date":"2009 Q4","value":"32489","year":"2009","month":"","quarter":"Q4","sourceDataset":"CSDB10","updateDate":"2016-01-28T09:29:39.680Z"},{"date":"2010 Q1","value":"27578","year":"2010","month":"","quarter":"Q1","sourceDataset":"CSDB10","updateDate":"2016-01-28T09:29:39.680Z"},{"date":"2010 Q2","value":"30441","year":"2010","month":"","quarter":"Q2","sourceDataset":"CSDB10","updateDate":"2016-01-28T09:29:39.680Z"},{"date":"2010 Q3","value":"30998","year":"2010","month":"","quarter":"Q3","sourceDataset":"CSDB10","updateDate":"2016-01-28T09:29:39.680Z"},{"date":"2010 Q4","value":"32072","year":"2010","month":"","quarter":"Q4","sourceDataset":"CSDB10","updateDate":"2016-01-28T09:29:39.680Z"},{"date":"2011 Q1","value":"29031","year":"2011","month":"","quarter":"Q1","sourceDataset":"CSDB10","updateDate":"2016-01-28T09:29:39.680Z"},{"date":"2011 Q2","value":"30153","year":"2011","month":"","quarter":"Q2","sourceDataset":"CSDB10","updateDate":"2016-01-28T09:29:39.680Z"},{"date":"2011 Q3","value":"30577","year":"2011","month":"","quarter":"Q3","sourceDataset":"CSDB10","updateDate":"2016-01-28T09:29:39.680Z"},{"date":"2011 Q4","value":"34693","year":"2011","month":"","quarter":"Q4","sourceDataset":"CSDB10","updateDate":"2016-01-28T09:29:39.680Z"},{"date":"2012 Q1","value":"30879","year":"2012","month":"","quarter":"Q1","sourceDataset":"CSDB10","updateDate":"2016-01-28T09:29:39.680Z"},{"date":"2012 Q2","value":"32668","year":"2012","month":"","quarter":"Q2","sourceDataset":"CSDB10","updateDate":"2016-01-28T09:29:39.680Z"},{"date":"2012 Q3","value":"30613","year":"2012","month":"","quarter":"Q3","sourceDataset":"CSDB10","updateDate":"2016-01-28T09:29:39.680Z"},{"date":"2012 Q4","value":"33881","year":"2012","month":"","quarter":"Q4","sourceDataset":"CSDB10","updateDate":"2016-01-28T09:29:39.680Z"},{"date":"2013 Q1","value":"32195","year":"2013","month":"","quarter":"Q1","sourceDataset":"CSDB10","updateDate":"2016-01-28T09:29:39.680Z"},{"date":"2013 Q2","value":"32881","year":"2013","month":"","quarter":"Q2","sourceDataset":"CSDB10","updateDate":"2016-01-28T09:29:39.680Z"},{"date":"2013 Q3","value":"33290","year":"2013","month":"","quarter":"Q3","sourceDataset":"CSDB10","updateDate":"2016-01-28T09:29:39.680Z"},{"date":"2013 Q4","value":"37583","year":"2013","month":"","quarter":"Q4","sourceDataset":"CSDB10","updateDate":"2016-01-28T09:29:39.680Z"},{"date":"2014 Q1","value":"34611","year":"2014","month":"","quarter":"Q1","sourceDataset":"CSDB10","updateDate":"2016-01-28T09:29:39.680Z"},{"date":"2014 Q2","value":"36461","year":"2014","month":"","quarter":"Q2","sourceDataset":"CSDB10","updateDate":"2016-01-28T09:29:39.680Z"},{"date":"2014 Q3","value":"36295","year":"2014","month":"","quarter":"Q3","sourceDataset":"CSDB10","updateDate":"2016-01-28T09:29:39.680Z"},{"date":"2014 Q4","value":"40572","year":"2014","month":"","quarter":"Q4","sourceDataset":"CSDB10","updateDate":"2016-01-28T09:29:39.680Z"},{"date":"2015 Q1","value":"35742","year":"2015","month":"","quarter":"Q1","sourceDataset":"CSDB10","updateDate":"2016-01-28T09:29:39.680Z"},{"date":"2015 Q2","value":"36670","year":"2015","month":"","quarter":"Q2","sourceDataset":"CSDB10","updateDate":"2016-01-28T09:29:39.680Z"},{"date":"2015 Q3","value":"36826","year":"2015","month":"","quarter":"Q3","sourceDataset":"CSDB10","updateDate":"2016-01-28T09:29:39.680Z"}],"months":[],"sourceDatasets":["CSDB10"],"relatedDatasets":[{"uri":"/economy/environmentalaccounts/datasets/werwerwerwerwerwr/2015"}],"relatedDocuments":[],"type":"timeseries","description":{"title":"12 Miscellaneous goods and services CP NSA                              ","contact":{"email":"","name":"","telephone":""},"releaseDate":"2016-01-27T00:00:00.000Z","nextRelease":"","cdid":"ADII","unit":"","preUnit":"","source":"","seasonalAdjustment":"NSA","date":"2015 Q3","number":"36826"}}