{"years":[{"date":"1999","value":"1121","year":"1999","month":"","quarter":"","sourceDataset":"CSDB10","updateDate":"2016-01-28T09:29:35.405Z"},{"date":"2000","value":"1296","year":"2000","month":"","quarter":"","sourceDataset":"CSDB10","updateDate":"2016-01-28T09:29:35.405Z"},{"date":"2001","value":"1468","year":"2001","month":"","quarter":"","sourceDataset":"CSDB10","updateDate":"2016-01-28T09:29:35.405Z"},{"date":"2002","value":"1548","year":"2002","month":"","quarter":"","sourceDataset":"CSDB10","updateDate":"2016-01-28T09:29:35.405Z"},{"date":"2003","value":"1621","year":"2003","month":"","quarter":"","sourceDataset":"CSDB10","updateDate":"2016-01-28T09:29:35.405Z"},{"date":"2004","value":"1796","year":"2004","month":"","quarter":"","sourceDataset":"CSDB10","updateDate":"2016-01-28T09:29:35.405Z"},{"date":"2005","value":"2008","year":"2005","month":"","quarter":"","sourceDataset":"CSDB10","updateDate":"2016-01-28T09:29:35.405Z"},{"date":"2006","value":"2228","year":"2006","month":"","quarter":"","sourceDataset":"CSDB10","updateDate":"2016-01-28T09:29:35.405Z"},{"date":"2007","value":"2348","year":"2007","month":"","quarter":"","sourceDataset":"CSDB10","updateDate":"2016-01-28T09:29:35.405Z"},{"date":"2008","value":"3123","year":"2008","month":"","quarter":"","sourceDataset":"CSDB10","updateDate":"2016-01-28T09:29:35.405Z"},{"date":"2009","value":"3027","year":"2009","month":"","quarter":"","sourceDataset":"CSDB10","updateDate":"2016-01-28T09:29:35.405Z"},{"date":"2010","value":"3617","year":"2010","month":"","quarter":"","sourceDataset":"CSDB10","updateDate":"2016-01-28T09:29:35.405Z"},{"date":"2011","value":"3126","year":"2011","month":"","quarter":"","sourceDataset":"CSDB10","updateDate":"2016-01-28T09:29:35.405Z"},{"date":"2012","value":"2963","year":"2012","month":"","quarter":"","sourceDataset":"CSDB10","updateDate":"2016-01-28T09:29:35.405Z"},{"date":"2013","value":"2936","year":"2013","month":"","quarter":"","sourceDataset":"CSDB10","updateDate":"2016-01-28T09:29:35.405Z"},{"date":"2014","value":"3052","year":"2014","month":"","quarter":"","sourceDataset":"CSDB10","updateDate":"2016-01-28T09:29:35.405Z"}],"quarters":[{"date":"1999 Q1","value":"233","year":"1999","month":"","quarter":"Q1","sourceDataset":"CSDB10","updateDate":"2016-01-28T09:29:35.405Z"},{"date":"1999 Q2","value":"288","year":"1999","month":"","quarter":"Q2","sourceDataset":"CSDB10","updateDate":"2016-01-28T09:29:35.405Z"},{"date":"1999 Q3","value":"297","year":"1999","month":"","quarter":"Q3","sourceDataset":"CSDB10","updateDate":"2016-01-28T09:29:35.405Z"},{"date":"1999 Q4","value":"303","year":"1999","month":"","quarter":"Q4","sourceDataset":"CSDB10","updateDate":"2016-01-28T09:29:35.405Z"},{"date":"2000 Q1","value":"321","year":"2000","month":"","quarter":"Q1","sourceDataset":"CSDB10","updateDate":"2016-01-28T09:29:35.405Z"},{"date":"2000 Q2","value":"339","year":"2000","month":"","quarter":"Q2","sourceDataset":"CSDB10","updateDate":"2016-01-28T09:29:35.405Z"},{"date":"2000 Q3","value":"334","year":"2000","month":"","quarter":"Q3","sourceDataset":"CSDB10","updateDate":"2016-01-28T09:29:35.405Z"},{"date":"2000 Q4","value":"302","year":"2000","month":"","quarter":"Q4","sourceDataset":"CSDB10","updateDate":"2016-01-28T09:29:35.405Z"},{"date":"2001 Q1","value":"362","year":"2001","month":"","quarter":"Q1","sourceDataset":"CSDB10","updateDate":"2016-01-28T09:29:35.405Z"},{"date":"2001 Q2","value":"368","year":"2001","month":"","quarter":"Q2","sourceDataset":"CSDB10","updateDate":"2016-01-28T09:29:35.405Z"},{"date":"2001 Q3","value":"375","year":"2001","month":"","quarter":"Q3","sourceDataset":"CSDB10","updateDate":"2016-01-28T09:29:35.405Z"},{"date":"2001 Q4","value":"363","year":"2001","month":"","quarter":"Q4","sourceDataset":"CSDB10","updateDate":"2016-01-28T09:29:35.405Z"},{"date":"2002 Q1","value":"395","year":"2002","month":"","quarter":"Q1","sourceDataset":"CSDB10","updateDate":"2016-01-28T09:29:35.405Z"},{"date":"2002 Q2","value":"377","year":"2002","month":"","quarter":"Q2","sourceDataset":"CSDB10","updateDate":"2016-01-28T09:29:35.405Z"},{"date":"2002 Q3","value":"378","year":"2002","month":"","quarter":"Q3","sourceDataset":"CSDB10","updateDate":"2016-01-28T09:29:35.405Z"},{"date":"2002 Q4","value":"398","year":"2002","month":"","quarter":"Q4","sourceDataset":"CSDB10","updateDate":"2016-01-28T09:29:35.405Z"},{"date":"2003 Q1","value":"362","year":"2003","month":"","quarter":"Q1","sourceDataset":"CSDB10","updateDate":"2016-01-28T09:29:35.405Z"},{"date":"2003 Q2","value":"389","year":"2003","month":"","quarter":"Q2","sourceDataset":"CSDB10","updateDate":"2016-01-28T09:29:35.405Z"},{"date":"2003 Q3","value":"409","year":"2003","month":"","quarter":"Q3","sourceDataset":"CSDB10","updateDate":"2016-01-28T09:29:35.405Z"},{"date":"2003 Q4","value":"461","year":"2003","month":"","quarter":"Q4","sourceDataset":"CSDB10","updateDate":"2016-01-28T09:29:35.405Z"},{"date":"2004 Q1","value":"442","year":"2004","month":"","quarter":"Q1","sourceDataset":"CSDB10","updateDate":"2016-01-28T09:29:35.405Z"},{"date":"2004 Q2","value":"437","year":"2004","month":"","quarter":"Q2","sourceDataset":"CSDB10","updateDate":"2016-01-28T09:29:35.405Z"},{"date":"2004 Q3","value":"476","year":"2004","month":"","quarter":"Q3","sourceDataset":"CSDB10","updateDate":"2016-01-28T09:29:35.405Z"},{"date":"2004 Q4","value":"441","year":"2004","month":"","quarter":"Q4","sourceDataset":"CSDB10","updateDate":"2016-01-28T09:29:35.405Z"},{"date":"2005 Q1","value":"453","year":"2005","month":"","quarter":"Q1","sourceDataset":"CSDB10","updateDate":"2016-01-28T09:29:35.405Z"},{"date":"2005 Q2","value":"534","year":"2005","month":"","quarter":"Q2","sourceDataset":"CSDB10","updateDate":"2016-01-28T09:29:35.405Z"},{"date":"2005 Q3","value":"508","year":"2005","month":"","quarter":"Q3","sourceDataset":"CSDB10","updateDate":"2016-01-28T09:29:35.405Z"},{"date":"2005 Q4","value":"513","year":"2005","month":"","quarter":"Q4","sourceDataset":"CSDB10","updateDate":"2016-01-28T09:29:35.405Z"},{"date":"2006 Q1","value":"542","year":"2006","month":"","quarter":"Q1","sourceDataset":"CSDB10","updateDate":"2016-01-28T09:29:35.405Z"},{"date":"2006 Q2","value":"525","year":"2006","month":"","quarter":"Q2","sourceDataset":"CSDB10","updateDate":"2016-01-28T09:29:35.405Z"},{"date":"2006 Q3","value":"550","year":"2006","month":"","quarter":"Q3","sourceDataset":"CSDB10","updateDate":"2016-01-28T09:29:35.405Z"},{"date":"2006 Q4","value":"611","year":"2006","month":"","quarter":"Q4","sourceDataset":"CSDB10","updateDate":"2016-01-28T09:29:35.405Z"},{"date":"2007 Q1","value":"510","year":"2007","month":"","quarter":"Q1","sourceDataset":"CSDB10","updateDate":"2016-01-28T09:29:35.405Z"},{"date":"2007 Q2","value":"569","year":"2007","month":"","quarter":"Q2","sourceDataset":"CSDB10","updateDate":"2016-01-28T09:29:35.405Z"},{"date":"2007 Q3","value":"623","year":"2007","month":"","quarter":"Q3","sourceDataset":"CSDB10","updateDate":"2016-01-28T09:29:35.405Z"},{"date":"2007 Q4","value":"646","year":"2007","month":"","quarter":"Q4","sourceDataset":"CSDB10","updateDate":"2016-01-28T09:29:35.405Z"},{"date":"2008 Q1","value":"757","year":"2008","month":"","quarter":"Q1","sourceDataset":"CSDB10","updateDate":"2016-01-28T09:29:35.405Z"},{"date":"2008 Q2","value":"793","year":"2008","month":"","quarter":"Q2","sourceDataset":"CSDB10","updateDate":"2016-01-28T09:29:35.405Z"},{"date":"2008 Q3","value":"779","year":"2008","month":"","quarter":"Q3","sourceDataset":"CSDB10","updateDate":"2016-01-28T09:29:35.405Z"},{"date":"2008 Q4","value":"794","year":"2008","month":"","quarter":"Q4","sourceDataset":"CSDB10","updateDate":"2016-01-28T09:29:35.405Z"},{"date":"2009 Q1","value":"735","year":"2009","month":"","quarter":"Q1","sourceDataset":"CSDB10","updateDate":"2016-01-28T09:29:35.405Z"},{"date":"2009 Q2","value":"831","year":"2009","month":"","quarter":"Q2","sourceDataset":"CSDB10","updateDate":"2016-01-28T09:29:35.405Z"},{"date":"2009 Q3","value":"704","year":"2009","month":"","quarter":"Q3","sourceDataset":"CSDB10","updateDate":"2016-01-28T09:29:35.405Z"},{"date":"2009 Q4","value":"757","year":"2009","month":"","quarter":"Q4","sourceDataset":"CSDB10","updateDate":"2016-01-28T09:29:35.405Z"},{"date":"2010 Q1","value":"824","year":"2010","month":"","quarter":"Q1","sourceDataset":"CSDB10","updateDate":"2016-01-28T09:29:35.405Z"},{"date":"2010 Q2","value":"774","year":"2010","month":"","quarter":"Q2","sourceDataset":"CSDB10","updateDate":"2016-01-28T09:29:35.405Z"},{"date":"2010 Q3","value":"933","year":"2010","month":"","quarter":"Q3","sourceDataset":"CSDB10","updateDate":"2016-01-28T09:29:35.405Z"},{"date":"2010 Q4","value":"1086","year":"2010","month":"","quarter":"Q4","sourceDataset":"CSDB10","updateDate":"2016-01-28T09:29:35.405Z"},{"date":"2011 Q1","value":"746","year":"2011","month":"","quarter":"Q1","sourceDataset":"CSDB10","updateDate":"2016-01-28T09:29:35.405Z"},{"date":"2011 Q2","value":"684","year":"2011","month":"","quarter":"Q2","sourceDataset":"CSDB10","updateDate":"2016-01-28T09:29:35.405Z"},{"date":"2011 Q3","value":"908","year":"2011","month":"","quarter":"Q3","sourceDataset":"CSDB10","updateDate":"2016-01-28T09:29:35.405Z"},{"date":"2011 Q4","value":"788","year":"2011","month":"","quarter":"Q4","sourceDataset":"CSDB10","updateDate":"2016-01-28T09:29:35.405Z"},{"date":"2012 Q1","value":"765","year":"2012","month":"","quarter":"Q1","sourceDataset":"CSDB10","updateDate":"2016-01-28T09:29:35.405Z"},{"date":"2012 Q2","value":"797","year":"2012","month":"","quarter":"Q2","sourceDataset":"CSDB10","updateDate":"2016-01-28T09:29:35.405Z"},{"date":"2012 Q3","value":"697","year":"2012","month":"","quarter":"Q3","sourceDataset":"CSDB10","updateDate":"2016-01-28T09:29:35.405Z"},{"date":"2012 Q4","value":"704","year":"2012","month":"","quarter":"Q4","sourceDataset":"CSDB10","updateDate":"2016-01-28T09:29:35.405Z"},{"date":"2013 Q1","value":"671","year":"2013","month":"","quarter":"Q1","sourceDataset":"CSDB10","updateDate":"2016-01-28T09:29:35.405Z"},{"date":"2013 Q2","value":"748","year":"2013","month":"","quarter":"Q2","sourceDataset":"CSDB10","updateDate":"2016-01-28T09:29:35.405Z"},{"date":"2013 Q3","value":"710","year":"2013","month":"","quarter":"Q3","sourceDataset":"CSDB10","updateDate":"2016-01-28T09:29:35.405Z"},{"date":"2013 Q4","value":"807","year":"2013","month":"","quarter":"Q4","sourceDataset":"CSDB10","updateDate":"2016-01-28T09:29:35.405Z"},{"date":"2014 Q1","value":"817","year":"2014","month":"","quarter":"Q1","sourceDataset":"CSDB10","updateDate":"2016-01-28T09:29:35.405Z"},{"date":"2014 Q2","value":"768","year":"2014","month":"","quarter":"Q2","sourceDataset":"CSDB10","updateDate":"2016-01-28T09:29:35.405Z"},{"date":"2014 Q3","value":"808","year":"2014","month":"","quarter":"Q3","sourceDataset":"CSDB10","updateDate":"2016-01-28T09:29:35.405Z"},{"date":"2014 Q4","value":"659","year":"2014","month":"","quarter":"Q4","sourceDataset":"CSDB10","updateDate":"2016-01-28T09:29:35.405Z"},{"date":"2015 Q1","value":"633","year":"2015","month":"","quarter":"Q1","sourceDataset":"CSDB10","updateDate":"2016-01-28T09:29:35.405Z"},{"date":"2015 Q2","value":"635","year":"2015","month":"","quarter":"Q2","sourceDataset":"CSDB10","updateDate":"2016-01-28T09:29:35.405Z"},{"date":"2015 Q3","value":"567","year":"2015","month":"","quarter":"Q3","sourceDataset":"CSDB10","updateDate":"2016-01-28T09:29:35.405Z"}],"months":[],"sourceDatasets":["CSDB10"],"relatedDatasets":[{"uri":"/economy/environmentalaccounts/datasets/werwerwerwerwerwr/2015"}],"relatedDocuments":[],"type":"timeseries","description":{"title":"Trade in Goods and Services (replaces 1.A): Imports/Debits: Brazil SA   ","contact":{"email":"","name":"","telephone":""},"releaseDate":"2016-01-27T00:00:00.000Z","nextRelease":"","cdid":"EVS8","unit":"","preUnit":"","source":"","seasonalAdjustment":"NSA","date":"2015 Q3","number":"567"}}