{"years":[{"date":"1987","value":"511","year":"1987","month":"","quarter":"","sourceDataset":"CSDB10","updateDate":"2016-01-28T09:29:33.862Z"},{"date":"1988","value":"1019","year":"1988","month":"","quarter":"","sourceDataset":"CSDB10","updateDate":"2016-01-28T09:29:33.862Z"},{"date":"1989","value":"561","year":"1989","month":"","quarter":"","sourceDataset":"CSDB10","updateDate":"2016-01-28T09:29:33.862Z"},{"date":"1990","value":"513","year":"1990","month":"","quarter":"","sourceDataset":"CSDB10","updateDate":"2016-01-28T09:29:33.862Z"},{"date":"1991","value":"512","year":"1991","month":"","quarter":"","sourceDataset":"CSDB10","updateDate":"2016-01-28T09:29:33.862Z"},{"date":"1992","value":"435","year":"1992","month":"","quarter":"","sourceDataset":"CSDB10","updateDate":"2016-01-28T09:29:33.862Z"},{"date":"1993","value":"415","year":"1993","month":"","quarter":"","sourceDataset":"CSDB10","updateDate":"2016-01-28T09:29:33.862Z"},{"date":"1994","value":"535","year":"1994","month":"","quarter":"","sourceDataset":"CSDB10","updateDate":"2016-01-28T09:29:33.862Z"},{"date":"1995","value":"577","year":"1995","month":"","quarter":"","sourceDataset":"CSDB10","updateDate":"2016-01-28T09:29:33.862Z"},{"date":"1996","value":"590","year":"1996","month":"","quarter":"","sourceDataset":"CSDB10","updateDate":"2016-01-28T09:29:33.862Z"},{"date":"1997","value":"712","year":"1997","month":"","quarter":"","sourceDataset":"CSDB10","updateDate":"2016-01-28T09:29:33.862Z"},{"date":"1998","value":"1090","year":"1998","month":"","quarter":"","sourceDataset":"CSDB10","updateDate":"2016-01-28T09:29:33.862Z"},{"date":"1999","value":"1409","year":"1999","month":"","quarter":"","sourceDataset":"CSDB10","updateDate":"2016-01-28T09:29:33.862Z"},{"date":"2000","value":"1508","year":"2000","month":"","quarter":"","sourceDataset":"CSDB10","updateDate":"2016-01-28T09:29:33.862Z"},{"date":"2001","value":"3049","year":"2001","month":"","quarter":"","sourceDataset":"CSDB10","updateDate":"2016-01-28T09:29:33.862Z"},{"date":"2002","value":"2964","year":"2002","month":"","quarter":"","sourceDataset":"CSDB10","updateDate":"2016-01-28T09:29:33.862Z"},{"date":"2003","value":"5061","year":"2003","month":"","quarter":"","sourceDataset":"CSDB10","updateDate":"2016-01-28T09:29:33.862Z"},{"date":"2004","value":"3383","year":"2004","month":"","quarter":"","sourceDataset":"CSDB10","updateDate":"2016-01-28T09:29:33.862Z"},{"date":"2005","value":"3139","year":"2005","month":"","quarter":"","sourceDataset":"CSDB10","updateDate":"2016-01-28T09:29:33.862Z"},{"date":"2006","value":"3190","year":"2006","month":"","quarter":"","sourceDataset":"CSDB10","updateDate":"2016-01-28T09:29:33.862Z"},{"date":"2007","value":"4381","year":"2007","month":"","quarter":"","sourceDataset":"CSDB10","updateDate":"2016-01-28T09:29:33.862Z"},{"date":"2008","value":"4475","year":"2008","month":"","quarter":"","sourceDataset":"CSDB10","updateDate":"2016-01-28T09:29:33.862Z"},{"date":"2009","value":"6164","year":"2009","month":"","quarter":"","sourceDataset":"CSDB10","updateDate":"2016-01-28T09:29:33.862Z"},{"date":"2010","value":"5096","year":"2010","month":"","quarter":"","sourceDataset":"CSDB10","updateDate":"2016-01-28T09:29:33.862Z"},{"date":"2011","value":"3478","year":"2011","month":"","quarter":"","sourceDataset":"CSDB10","updateDate":"2016-01-28T09:29:33.862Z"},{"date":"2012","value":"2984","year":"2012","month":"","quarter":"","sourceDataset":"CSDB10","updateDate":"2016-01-28T09:29:33.862Z"},{"date":"2013","value":"2773","year":"2013","month":"","quarter":"","sourceDataset":"CSDB10","updateDate":"2016-01-28T09:29:33.862Z"},{"date":"2014","value":"3176","year":"2014","month":"","quarter":"","sourceDataset":"CSDB10","updateDate":"2016-01-28T09:29:33.862Z"}],"quarters":[{"date":"1987 Q1","value":"195","year":"1987","month":"","quarter":"Q1","sourceDataset":"CSDB10","updateDate":"2016-01-28T09:29:33.862Z"},{"date":"1987 Q2","value":"105","year":"1987","month":"","quarter":"Q2","sourceDataset":"CSDB10","updateDate":"2016-01-28T09:29:33.862Z"},{"date":"1987 Q3","value":"106","year":"1987","month":"","quarter":"Q3","sourceDataset":"CSDB10","updateDate":"2016-01-28T09:29:33.862Z"},{"date":"1987 Q4","value":"105","year":"1987","month":"","quarter":"Q4","sourceDataset":"CSDB10","updateDate":"2016-01-28T09:29:33.862Z"},{"date":"1988 Q1","value":"133","year":"1988","month":"","quarter":"Q1","sourceDataset":"CSDB10","updateDate":"2016-01-28T09:29:33.862Z"},{"date":"1988 Q2","value":"89","year":"1988","month":"","quarter":"Q2","sourceDataset":"CSDB10","updateDate":"2016-01-28T09:29:33.862Z"},{"date":"1988 Q3","value":"657","year":"1988","month":"","quarter":"Q3","sourceDataset":"CSDB10","updateDate":"2016-01-28T09:29:33.862Z"},{"date":"1988 Q4","value":"140","year":"1988","month":"","quarter":"Q4","sourceDataset":"CSDB10","updateDate":"2016-01-28T09:29:33.862Z"},{"date":"1989 Q1","value":"201","year":"1989","month":"","quarter":"Q1","sourceDataset":"CSDB10","updateDate":"2016-01-28T09:29:33.862Z"},{"date":"1989 Q2","value":"109","year":"1989","month":"","quarter":"Q2","sourceDataset":"CSDB10","updateDate":"2016-01-28T09:29:33.862Z"},{"date":"1989 Q3","value":"116","year":"1989","month":"","quarter":"Q3","sourceDataset":"CSDB10","updateDate":"2016-01-28T09:29:33.862Z"},{"date":"1989 Q4","value":"135","year":"1989","month":"","quarter":"Q4","sourceDataset":"CSDB10","updateDate":"2016-01-28T09:29:33.862Z"},{"date":"1990 Q1","value":"180","year":"1990","month":"","quarter":"Q1","sourceDataset":"CSDB10","updateDate":"2016-01-28T09:29:33.862Z"},{"date":"1990 Q2","value":"112","year":"1990","month":"","quarter":"Q2","sourceDataset":"CSDB10","updateDate":"2016-01-28T09:29:33.862Z"},{"date":"1990 Q3","value":"98","year":"1990","month":"","quarter":"Q3","sourceDataset":"CSDB10","updateDate":"2016-01-28T09:29:33.862Z"},{"date":"1990 Q4","value":"123","year":"1990","month":"","quarter":"Q4","sourceDataset":"CSDB10","updateDate":"2016-01-28T09:29:33.862Z"},{"date":"1991 Q1","value":"168","year":"1991","month":"","quarter":"Q1","sourceDataset":"CSDB10","updateDate":"2016-01-28T09:29:33.862Z"},{"date":"1991 Q2","value":"106","year":"1991","month":"","quarter":"Q2","sourceDataset":"CSDB10","updateDate":"2016-01-28T09:29:33.862Z"},{"date":"1991 Q3","value":"112","year":"1991","month":"","quarter":"Q3","sourceDataset":"CSDB10","updateDate":"2016-01-28T09:29:33.862Z"},{"date":"1991 Q4","value":"126","year":"1991","month":"","quarter":"Q4","sourceDataset":"CSDB10","updateDate":"2016-01-28T09:29:33.862Z"},{"date":"1992 Q1","value":"150","year":"1992","month":"","quarter":"Q1","sourceDataset":"CSDB10","updateDate":"2016-01-28T09:29:33.862Z"},{"date":"1992 Q2","value":"87","year":"1992","month":"","quarter":"Q2","sourceDataset":"CSDB10","updateDate":"2016-01-28T09:29:33.862Z"},{"date":"1992 Q3","value":"86","year":"1992","month":"","quarter":"Q3","sourceDataset":"CSDB10","updateDate":"2016-01-28T09:29:33.862Z"},{"date":"1992 Q4","value":"112","year":"1992","month":"","quarter":"Q4","sourceDataset":"CSDB10","updateDate":"2016-01-28T09:29:33.862Z"},{"date":"1993 Q1","value":"124","year":"1993","month":"","quarter":"Q1","sourceDataset":"CSDB10","updateDate":"2016-01-28T09:29:33.862Z"},{"date":"1993 Q2","value":"88","year":"1993","month":"","quarter":"Q2","sourceDataset":"CSDB10","updateDate":"2016-01-28T09:29:33.862Z"},{"date":"1993 Q3","value":"87","year":"1993","month":"","quarter":"Q3","sourceDataset":"CSDB10","updateDate":"2016-01-28T09:29:33.862Z"},{"date":"1993 Q4","value":"116","year":"1993","month":"","quarter":"Q4","sourceDataset":"CSDB10","updateDate":"2016-01-28T09:29:33.862Z"},{"date":"1994 Q1","value":"159","year":"1994","month":"","quarter":"Q1","sourceDataset":"CSDB10","updateDate":"2016-01-28T09:29:33.862Z"},{"date":"1994 Q2","value":"107","year":"1994","month":"","quarter":"Q2","sourceDataset":"CSDB10","updateDate":"2016-01-28T09:29:33.862Z"},{"date":"1994 Q3","value":"134","year":"1994","month":"","quarter":"Q3","sourceDataset":"CSDB10","updateDate":"2016-01-28T09:29:33.862Z"},{"date":"1994 Q4","value":"135","year":"1994","month":"","quarter":"Q4","sourceDataset":"CSDB10","updateDate":"2016-01-28T09:29:33.862Z"},{"date":"1995 Q1","value":"217","year":"1995","month":"","quarter":"Q1","sourceDataset":"CSDB10","updateDate":"2016-01-28T09:29:33.862Z"},{"date":"1995 Q2","value":"107","year":"1995","month":"","quarter":"Q2","sourceDataset":"CSDB10","updateDate":"2016-01-28T09:29:33.862Z"},{"date":"1995 Q3","value":"123","year":"1995","month":"","quarter":"Q3","sourceDataset":"CSDB10","updateDate":"2016-01-28T09:29:33.862Z"},{"date":"1995 Q4","value":"130","year":"1995","month":"","quarter":"Q4","sourceDataset":"CSDB10","updateDate":"2016-01-28T09:29:33.862Z"},{"date":"1996 Q1","value":"221","year":"1996","month":"","quarter":"Q1","sourceDataset":"CSDB10","updateDate":"2016-01-28T09:29:33.862Z"},{"date":"1996 Q2","value":"111","year":"1996","month":"","quarter":"Q2","sourceDataset":"CSDB10","updateDate":"2016-01-28T09:29:33.862Z"},{"date":"1996 Q3","value":"117","year":"1996","month":"","quarter":"Q3","sourceDataset":"CSDB10","updateDate":"2016-01-28T09:29:33.862Z"},{"date":"1996 Q4","value":"141","year":"1996","month":"","quarter":"Q4","sourceDataset":"CSDB10","updateDate":"2016-01-28T09:29:33.862Z"},{"date":"1997 Q1","value":"178","year":"1997","month":"","quarter":"Q1","sourceDataset":"CSDB10","updateDate":"2016-01-28T09:29:33.862Z"},{"date":"1997 Q2","value":"174","year":"1997","month":"","quarter":"Q2","sourceDataset":"CSDB10","updateDate":"2016-01-28T09:29:33.862Z"},{"date":"1997 Q3","value":"163","year":"1997","month":"","quarter":"Q3","sourceDataset":"CSDB10","updateDate":"2016-01-28T09:29:33.862Z"},{"date":"1997 Q4","value":"197","year":"1997","month":"","quarter":"Q4","sourceDataset":"CSDB10","updateDate":"2016-01-28T09:29:33.862Z"},{"date":"1998 Q1","value":"254","year":"1998","month":"","quarter":"Q1","sourceDataset":"CSDB10","updateDate":"2016-01-28T09:29:33.862Z"},{"date":"1998 Q2","value":"260","year":"1998","month":"","quarter":"Q2","sourceDataset":"CSDB10","updateDate":"2016-01-28T09:29:33.862Z"},{"date":"1998 Q3","value":"282","year":"1998","month":"","quarter":"Q3","sourceDataset":"CSDB10","updateDate":"2016-01-28T09:29:33.862Z"},{"date":"1998 Q4","value":"294","year":"1998","month":"","quarter":"Q4","sourceDataset":"CSDB10","updateDate":"2016-01-28T09:29:33.862Z"},{"date":"1999 Q1","value":"582","year":"1999","month":"","quarter":"Q1","sourceDataset":"CSDB10","updateDate":"2016-01-28T09:29:33.862Z"},{"date":"1999 Q2","value":"361","year":"1999","month":"","quarter":"Q2","sourceDataset":"CSDB10","updateDate":"2016-01-28T09:29:33.862Z"},{"date":"1999 Q3","value":"251","year":"1999","month":"","quarter":"Q3","sourceDataset":"CSDB10","updateDate":"2016-01-28T09:29:33.862Z"},{"date":"1999 Q4","value":"215","year":"1999","month":"","quarter":"Q4","sourceDataset":"CSDB10","updateDate":"2016-01-28T09:29:33.862Z"},{"date":"2000 Q1","value":"306","year":"2000","month":"","quarter":"Q1","sourceDataset":"CSDB10","updateDate":"2016-01-28T09:29:33.862Z"},{"date":"2000 Q2","value":"266","year":"2000","month":"","quarter":"Q2","sourceDataset":"CSDB10","updateDate":"2016-01-28T09:29:33.862Z"},{"date":"2000 Q3","value":"415","year":"2000","month":"","quarter":"Q3","sourceDataset":"CSDB10","updateDate":"2016-01-28T09:29:33.862Z"},{"date":"2000 Q4","value":"521","year":"2000","month":"","quarter":"Q4","sourceDataset":"CSDB10","updateDate":"2016-01-28T09:29:33.862Z"},{"date":"2001 Q1","value":"329","year":"2001","month":"","quarter":"Q1","sourceDataset":"CSDB10","updateDate":"2016-01-28T09:29:33.862Z"},{"date":"2001 Q2","value":"774","year":"2001","month":"","quarter":"Q2","sourceDataset":"CSDB10","updateDate":"2016-01-28T09:29:33.862Z"},{"date":"2001 Q3","value":"640","year":"2001","month":"","quarter":"Q3","sourceDataset":"CSDB10","updateDate":"2016-01-28T09:29:33.862Z"},{"date":"2001 Q4","value":"1306","year":"2001","month":"","quarter":"Q4","sourceDataset":"CSDB10","updateDate":"2016-01-28T09:29:33.862Z"},{"date":"2002 Q1","value":"1054","year":"2002","month":"","quarter":"Q1","sourceDataset":"CSDB10","updateDate":"2016-01-28T09:29:33.862Z"},{"date":"2002 Q2","value":"763","year":"2002","month":"","quarter":"Q2","sourceDataset":"CSDB10","updateDate":"2016-01-28T09:29:33.862Z"},{"date":"2002 Q3","value":"669","year":"2002","month":"","quarter":"Q3","sourceDataset":"CSDB10","updateDate":"2016-01-28T09:29:33.862Z"},{"date":"2002 Q4","value":"478","year":"2002","month":"","quarter":"Q4","sourceDataset":"CSDB10","updateDate":"2016-01-28T09:29:33.862Z"},{"date":"2003 Q1","value":"897","year":"2003","month":"","quarter":"Q1","sourceDataset":"CSDB10","updateDate":"2016-01-28T09:29:33.862Z"},{"date":"2003 Q2","value":"1315","year":"2003","month":"","quarter":"Q2","sourceDataset":"CSDB10","updateDate":"2016-01-28T09:29:33.862Z"},{"date":"2003 Q3","value":"1578","year":"2003","month":"","quarter":"Q3","sourceDataset":"CSDB10","updateDate":"2016-01-28T09:29:33.862Z"},{"date":"2003 Q4","value":"1271","year":"2003","month":"","quarter":"Q4","sourceDataset":"CSDB10","updateDate":"2016-01-28T09:29:33.862Z"},{"date":"2004 Q1","value":"1363","year":"2004","month":"","quarter":"Q1","sourceDataset":"CSDB10","updateDate":"2016-01-28T09:29:33.862Z"},{"date":"2004 Q2","value":"855","year":"2004","month":"","quarter":"Q2","sourceDataset":"CSDB10","updateDate":"2016-01-28T09:29:33.862Z"},{"date":"2004 Q3","value":"585","year":"2004","month":"","quarter":"Q3","sourceDataset":"CSDB10","updateDate":"2016-01-28T09:29:33.862Z"},{"date":"2004 Q4","value":"580","year":"2004","month":"","quarter":"Q4","sourceDataset":"CSDB10","updateDate":"2016-01-28T09:29:33.862Z"},{"date":"2005 Q1","value":"1365","year":"2005","month":"","quarter":"Q1","sourceDataset":"CSDB10","updateDate":"2016-01-28T09:29:33.862Z"},{"date":"2005 Q2","value":"613","year":"2005","month":"","quarter":"Q2","sourceDataset":"CSDB10","updateDate":"2016-01-28T09:29:33.862Z"},{"date":"2005 Q3","value":"435","year":"2005","month":"","quarter":"Q3","sourceDataset":"CSDB10","updateDate":"2016-01-28T09:29:33.862Z"},{"date":"2005 Q4","value":"726","year":"2005","month":"","quarter":"Q4","sourceDataset":"CSDB10","updateDate":"2016-01-28T09:29:33.862Z"},{"date":"2006 Q1","value":"1641","year":"2006","month":"","quarter":"Q1","sourceDataset":"CSDB10","updateDate":"2016-01-28T09:29:33.862Z"},{"date":"2006 Q2","value":"454","year":"2006","month":"","quarter":"Q2","sourceDataset":"CSDB10","updateDate":"2016-01-28T09:29:33.862Z"},{"date":"2006 Q3","value":"408","year":"2006","month":"","quarter":"Q3","sourceDataset":"CSDB10","updateDate":"2016-01-28T09:29:33.862Z"},{"date":"2006 Q4","value":"687","year":"2006","month":"","quarter":"Q4","sourceDataset":"CSDB10","updateDate":"2016-01-28T09:29:33.862Z"},{"date":"2007 Q1","value":"2634","year":"2007","month":"","quarter":"Q1","sourceDataset":"CSDB10","updateDate":"2016-01-28T09:29:33.862Z"},{"date":"2007 Q2","value":"259","year":"2007","month":"","quarter":"Q2","sourceDataset":"CSDB10","updateDate":"2016-01-28T09:29:33.862Z"},{"date":"2007 Q3","value":"490","year":"2007","month":"","quarter":"Q3","sourceDataset":"CSDB10","updateDate":"2016-01-28T09:29:33.862Z"},{"date":"2007 Q4","value":"998","year":"2007","month":"","quarter":"Q4","sourceDataset":"CSDB10","updateDate":"2016-01-28T09:29:33.862Z"},{"date":"2008 Q1","value":"2736","year":"2008","month":"","quarter":"Q1","sourceDataset":"CSDB10","updateDate":"2016-01-28T09:29:33.862Z"},{"date":"2008 Q2","value":"692","year":"2008","month":"","quarter":"Q2","sourceDataset":"CSDB10","updateDate":"2016-01-28T09:29:33.862Z"},{"date":"2008 Q3","value":"277","year":"2008","month":"","quarter":"Q3","sourceDataset":"CSDB10","updateDate":"2016-01-28T09:29:33.862Z"},{"date":"2008 Q4","value":"770","year":"2008","month":"","quarter":"Q4","sourceDataset":"CSDB10","updateDate":"2016-01-28T09:29:33.862Z"},{"date":"2009 Q1","value":"3130","year":"2009","month":"","quarter":"Q1","sourceDataset":"CSDB10","updateDate":"2016-01-28T09:29:33.862Z"},{"date":"2009 Q2","value":"831","year":"2009","month":"","quarter":"Q2","sourceDataset":"CSDB10","updateDate":"2016-01-28T09:29:33.862Z"},{"date":"2009 Q3","value":"1038","year":"2009","month":"","quarter":"Q3","sourceDataset":"CSDB10","updateDate":"2016-01-28T09:29:33.862Z"},{"date":"2009 Q4","value":"1165","year":"2009","month":"","quarter":"Q4","sourceDataset":"CSDB10","updateDate":"2016-01-28T09:29:33.862Z"},{"date":"2010 Q1","value":"2686","year":"2010","month":"","quarter":"Q1","sourceDataset":"CSDB10","updateDate":"2016-01-28T09:29:33.862Z"},{"date":"2010 Q2","value":"698","year":"2010","month":"","quarter":"Q2","sourceDataset":"CSDB10","updateDate":"2016-01-28T09:29:33.862Z"},{"date":"2010 Q3","value":"753","year":"2010","month":"","quarter":"Q3","sourceDataset":"CSDB10","updateDate":"2016-01-28T09:29:33.862Z"},{"date":"2010 Q4","value":"959","year":"2010","month":"","quarter":"Q4","sourceDataset":"CSDB10","updateDate":"2016-01-28T09:29:33.862Z"},{"date":"2011 Q1","value":"1798","year":"2011","month":"","quarter":"Q1","sourceDataset":"CSDB10","updateDate":"2016-01-28T09:29:33.862Z"},{"date":"2011 Q2","value":"482","year":"2011","month":"","quarter":"Q2","sourceDataset":"CSDB10","updateDate":"2016-01-28T09:29:33.862Z"},{"date":"2011 Q3","value":"576","year":"2011","month":"","quarter":"Q3","sourceDataset":"CSDB10","updateDate":"2016-01-28T09:29:33.862Z"},{"date":"2011 Q4","value":"622","year":"2011","month":"","quarter":"Q4","sourceDataset":"CSDB10","updateDate":"2016-01-28T09:29:33.862Z"},{"date":"2012 Q1","value":"1545","year":"2012","month":"","quarter":"Q1","sourceDataset":"CSDB10","updateDate":"2016-01-28T09:29:33.862Z"},{"date":"2012 Q2","value":"371","year":"2012","month":"","quarter":"Q2","sourceDataset":"CSDB10","updateDate":"2016-01-28T09:29:33.862Z"},{"date":"2012 Q3","value":"444","year":"2012","month":"","quarter":"Q3","sourceDataset":"CSDB10","updateDate":"2016-01-28T09:29:33.862Z"},{"date":"2012 Q4","value":"624","year":"2012","month":"","quarter":"Q4","sourceDataset":"CSDB10","updateDate":"2016-01-28T09:29:33.862Z"},{"date":"2013 Q1","value":"840","year":"2013","month":"","quarter":"Q1","sourceDataset":"CSDB10","updateDate":"2016-01-28T09:29:33.862Z"},{"date":"2013 Q2","value":"565","year":"2013","month":"","quarter":"Q2","sourceDataset":"CSDB10","updateDate":"2016-01-28T09:29:33.862Z"},{"date":"2013 Q3","value":"626","year":"2013","month":"","quarter":"Q3","sourceDataset":"CSDB10","updateDate":"2016-01-28T09:29:33.862Z"},{"date":"2013 Q4","value":"742","year":"2013","month":"","quarter":"Q4","sourceDataset":"CSDB10","updateDate":"2016-01-28T09:29:33.862Z"},{"date":"2014 Q1","value":"1184","year":"2014","month":"","quarter":"Q1","sourceDataset":"CSDB10","updateDate":"2016-01-28T09:29:33.862Z"},{"date":"2014 Q2","value":"704","year":"2014","month":"","quarter":"Q2","sourceDataset":"CSDB10","updateDate":"2016-01-28T09:29:33.862Z"},{"date":"2014 Q3","value":"589","year":"2014","month":"","quarter":"Q3","sourceDataset":"CSDB10","updateDate":"2016-01-28T09:29:33.862Z"},{"date":"2014 Q4","value":"699","year":"2014","month":"","quarter":"Q4","sourceDataset":"CSDB10","updateDate":"2016-01-28T09:29:33.862Z"},{"date":"2015 Q1","value":"1159","year":"2015","month":"","quarter":"Q1","sourceDataset":"CSDB10","updateDate":"2016-01-28T09:29:33.862Z"},{"date":"2015 Q2","value":"254","year":"2015","month":"","quarter":"Q2","sourceDataset":"CSDB10","updateDate":"2016-01-28T09:29:33.862Z"},{"date":"2015 Q3","value":"467","year":"2015","month":"","quarter":"Q3","sourceDataset":"CSDB10","updateDate":"2016-01-28T09:29:33.862Z"}],"months":[],"sourceDatasets":["CSDB10"],"relatedDatasets":[{"uri":"/economy/environmentalaccounts/datasets/werwerwerwerwerwr/2015"}],"relatedDocuments":[],"type":"timeseries","description":{"title":"I\u0026C companies : capital transfers total receipts: investment grants:D.92:CP NSA","contact":{"email":"","name":"","telephone":""},"releaseDate":"2016-01-27T00:00:00.000Z","nextRelease":"","cdid":"AIBR","unit":"","preUnit":"","source":"","seasonalAdjustment":"NSA","date":"2015 Q3","number":"467"}}