{"years":[{"date":"2005","value":"100.0","year":"2005","month":"","quarter":"","sourceDataset":"CSDB","updateDate":"2016-01-14T16:25:14.660Z"},{"date":"2006","value":"97.0","year":"2006","month":"","quarter":"","sourceDataset":"CSDB","updateDate":"2016-01-14T16:25:14.660Z"},{"date":"2007","value":"95.0","year":"2007","month":"","quarter":"","sourceDataset":"CSDB","updateDate":"2016-01-14T16:25:14.660Z"},{"date":"2008","value":"91.3","year":"2008","month":"","quarter":"","sourceDataset":"CSDB","updateDate":"2016-01-14T16:25:14.660Z"},{"date":"2009","value":"87.8","year":"2009","month":"","quarter":"","sourceDataset":"CSDB","updateDate":"2016-01-14T16:25:14.660Z"},{"date":"2010","value":"87.8","year":"2010","month":"","quarter":"","sourceDataset":"CSDB","updateDate":"2016-01-14T16:25:14.660Z"},{"date":"2011","value":"89.3","year":"2011","month":"","quarter":"","sourceDataset":"CSDB","updateDate":"2016-01-14T16:25:14.660Z"},{"date":"2012","value":"90.2","year":"2012","month":"","quarter":"","sourceDataset":"CSDB","updateDate":"2016-01-14T16:25:14.660Z"},{"date":"2013","value":"91.1","year":"2013","month":"","quarter":"","sourceDataset":"CSDB","updateDate":"2016-01-14T16:25:14.660Z"},{"date":"2014","value":"91.6","year":"2014","month":"","quarter":"","sourceDataset":"CSDB","updateDate":"2016-01-14T16:25:14.660Z"}],"quarters":[{"date":"2005 Q1","value":"100.7","year":"2005","month":"","quarter":"Q1","sourceDataset":"CSDB","updateDate":"2016-01-14T16:25:14.660Z"},{"date":"2005 Q2","value":"100.6","year":"2005","month":"","quarter":"Q2","sourceDataset":"CSDB","updateDate":"2016-01-14T16:25:14.660Z"},{"date":"2005 Q3","value":"98.8","year":"2005","month":"","quarter":"Q3","sourceDataset":"CSDB","updateDate":"2016-01-14T16:25:14.660Z"},{"date":"2005 Q4","value":"99.9","year":"2005","month":"","quarter":"Q4","sourceDataset":"CSDB","updateDate":"2016-01-14T16:25:14.660Z"},{"date":"2006 Q1","value":"97.5","year":"2006","month":"","quarter":"Q1","sourceDataset":"CSDB","updateDate":"2016-01-14T16:25:14.660Z"},{"date":"2006 Q2","value":"97.5","year":"2006","month":"","quarter":"Q2","sourceDataset":"CSDB","updateDate":"2016-01-14T16:25:14.660Z"},{"date":"2006 Q3","value":"95.8","year":"2006","month":"","quarter":"Q3","sourceDataset":"CSDB","updateDate":"2016-01-14T16:25:14.660Z"},{"date":"2006 Q4","value":"97.2","year":"2006","month":"","quarter":"Q4","sourceDataset":"CSDB","updateDate":"2016-01-14T16:25:14.660Z"},{"date":"2007 Q1","value":"94.8","year":"2007","month":"","quarter":"Q1","sourceDataset":"CSDB","updateDate":"2016-01-14T16:25:14.660Z"},{"date":"2007 Q2","value":"95.7","year":"2007","month":"","quarter":"Q2","sourceDataset":"CSDB","updateDate":"2016-01-14T16:25:14.660Z"},{"date":"2007 Q3","value":"94.2","year":"2007","month":"","quarter":"Q3","sourceDataset":"CSDB","updateDate":"2016-01-14T16:25:14.660Z"},{"date":"2007 Q4","value":"95.1","year":"2007","month":"","quarter":"Q4","sourceDataset":"CSDB","updateDate":"2016-01-14T16:25:14.660Z"},{"date":"2008 Q1","value":"92.3","year":"2008","month":"","quarter":"Q1","sourceDataset":"CSDB","updateDate":"2016-01-14T16:25:14.660Z"},{"date":"2008 Q2","value":"92.3","year":"2008","month":"","quarter":"Q2","sourceDataset":"CSDB","updateDate":"2016-01-14T16:25:14.660Z"},{"date":"2008 Q3","value":"90.6","year":"2008","month":"","quarter":"Q3","sourceDataset":"CSDB","updateDate":"2016-01-14T16:25:14.660Z"},{"date":"2008 Q4","value":"90.2","year":"2008","month":"","quarter":"Q4","sourceDataset":"CSDB","updateDate":"2016-01-14T16:25:14.660Z"},{"date":"2009 Q1","value":"87.2","year":"2009","month":"","quarter":"Q1","sourceDataset":"CSDB","updateDate":"2016-01-14T16:25:14.660Z"},{"date":"2009 Q2","value":"87.9","year":"2009","month":"","quarter":"Q2","sourceDataset":"CSDB","updateDate":"2016-01-14T16:25:14.660Z"},{"date":"2009 Q3","value":"87.5","year":"2009","month":"","quarter":"Q3","sourceDataset":"CSDB","updateDate":"2016-01-14T16:25:14.660Z"},{"date":"2009 Q4","value":"88.7","year":"2009","month":"","quarter":"Q4","sourceDataset":"CSDB","updateDate":"2016-01-14T16:25:14.660Z"},{"date":"2010 Q1","value":"86.6","year":"2010","month":"","quarter":"Q1","sourceDataset":"CSDB","updateDate":"2016-01-14T16:25:14.660Z"},{"date":"2010 Q2","value":"88.0","year":"2010","month":"","quarter":"Q2","sourceDataset":"CSDB","updateDate":"2016-01-14T16:25:14.660Z"},{"date":"2010 Q3","value":"86.9","year":"2010","month":"","quarter":"Q3","sourceDataset":"CSDB","updateDate":"2016-01-14T16:25:14.660Z"},{"date":"2010 Q4","value":"89.6","year":"2010","month":"","quarter":"Q4","sourceDataset":"CSDB","updateDate":"2016-01-14T16:25:14.660Z"},{"date":"2011 Q1","value":"87.9","year":"2011","month":"","quarter":"Q1","sourceDataset":"CSDB","updateDate":"2016-01-14T16:25:14.660Z"},{"date":"2011 Q2","value":"89.1","year":"2011","month":"","quarter":"Q2","sourceDataset":"CSDB","updateDate":"2016-01-14T16:25:14.660Z"},{"date":"2011 Q3","value":"88.4","year":"2011","month":"","quarter":"Q3","sourceDataset":"CSDB","updateDate":"2016-01-14T16:25:14.660Z"},{"date":"2011 Q4","value":"91.5","year":"2011","month":"","quarter":"Q4","sourceDataset":"CSDB","updateDate":"2016-01-14T16:25:14.660Z"},{"date":"2012 Q1","value":"89.9","year":"2012","month":"","quarter":"Q1","sourceDataset":"CSDB","updateDate":"2016-01-14T16:25:14.660Z"},{"date":"2012 Q2","value":"90.4","year":"2012","month":"","quarter":"Q2","sourceDataset":"CSDB","updateDate":"2016-01-14T16:25:14.660Z"},{"date":"2012 Q3","value":"89.0","year":"2012","month":"","quarter":"Q3","sourceDataset":"CSDB","updateDate":"2016-01-14T16:25:14.660Z"},{"date":"2012 Q4","value":"91.6","year":"2012","month":"","quarter":"Q4","sourceDataset":"CSDB","updateDate":"2016-01-14T16:25:14.660Z"},{"date":"2013 Q1","value":"90.2","year":"2013","month":"","quarter":"Q1","sourceDataset":"CSDB","updateDate":"2016-01-14T16:25:14.660Z"},{"date":"2013 Q2","value":"91.3","year":"2013","month":"","quarter":"Q2","sourceDataset":"CSDB","updateDate":"2016-01-14T16:25:14.660Z"},{"date":"2013 Q3","value":"90.0","year":"2013","month":"","quarter":"Q3","sourceDataset":"CSDB","updateDate":"2016-01-14T16:25:14.660Z"},{"date":"2013 Q4","value":"92.9","year":"2013","month":"","quarter":"Q4","sourceDataset":"CSDB","updateDate":"2016-01-14T16:25:14.660Z"},{"date":"2014 Q1","value":"90.6","year":"2014","month":"","quarter":"Q1","sourceDataset":"CSDB","updateDate":"2016-01-14T16:25:14.660Z"},{"date":"2014 Q2","value":"92.2","year":"2014","month":"","quarter":"Q2","sourceDataset":"CSDB","updateDate":"2016-01-14T16:25:14.660Z"},{"date":"2014 Q3","value":"90.7","year":"2014","month":"","quarter":"Q3","sourceDataset":"CSDB","updateDate":"2016-01-14T16:25:14.660Z"},{"date":"2014 Q4","value":"93.1","year":"2014","month":"","quarter":"Q4","sourceDataset":"CSDB","updateDate":"2016-01-14T16:25:14.660Z"},{"date":"2015 Q1","value":"90.7","year":"2015","month":"","quarter":"Q1","sourceDataset":"CSDB","updateDate":"2016-01-14T16:25:14.660Z"},{"date":"2015 Q2","value":"91.4","year":"2015","month":"","quarter":"Q2","sourceDataset":"CSDB","updateDate":"2016-01-14T16:25:14.660Z"}],"months":[{"date":"2005 JAN","value":"100.8","year":"2005","month":"January","quarter":"","sourceDataset":"CSDB","updateDate":"2016-01-14T16:25:14.660Z"},{"date":"2005 FEB","value":"100.4","year":"2005","month":"February","quarter":"","sourceDataset":"CSDB","updateDate":"2016-01-14T16:25:14.660Z"},{"date":"2005 MAR","value":"100.9","year":"2005","month":"March","quarter":"","sourceDataset":"CSDB","updateDate":"2016-01-14T16:25:14.660Z"},{"date":"2005 APR","value":"100.7","year":"2005","month":"April","quarter":"","sourceDataset":"CSDB","updateDate":"2016-01-14T16:25:14.660Z"},{"date":"2005 MAY","value":"100.5","year":"2005","month":"May","quarter":"","sourceDataset":"CSDB","updateDate":"2016-01-14T16:25:14.660Z"},{"date":"2005 JUN","value":"100.5","year":"2005","month":"June","quarter":"","sourceDataset":"CSDB","updateDate":"2016-01-14T16:25:14.660Z"},{"date":"2005 JUL","value":"97.8","year":"2005","month":"July","quarter":"","sourceDataset":"CSDB","updateDate":"2016-01-14T16:25:14.660Z"},{"date":"2005 AUG","value":"98.7","year":"2005","month":"August","quarter":"","sourceDataset":"CSDB","updateDate":"2016-01-14T16:25:14.660Z"},{"date":"2005 SEP","value":"99.9","year":"2005","month":"September","quarter":"","sourceDataset":"CSDB","updateDate":"2016-01-14T16:25:14.660Z"},{"date":"2005 OCT","value":"99.8","year":"2005","month":"October","quarter":"","sourceDataset":"CSDB","updateDate":"2016-01-14T16:25:14.660Z"},{"date":"2005 NOV","value":"100.1","year":"2005","month":"November","quarter":"","sourceDataset":"CSDB","updateDate":"2016-01-14T16:25:14.660Z"},{"date":"2005 DEC","value":"99.8","year":"2005","month":"December","quarter":"","sourceDataset":"CSDB","updateDate":"2016-01-14T16:25:14.660Z"},{"date":"2006 JAN","value":"96.8","year":"2006","month":"January","quarter":"","sourceDataset":"CSDB","updateDate":"2016-01-14T16:25:14.660Z"},{"date":"2006 FEB","value":"97.7","year":"2006","month":"February","quarter":"","sourceDataset":"CSDB","updateDate":"2016-01-14T16:25:14.660Z"},{"date":"2006 MAR","value":"98.0","year":"2006","month":"March","quarter":"","sourceDataset":"CSDB","updateDate":"2016-01-14T16:25:14.660Z"},{"date":"2006 APR","value":"97.3","year":"2006","month":"April","quarter":"","sourceDataset":"CSDB","updateDate":"2016-01-14T16:25:14.660Z"},{"date":"2006 MAY","value":"97.8","year":"2006","month":"May","quarter":"","sourceDataset":"CSDB","updateDate":"2016-01-14T16:25:14.660Z"},{"date":"2006 JUN","value":"97.6","year":"2006","month":"June","quarter":"","sourceDataset":"CSDB","updateDate":"2016-01-14T16:25:14.660Z"},{"date":"2006 JUL","value":"94.5","year":"2006","month":"July","quarter":"","sourceDataset":"CSDB","updateDate":"2016-01-14T16:25:14.660Z"},{"date":"2006 AUG","value":"96.0","year":"2006","month":"August","quarter":"","sourceDataset":"CSDB","updateDate":"2016-01-14T16:25:14.660Z"},{"date":"2006 SEP","value":"96.9","year":"2006","month":"September","quarter":"","sourceDataset":"CSDB","updateDate":"2016-01-14T16:25:14.660Z"},{"date":"2006 OCT","value":"97.0","year":"2006","month":"October","quarter":"","sourceDataset":"CSDB","updateDate":"2016-01-14T16:25:14.660Z"},{"date":"2006 NOV","value":"97.5","year":"2006","month":"November","quarter":"","sourceDataset":"CSDB","updateDate":"2016-01-14T16:25:14.660Z"},{"date":"2006 DEC","value":"97.3","year":"2006","month":"December","quarter":"","sourceDataset":"CSDB","updateDate":"2016-01-14T16:25:14.660Z"},{"date":"2007 JAN","value":"94.6","year":"2007","month":"January","quarter":"","sourceDataset":"CSDB","updateDate":"2016-01-14T16:25:14.660Z"},{"date":"2007 FEB","value":"94.7","year":"2007","month":"February","quarter":"","sourceDataset":"CSDB","updateDate":"2016-01-14T16:25:14.660Z"},{"date":"2007 MAR","value":"95.2","year":"2007","month":"March","quarter":"","sourceDataset":"CSDB","updateDate":"2016-01-14T16:25:14.660Z"},{"date":"2007 APR","value":"95.7","year":"2007","month":"April","quarter":"","sourceDataset":"CSDB","updateDate":"2016-01-14T16:25:14.660Z"},{"date":"2007 MAY","value":"95.8","year":"2007","month":"May","quarter":"","sourceDataset":"CSDB","updateDate":"2016-01-14T16:25:14.660Z"},{"date":"2007 JUN","value":"95.5","year":"2007","month":"June","quarter":"","sourceDataset":"CSDB","updateDate":"2016-01-14T16:25:14.660Z"},{"date":"2007 JUL","value":"93.1","year":"2007","month":"July","quarter":"","sourceDataset":"CSDB","updateDate":"2016-01-14T16:25:14.660Z"},{"date":"2007 AUG","value":"94.3","year":"2007","month":"August","quarter":"","sourceDataset":"CSDB","updateDate":"2016-01-14T16:25:14.660Z"},{"date":"2007 SEP","value":"95.3","year":"2007","month":"September","quarter":"","sourceDataset":"CSDB","updateDate":"2016-01-14T16:25:14.660Z"},{"date":"2007 OCT","value":"94.9","year":"2007","month":"October","quarter":"","sourceDataset":"CSDB","updateDate":"2016-01-14T16:25:14.660Z"},{"date":"2007 NOV","value":"95.2","year":"2007","month":"November","quarter":"","sourceDataset":"CSDB","updateDate":"2016-01-14T16:25:14.660Z"},{"date":"2007 DEC","value":"95.2","year":"2007","month":"December","quarter":"","sourceDataset":"CSDB","updateDate":"2016-01-14T16:25:14.660Z"},{"date":"2008 JAN","value":"92.0","year":"2008","month":"January","quarter":"","sourceDataset":"CSDB","updateDate":"2016-01-14T16:25:14.660Z"},{"date":"2008 FEB","value":"92.4","year":"2008","month":"February","quarter":"","sourceDataset":"CSDB","updateDate":"2016-01-14T16:25:14.660Z"},{"date":"2008 MAR","value":"92.4","year":"2008","month":"March","quarter":"","sourceDataset":"CSDB","updateDate":"2016-01-14T16:25:14.660Z"},{"date":"2008 APR","value":"92.6","year":"2008","month":"April","quarter":"","sourceDataset":"CSDB","updateDate":"2016-01-14T16:25:14.660Z"},{"date":"2008 MAY","value":"92.5","year":"2008","month":"May","quarter":"","sourceDataset":"CSDB","updateDate":"2016-01-14T16:25:14.660Z"},{"date":"2008 JUN","value":"91.9","year":"2008","month":"June","quarter":"","sourceDataset":"CSDB","updateDate":"2016-01-14T16:25:14.660Z"},{"date":"2008 JUL","value":"89.4","year":"2008","month":"July","quarter":"","sourceDataset":"CSDB","updateDate":"2016-01-14T16:25:14.660Z"},{"date":"2008 AUG","value":"90.5","year":"2008","month":"August","quarter":"","sourceDataset":"CSDB","updateDate":"2016-01-14T16:25:14.660Z"},{"date":"2008 SEP","value":"91.8","year":"2008","month":"September","quarter":"","sourceDataset":"CSDB","updateDate":"2016-01-14T16:25:14.660Z"},{"date":"2008 OCT","value":"90.9","year":"2008","month":"October","quarter":"","sourceDataset":"CSDB","updateDate":"2016-01-14T16:25:14.660Z"},{"date":"2008 NOV","value":"91.1","year":"2008","month":"November","quarter":"","sourceDataset":"CSDB","updateDate":"2016-01-14T16:25:14.660Z"},{"date":"2008 DEC","value":"88.5","year":"2008","month":"December","quarter":"","sourceDataset":"CSDB","updateDate":"2016-01-14T16:25:14.660Z"},{"date":"2009 JAN","value":"86.0","year":"2009","month":"January","quarter":"","sourceDataset":"CSDB","updateDate":"2016-01-14T16:25:14.660Z"},{"date":"2009 FEB","value":"87.5","year":"2009","month":"February","quarter":"","sourceDataset":"CSDB","updateDate":"2016-01-14T16:25:14.660Z"},{"date":"2009 MAR","value":"88.0","year":"2009","month":"March","quarter":"","sourceDataset":"CSDB","updateDate":"2016-01-14T16:25:14.660Z"},{"date":"2009 APR","value":"87.7","year":"2009","month":"April","quarter":"","sourceDataset":"CSDB","updateDate":"2016-01-14T16:25:14.660Z"},{"date":"2009 MAY","value":"88.0","year":"2009","month":"May","quarter":"","sourceDataset":"CSDB","updateDate":"2016-01-14T16:25:14.660Z"},{"date":"2009 JUN","value":"88.0","year":"2009","month":"June","quarter":"","sourceDataset":"CSDB","updateDate":"2016-01-14T16:25:14.660Z"},{"date":"2009 JUL","value":"86.5","year":"2009","month":"July","quarter":"","sourceDataset":"CSDB","updateDate":"2016-01-14T16:25:14.660Z"},{"date":"2009 AUG","value":"87.2","year":"2009","month":"August","quarter":"","sourceDataset":"CSDB","updateDate":"2016-01-14T16:25:14.660Z"},{"date":"2009 SEP","value":"88.7","year":"2009","month":"September","quarter":"","sourceDataset":"CSDB","updateDate":"2016-01-14T16:25:14.660Z"},{"date":"2009 OCT","value":"88.5","year":"2009","month":"October","quarter":"","sourceDataset":"CSDB","updateDate":"2016-01-14T16:25:14.660Z"},{"date":"2009 NOV","value":"89.1","year":"2009","month":"November","quarter":"","sourceDataset":"CSDB","updateDate":"2016-01-14T16:25:14.660Z"},{"date":"2009 DEC","value":"88.6","year":"2009","month":"December","quarter":"","sourceDataset":"CSDB","updateDate":"2016-01-14T16:25:14.660Z"},{"date":"2010 JAN","value":"85.7","year":"2010","month":"January","quarter":"","sourceDataset":"CSDB","updateDate":"2016-01-14T16:25:14.660Z"},{"date":"2010 FEB","value":"86.6","year":"2010","month":"February","quarter":"","sourceDataset":"CSDB","updateDate":"2016-01-14T16:25:14.660Z"},{"date":"2010 MAR","value":"87.7","year":"2010","month":"March","quarter":"","sourceDataset":"CSDB","updateDate":"2016-01-14T16:25:14.660Z"},{"date":"2010 APR","value":"88.2","year":"2010","month":"April","quarter":"","sourceDataset":"CSDB","updateDate":"2016-01-14T16:25:14.660Z"},{"date":"2010 MAY","value":"88.2","year":"2010","month":"May","quarter":"","sourceDataset":"CSDB","updateDate":"2016-01-14T16:25:14.660Z"},{"date":"2010 JUN","value":"87.7","year":"2010","month":"June","quarter":"","sourceDataset":"CSDB","updateDate":"2016-01-14T16:25:14.660Z"},{"date":"2010 JUL","value":"85.1","year":"2010","month":"July","quarter":"","sourceDataset":"CSDB","updateDate":"2016-01-14T16:25:14.660Z"},{"date":"2010 AUG","value":"86.5","year":"2010","month":"August","quarter":"","sourceDataset":"CSDB","updateDate":"2016-01-14T16:25:14.660Z"},{"date":"2010 SEP","value":"89.1","year":"2010","month":"September","quarter":"","sourceDataset":"CSDB","updateDate":"2016-01-14T16:25:14.660Z"},{"date":"2010 OCT","value":"89.0","year":"2010","month":"October","quarter":"","sourceDataset":"CSDB","updateDate":"2016-01-14T16:25:14.660Z"},{"date":"2010 NOV","value":"90.1","year":"2010","month":"November","quarter":"","sourceDataset":"CSDB","updateDate":"2016-01-14T16:25:14.660Z"},{"date":"2010 DEC","value":"89.7","year":"2010","month":"December","quarter":"","sourceDataset":"CSDB","updateDate":"2016-01-14T16:25:14.660Z"},{"date":"2011 JAN","value":"86.4","year":"2011","month":"January","quarter":"","sourceDataset":"CSDB","updateDate":"2016-01-14T16:25:14.660Z"},{"date":"2011 FEB","value":"88.4","year":"2011","month":"February","quarter":"","sourceDataset":"CSDB","updateDate":"2016-01-14T16:25:14.660Z"},{"date":"2011 MAR","value":"88.9","year":"2011","month":"March","quarter":"","sourceDataset":"CSDB","updateDate":"2016-01-14T16:25:14.660Z"},{"date":"2011 APR","value":"89.5","year":"2011","month":"April","quarter":"","sourceDataset":"CSDB","updateDate":"2016-01-14T16:25:14.660Z"},{"date":"2011 MAY","value":"89.7","year":"2011","month":"May","quarter":"","sourceDataset":"CSDB","updateDate":"2016-01-14T16:25:14.660Z"},{"date":"2011 JUN","value":"88.2","year":"2011","month":"June","quarter":"","sourceDataset":"CSDB","updateDate":"2016-01-14T16:25:14.660Z"},{"date":"2011 JUL","value":"86.7","year":"2011","month":"July","quarter":"","sourceDataset":"CSDB","updateDate":"2016-01-14T16:25:14.660Z"},{"date":"2011 AUG","value":"88.0","year":"2011","month":"August","quarter":"","sourceDataset":"CSDB","updateDate":"2016-01-14T16:25:14.660Z"},{"date":"2011 SEP","value":"90.6","year":"2011","month":"September","quarter":"","sourceDataset":"CSDB","updateDate":"2016-01-14T16:25:14.660Z"},{"date":"2011 OCT","value":"91.4","year":"2011","month":"October","quarter":"","sourceDataset":"CSDB","updateDate":"2016-01-14T16:25:14.660Z"},{"date":"2011 NOV","value":"92.2","year":"2011","month":"November","quarter":"","sourceDataset":"CSDB","updateDate":"2016-01-14T16:25:14.660Z"},{"date":"2011 DEC","value":"91.0","year":"2011","month":"December","quarter":"","sourceDataset":"CSDB","updateDate":"2016-01-14T16:25:14.660Z"},{"date":"2012 JAN","value":"88.4","year":"2012","month":"January","quarter":"","sourceDataset":"CSDB","updateDate":"2016-01-14T16:25:14.660Z"},{"date":"2012 FEB","value":"90.1","year":"2012","month":"February","quarter":"","sourceDataset":"CSDB","updateDate":"2016-01-14T16:25:14.660Z"},{"date":"2012 MAR","value":"91.2","year":"2012","month":"March","quarter":"","sourceDataset":"CSDB","updateDate":"2016-01-14T16:25:14.660Z"},{"date":"2012 APR","value":"91.3","year":"2012","month":"April","quarter":"","sourceDataset":"CSDB","updateDate":"2016-01-14T16:25:14.660Z"},{"date":"2012 MAY","value":"91.1","year":"2012","month":"May","quarter":"","sourceDataset":"CSDB","updateDate":"2016-01-14T16:25:14.660Z"},{"date":"2012 JUN","value":"88.7","year":"2012","month":"June","quarter":"","sourceDataset":"CSDB","updateDate":"2016-01-14T16:25:14.660Z"},{"date":"2012 JUL","value":"87.3","year":"2012","month":"July","quarter":"","sourceDataset":"CSDB","updateDate":"2016-01-14T16:25:14.660Z"},{"date":"2012 AUG","value":"88.6","year":"2012","month":"August","quarter":"","sourceDataset":"CSDB","updateDate":"2016-01-14T16:25:14.660Z"},{"date":"2012 SEP","value":"90.9","year":"2012","month":"September","quarter":"","sourceDataset":"CSDB","updateDate":"2016-01-14T16:25:14.660Z"},{"date":"2012 OCT","value":"91.8","year":"2012","month":"October","quarter":"","sourceDataset":"CSDB","updateDate":"2016-01-14T16:25:14.660Z"},{"date":"2012 NOV","value":"91.9","year":"2012","month":"November","quarter":"","sourceDataset":"CSDB","updateDate":"2016-01-14T16:25:14.660Z"},{"date":"2012 DEC","value":"91.3","year":"2012","month":"December","quarter":"","sourceDataset":"CSDB","updateDate":"2016-01-14T16:25:14.660Z"},{"date":"2013 JAN","value":"88.6","year":"2013","month":"January","quarter":"","sourceDataset":"CSDB","updateDate":"2016-01-14T16:25:14.660Z"},{"date":"2013 FEB","value":"90.1","year":"2013","month":"February","quarter":"","sourceDataset":"CSDB","updateDate":"2016-01-14T16:25:14.660Z"},{"date":"2013 MAR","value":"91.9","year":"2013","month":"March","quarter":"","sourceDataset":"CSDB","updateDate":"2016-01-14T16:25:14.660Z"},{"date":"2013 APR","value":"91.4","year":"2013","month":"April","quarter":"","sourceDataset":"CSDB","updateDate":"2016-01-14T16:25:14.660Z"},{"date":"2013 MAY","value":"91.7","year":"2013","month":"May","quarter":"","sourceDataset":"CSDB","updateDate":"2016-01-14T16:25:14.660Z"},{"date":"2013 JUN","value":"90.7","year":"2013","month":"June","quarter":"","sourceDataset":"CSDB","updateDate":"2016-01-14T16:25:14.660Z"},{"date":"2013 JUL","value":"88.5","year":"2013","month":"July","quarter":"","sourceDataset":"CSDB","updateDate":"2016-01-14T16:25:14.660Z"},{"date":"2013 AUG","value":"89.5","year":"2013","month":"August","quarter":"","sourceDataset":"CSDB","updateDate":"2016-01-14T16:25:14.660Z"},{"date":"2013 SEP","value":"92.0","year":"2013","month":"September","quarter":"","sourceDataset":"CSDB","updateDate":"2016-01-14T16:25:14.660Z"},{"date":"2013 OCT","value":"92.6","year":"2013","month":"October","quarter":"","sourceDataset":"CSDB","updateDate":"2016-01-14T16:25:14.660Z"},{"date":"2013 NOV","value":"93.4","year":"2013","month":"November","quarter":"","sourceDataset":"CSDB","updateDate":"2016-01-14T16:25:14.660Z"},{"date":"2013 DEC","value":"92.7","year":"2013","month":"December","quarter":"","sourceDataset":"CSDB","updateDate":"2016-01-14T16:25:14.660Z"},{"date":"2014 JAN","value":"89.3","year":"2014","month":"January","quarter":"","sourceDataset":"CSDB","updateDate":"2016-01-14T16:25:14.660Z"},{"date":"2014 FEB","value":"90.6","year":"2014","month":"February","quarter":"","sourceDataset":"CSDB","updateDate":"2016-01-14T16:25:14.660Z"},{"date":"2014 MAR","value":"91.9","year":"2014","month":"March","quarter":"","sourceDataset":"CSDB","updateDate":"2016-01-14T16:25:14.660Z"},{"date":"2014 APR","value":"91.9","year":"2014","month":"April","quarter":"","sourceDataset":"CSDB","updateDate":"2016-01-14T16:25:14.660Z"},{"date":"2014 MAY","value":"92.3","year":"2014","month":"May","quarter":"","sourceDataset":"CSDB","updateDate":"2016-01-14T16:25:14.660Z"},{"date":"2014 JUN","value":"92.5","year":"2014","month":"June","quarter":"","sourceDataset":"CSDB","updateDate":"2016-01-14T16:25:14.660Z"},{"date":"2014 JUL","value":"89.0","year":"2014","month":"July","quarter":"","sourceDataset":"CSDB","updateDate":"2016-01-14T16:25:14.660Z"},{"date":"2014 AUG","value":"90.5","year":"2014","month":"August","quarter":"","sourceDataset":"CSDB","updateDate":"2016-01-14T16:25:14.660Z"},{"date":"2014 SEP","value":"92.4","year":"2014","month":"September","quarter":"","sourceDataset":"CSDB","updateDate":"2016-01-14T16:25:14.660Z"},{"date":"2014 OCT","value":"93.1","year":"2014","month":"October","quarter":"","sourceDataset":"CSDB","updateDate":"2016-01-14T16:25:14.660Z"},{"date":"2014 NOV","value":"93.4","year":"2014","month":"November","quarter":"","sourceDataset":"CSDB","updateDate":"2016-01-14T16:25:14.660Z"},{"date":"2014 DEC","value":"92.7","year":"2014","month":"December","quarter":"","sourceDataset":"CSDB","updateDate":"2016-01-14T16:25:14.660Z"},{"date":"2015 JAN","value":"89.9","year":"2015","month":"January","quarter":"","sourceDataset":"CSDB","updateDate":"2016-01-14T16:25:14.660Z"},{"date":"2015 FEB","value":"90.9","year":"2015","month":"February","quarter":"","sourceDataset":"CSDB","updateDate":"2016-01-14T16:25:14.660Z"},{"date":"2015 MAR","value":"91.4","year":"2015","month":"March","quarter":"","sourceDataset":"CSDB","updateDate":"2016-01-14T16:25:14.660Z"},{"date":"2015 APR","value":"91.4","year":"2015","month":"April","quarter":"","sourceDataset":"CSDB","updateDate":"2016-01-14T16:25:14.660Z"},{"date":"2015 MAY","value":"91.8","year":"2015","month":"May","quarter":"","sourceDataset":"CSDB","updateDate":"2016-01-14T16:25:14.660Z"},{"date":"2015 JUN","value":"91.2","year":"2015","month":"June","quarter":"","sourceDataset":"CSDB","updateDate":"2016-01-14T16:25:14.660Z"},{"date":"2015 JUL","value":"89.6","year":"2015","month":"July","quarter":"","sourceDataset":"CSDB","updateDate":"2016-01-14T16:25:14.660Z"},{"date":"2015 AUG","value":"90.3","year":"2015","month":"August","quarter":"","sourceDataset":"CSDB","updateDate":"2016-01-22T20:07:48.829Z"}],"sourceDatasets":["CSDB"],"relatedDatasets":[{"uri":"/businessindustryandtrade/changestobusiness/bankruptcyinsolvency/datasets/carlsxmasrelease/2015"},{"uri":"/businessindustryandtrade/changestobusiness/bankruptcyinsolvency/datasets/wahasaqewqeqwe/2015"},{"uri":"/businessindustryandtrade/changestobusiness/bankruptcyinsolvency/datasets/releaseisreleaseygyug/2015"},{"uri":"/businessindustryandtrade/changestobusiness/bankruptcyinsolvency/datasets/releaseisreleaseadffd/2015"},{"uri":"/businessindustryandtrade/changestobusiness/bankruptcyinsolvency/datasets/pageunencrypted/2015"}],"relatedDocuments":[],"versions":[{"uri":"/businessindustryandtrade/changestobusiness/bankruptcyinsolvency/timeseries/l5kl/previous/v1","updateDate":"2016-01-26T00:00:00.000Z","correctionNotice":"","label":"v1"}],"type":"timeseries","description":{"title":"CPIH INDEX: Semi-durables (G) 2005\u003d100                                  ","contact":{"email":"","name":"","telephone":""},"releaseDate":"2016-01-28T00:00:00.000Z","nextRelease":"","cdid":"L5KL","unit":"","preUnit":"","source":"","seasonalAdjustment":"NSA","date":"2015 AUG","number":"90.3"}}