{"years":[{"date":"1987","value":"5743","year":"1987","month":"","quarter":"","sourceDataset":"CSDB10","updateDate":"2016-01-28T09:29:36.980Z"},{"date":"1988","value":"8643","year":"1988","month":"","quarter":"","sourceDataset":"CSDB10","updateDate":"2016-01-28T09:29:36.980Z"},{"date":"1989","value":"12962","year":"1989","month":"","quarter":"","sourceDataset":"CSDB10","updateDate":"2016-01-28T09:29:36.980Z"},{"date":"1990","value":"12534","year":"1990","month":"","quarter":"","sourceDataset":"CSDB10","updateDate":"2016-01-28T09:29:36.980Z"},{"date":"1991","value":"13419","year":"1991","month":"","quarter":"","sourceDataset":"CSDB10","updateDate":"2016-01-28T09:29:36.980Z"},{"date":"1992","value":"14947","year":"1992","month":"","quarter":"","sourceDataset":"CSDB10","updateDate":"2016-01-28T09:29:36.980Z"},{"date":"1993","value":"14266","year":"1993","month":"","quarter":"","sourceDataset":"CSDB10","updateDate":"2016-01-28T09:29:36.980Z"},{"date":"1994","value":"16432","year":"1994","month":"","quarter":"","sourceDataset":"CSDB10","updateDate":"2016-01-28T09:29:36.980Z"},{"date":"1995","value":"22345","year":"1995","month":"","quarter":"","sourceDataset":"CSDB10","updateDate":"2016-01-28T09:29:36.980Z"},{"date":"1996","value":"22901","year":"1996","month":"","quarter":"","sourceDataset":"CSDB10","updateDate":"2016-01-28T09:29:36.980Z"},{"date":"1997","value":"26525","year":"1997","month":"","quarter":"","sourceDataset":"CSDB10","updateDate":"2016-01-28T09:29:36.980Z"},{"date":"1998","value":"25056","year":"1998","month":"","quarter":"","sourceDataset":"CSDB10","updateDate":"2016-01-28T09:29:36.980Z"},{"date":"1999","value":"21722","year":"1999","month":"","quarter":"","sourceDataset":"CSDB10","updateDate":"2016-01-28T09:29:36.980Z"},{"date":"2000","value":"26550","year":"2000","month":"","quarter":"","sourceDataset":"CSDB10","updateDate":"2016-01-28T09:29:36.980Z"},{"date":"2001","value":"37570","year":"2001","month":"","quarter":"","sourceDataset":"CSDB10","updateDate":"2016-01-28T09:29:36.980Z"},{"date":"2002","value":"30534","year":"2002","month":"","quarter":"","sourceDataset":"CSDB10","updateDate":"2016-01-28T09:29:36.980Z"},{"date":"2003","value":"50184","year":"2003","month":"","quarter":"","sourceDataset":"CSDB10","updateDate":"2016-01-28T09:29:36.980Z"},{"date":"2004","value":"42902","year":"2004","month":"","quarter":"","sourceDataset":"CSDB10","updateDate":"2016-01-28T09:29:36.980Z"},{"date":"2005","value":"46683","year":"2005","month":"","quarter":"","sourceDataset":"CSDB10","updateDate":"2016-01-28T09:29:36.980Z"},{"date":"2006","value":"43889","year":"2006","month":"","quarter":"","sourceDataset":"CSDB10","updateDate":"2016-01-28T09:29:36.980Z"},{"date":"2007","value":"38473","year":"2007","month":"","quarter":"","sourceDataset":"CSDB10","updateDate":"2016-01-28T09:29:36.980Z"},{"date":"2008","value":"46389","year":"2008","month":"","quarter":"","sourceDataset":"CSDB10","updateDate":"2016-01-28T09:29:36.980Z"},{"date":"2009","value":"62589","year":"2009","month":"","quarter":"","sourceDataset":"CSDB10","updateDate":"2016-01-28T09:29:36.980Z"},{"date":"2010","value":"57803","year":"2010","month":"","quarter":"","sourceDataset":"CSDB10","updateDate":"2016-01-28T09:29:36.980Z"},{"date":"2011","value":"68011","year":"2011","month":"","quarter":"","sourceDataset":"CSDB10","updateDate":"2016-01-28T09:29:36.980Z"},{"date":"2012","value":"62452","year":"2012","month":"","quarter":"","sourceDataset":"CSDB10","updateDate":"2016-01-28T09:29:36.980Z"},{"date":"2013","value":"63674","year":"2013","month":"","quarter":"","sourceDataset":"CSDB10","updateDate":"2016-01-28T09:29:36.980Z"},{"date":"2014","value":"78346","year":"2014","month":"","quarter":"","sourceDataset":"CSDB10","updateDate":"2016-01-28T09:29:36.980Z"}],"quarters":[{"date":"1987 Q1","value":"994","year":"1987","month":"","quarter":"Q1","sourceDataset":"CSDB10","updateDate":"2016-01-28T09:29:36.980Z"},{"date":"1987 Q2","value":"1708","year":"1987","month":"","quarter":"Q2","sourceDataset":"CSDB10","updateDate":"2016-01-28T09:29:36.980Z"},{"date":"1987 Q3","value":"1272","year":"1987","month":"","quarter":"Q3","sourceDataset":"CSDB10","updateDate":"2016-01-28T09:29:36.980Z"},{"date":"1987 Q4","value":"1769","year":"1987","month":"","quarter":"Q4","sourceDataset":"CSDB10","updateDate":"2016-01-28T09:29:36.980Z"},{"date":"1988 Q1","value":"1541","year":"1988","month":"","quarter":"Q1","sourceDataset":"CSDB10","updateDate":"2016-01-28T09:29:36.980Z"},{"date":"1988 Q2","value":"2575","year":"1988","month":"","quarter":"Q2","sourceDataset":"CSDB10","updateDate":"2016-01-28T09:29:36.980Z"},{"date":"1988 Q3","value":"1622","year":"1988","month":"","quarter":"Q3","sourceDataset":"CSDB10","updateDate":"2016-01-28T09:29:36.980Z"},{"date":"1988 Q4","value":"2905","year":"1988","month":"","quarter":"Q4","sourceDataset":"CSDB10","updateDate":"2016-01-28T09:29:36.980Z"},{"date":"1989 Q1","value":"3049","year":"1989","month":"","quarter":"Q1","sourceDataset":"CSDB10","updateDate":"2016-01-28T09:29:36.980Z"},{"date":"1989 Q2","value":"4397","year":"1989","month":"","quarter":"Q2","sourceDataset":"CSDB10","updateDate":"2016-01-28T09:29:36.980Z"},{"date":"1989 Q3","value":"1971","year":"1989","month":"","quarter":"Q3","sourceDataset":"CSDB10","updateDate":"2016-01-28T09:29:36.980Z"},{"date":"1989 Q4","value":"3545","year":"1989","month":"","quarter":"Q4","sourceDataset":"CSDB10","updateDate":"2016-01-28T09:29:36.980Z"},{"date":"1990 Q1","value":"1366","year":"1990","month":"","quarter":"Q1","sourceDataset":"CSDB10","updateDate":"2016-01-28T09:29:36.980Z"},{"date":"1990 Q2","value":"2867","year":"1990","month":"","quarter":"Q2","sourceDataset":"CSDB10","updateDate":"2016-01-28T09:29:36.980Z"},{"date":"1990 Q3","value":"2341","year":"1990","month":"","quarter":"Q3","sourceDataset":"CSDB10","updateDate":"2016-01-28T09:29:36.980Z"},{"date":"1990 Q4","value":"5960","year":"1990","month":"","quarter":"Q4","sourceDataset":"CSDB10","updateDate":"2016-01-28T09:29:36.980Z"},{"date":"1991 Q1","value":"1897","year":"1991","month":"","quarter":"Q1","sourceDataset":"CSDB10","updateDate":"2016-01-28T09:29:36.980Z"},{"date":"1991 Q2","value":"3417","year":"1991","month":"","quarter":"Q2","sourceDataset":"CSDB10","updateDate":"2016-01-28T09:29:36.980Z"},{"date":"1991 Q3","value":"2670","year":"1991","month":"","quarter":"Q3","sourceDataset":"CSDB10","updateDate":"2016-01-28T09:29:36.980Z"},{"date":"1991 Q4","value":"5435","year":"1991","month":"","quarter":"Q4","sourceDataset":"CSDB10","updateDate":"2016-01-28T09:29:36.980Z"},{"date":"1992 Q1","value":"3337","year":"1992","month":"","quarter":"Q1","sourceDataset":"CSDB10","updateDate":"2016-01-28T09:29:36.980Z"},{"date":"1992 Q2","value":"3439","year":"1992","month":"","quarter":"Q2","sourceDataset":"CSDB10","updateDate":"2016-01-28T09:29:36.980Z"},{"date":"1992 Q3","value":"3291","year":"1992","month":"","quarter":"Q3","sourceDataset":"CSDB10","updateDate":"2016-01-28T09:29:36.980Z"},{"date":"1992 Q4","value":"4880","year":"1992","month":"","quarter":"Q4","sourceDataset":"CSDB10","updateDate":"2016-01-28T09:29:36.980Z"},{"date":"1993 Q1","value":"2709","year":"1993","month":"","quarter":"Q1","sourceDataset":"CSDB10","updateDate":"2016-01-28T09:29:36.980Z"},{"date":"1993 Q2","value":"3806","year":"1993","month":"","quarter":"Q2","sourceDataset":"CSDB10","updateDate":"2016-01-28T09:29:36.980Z"},{"date":"1993 Q3","value":"2188","year":"1993","month":"","quarter":"Q3","sourceDataset":"CSDB10","updateDate":"2016-01-28T09:29:36.980Z"},{"date":"1993 Q4","value":"5563","year":"1993","month":"","quarter":"Q4","sourceDataset":"CSDB10","updateDate":"2016-01-28T09:29:36.980Z"},{"date":"1994 Q1","value":"3645","year":"1994","month":"","quarter":"Q1","sourceDataset":"CSDB10","updateDate":"2016-01-28T09:29:36.980Z"},{"date":"1994 Q2","value":"3809","year":"1994","month":"","quarter":"Q2","sourceDataset":"CSDB10","updateDate":"2016-01-28T09:29:36.980Z"},{"date":"1994 Q3","value":"2259","year":"1994","month":"","quarter":"Q3","sourceDataset":"CSDB10","updateDate":"2016-01-28T09:29:36.980Z"},{"date":"1994 Q4","value":"6719","year":"1994","month":"","quarter":"Q4","sourceDataset":"CSDB10","updateDate":"2016-01-28T09:29:36.980Z"},{"date":"1995 Q1","value":"3099","year":"1995","month":"","quarter":"Q1","sourceDataset":"CSDB10","updateDate":"2016-01-28T09:29:36.980Z"},{"date":"1995 Q2","value":"4792","year":"1995","month":"","quarter":"Q2","sourceDataset":"CSDB10","updateDate":"2016-01-28T09:29:36.980Z"},{"date":"1995 Q3","value":"4502","year":"1995","month":"","quarter":"Q3","sourceDataset":"CSDB10","updateDate":"2016-01-28T09:29:36.980Z"},{"date":"1995 Q4","value":"9952","year":"1995","month":"","quarter":"Q4","sourceDataset":"CSDB10","updateDate":"2016-01-28T09:29:36.980Z"},{"date":"1996 Q1","value":"3434","year":"1996","month":"","quarter":"Q1","sourceDataset":"CSDB10","updateDate":"2016-01-28T09:29:36.980Z"},{"date":"1996 Q2","value":"6650","year":"1996","month":"","quarter":"Q2","sourceDataset":"CSDB10","updateDate":"2016-01-28T09:29:36.980Z"},{"date":"1996 Q3","value":"4293","year":"1996","month":"","quarter":"Q3","sourceDataset":"CSDB10","updateDate":"2016-01-28T09:29:36.980Z"},{"date":"1996 Q4","value":"8524","year":"1996","month":"","quarter":"Q4","sourceDataset":"CSDB10","updateDate":"2016-01-28T09:29:36.981Z"},{"date":"1997 Q1","value":"3638","year":"1997","month":"","quarter":"Q1","sourceDataset":"CSDB10","updateDate":"2016-01-28T09:29:36.981Z"},{"date":"1997 Q2","value":"6285","year":"1997","month":"","quarter":"Q2","sourceDataset":"CSDB10","updateDate":"2016-01-28T09:29:36.981Z"},{"date":"1997 Q3","value":"6941","year":"1997","month":"","quarter":"Q3","sourceDataset":"CSDB10","updateDate":"2016-01-28T09:29:36.981Z"},{"date":"1997 Q4","value":"9661","year":"1997","month":"","quarter":"Q4","sourceDataset":"CSDB10","updateDate":"2016-01-28T09:29:36.981Z"},{"date":"1998 Q1","value":"5981","year":"1998","month":"","quarter":"Q1","sourceDataset":"CSDB10","updateDate":"2016-01-28T09:29:36.981Z"},{"date":"1998 Q2","value":"5587","year":"1998","month":"","quarter":"Q2","sourceDataset":"CSDB10","updateDate":"2016-01-28T09:29:36.981Z"},{"date":"1998 Q3","value":"4969","year":"1998","month":"","quarter":"Q3","sourceDataset":"CSDB10","updateDate":"2016-01-28T09:29:36.981Z"},{"date":"1998 Q4","value":"8519","year":"1998","month":"","quarter":"Q4","sourceDataset":"CSDB10","updateDate":"2016-01-28T09:29:36.981Z"},{"date":"1999 Q1","value":"2305","year":"1999","month":"","quarter":"Q1","sourceDataset":"CSDB10","updateDate":"2016-01-28T09:29:36.981Z"},{"date":"1999 Q2","value":"8003","year":"1999","month":"","quarter":"Q2","sourceDataset":"CSDB10","updateDate":"2016-01-28T09:29:36.981Z"},{"date":"1999 Q3","value":"3372","year":"1999","month":"","quarter":"Q3","sourceDataset":"CSDB10","updateDate":"2016-01-28T09:29:36.981Z"},{"date":"1999 Q4","value":"8042","year":"1999","month":"","quarter":"Q4","sourceDataset":"CSDB10","updateDate":"2016-01-28T09:29:36.981Z"},{"date":"2000 Q1","value":"4096","year":"2000","month":"","quarter":"Q1","sourceDataset":"CSDB10","updateDate":"2016-01-28T09:29:36.981Z"},{"date":"2000 Q2","value":"7413","year":"2000","month":"","quarter":"Q2","sourceDataset":"CSDB10","updateDate":"2016-01-28T09:29:36.981Z"},{"date":"2000 Q3","value":"6518","year":"2000","month":"","quarter":"Q3","sourceDataset":"CSDB10","updateDate":"2016-01-28T09:29:36.981Z"},{"date":"2000 Q4","value":"8523","year":"2000","month":"","quarter":"Q4","sourceDataset":"CSDB10","updateDate":"2016-01-28T09:29:36.981Z"},{"date":"2001 Q1","value":"9224","year":"2001","month":"","quarter":"Q1","sourceDataset":"CSDB10","updateDate":"2016-01-28T09:29:36.981Z"},{"date":"2001 Q2","value":"9521","year":"2001","month":"","quarter":"Q2","sourceDataset":"CSDB10","updateDate":"2016-01-28T09:29:36.981Z"},{"date":"2001 Q3","value":"11550","year":"2001","month":"","quarter":"Q3","sourceDataset":"CSDB10","updateDate":"2016-01-28T09:29:36.981Z"},{"date":"2001 Q4","value":"7275","year":"2001","month":"","quarter":"Q4","sourceDataset":"CSDB10","updateDate":"2016-01-28T09:29:36.981Z"},{"date":"2002 Q1","value":"8045","year":"2002","month":"","quarter":"Q1","sourceDataset":"CSDB10","updateDate":"2016-01-28T09:29:36.981Z"},{"date":"2002 Q2","value":"4638","year":"2002","month":"","quarter":"Q2","sourceDataset":"CSDB10","updateDate":"2016-01-28T09:29:36.981Z"},{"date":"2002 Q3","value":"5848","year":"2002","month":"","quarter":"Q3","sourceDataset":"CSDB10","updateDate":"2016-01-28T09:29:36.981Z"},{"date":"2002 Q4","value":"12003","year":"2002","month":"","quarter":"Q4","sourceDataset":"CSDB10","updateDate":"2016-01-28T09:29:36.981Z"},{"date":"2003 Q1","value":"7368","year":"2003","month":"","quarter":"Q1","sourceDataset":"CSDB10","updateDate":"2016-01-28T09:29:36.981Z"},{"date":"2003 Q2","value":"18605","year":"2003","month":"","quarter":"Q2","sourceDataset":"CSDB10","updateDate":"2016-01-28T09:29:36.981Z"},{"date":"2003 Q3","value":"12028","year":"2003","month":"","quarter":"Q3","sourceDataset":"CSDB10","updateDate":"2016-01-28T09:29:36.981Z"},{"date":"2003 Q4","value":"12183","year":"2003","month":"","quarter":"Q4","sourceDataset":"CSDB10","updateDate":"2016-01-28T09:29:36.981Z"},{"date":"2004 Q1","value":"13932","year":"2004","month":"","quarter":"Q1","sourceDataset":"CSDB10","updateDate":"2016-01-28T09:29:36.981Z"},{"date":"2004 Q2","value":"9057","year":"2004","month":"","quarter":"Q2","sourceDataset":"CSDB10","updateDate":"2016-01-28T09:29:36.981Z"},{"date":"2004 Q3","value":"10695","year":"2004","month":"","quarter":"Q3","sourceDataset":"CSDB10","updateDate":"2016-01-28T09:29:36.981Z"},{"date":"2004 Q4","value":"9218","year":"2004","month":"","quarter":"Q4","sourceDataset":"CSDB10","updateDate":"2016-01-28T09:29:36.981Z"},{"date":"2005 Q1","value":"9389","year":"2005","month":"","quarter":"Q1","sourceDataset":"CSDB10","updateDate":"2016-01-28T09:29:36.981Z"},{"date":"2005 Q2","value":"8820","year":"2005","month":"","quarter":"Q2","sourceDataset":"CSDB10","updateDate":"2016-01-28T09:29:36.981Z"},{"date":"2005 Q3","value":"15344","year":"2005","month":"","quarter":"Q3","sourceDataset":"CSDB10","updateDate":"2016-01-28T09:29:36.981Z"},{"date":"2005 Q4","value":"13130","year":"2005","month":"","quarter":"Q4","sourceDataset":"CSDB10","updateDate":"2016-01-28T09:29:36.981Z"},{"date":"2006 Q1","value":"7235","year":"2006","month":"","quarter":"Q1","sourceDataset":"CSDB10","updateDate":"2016-01-28T09:29:36.981Z"},{"date":"2006 Q2","value":"9106","year":"2006","month":"","quarter":"Q2","sourceDataset":"CSDB10","updateDate":"2016-01-28T09:29:36.981Z"},{"date":"2006 Q3","value":"10828","year":"2006","month":"","quarter":"Q3","sourceDataset":"CSDB10","updateDate":"2016-01-28T09:29:36.981Z"},{"date":"2006 Q4","value":"16720","year":"2006","month":"","quarter":"Q4","sourceDataset":"CSDB10","updateDate":"2016-01-28T09:29:36.981Z"},{"date":"2007 Q1","value":"7294","year":"2007","month":"","quarter":"Q1","sourceDataset":"CSDB10","updateDate":"2016-01-28T09:29:36.981Z"},{"date":"2007 Q2","value":"10922","year":"2007","month":"","quarter":"Q2","sourceDataset":"CSDB10","updateDate":"2016-01-28T09:29:36.981Z"},{"date":"2007 Q3","value":"10622","year":"2007","month":"","quarter":"Q3","sourceDataset":"CSDB10","updateDate":"2016-01-28T09:29:36.981Z"},{"date":"2007 Q4","value":"9635","year":"2007","month":"","quarter":"Q4","sourceDataset":"CSDB10","updateDate":"2016-01-28T09:29:36.981Z"},{"date":"2008 Q1","value":"7173","year":"2008","month":"","quarter":"Q1","sourceDataset":"CSDB10","updateDate":"2016-01-28T09:29:36.981Z"},{"date":"2008 Q2","value":"12037","year":"2008","month":"","quarter":"Q2","sourceDataset":"CSDB10","updateDate":"2016-01-28T09:29:36.981Z"},{"date":"2008 Q3","value":"9051","year":"2008","month":"","quarter":"Q3","sourceDataset":"CSDB10","updateDate":"2016-01-28T09:29:36.981Z"},{"date":"2008 Q4","value":"18128","year":"2008","month":"","quarter":"Q4","sourceDataset":"CSDB10","updateDate":"2016-01-28T09:29:36.981Z"},{"date":"2009 Q1","value":"13804","year":"2009","month":"","quarter":"Q1","sourceDataset":"CSDB10","updateDate":"2016-01-28T09:29:36.981Z"},{"date":"2009 Q2","value":"13814","year":"2009","month":"","quarter":"Q2","sourceDataset":"CSDB10","updateDate":"2016-01-28T09:29:36.981Z"},{"date":"2009 Q3","value":"18919","year":"2009","month":"","quarter":"Q3","sourceDataset":"CSDB10","updateDate":"2016-01-28T09:29:36.981Z"},{"date":"2009 Q4","value":"16052","year":"2009","month":"","quarter":"Q4","sourceDataset":"CSDB10","updateDate":"2016-01-28T09:29:36.981Z"},{"date":"2010 Q1","value":"10138","year":"2010","month":"","quarter":"Q1","sourceDataset":"CSDB10","updateDate":"2016-01-28T09:29:36.981Z"},{"date":"2010 Q2","value":"12898","year":"2010","month":"","quarter":"Q2","sourceDataset":"CSDB10","updateDate":"2016-01-28T09:29:36.981Z"},{"date":"2010 Q3","value":"13523","year":"2010","month":"","quarter":"Q3","sourceDataset":"CSDB10","updateDate":"2016-01-28T09:29:36.981Z"},{"date":"2010 Q4","value":"21244","year":"2010","month":"","quarter":"Q4","sourceDataset":"CSDB10","updateDate":"2016-01-28T09:29:36.981Z"},{"date":"2011 Q1","value":"12372","year":"2011","month":"","quarter":"Q1","sourceDataset":"CSDB10","updateDate":"2016-01-28T09:29:36.981Z"},{"date":"2011 Q2","value":"12859","year":"2011","month":"","quarter":"Q2","sourceDataset":"CSDB10","updateDate":"2016-01-28T09:29:36.981Z"},{"date":"2011 Q3","value":"20239","year":"2011","month":"","quarter":"Q3","sourceDataset":"CSDB10","updateDate":"2016-01-28T09:29:36.981Z"},{"date":"2011 Q4","value":"22541","year":"2011","month":"","quarter":"Q4","sourceDataset":"CSDB10","updateDate":"2016-01-28T09:29:36.981Z"},{"date":"2012 Q1","value":"10370","year":"2012","month":"","quarter":"Q1","sourceDataset":"CSDB10","updateDate":"2016-01-28T09:29:36.981Z"},{"date":"2012 Q2","value":"13354","year":"2012","month":"","quarter":"Q2","sourceDataset":"CSDB10","updateDate":"2016-01-28T09:29:36.981Z"},{"date":"2012 Q3","value":"13967","year":"2012","month":"","quarter":"Q3","sourceDataset":"CSDB10","updateDate":"2016-01-28T09:29:36.981Z"},{"date":"2012 Q4","value":"24761","year":"2012","month":"","quarter":"Q4","sourceDataset":"CSDB10","updateDate":"2016-01-28T09:29:36.981Z"},{"date":"2013 Q1","value":"12887","year":"2013","month":"","quarter":"Q1","sourceDataset":"CSDB10","updateDate":"2016-01-28T09:29:36.981Z"},{"date":"2013 Q2","value":"13029","year":"2013","month":"","quarter":"Q2","sourceDataset":"CSDB10","updateDate":"2016-01-28T09:29:36.981Z"},{"date":"2013 Q3","value":"12124","year":"2013","month":"","quarter":"Q3","sourceDataset":"CSDB10","updateDate":"2016-01-28T09:29:36.981Z"},{"date":"2013 Q4","value":"25634","year":"2013","month":"","quarter":"Q4","sourceDataset":"CSDB10","updateDate":"2016-01-28T09:29:36.981Z"},{"date":"2014 Q1","value":"12422","year":"2014","month":"","quarter":"Q1","sourceDataset":"CSDB10","updateDate":"2016-01-28T09:29:36.981Z"},{"date":"2014 Q2","value":"32148","year":"2014","month":"","quarter":"Q2","sourceDataset":"CSDB10","updateDate":"2016-01-28T09:29:36.981Z"},{"date":"2014 Q3","value":"11723","year":"2014","month":"","quarter":"Q3","sourceDataset":"CSDB10","updateDate":"2016-01-28T09:29:36.981Z"},{"date":"2014 Q4","value":"22053","year":"2014","month":"","quarter":"Q4","sourceDataset":"CSDB10","updateDate":"2016-01-28T09:29:36.981Z"},{"date":"2015 Q1","value":"17369","year":"2015","month":"","quarter":"Q1","sourceDataset":"CSDB10","updateDate":"2016-01-28T09:29:36.981Z"},{"date":"2015 Q2","value":"19840","year":"2015","month":"","quarter":"Q2","sourceDataset":"CSDB10","updateDate":"2016-01-28T09:29:36.981Z"},{"date":"2015 Q3","value":"7943","year":"2015","month":"","quarter":"Q3","sourceDataset":"CSDB10","updateDate":"2016-01-28T09:29:36.981Z"}],"months":[],"sourceDatasets":["CSDB10"],"relatedDatasets":[{"uri":"/economy/environmentalaccounts/datasets/werwerwerwerwerwr/2015"}],"relatedDocuments":[],"type":"timeseries","description":{"title":"PR:Distributed income of corporations: CP NSA                           ","contact":{"email":"","name":"","telephone":""},"releaseDate":"2016-01-27T00:00:00.000Z","nextRelease":"","cdid":"DSZS","unit":"","preUnit":"","source":"","seasonalAdjustment":"NSA","date":"2015 Q3","number":"7943"}}