{"years":[{"date":"2006","value":"-13.4","year":"2006","month":"","quarter":"","sourceDataset":"CSDB","updateDate":"2016-01-14T16:25:13.537Z"},{"date":"2007","value":"-12.0","year":"2007","month":"","quarter":"","sourceDataset":"CSDB","updateDate":"2016-01-14T16:25:13.537Z"},{"date":"2008","value":"-14.0","year":"2008","month":"","quarter":"","sourceDataset":"CSDB","updateDate":"2016-01-14T16:25:13.537Z"},{"date":"2009","value":"-6.8","year":"2009","month":"","quarter":"","sourceDataset":"CSDB","updateDate":"2016-01-14T16:25:13.537Z"},{"date":"2010","value":"-7.5","year":"2010","month":"","quarter":"","sourceDataset":"CSDB","updateDate":"2016-01-14T16:25:13.537Z"},{"date":"2011","value":"-8.9","year":"2011","month":"","quarter":"","sourceDataset":"CSDB","updateDate":"2016-01-14T16:25:13.537Z"},{"date":"2012","value":"-6.9","year":"2012","month":"","quarter":"","sourceDataset":"CSDB","updateDate":"2016-01-14T16:25:13.537Z"},{"date":"2013","value":"-5.4","year":"2013","month":"","quarter":"","sourceDataset":"CSDB","updateDate":"2016-01-14T16:25:13.537Z"},{"date":"2014","value":"-5.2","year":"2014","month":"","quarter":"","sourceDataset":"CSDB","updateDate":"2016-01-14T16:25:13.537Z"}],"quarters":[{"date":"2006 Q1","value":"-14.5","year":"2006","month":"","quarter":"Q1","sourceDataset":"CSDB","updateDate":"2016-01-14T16:25:13.537Z"},{"date":"2006 Q2","value":"-15.8","year":"2006","month":"","quarter":"Q2","sourceDataset":"CSDB","updateDate":"2016-01-14T16:25:13.537Z"},{"date":"2006 Q3","value":"-13.7","year":"2006","month":"","quarter":"Q3","sourceDataset":"CSDB","updateDate":"2016-01-14T16:25:13.537Z"},{"date":"2006 Q4","value":"-9.2","year":"2006","month":"","quarter":"Q4","sourceDataset":"CSDB","updateDate":"2016-01-14T16:25:13.537Z"},{"date":"2007 Q1","value":"-10.3","year":"2007","month":"","quarter":"Q1","sourceDataset":"CSDB","updateDate":"2016-01-14T16:25:13.537Z"},{"date":"2007 Q2","value":"-11.3","year":"2007","month":"","quarter":"Q2","sourceDataset":"CSDB","updateDate":"2016-01-14T16:25:13.537Z"},{"date":"2007 Q3","value":"-12.5","year":"2007","month":"","quarter":"Q3","sourceDataset":"CSDB","updateDate":"2016-01-14T16:25:13.537Z"},{"date":"2007 Q4","value":"-14.1","year":"2007","month":"","quarter":"Q4","sourceDataset":"CSDB","updateDate":"2016-01-14T16:25:13.537Z"},{"date":"2008 Q1","value":"-16.0","year":"2008","month":"","quarter":"Q1","sourceDataset":"CSDB","updateDate":"2016-01-14T16:25:13.537Z"},{"date":"2008 Q2","value":"-13.5","year":"2008","month":"","quarter":"Q2","sourceDataset":"CSDB","updateDate":"2016-01-14T16:25:13.537Z"},{"date":"2008 Q3","value":"-12.4","year":"2008","month":"","quarter":"Q3","sourceDataset":"CSDB","updateDate":"2016-01-14T16:25:13.537Z"},{"date":"2008 Q4","value":"-14.1","year":"2008","month":"","quarter":"Q4","sourceDataset":"CSDB","updateDate":"2016-01-14T16:25:13.537Z"},{"date":"2009 Q1","value":"-10.9","year":"2009","month":"","quarter":"Q1","sourceDataset":"CSDB","updateDate":"2016-01-14T16:25:13.537Z"},{"date":"2009 Q2","value":"-6.0","year":"2009","month":"","quarter":"Q2","sourceDataset":"CSDB","updateDate":"2016-01-14T16:25:13.537Z"},{"date":"2009 Q3","value":"-5.5","year":"2009","month":"","quarter":"Q3","sourceDataset":"CSDB","updateDate":"2016-01-14T16:25:13.537Z"},{"date":"2009 Q4","value":"-4.7","year":"2009","month":"","quarter":"Q4","sourceDataset":"CSDB","updateDate":"2016-01-14T16:25:13.537Z"},{"date":"2010 Q1","value":"-5.8","year":"2010","month":"","quarter":"Q1","sourceDataset":"CSDB","updateDate":"2016-01-14T16:25:13.537Z"},{"date":"2010 Q2","value":"-8.2","year":"2010","month":"","quarter":"Q2","sourceDataset":"CSDB","updateDate":"2016-01-14T16:25:13.537Z"},{"date":"2010 Q3","value":"-7.8","year":"2010","month":"","quarter":"Q3","sourceDataset":"CSDB","updateDate":"2016-01-14T16:25:13.537Z"},{"date":"2010 Q4","value":"-8.1","year":"2010","month":"","quarter":"Q4","sourceDataset":"CSDB","updateDate":"2016-01-14T16:25:13.537Z"},{"date":"2011 Q1","value":"-8.0","year":"2011","month":"","quarter":"Q1","sourceDataset":"CSDB","updateDate":"2016-01-14T16:25:13.537Z"},{"date":"2011 Q2","value":"-9.9","year":"2011","month":"","quarter":"Q2","sourceDataset":"CSDB","updateDate":"2016-01-14T16:25:13.537Z"},{"date":"2011 Q3","value":"-9.8","year":"2011","month":"","quarter":"Q3","sourceDataset":"CSDB","updateDate":"2016-01-14T16:25:13.537Z"},{"date":"2011 Q4","value":"-8.0","year":"2011","month":"","quarter":"Q4","sourceDataset":"CSDB","updateDate":"2016-01-14T16:25:13.537Z"},{"date":"2012 Q1","value":"-7.9","year":"2012","month":"","quarter":"Q1","sourceDataset":"CSDB","updateDate":"2016-01-14T16:25:13.537Z"},{"date":"2012 Q2","value":"-7.5","year":"2012","month":"","quarter":"Q2","sourceDataset":"CSDB","updateDate":"2016-01-14T16:25:13.537Z"},{"date":"2012 Q3","value":"-6.4","year":"2012","month":"","quarter":"Q3","sourceDataset":"CSDB","updateDate":"2016-01-14T16:25:13.537Z"},{"date":"2012 Q4","value":"-5.8","year":"2012","month":"","quarter":"Q4","sourceDataset":"CSDB","updateDate":"2016-01-14T16:25:13.537Z"},{"date":"2013 Q1","value":"-5.3","year":"2013","month":"","quarter":"Q1","sourceDataset":"CSDB","updateDate":"2016-01-14T16:25:13.537Z"},{"date":"2013 Q2","value":"-4.5","year":"2013","month":"","quarter":"Q2","sourceDataset":"CSDB","updateDate":"2016-01-14T16:25:13.537Z"},{"date":"2013 Q3","value":"-6.4","year":"2013","month":"","quarter":"Q3","sourceDataset":"CSDB","updateDate":"2016-01-14T16:25:13.537Z"},{"date":"2013 Q4","value":"-5.3","year":"2013","month":"","quarter":"Q4","sourceDataset":"CSDB","updateDate":"2016-01-14T16:25:13.537Z"},{"date":"2014 Q1","value":"-4.3","year":"2014","month":"","quarter":"Q1","sourceDataset":"CSDB","updateDate":"2016-01-14T16:25:13.537Z"},{"date":"2014 Q2","value":"-3.7","year":"2014","month":"","quarter":"Q2","sourceDataset":"CSDB","updateDate":"2016-01-14T16:25:13.537Z"},{"date":"2014 Q3","value":"-4.4","year":"2014","month":"","quarter":"Q3","sourceDataset":"CSDB","updateDate":"2016-01-14T16:25:13.537Z"},{"date":"2014 Q4","value":"-8.5","year":"2014","month":"","quarter":"Q4","sourceDataset":"CSDB","updateDate":"2016-01-14T16:25:13.537Z"},{"date":"2015 Q1","value":"-10.5","year":"2015","month":"","quarter":"Q1","sourceDataset":"CSDB","updateDate":"2016-01-14T16:25:13.537Z"},{"date":"2015 Q2","value":"-9.1","year":"2015","month":"","quarter":"Q2","sourceDataset":"CSDB","updateDate":"2016-01-14T16:25:13.537Z"}],"months":[{"date":"2006 JAN","value":"-15.0","year":"2006","month":"January","quarter":"","sourceDataset":"CSDB","updateDate":"2016-01-14T16:25:13.537Z"},{"date":"2006 FEB","value":"-14.0","year":"2006","month":"February","quarter":"","sourceDataset":"CSDB","updateDate":"2016-01-14T16:25:13.537Z"},{"date":"2006 MAR","value":"-14.3","year":"2006","month":"March","quarter":"","sourceDataset":"CSDB","updateDate":"2016-01-14T16:25:13.537Z"},{"date":"2006 APR","value":"-14.7","year":"2006","month":"April","quarter":"","sourceDataset":"CSDB","updateDate":"2016-01-14T16:25:13.537Z"},{"date":"2006 MAY","value":"-16.4","year":"2006","month":"May","quarter":"","sourceDataset":"CSDB","updateDate":"2016-01-14T16:25:13.537Z"},{"date":"2006 JUN","value":"-16.4","year":"2006","month":"June","quarter":"","sourceDataset":"CSDB","updateDate":"2016-01-14T16:25:13.537Z"},{"date":"2006 JUL","value":"-15.1","year":"2006","month":"July","quarter":"","sourceDataset":"CSDB","updateDate":"2016-01-14T16:25:13.537Z"},{"date":"2006 AUG","value":"-13.8","year":"2006","month":"August","quarter":"","sourceDataset":"CSDB","updateDate":"2016-01-14T16:25:13.537Z"},{"date":"2006 SEP","value":"-12.3","year":"2006","month":"September","quarter":"","sourceDataset":"CSDB","updateDate":"2016-01-14T16:25:13.537Z"},{"date":"2006 OCT","value":"-9.8","year":"2006","month":"October","quarter":"","sourceDataset":"CSDB","updateDate":"2016-01-14T16:25:13.537Z"},{"date":"2006 NOV","value":"-8.8","year":"2006","month":"November","quarter":"","sourceDataset":"CSDB","updateDate":"2016-01-14T16:25:13.537Z"},{"date":"2006 DEC","value":"-8.9","year":"2006","month":"December","quarter":"","sourceDataset":"CSDB","updateDate":"2016-01-14T16:25:13.537Z"},{"date":"2007 JAN","value":"-9.0","year":"2007","month":"January","quarter":"","sourceDataset":"CSDB","updateDate":"2016-01-14T16:25:13.537Z"},{"date":"2007 FEB","value":"-10.6","year":"2007","month":"February","quarter":"","sourceDataset":"CSDB","updateDate":"2016-01-14T16:25:13.537Z"},{"date":"2007 MAR","value":"-11.3","year":"2007","month":"March","quarter":"","sourceDataset":"CSDB","updateDate":"2016-01-14T16:25:13.537Z"},{"date":"2007 APR","value":"-10.8","year":"2007","month":"April","quarter":"","sourceDataset":"CSDB","updateDate":"2016-01-14T16:25:13.537Z"},{"date":"2007 MAY","value":"-10.7","year":"2007","month":"May","quarter":"","sourceDataset":"CSDB","updateDate":"2016-01-14T16:25:13.537Z"},{"date":"2007 JUN","value":"-12.3","year":"2007","month":"June","quarter":"","sourceDataset":"CSDB","updateDate":"2016-01-14T16:25:13.537Z"},{"date":"2007 JUL","value":"-13.3","year":"2007","month":"July","quarter":"","sourceDataset":"CSDB","updateDate":"2016-01-14T16:25:13.537Z"},{"date":"2007 AUG","value":"-11.1","year":"2007","month":"August","quarter":"","sourceDataset":"CSDB","updateDate":"2016-01-14T16:25:13.537Z"},{"date":"2007 SEP","value":"-13.3","year":"2007","month":"September","quarter":"","sourceDataset":"CSDB","updateDate":"2016-01-14T16:25:13.537Z"},{"date":"2007 OCT","value":"-13.7","year":"2007","month":"October","quarter":"","sourceDataset":"CSDB","updateDate":"2016-01-14T16:25:13.537Z"},{"date":"2007 NOV","value":"-14.2","year":"2007","month":"November","quarter":"","sourceDataset":"CSDB","updateDate":"2016-01-14T16:25:13.537Z"},{"date":"2007 DEC","value":"-14.4","year":"2007","month":"December","quarter":"","sourceDataset":"CSDB","updateDate":"2016-01-14T16:25:13.537Z"},{"date":"2008 JAN","value":"-17.0","year":"2008","month":"January","quarter":"","sourceDataset":"CSDB","updateDate":"2016-01-14T16:25:13.537Z"},{"date":"2008 FEB","value":"-16.4","year":"2008","month":"February","quarter":"","sourceDataset":"CSDB","updateDate":"2016-01-14T16:25:13.537Z"},{"date":"2008 MAR","value":"-14.6","year":"2008","month":"March","quarter":"","sourceDataset":"CSDB","updateDate":"2016-01-14T16:25:13.537Z"},{"date":"2008 APR","value":"-14.3","year":"2008","month":"April","quarter":"","sourceDataset":"CSDB","updateDate":"2016-01-14T16:25:13.537Z"},{"date":"2008 MAY","value":"-13.3","year":"2008","month":"May","quarter":"","sourceDataset":"CSDB","updateDate":"2016-01-14T16:25:13.537Z"},{"date":"2008 JUN","value":"-12.7","year":"2008","month":"June","quarter":"","sourceDataset":"CSDB","updateDate":"2016-01-14T16:25:13.537Z"},{"date":"2008 JUL","value":"-12.0","year":"2008","month":"July","quarter":"","sourceDataset":"CSDB","updateDate":"2016-01-14T16:25:13.537Z"},{"date":"2008 AUG","value":"-12.8","year":"2008","month":"August","quarter":"","sourceDataset":"CSDB","updateDate":"2016-01-14T16:25:13.537Z"},{"date":"2008 SEP","value":"-12.5","year":"2008","month":"September","quarter":"","sourceDataset":"CSDB","updateDate":"2016-01-14T16:25:13.537Z"},{"date":"2008 OCT","value":"-13.1","year":"2008","month":"October","quarter":"","sourceDataset":"CSDB","updateDate":"2016-01-14T16:25:13.537Z"},{"date":"2008 NOV","value":"-14.1","year":"2008","month":"November","quarter":"","sourceDataset":"CSDB","updateDate":"2016-01-14T16:25:13.537Z"},{"date":"2008 DEC","value":"-15.0","year":"2008","month":"December","quarter":"","sourceDataset":"CSDB","updateDate":"2016-01-14T16:25:13.537Z"},{"date":"2009 JAN","value":"-11.8","year":"2009","month":"January","quarter":"","sourceDataset":"CSDB","updateDate":"2016-01-14T16:25:13.537Z"},{"date":"2009 FEB","value":"-11.0","year":"2009","month":"February","quarter":"","sourceDataset":"CSDB","updateDate":"2016-01-14T16:25:13.537Z"},{"date":"2009 MAR","value":"-9.7","year":"2009","month":"March","quarter":"","sourceDataset":"CSDB","updateDate":"2016-01-14T16:25:13.537Z"},{"date":"2009 APR","value":"-8.8","year":"2009","month":"April","quarter":"","sourceDataset":"CSDB","updateDate":"2016-01-14T16:25:13.537Z"},{"date":"2009 MAY","value":"-5.6","year":"2009","month":"May","quarter":"","sourceDataset":"CSDB","updateDate":"2016-01-14T16:25:13.537Z"},{"date":"2009 JUN","value":"-3.5","year":"2009","month":"June","quarter":"","sourceDataset":"CSDB","updateDate":"2016-01-14T16:25:13.537Z"},{"date":"2009 JUL","value":"-5.5","year":"2009","month":"July","quarter":"","sourceDataset":"CSDB","updateDate":"2016-01-14T16:25:13.537Z"},{"date":"2009 AUG","value":"-5.8","year":"2009","month":"August","quarter":"","sourceDataset":"CSDB","updateDate":"2016-01-14T16:25:13.537Z"},{"date":"2009 SEP","value":"-5.4","year":"2009","month":"September","quarter":"","sourceDataset":"CSDB","updateDate":"2016-01-14T16:25:13.537Z"},{"date":"2009 OCT","value":"-5.5","year":"2009","month":"October","quarter":"","sourceDataset":"CSDB","updateDate":"2016-01-14T16:25:13.537Z"},{"date":"2009 NOV","value":"-4.1","year":"2009","month":"November","quarter":"","sourceDataset":"CSDB","updateDate":"2016-01-14T16:25:13.537Z"},{"date":"2009 DEC","value":"-4.4","year":"2009","month":"December","quarter":"","sourceDataset":"CSDB","updateDate":"2016-01-14T16:25:13.537Z"},{"date":"2010 JAN","value":"-4.1","year":"2010","month":"January","quarter":"","sourceDataset":"CSDB","updateDate":"2016-01-14T16:25:13.537Z"},{"date":"2010 FEB","value":"-5.5","year":"2010","month":"February","quarter":"","sourceDataset":"CSDB","updateDate":"2016-01-14T16:25:13.537Z"},{"date":"2010 MAR","value":"-7.7","year":"2010","month":"March","quarter":"","sourceDataset":"CSDB","updateDate":"2016-01-14T16:25:13.537Z"},{"date":"2010 APR","value":"-6.4","year":"2010","month":"April","quarter":"","sourceDataset":"CSDB","updateDate":"2016-01-14T16:25:13.537Z"},{"date":"2010 MAY","value":"-9.5","year":"2010","month":"May","quarter":"","sourceDataset":"CSDB","updateDate":"2016-01-14T16:25:13.537Z"},{"date":"2010 JUN","value":"-8.8","year":"2010","month":"June","quarter":"","sourceDataset":"CSDB","updateDate":"2016-01-14T16:25:13.537Z"},{"date":"2010 JUL","value":"-7.9","year":"2010","month":"July","quarter":"","sourceDataset":"CSDB","updateDate":"2016-01-14T16:25:13.537Z"},{"date":"2010 AUG","value":"-7.8","year":"2010","month":"August","quarter":"","sourceDataset":"CSDB","updateDate":"2016-01-14T16:25:13.537Z"},{"date":"2010 SEP","value":"-7.6","year":"2010","month":"September","quarter":"","sourceDataset":"CSDB","updateDate":"2016-01-14T16:25:13.537Z"},{"date":"2010 OCT","value":"-7.2","year":"2010","month":"October","quarter":"","sourceDataset":"CSDB","updateDate":"2016-01-14T16:25:13.537Z"},{"date":"2010 NOV","value":"-9.0","year":"2010","month":"November","quarter":"","sourceDataset":"CSDB","updateDate":"2016-01-14T16:25:13.537Z"},{"date":"2010 DEC","value":"-8.1","year":"2010","month":"December","quarter":"","sourceDataset":"CSDB","updateDate":"2016-01-14T16:25:13.537Z"},{"date":"2011 JAN","value":"-8.4","year":"2011","month":"January","quarter":"","sourceDataset":"CSDB","updateDate":"2016-01-14T16:25:13.537Z"},{"date":"2011 FEB","value":"-8.0","year":"2011","month":"February","quarter":"","sourceDataset":"CSDB","updateDate":"2016-01-14T16:25:13.537Z"},{"date":"2011 MAR","value":"-7.4","year":"2011","month":"March","quarter":"","sourceDataset":"CSDB","updateDate":"2016-01-14T16:25:13.537Z"},{"date":"2011 APR","value":"-9.5","year":"2011","month":"April","quarter":"","sourceDataset":"CSDB","updateDate":"2016-01-14T16:25:13.537Z"},{"date":"2011 MAY","value":"-8.8","year":"2011","month":"May","quarter":"","sourceDataset":"CSDB","updateDate":"2016-01-14T16:25:13.537Z"},{"date":"2011 JUN","value":"-11.3","year":"2011","month":"June","quarter":"","sourceDataset":"CSDB","updateDate":"2016-01-14T16:25:13.537Z"},{"date":"2011 JUL","value":"-8.9","year":"2011","month":"July","quarter":"","sourceDataset":"CSDB","updateDate":"2016-01-14T16:25:13.537Z"},{"date":"2011 AUG","value":"-10.4","year":"2011","month":"August","quarter":"","sourceDataset":"CSDB","updateDate":"2016-01-14T16:25:13.537Z"},{"date":"2011 SEP","value":"-10.0","year":"2011","month":"September","quarter":"","sourceDataset":"CSDB","updateDate":"2016-01-14T16:25:13.537Z"},{"date":"2011 OCT","value":"-7.4","year":"2011","month":"October","quarter":"","sourceDataset":"CSDB","updateDate":"2016-01-14T16:25:13.537Z"},{"date":"2011 NOV","value":"-8.4","year":"2011","month":"November","quarter":"","sourceDataset":"CSDB","updateDate":"2016-01-14T16:25:13.537Z"},{"date":"2011 DEC","value":"-8.3","year":"2011","month":"December","quarter":"","sourceDataset":"CSDB","updateDate":"2016-01-14T16:25:13.537Z"},{"date":"2012 JAN","value":"-7.7","year":"2012","month":"January","quarter":"","sourceDataset":"CSDB","updateDate":"2016-01-14T16:25:13.537Z"},{"date":"2012 FEB","value":"-7.9","year":"2012","month":"February","quarter":"","sourceDataset":"CSDB","updateDate":"2016-01-14T16:25:13.537Z"},{"date":"2012 MAR","value":"-8.0","year":"2012","month":"March","quarter":"","sourceDataset":"CSDB","updateDate":"2016-01-14T16:25:13.537Z"},{"date":"2012 APR","value":"-7.0","year":"2012","month":"April","quarter":"","sourceDataset":"CSDB","updateDate":"2016-01-14T16:25:13.537Z"},{"date":"2012 MAY","value":"-8.5","year":"2012","month":"May","quarter":"","sourceDataset":"CSDB","updateDate":"2016-01-14T16:25:13.537Z"},{"date":"2012 JUN","value":"-6.9","year":"2012","month":"June","quarter":"","sourceDataset":"CSDB","updateDate":"2016-01-14T16:25:13.537Z"},{"date":"2012 JUL","value":"-7.4","year":"2012","month":"July","quarter":"","sourceDataset":"CSDB","updateDate":"2016-01-14T16:25:13.537Z"},{"date":"2012 AUG","value":"-6.5","year":"2012","month":"August","quarter":"","sourceDataset":"CSDB","updateDate":"2016-01-14T16:25:13.537Z"},{"date":"2012 SEP","value":"-5.4","year":"2012","month":"September","quarter":"","sourceDataset":"CSDB","updateDate":"2016-01-14T16:25:13.537Z"},{"date":"2012 OCT","value":"-7.6","year":"2012","month":"October","quarter":"","sourceDataset":"CSDB","updateDate":"2016-01-14T16:25:13.537Z"},{"date":"2012 NOV","value":"-4.2","year":"2012","month":"November","quarter":"","sourceDataset":"CSDB","updateDate":"2016-01-14T16:25:13.537Z"},{"date":"2012 DEC","value":"-5.5","year":"2012","month":"December","quarter":"","sourceDataset":"CSDB","updateDate":"2016-01-14T16:25:13.537Z"},{"date":"2013 JAN","value":"-6.1","year":"2013","month":"January","quarter":"","sourceDataset":"CSDB","updateDate":"2016-01-14T16:25:13.537Z"},{"date":"2013 FEB","value":"-5.2","year":"2013","month":"February","quarter":"","sourceDataset":"CSDB","updateDate":"2016-01-14T16:25:13.537Z"},{"date":"2013 MAR","value":"-4.5","year":"2013","month":"March","quarter":"","sourceDataset":"CSDB","updateDate":"2016-01-14T16:25:13.537Z"},{"date":"2013 APR","value":"-4.8","year":"2013","month":"April","quarter":"","sourceDataset":"CSDB","updateDate":"2016-01-14T16:25:13.537Z"},{"date":"2013 MAY","value":"-4.3","year":"2013","month":"May","quarter":"","sourceDataset":"CSDB","updateDate":"2016-01-14T16:25:13.537Z"},{"date":"2013 JUN","value":"-4.3","year":"2013","month":"June","quarter":"","sourceDataset":"CSDB","updateDate":"2016-01-14T16:25:13.537Z"},{"date":"2013 JUL","value":"-5.4","year":"2013","month":"July","quarter":"","sourceDataset":"CSDB","updateDate":"2016-01-14T16:25:13.537Z"},{"date":"2013 AUG","value":"-6.3","year":"2013","month":"August","quarter":"","sourceDataset":"CSDB","updateDate":"2016-01-14T16:25:13.537Z"},{"date":"2013 SEP","value":"-7.5","year":"2013","month":"September","quarter":"","sourceDataset":"CSDB","updateDate":"2016-01-14T16:25:13.537Z"},{"date":"2013 OCT","value":"-5.4","year":"2013","month":"October","quarter":"","sourceDataset":"CSDB","updateDate":"2016-01-14T16:25:13.537Z"},{"date":"2013 NOV","value":"-6.2","year":"2013","month":"November","quarter":"","sourceDataset":"CSDB","updateDate":"2016-01-14T16:25:13.537Z"},{"date":"2013 DEC","value":"-4.2","year":"2013","month":"December","quarter":"","sourceDataset":"CSDB","updateDate":"2016-01-14T16:25:13.537Z"},{"date":"2014 JAN","value":"-5.0","year":"2014","month":"January","quarter":"","sourceDataset":"CSDB","updateDate":"2016-01-14T16:25:13.537Z"},{"date":"2014 FEB","value":"-3.9","year":"2014","month":"February","quarter":"","sourceDataset":"CSDB","updateDate":"2016-01-14T16:25:13.537Z"},{"date":"2014 MAR","value":"-4.0","year":"2014","month":"March","quarter":"","sourceDataset":"CSDB","updateDate":"2016-01-14T16:25:13.537Z"},{"date":"2014 APR","value":"-4.0","year":"2014","month":"April","quarter":"","sourceDataset":"CSDB","updateDate":"2016-01-14T16:25:13.537Z"},{"date":"2014 MAY","value":"-3.0","year":"2014","month":"May","quarter":"","sourceDataset":"CSDB","updateDate":"2016-01-14T16:25:13.537Z"},{"date":"2014 JUN","value":"-3.9","year":"2014","month":"June","quarter":"","sourceDataset":"CSDB","updateDate":"2016-01-14T16:25:13.537Z"},{"date":"2014 JUL","value":"-3.8","year":"2014","month":"July","quarter":"","sourceDataset":"CSDB","updateDate":"2016-01-14T16:25:13.537Z"},{"date":"2014 AUG","value":"-4.4","year":"2014","month":"August","quarter":"","sourceDataset":"CSDB","updateDate":"2016-01-14T16:25:13.537Z"},{"date":"2014 SEP","value":"-4.9","year":"2014","month":"September","quarter":"","sourceDataset":"CSDB","updateDate":"2016-01-14T16:25:13.537Z"},{"date":"2014 OCT","value":"-6.5","year":"2014","month":"October","quarter":"","sourceDataset":"CSDB","updateDate":"2016-01-14T16:25:13.537Z"},{"date":"2014 NOV","value":"-8.4","year":"2014","month":"November","quarter":"","sourceDataset":"CSDB","updateDate":"2016-01-14T16:25:13.537Z"},{"date":"2014 DEC","value":"-10.5","year":"2014","month":"December","quarter":"","sourceDataset":"CSDB","updateDate":"2016-01-14T16:25:13.537Z"},{"date":"2015 JAN","value":"-9.7","year":"2015","month":"January","quarter":"","sourceDataset":"CSDB","updateDate":"2016-01-14T16:25:13.537Z"},{"date":"2015 FEB","value":"-10.7","year":"2015","month":"February","quarter":"","sourceDataset":"CSDB","updateDate":"2016-01-14T16:25:13.537Z"},{"date":"2015 MAR","value":"-11.1","year":"2015","month":"March","quarter":"","sourceDataset":"CSDB","updateDate":"2016-01-14T16:25:13.537Z"},{"date":"2015 APR","value":"-11.0","year":"2015","month":"April","quarter":"","sourceDataset":"CSDB","updateDate":"2016-01-14T16:25:13.537Z"},{"date":"2015 MAY","value":"-9.1","year":"2015","month":"May","quarter":"","sourceDataset":"CSDB","updateDate":"2016-01-14T16:25:13.537Z"},{"date":"2015 JUN","value":"-7.2","year":"2015","month":"June","quarter":"","sourceDataset":"CSDB","updateDate":"2016-01-14T16:25:13.537Z"},{"date":"2015 JUL","value":"-9.9","year":"2015","month":"July","quarter":"","sourceDataset":"CSDB","updateDate":"2016-01-14T16:25:13.537Z"},{"date":"2015 AUG","value":"-6.9","year":"2015","month":"August","quarter":"","sourceDataset":"CSDB","updateDate":"2016-01-22T20:07:44.450Z"}],"sourceDatasets":["CSDB"],"relatedDatasets":[{"uri":"/businessindustryandtrade/changestobusiness/bankruptcyinsolvency/datasets/carlsxmasrelease/2015"},{"uri":"/businessindustryandtrade/changestobusiness/bankruptcyinsolvency/datasets/wahasaqewqeqwe/2015"},{"uri":"/businessindustryandtrade/changestobusiness/bankruptcyinsolvency/datasets/releaseisreleaseygyug/2015"},{"uri":"/businessindustryandtrade/changestobusiness/bankruptcyinsolvency/datasets/releaseisreleaseadffd/2015"},{"uri":"/businessindustryandtrade/changestobusiness/bankruptcyinsolvency/datasets/pageunencrypted/2015"}],"relatedDocuments":[],"versions":[{"uri":"/businessindustryandtrade/changestobusiness/bankruptcyinsolvency/timeseries/l588/previous/v1","updateDate":"2016-01-26T00:00:00.000Z","correctionNotice":"","label":"v1"}],"type":"timeseries","description":{"title":"CPIH ANNUAL RATE 09.1.1 : EQUIPMENT FOR SOUND \u0026 PICTURES 2005\u003d100       ","contact":{"email":"","name":"","telephone":""},"releaseDate":"2016-01-28T00:00:00.000Z","nextRelease":"","cdid":"L588","unit":"","preUnit":"","source":"","seasonalAdjustment":"NSA","date":"2015 AUG","number":"-6.9"}}