{"years":[{"date":"1987","value":"2209","year":"1987","month":"","quarter":"","sourceDataset":"CSDB10","updateDate":"2016-01-28T09:29:39.053Z"},{"date":"1988","value":"2148","year":"1988","month":"","quarter":"","sourceDataset":"CSDB10","updateDate":"2016-01-28T09:29:39.053Z"},{"date":"1989","value":"3382","year":"1989","month":"","quarter":"","sourceDataset":"CSDB10","updateDate":"2016-01-28T09:29:39.053Z"},{"date":"1990","value":"3972","year":"1990","month":"","quarter":"","sourceDataset":"CSDB10","updateDate":"2016-01-28T09:29:39.053Z"},{"date":"1991","value":"2346","year":"1991","month":"","quarter":"","sourceDataset":"CSDB10","updateDate":"2016-01-28T09:29:39.053Z"},{"date":"1992","value":"1178","year":"1992","month":"","quarter":"","sourceDataset":"CSDB10","updateDate":"2016-01-28T09:29:39.053Z"},{"date":"1993","value":"740","year":"1993","month":"","quarter":"","sourceDataset":"CSDB10","updateDate":"2016-01-28T09:29:39.053Z"},{"date":"1994","value":"541","year":"1994","month":"","quarter":"","sourceDataset":"CSDB10","updateDate":"2016-01-28T09:29:39.053Z"},{"date":"1995","value":"1396","year":"1995","month":"","quarter":"","sourceDataset":"CSDB10","updateDate":"2016-01-28T09:29:39.053Z"},{"date":"1996","value":"941","year":"1996","month":"","quarter":"","sourceDataset":"CSDB10","updateDate":"2016-01-28T09:29:39.053Z"},{"date":"1997","value":"600","year":"1997","month":"","quarter":"","sourceDataset":"CSDB10","updateDate":"2016-01-28T09:29:39.053Z"},{"date":"1998","value":"90","year":"1998","month":"","quarter":"","sourceDataset":"CSDB10","updateDate":"2016-01-28T09:29:39.053Z"},{"date":"1999","value":"128","year":"1999","month":"","quarter":"","sourceDataset":"CSDB10","updateDate":"2016-01-28T09:29:39.053Z"},{"date":"2000","value":"26","year":"2000","month":"","quarter":"","sourceDataset":"CSDB10","updateDate":"2016-01-28T09:29:39.053Z"},{"date":"2001","value":"87","year":"2001","month":"","quarter":"","sourceDataset":"CSDB10","updateDate":"2016-01-28T09:29:39.053Z"},{"date":"2002","value":"159","year":"2002","month":"","quarter":"","sourceDataset":"CSDB10","updateDate":"2016-01-28T09:29:39.053Z"},{"date":"2003","value":"1928","year":"2003","month":"","quarter":"","sourceDataset":"CSDB10","updateDate":"2016-01-28T09:29:39.053Z"},{"date":"2004","value":"3776","year":"2004","month":"","quarter":"","sourceDataset":"CSDB10","updateDate":"2016-01-28T09:29:39.053Z"},{"date":"2005","value":"2756","year":"2005","month":"","quarter":"","sourceDataset":"CSDB10","updateDate":"2016-01-28T09:29:39.053Z"},{"date":"2006","value":"3515","year":"2006","month":"","quarter":"","sourceDataset":"CSDB10","updateDate":"2016-01-28T09:29:39.053Z"},{"date":"2007","value":"7194","year":"2007","month":"","quarter":"","sourceDataset":"CSDB10","updateDate":"2016-01-28T09:29:39.053Z"},{"date":"2008","value":"21001","year":"2008","month":"","quarter":"","sourceDataset":"CSDB10","updateDate":"2016-01-28T09:29:39.053Z"},{"date":"2009","value":"19413","year":"2009","month":"","quarter":"","sourceDataset":"CSDB10","updateDate":"2016-01-28T09:29:39.053Z"},{"date":"2010","value":"27906","year":"2010","month":"","quarter":"","sourceDataset":"CSDB10","updateDate":"2016-01-28T09:29:39.053Z"},{"date":"2011","value":"31791","year":"2011","month":"","quarter":"","sourceDataset":"CSDB10","updateDate":"2016-01-28T09:29:39.053Z"},{"date":"2012","value":"22475","year":"2012","month":"","quarter":"","sourceDataset":"CSDB10","updateDate":"2016-01-28T09:29:39.053Z"},{"date":"2013","value":"14942","year":"2013","month":"","quarter":"","sourceDataset":"CSDB10","updateDate":"2016-01-28T09:29:39.053Z"},{"date":"2014","value":"27138","year":"2014","month":"","quarter":"","sourceDataset":"CSDB10","updateDate":"2016-01-28T09:29:39.053Z"}],"quarters":[{"date":"1987 Q1","value":"926","year":"1987","month":"","quarter":"Q1","sourceDataset":"CSDB10","updateDate":"2016-01-28T09:29:39.053Z"},{"date":"1987 Q2","value":"1347","year":"1987","month":"","quarter":"Q2","sourceDataset":"CSDB10","updateDate":"2016-01-28T09:29:39.053Z"},{"date":"1987 Q3","value":"1450","year":"1987","month":"","quarter":"Q3","sourceDataset":"CSDB10","updateDate":"2016-01-28T09:29:39.053Z"},{"date":"1987 Q4","value":"2209","year":"1987","month":"","quarter":"Q4","sourceDataset":"CSDB10","updateDate":"2016-01-28T09:29:39.053Z"},{"date":"1988 Q1","value":"1817","year":"1988","month":"","quarter":"Q1","sourceDataset":"CSDB10","updateDate":"2016-01-28T09:29:39.053Z"},{"date":"1988 Q2","value":"1915","year":"1988","month":"","quarter":"Q2","sourceDataset":"CSDB10","updateDate":"2016-01-28T09:29:39.053Z"},{"date":"1988 Q3","value":"1690","year":"1988","month":"","quarter":"Q3","sourceDataset":"CSDB10","updateDate":"2016-01-28T09:29:39.053Z"},{"date":"1988 Q4","value":"2148","year":"1988","month":"","quarter":"Q4","sourceDataset":"CSDB10","updateDate":"2016-01-28T09:29:39.053Z"},{"date":"1989 Q1","value":"1958","year":"1989","month":"","quarter":"Q1","sourceDataset":"CSDB10","updateDate":"2016-01-28T09:29:39.053Z"},{"date":"1989 Q2","value":"2472","year":"1989","month":"","quarter":"Q2","sourceDataset":"CSDB10","updateDate":"2016-01-28T09:29:39.053Z"},{"date":"1989 Q3","value":"2970","year":"1989","month":"","quarter":"Q3","sourceDataset":"CSDB10","updateDate":"2016-01-28T09:29:39.053Z"},{"date":"1989 Q4","value":"3382","year":"1989","month":"","quarter":"Q4","sourceDataset":"CSDB10","updateDate":"2016-01-28T09:29:39.053Z"},{"date":"1990 Q1","value":"3038","year":"1990","month":"","quarter":"Q1","sourceDataset":"CSDB10","updateDate":"2016-01-28T09:29:39.053Z"},{"date":"1990 Q2","value":"4300","year":"1990","month":"","quarter":"Q2","sourceDataset":"CSDB10","updateDate":"2016-01-28T09:29:39.053Z"},{"date":"1990 Q3","value":"5601","year":"1990","month":"","quarter":"Q3","sourceDataset":"CSDB10","updateDate":"2016-01-28T09:29:39.053Z"},{"date":"1990 Q4","value":"3972","year":"1990","month":"","quarter":"Q4","sourceDataset":"CSDB10","updateDate":"2016-01-28T09:29:39.053Z"},{"date":"1991 Q1","value":"3289","year":"1991","month":"","quarter":"Q1","sourceDataset":"CSDB10","updateDate":"2016-01-28T09:29:39.053Z"},{"date":"1991 Q2","value":"3245","year":"1991","month":"","quarter":"Q2","sourceDataset":"CSDB10","updateDate":"2016-01-28T09:29:39.053Z"},{"date":"1991 Q3","value":"2788","year":"1991","month":"","quarter":"Q3","sourceDataset":"CSDB10","updateDate":"2016-01-28T09:29:39.053Z"},{"date":"1991 Q4","value":"2346","year":"1991","month":"","quarter":"Q4","sourceDataset":"CSDB10","updateDate":"2016-01-28T09:29:39.053Z"},{"date":"1992 Q1","value":"1772","year":"1992","month":"","quarter":"Q1","sourceDataset":"CSDB10","updateDate":"2016-01-28T09:29:39.053Z"},{"date":"1992 Q2","value":"1763","year":"1992","month":"","quarter":"Q2","sourceDataset":"CSDB10","updateDate":"2016-01-28T09:29:39.053Z"},{"date":"1992 Q3","value":"2327","year":"1992","month":"","quarter":"Q3","sourceDataset":"CSDB10","updateDate":"2016-01-28T09:29:39.053Z"},{"date":"1992 Q4","value":"1178","year":"1992","month":"","quarter":"Q4","sourceDataset":"CSDB10","updateDate":"2016-01-28T09:29:39.053Z"},{"date":"1993 Q1","value":"829","year":"1993","month":"","quarter":"Q1","sourceDataset":"CSDB10","updateDate":"2016-01-28T09:29:39.053Z"},{"date":"1993 Q2","value":"581","year":"1993","month":"","quarter":"Q2","sourceDataset":"CSDB10","updateDate":"2016-01-28T09:29:39.053Z"},{"date":"1993 Q3","value":"419","year":"1993","month":"","quarter":"Q3","sourceDataset":"CSDB10","updateDate":"2016-01-28T09:29:39.053Z"},{"date":"1993 Q4","value":"740","year":"1993","month":"","quarter":"Q4","sourceDataset":"CSDB10","updateDate":"2016-01-28T09:29:39.053Z"},{"date":"1994 Q1","value":"214","year":"1994","month":"","quarter":"Q1","sourceDataset":"CSDB10","updateDate":"2016-01-28T09:29:39.053Z"},{"date":"1994 Q2","value":"600","year":"1994","month":"","quarter":"Q2","sourceDataset":"CSDB10","updateDate":"2016-01-28T09:29:39.053Z"},{"date":"1994 Q3","value":"470","year":"1994","month":"","quarter":"Q3","sourceDataset":"CSDB10","updateDate":"2016-01-28T09:29:39.053Z"},{"date":"1994 Q4","value":"541","year":"1994","month":"","quarter":"Q4","sourceDataset":"CSDB10","updateDate":"2016-01-28T09:29:39.053Z"},{"date":"1995 Q1","value":"466","year":"1995","month":"","quarter":"Q1","sourceDataset":"CSDB10","updateDate":"2016-01-28T09:29:39.053Z"},{"date":"1995 Q2","value":"869","year":"1995","month":"","quarter":"Q2","sourceDataset":"CSDB10","updateDate":"2016-01-28T09:29:39.053Z"},{"date":"1995 Q3","value":"1097","year":"1995","month":"","quarter":"Q3","sourceDataset":"CSDB10","updateDate":"2016-01-28T09:29:39.053Z"},{"date":"1995 Q4","value":"1396","year":"1995","month":"","quarter":"Q4","sourceDataset":"CSDB10","updateDate":"2016-01-28T09:29:39.053Z"},{"date":"1996 Q1","value":"905","year":"1996","month":"","quarter":"Q1","sourceDataset":"CSDB10","updateDate":"2016-01-28T09:29:39.053Z"},{"date":"1996 Q2","value":"948","year":"1996","month":"","quarter":"Q2","sourceDataset":"CSDB10","updateDate":"2016-01-28T09:29:39.053Z"},{"date":"1996 Q3","value":"1311","year":"1996","month":"","quarter":"Q3","sourceDataset":"CSDB10","updateDate":"2016-01-28T09:29:39.053Z"},{"date":"1996 Q4","value":"941","year":"1996","month":"","quarter":"Q4","sourceDataset":"CSDB10","updateDate":"2016-01-28T09:29:39.053Z"},{"date":"1997 Q1","value":"237","year":"1997","month":"","quarter":"Q1","sourceDataset":"CSDB10","updateDate":"2016-01-28T09:29:39.053Z"},{"date":"1997 Q2","value":"344","year":"1997","month":"","quarter":"Q2","sourceDataset":"CSDB10","updateDate":"2016-01-28T09:29:39.053Z"},{"date":"1997 Q3","value":"354","year":"1997","month":"","quarter":"Q3","sourceDataset":"CSDB10","updateDate":"2016-01-28T09:29:39.053Z"},{"date":"1997 Q4","value":"600","year":"1997","month":"","quarter":"Q4","sourceDataset":"CSDB10","updateDate":"2016-01-28T09:29:39.053Z"},{"date":"1998 Q1","value":"816","year":"1998","month":"","quarter":"Q1","sourceDataset":"CSDB10","updateDate":"2016-01-28T09:29:39.053Z"},{"date":"1998 Q2","value":"886","year":"1998","month":"","quarter":"Q2","sourceDataset":"CSDB10","updateDate":"2016-01-28T09:29:39.053Z"},{"date":"1998 Q3","value":"714","year":"1998","month":"","quarter":"Q3","sourceDataset":"CSDB10","updateDate":"2016-01-28T09:29:39.053Z"},{"date":"1998 Q4","value":"90","year":"1998","month":"","quarter":"Q4","sourceDataset":"CSDB10","updateDate":"2016-01-28T09:29:39.053Z"},{"date":"1999 Q1","value":"1298","year":"1999","month":"","quarter":"Q1","sourceDataset":"CSDB10","updateDate":"2016-01-28T09:29:39.053Z"},{"date":"1999 Q2","value":"1278","year":"1999","month":"","quarter":"Q2","sourceDataset":"CSDB10","updateDate":"2016-01-28T09:29:39.053Z"},{"date":"1999 Q3","value":"331","year":"1999","month":"","quarter":"Q3","sourceDataset":"CSDB10","updateDate":"2016-01-28T09:29:39.053Z"},{"date":"1999 Q4","value":"128","year":"1999","month":"","quarter":"Q4","sourceDataset":"CSDB10","updateDate":"2016-01-28T09:29:39.053Z"},{"date":"2000 Q1","value":"37","year":"2000","month":"","quarter":"Q1","sourceDataset":"CSDB10","updateDate":"2016-01-28T09:29:39.053Z"},{"date":"2000 Q2","value":"21","year":"2000","month":"","quarter":"Q2","sourceDataset":"CSDB10","updateDate":"2016-01-28T09:29:39.053Z"},{"date":"2000 Q3","value":"61","year":"2000","month":"","quarter":"Q3","sourceDataset":"CSDB10","updateDate":"2016-01-28T09:29:39.053Z"},{"date":"2000 Q4","value":"26","year":"2000","month":"","quarter":"Q4","sourceDataset":"CSDB10","updateDate":"2016-01-28T09:29:39.053Z"},{"date":"2001 Q1","value":"382","year":"2001","month":"","quarter":"Q1","sourceDataset":"CSDB10","updateDate":"2016-01-28T09:29:39.053Z"},{"date":"2001 Q2","value":"573","year":"2001","month":"","quarter":"Q2","sourceDataset":"CSDB10","updateDate":"2016-01-28T09:29:39.053Z"},{"date":"2001 Q3","value":"30","year":"2001","month":"","quarter":"Q3","sourceDataset":"CSDB10","updateDate":"2016-01-28T09:29:39.053Z"},{"date":"2001 Q4","value":"87","year":"2001","month":"","quarter":"Q4","sourceDataset":"CSDB10","updateDate":"2016-01-28T09:29:39.053Z"},{"date":"2002 Q1","value":"40","year":"2002","month":"","quarter":"Q1","sourceDataset":"CSDB10","updateDate":"2016-01-28T09:29:39.053Z"},{"date":"2002 Q2","value":"1028","year":"2002","month":"","quarter":"Q2","sourceDataset":"CSDB10","updateDate":"2016-01-28T09:29:39.053Z"},{"date":"2002 Q3","value":"957","year":"2002","month":"","quarter":"Q3","sourceDataset":"CSDB10","updateDate":"2016-01-28T09:29:39.053Z"},{"date":"2002 Q4","value":"159","year":"2002","month":"","quarter":"Q4","sourceDataset":"CSDB10","updateDate":"2016-01-28T09:29:39.053Z"},{"date":"2003 Q1","value":"399","year":"2003","month":"","quarter":"Q1","sourceDataset":"CSDB10","updateDate":"2016-01-28T09:29:39.053Z"},{"date":"2003 Q2","value":"299","year":"2003","month":"","quarter":"Q2","sourceDataset":"CSDB10","updateDate":"2016-01-28T09:29:39.053Z"},{"date":"2003 Q3","value":"894","year":"2003","month":"","quarter":"Q3","sourceDataset":"CSDB10","updateDate":"2016-01-28T09:29:39.053Z"},{"date":"2003 Q4","value":"1928","year":"2003","month":"","quarter":"Q4","sourceDataset":"CSDB10","updateDate":"2016-01-28T09:29:39.053Z"},{"date":"2004 Q1","value":"2291","year":"2004","month":"","quarter":"Q1","sourceDataset":"CSDB10","updateDate":"2016-01-28T09:29:39.053Z"},{"date":"2004 Q2","value":"1974","year":"2004","month":"","quarter":"Q2","sourceDataset":"CSDB10","updateDate":"2016-01-28T09:29:39.053Z"},{"date":"2004 Q3","value":"3314","year":"2004","month":"","quarter":"Q3","sourceDataset":"CSDB10","updateDate":"2016-01-28T09:29:39.053Z"},{"date":"2004 Q4","value":"3776","year":"2004","month":"","quarter":"Q4","sourceDataset":"CSDB10","updateDate":"2016-01-28T09:29:39.053Z"},{"date":"2005 Q1","value":"2737","year":"2005","month":"","quarter":"Q1","sourceDataset":"CSDB10","updateDate":"2016-01-28T09:29:39.053Z"},{"date":"2005 Q2","value":"4148","year":"2005","month":"","quarter":"Q2","sourceDataset":"CSDB10","updateDate":"2016-01-28T09:29:39.053Z"},{"date":"2005 Q3","value":"2447","year":"2005","month":"","quarter":"Q3","sourceDataset":"CSDB10","updateDate":"2016-01-28T09:29:39.053Z"},{"date":"2005 Q4","value":"2756","year":"2005","month":"","quarter":"Q4","sourceDataset":"CSDB10","updateDate":"2016-01-28T09:29:39.053Z"},{"date":"2006 Q1","value":"3071","year":"2006","month":"","quarter":"Q1","sourceDataset":"CSDB10","updateDate":"2016-01-28T09:29:39.053Z"},{"date":"2006 Q2","value":"3293","year":"2006","month":"","quarter":"Q2","sourceDataset":"CSDB10","updateDate":"2016-01-28T09:29:39.053Z"},{"date":"2006 Q3","value":"3211","year":"2006","month":"","quarter":"Q3","sourceDataset":"CSDB10","updateDate":"2016-01-28T09:29:39.053Z"},{"date":"2006 Q4","value":"3515","year":"2006","month":"","quarter":"Q4","sourceDataset":"CSDB10","updateDate":"2016-01-28T09:29:39.053Z"},{"date":"2007 Q1","value":"4156","year":"2007","month":"","quarter":"Q1","sourceDataset":"CSDB10","updateDate":"2016-01-28T09:29:39.053Z"},{"date":"2007 Q2","value":"4927","year":"2007","month":"","quarter":"Q2","sourceDataset":"CSDB10","updateDate":"2016-01-28T09:29:39.053Z"},{"date":"2007 Q3","value":"5817","year":"2007","month":"","quarter":"Q3","sourceDataset":"CSDB10","updateDate":"2016-01-28T09:29:39.053Z"},{"date":"2007 Q4","value":"7194","year":"2007","month":"","quarter":"Q4","sourceDataset":"CSDB10","updateDate":"2016-01-28T09:29:39.053Z"},{"date":"2008 Q1","value":"7943","year":"2008","month":"","quarter":"Q1","sourceDataset":"CSDB10","updateDate":"2016-01-28T09:29:39.053Z"},{"date":"2008 Q2","value":"10726","year":"2008","month":"","quarter":"Q2","sourceDataset":"CSDB10","updateDate":"2016-01-28T09:29:39.053Z"},{"date":"2008 Q3","value":"16553","year":"2008","month":"","quarter":"Q3","sourceDataset":"CSDB10","updateDate":"2016-01-28T09:29:39.053Z"},{"date":"2008 Q4","value":"21001","year":"2008","month":"","quarter":"Q4","sourceDataset":"CSDB10","updateDate":"2016-01-28T09:29:39.053Z"},{"date":"2009 Q1","value":"25118","year":"2009","month":"","quarter":"Q1","sourceDataset":"CSDB10","updateDate":"2016-01-28T09:29:39.053Z"},{"date":"2009 Q2","value":"30333","year":"2009","month":"","quarter":"Q2","sourceDataset":"CSDB10","updateDate":"2016-01-28T09:29:39.053Z"},{"date":"2009 Q3","value":"21363","year":"2009","month":"","quarter":"Q3","sourceDataset":"CSDB10","updateDate":"2016-01-28T09:29:39.053Z"},{"date":"2009 Q4","value":"19413","year":"2009","month":"","quarter":"Q4","sourceDataset":"CSDB10","updateDate":"2016-01-28T09:29:39.053Z"},{"date":"2010 Q1","value":"29129","year":"2010","month":"","quarter":"Q1","sourceDataset":"CSDB10","updateDate":"2016-01-28T09:29:39.053Z"},{"date":"2010 Q2","value":"30537","year":"2010","month":"","quarter":"Q2","sourceDataset":"CSDB10","updateDate":"2016-01-28T09:29:39.053Z"},{"date":"2010 Q3","value":"32717","year":"2010","month":"","quarter":"Q3","sourceDataset":"CSDB10","updateDate":"2016-01-28T09:29:39.053Z"},{"date":"2010 Q4","value":"27906","year":"2010","month":"","quarter":"Q4","sourceDataset":"CSDB10","updateDate":"2016-01-28T09:29:39.053Z"},{"date":"2011 Q1","value":"27969","year":"2011","month":"","quarter":"Q1","sourceDataset":"CSDB10","updateDate":"2016-01-28T09:29:39.053Z"},{"date":"2011 Q2","value":"26376","year":"2011","month":"","quarter":"Q2","sourceDataset":"CSDB10","updateDate":"2016-01-28T09:29:39.053Z"},{"date":"2011 Q3","value":"30357","year":"2011","month":"","quarter":"Q3","sourceDataset":"CSDB10","updateDate":"2016-01-28T09:29:39.053Z"},{"date":"2011 Q4","value":"31791","year":"2011","month":"","quarter":"Q4","sourceDataset":"CSDB10","updateDate":"2016-01-28T09:29:39.053Z"},{"date":"2012 Q1","value":"33324","year":"2012","month":"","quarter":"Q1","sourceDataset":"CSDB10","updateDate":"2016-01-28T09:29:39.053Z"},{"date":"2012 Q2","value":"34785","year":"2012","month":"","quarter":"Q2","sourceDataset":"CSDB10","updateDate":"2016-01-28T09:29:39.053Z"},{"date":"2012 Q3","value":"28411","year":"2012","month":"","quarter":"Q3","sourceDataset":"CSDB10","updateDate":"2016-01-28T09:29:39.053Z"},{"date":"2012 Q4","value":"22475","year":"2012","month":"","quarter":"Q4","sourceDataset":"CSDB10","updateDate":"2016-01-28T09:29:39.053Z"},{"date":"2013 Q1","value":"23844","year":"2013","month":"","quarter":"Q1","sourceDataset":"CSDB10","updateDate":"2016-01-28T09:29:39.053Z"},{"date":"2013 Q2","value":"19256","year":"2013","month":"","quarter":"Q2","sourceDataset":"CSDB10","updateDate":"2016-01-28T09:29:39.053Z"},{"date":"2013 Q3","value":"18124","year":"2013","month":"","quarter":"Q3","sourceDataset":"CSDB10","updateDate":"2016-01-28T09:29:39.053Z"},{"date":"2013 Q4","value":"14942","year":"2013","month":"","quarter":"Q4","sourceDataset":"CSDB10","updateDate":"2016-01-28T09:29:39.053Z"},{"date":"2014 Q1","value":"22920","year":"2014","month":"","quarter":"Q1","sourceDataset":"CSDB10","updateDate":"2016-01-28T09:29:39.053Z"},{"date":"2014 Q2","value":"20900","year":"2014","month":"","quarter":"Q2","sourceDataset":"CSDB10","updateDate":"2016-01-28T09:29:39.053Z"},{"date":"2014 Q3","value":"26730","year":"2014","month":"","quarter":"Q3","sourceDataset":"CSDB10","updateDate":"2016-01-28T09:29:39.053Z"},{"date":"2014 Q4","value":"27138","year":"2014","month":"","quarter":"Q4","sourceDataset":"CSDB10","updateDate":"2016-01-28T09:29:39.053Z"},{"date":"2015 Q1","value":"29987","year":"2015","month":"","quarter":"Q1","sourceDataset":"CSDB10","updateDate":"2016-01-28T09:29:39.053Z"},{"date":"2015 Q2","value":"33456","year":"2015","month":"","quarter":"Q2","sourceDataset":"CSDB10","updateDate":"2016-01-28T09:29:39.053Z"},{"date":"2015 Q3","value":"34380","year":"2015","month":"","quarter":"Q3","sourceDataset":"CSDB10","updateDate":"2016-01-28T09:29:39.053Z"}],"months":[],"sourceDatasets":["CSDB10"],"relatedDatasets":[{"uri":"/economy/environmentalaccounts/datasets/werwerwerwerwerwr/2015"}],"relatedDocuments":[],"type":"timeseries","description":{"title":"BoP IIP PI Liabilities level CG Treasury bills outstanding NSA £m       ","contact":{"email":"","name":"","telephone":""},"releaseDate":"2016-01-27T00:00:00.000Z","nextRelease":"","cdid":"ACQJ","unit":"","preUnit":"","source":"","seasonalAdjustment":"NSA","date":"2015 Q3","number":"34380"}}