{"years":[{"date":"1999","value":"5141","year":"1999","month":"","quarter":"","sourceDataset":"CSDB10","updateDate":"2016-01-28T09:29:38.769Z"},{"date":"2000","value":"5651","year":"2000","month":"","quarter":"","sourceDataset":"CSDB10","updateDate":"2016-01-28T09:29:38.769Z"},{"date":"2001","value":"5390","year":"2001","month":"","quarter":"","sourceDataset":"CSDB10","updateDate":"2016-01-28T09:29:38.769Z"},{"date":"2002","value":"5018","year":"2002","month":"","quarter":"","sourceDataset":"CSDB10","updateDate":"2016-01-28T09:29:38.769Z"},{"date":"2003","value":"5622","year":"2003","month":"","quarter":"","sourceDataset":"CSDB10","updateDate":"2016-01-28T09:29:38.769Z"},{"date":"2004","value":"7194","year":"2004","month":"","quarter":"","sourceDataset":"CSDB10","updateDate":"2016-01-28T09:29:38.769Z"},{"date":"2005","value":"8802","year":"2005","month":"","quarter":"","sourceDataset":"CSDB10","updateDate":"2016-01-28T09:29:38.769Z"},{"date":"2006","value":"9835","year":"2006","month":"","quarter":"","sourceDataset":"CSDB10","updateDate":"2016-01-28T09:29:38.769Z"},{"date":"2007","value":"10570","year":"2007","month":"","quarter":"","sourceDataset":"CSDB10","updateDate":"2016-01-28T09:29:38.769Z"},{"date":"2008","value":"8894","year":"2008","month":"","quarter":"","sourceDataset":"CSDB10","updateDate":"2016-01-28T09:29:38.769Z"},{"date":"2009","value":"6672","year":"2009","month":"","quarter":"","sourceDataset":"CSDB10","updateDate":"2016-01-28T09:29:38.769Z"},{"date":"2010","value":"10276","year":"2010","month":"","quarter":"","sourceDataset":"CSDB10","updateDate":"2016-01-28T09:29:38.769Z"},{"date":"2011","value":"12713","year":"2011","month":"","quarter":"","sourceDataset":"CSDB10","updateDate":"2016-01-28T09:29:38.769Z"},{"date":"2012","value":"17259","year":"2012","month":"","quarter":"","sourceDataset":"CSDB10","updateDate":"2016-01-28T09:29:38.769Z"},{"date":"2013","value":"13793","year":"2013","month":"","quarter":"","sourceDataset":"CSDB10","updateDate":"2016-01-28T09:29:38.769Z"},{"date":"2014","value":"14292","year":"2014","month":"","quarter":"","sourceDataset":"CSDB10","updateDate":"2016-01-28T09:29:38.769Z"}],"quarters":[{"date":"1999 Q1","value":"1198","year":"1999","month":"","quarter":"Q1","sourceDataset":"CSDB10","updateDate":"2016-01-28T09:29:38.769Z"},{"date":"1999 Q2","value":"1316","year":"1999","month":"","quarter":"Q2","sourceDataset":"CSDB10","updateDate":"2016-01-28T09:29:38.769Z"},{"date":"1999 Q3","value":"1329","year":"1999","month":"","quarter":"Q3","sourceDataset":"CSDB10","updateDate":"2016-01-28T09:29:38.769Z"},{"date":"1999 Q4","value":"1298","year":"1999","month":"","quarter":"Q4","sourceDataset":"CSDB10","updateDate":"2016-01-28T09:29:38.769Z"},{"date":"2000 Q1","value":"1281","year":"2000","month":"","quarter":"Q1","sourceDataset":"CSDB10","updateDate":"2016-01-28T09:29:38.769Z"},{"date":"2000 Q2","value":"1471","year":"2000","month":"","quarter":"Q2","sourceDataset":"CSDB10","updateDate":"2016-01-28T09:29:38.769Z"},{"date":"2000 Q3","value":"1503","year":"2000","month":"","quarter":"Q3","sourceDataset":"CSDB10","updateDate":"2016-01-28T09:29:38.769Z"},{"date":"2000 Q4","value":"1396","year":"2000","month":"","quarter":"Q4","sourceDataset":"CSDB10","updateDate":"2016-01-28T09:29:38.769Z"},{"date":"2001 Q1","value":"1355","year":"2001","month":"","quarter":"Q1","sourceDataset":"CSDB10","updateDate":"2016-01-28T09:29:38.769Z"},{"date":"2001 Q2","value":"1308","year":"2001","month":"","quarter":"Q2","sourceDataset":"CSDB10","updateDate":"2016-01-28T09:29:38.769Z"},{"date":"2001 Q3","value":"1379","year":"2001","month":"","quarter":"Q3","sourceDataset":"CSDB10","updateDate":"2016-01-28T09:29:38.769Z"},{"date":"2001 Q4","value":"1348","year":"2001","month":"","quarter":"Q4","sourceDataset":"CSDB10","updateDate":"2016-01-28T09:29:38.769Z"},{"date":"2002 Q1","value":"1182","year":"2002","month":"","quarter":"Q1","sourceDataset":"CSDB10","updateDate":"2016-01-28T09:29:38.769Z"},{"date":"2002 Q2","value":"1218","year":"2002","month":"","quarter":"Q2","sourceDataset":"CSDB10","updateDate":"2016-01-28T09:29:38.769Z"},{"date":"2002 Q3","value":"1308","year":"2002","month":"","quarter":"Q3","sourceDataset":"CSDB10","updateDate":"2016-01-28T09:29:38.769Z"},{"date":"2002 Q4","value":"1310","year":"2002","month":"","quarter":"Q4","sourceDataset":"CSDB10","updateDate":"2016-01-28T09:29:38.769Z"},{"date":"2003 Q1","value":"1321","year":"2003","month":"","quarter":"Q1","sourceDataset":"CSDB10","updateDate":"2016-01-28T09:29:38.769Z"},{"date":"2003 Q2","value":"1428","year":"2003","month":"","quarter":"Q2","sourceDataset":"CSDB10","updateDate":"2016-01-28T09:29:38.769Z"},{"date":"2003 Q3","value":"1454","year":"2003","month":"","quarter":"Q3","sourceDataset":"CSDB10","updateDate":"2016-01-28T09:29:38.769Z"},{"date":"2003 Q4","value":"1419","year":"2003","month":"","quarter":"Q4","sourceDataset":"CSDB10","updateDate":"2016-01-28T09:29:38.769Z"},{"date":"2004 Q1","value":"1572","year":"2004","month":"","quarter":"Q1","sourceDataset":"CSDB10","updateDate":"2016-01-28T09:29:38.769Z"},{"date":"2004 Q2","value":"1708","year":"2004","month":"","quarter":"Q2","sourceDataset":"CSDB10","updateDate":"2016-01-28T09:29:38.769Z"},{"date":"2004 Q3","value":"1880","year":"2004","month":"","quarter":"Q3","sourceDataset":"CSDB10","updateDate":"2016-01-28T09:29:38.769Z"},{"date":"2004 Q4","value":"2034","year":"2004","month":"","quarter":"Q4","sourceDataset":"CSDB10","updateDate":"2016-01-28T09:29:38.769Z"},{"date":"2005 Q1","value":"1910","year":"2005","month":"","quarter":"Q1","sourceDataset":"CSDB10","updateDate":"2016-01-28T09:29:38.769Z"},{"date":"2005 Q2","value":"2309","year":"2005","month":"","quarter":"Q2","sourceDataset":"CSDB10","updateDate":"2016-01-28T09:29:38.769Z"},{"date":"2005 Q3","value":"2275","year":"2005","month":"","quarter":"Q3","sourceDataset":"CSDB10","updateDate":"2016-01-28T09:29:38.769Z"},{"date":"2005 Q4","value":"2308","year":"2005","month":"","quarter":"Q4","sourceDataset":"CSDB10","updateDate":"2016-01-28T09:29:38.769Z"},{"date":"2006 Q1","value":"2309","year":"2006","month":"","quarter":"Q1","sourceDataset":"CSDB10","updateDate":"2016-01-28T09:29:38.769Z"},{"date":"2006 Q2","value":"2506","year":"2006","month":"","quarter":"Q2","sourceDataset":"CSDB10","updateDate":"2016-01-28T09:29:38.769Z"},{"date":"2006 Q3","value":"2460","year":"2006","month":"","quarter":"Q3","sourceDataset":"CSDB10","updateDate":"2016-01-28T09:29:38.769Z"},{"date":"2006 Q4","value":"2560","year":"2006","month":"","quarter":"Q4","sourceDataset":"CSDB10","updateDate":"2016-01-28T09:29:38.769Z"},{"date":"2007 Q1","value":"2324","year":"2007","month":"","quarter":"Q1","sourceDataset":"CSDB10","updateDate":"2016-01-28T09:29:38.769Z"},{"date":"2007 Q2","value":"2547","year":"2007","month":"","quarter":"Q2","sourceDataset":"CSDB10","updateDate":"2016-01-28T09:29:38.769Z"},{"date":"2007 Q3","value":"2780","year":"2007","month":"","quarter":"Q3","sourceDataset":"CSDB10","updateDate":"2016-01-28T09:29:38.769Z"},{"date":"2007 Q4","value":"2919","year":"2007","month":"","quarter":"Q4","sourceDataset":"CSDB10","updateDate":"2016-01-28T09:29:38.769Z"},{"date":"2008 Q1","value":"2466","year":"2008","month":"","quarter":"Q1","sourceDataset":"CSDB10","updateDate":"2016-01-28T09:29:38.769Z"},{"date":"2008 Q2","value":"2292","year":"2008","month":"","quarter":"Q2","sourceDataset":"CSDB10","updateDate":"2016-01-28T09:29:38.769Z"},{"date":"2008 Q3","value":"2116","year":"2008","month":"","quarter":"Q3","sourceDataset":"CSDB10","updateDate":"2016-01-28T09:29:38.769Z"},{"date":"2008 Q4","value":"2020","year":"2008","month":"","quarter":"Q4","sourceDataset":"CSDB10","updateDate":"2016-01-28T09:29:38.769Z"},{"date":"2009 Q1","value":"1621","year":"2009","month":"","quarter":"Q1","sourceDataset":"CSDB10","updateDate":"2016-01-28T09:29:38.770Z"},{"date":"2009 Q2","value":"1849","year":"2009","month":"","quarter":"Q2","sourceDataset":"CSDB10","updateDate":"2016-01-28T09:29:38.770Z"},{"date":"2009 Q3","value":"1606","year":"2009","month":"","quarter":"Q3","sourceDataset":"CSDB10","updateDate":"2016-01-28T09:29:38.770Z"},{"date":"2009 Q4","value":"1596","year":"2009","month":"","quarter":"Q4","sourceDataset":"CSDB10","updateDate":"2016-01-28T09:29:38.770Z"},{"date":"2010 Q1","value":"2262","year":"2010","month":"","quarter":"Q1","sourceDataset":"CSDB10","updateDate":"2016-01-28T09:29:38.770Z"},{"date":"2010 Q2","value":"2680","year":"2010","month":"","quarter":"Q2","sourceDataset":"CSDB10","updateDate":"2016-01-28T09:29:38.770Z"},{"date":"2010 Q3","value":"2818","year":"2010","month":"","quarter":"Q3","sourceDataset":"CSDB10","updateDate":"2016-01-28T09:29:38.770Z"},{"date":"2010 Q4","value":"2516","year":"2010","month":"","quarter":"Q4","sourceDataset":"CSDB10","updateDate":"2016-01-28T09:29:38.770Z"},{"date":"2011 Q1","value":"3126","year":"2011","month":"","quarter":"Q1","sourceDataset":"CSDB10","updateDate":"2016-01-28T09:29:38.770Z"},{"date":"2011 Q2","value":"3124","year":"2011","month":"","quarter":"Q2","sourceDataset":"CSDB10","updateDate":"2016-01-28T09:29:38.770Z"},{"date":"2011 Q3","value":"3089","year":"2011","month":"","quarter":"Q3","sourceDataset":"CSDB10","updateDate":"2016-01-28T09:29:38.770Z"},{"date":"2011 Q4","value":"3374","year":"2011","month":"","quarter":"Q4","sourceDataset":"CSDB10","updateDate":"2016-01-28T09:29:38.770Z"},{"date":"2012 Q1","value":"4543","year":"2012","month":"","quarter":"Q1","sourceDataset":"CSDB10","updateDate":"2016-01-28T09:29:38.770Z"},{"date":"2012 Q2","value":"4531","year":"2012","month":"","quarter":"Q2","sourceDataset":"CSDB10","updateDate":"2016-01-28T09:29:38.770Z"},{"date":"2012 Q3","value":"4467","year":"2012","month":"","quarter":"Q3","sourceDataset":"CSDB10","updateDate":"2016-01-28T09:29:38.770Z"},{"date":"2012 Q4","value":"3718","year":"2012","month":"","quarter":"Q4","sourceDataset":"CSDB10","updateDate":"2016-01-28T09:29:38.770Z"},{"date":"2013 Q1","value":"3187","year":"2013","month":"","quarter":"Q1","sourceDataset":"CSDB10","updateDate":"2016-01-28T09:29:38.770Z"},{"date":"2013 Q2","value":"3668","year":"2013","month":"","quarter":"Q2","sourceDataset":"CSDB10","updateDate":"2016-01-28T09:29:38.770Z"},{"date":"2013 Q3","value":"3511","year":"2013","month":"","quarter":"Q3","sourceDataset":"CSDB10","updateDate":"2016-01-28T09:29:38.770Z"},{"date":"2013 Q4","value":"3427","year":"2013","month":"","quarter":"Q4","sourceDataset":"CSDB10","updateDate":"2016-01-28T09:29:38.770Z"},{"date":"2014 Q1","value":"3376","year":"2014","month":"","quarter":"Q1","sourceDataset":"CSDB10","updateDate":"2016-01-28T09:29:38.770Z"},{"date":"2014 Q2","value":"3470","year":"2014","month":"","quarter":"Q2","sourceDataset":"CSDB10","updateDate":"2016-01-28T09:29:38.770Z"},{"date":"2014 Q3","value":"3629","year":"2014","month":"","quarter":"Q3","sourceDataset":"CSDB10","updateDate":"2016-01-28T09:29:38.770Z"},{"date":"2014 Q4","value":"3817","year":"2014","month":"","quarter":"Q4","sourceDataset":"CSDB10","updateDate":"2016-01-28T09:29:38.770Z"},{"date":"2015 Q1","value":"3553","year":"2015","month":"","quarter":"Q1","sourceDataset":"CSDB10","updateDate":"2016-01-28T09:29:38.770Z"},{"date":"2015 Q2","value":"4004","year":"2015","month":"","quarter":"Q2","sourceDataset":"CSDB10","updateDate":"2016-01-28T09:29:38.770Z"},{"date":"2015 Q3","value":"3480","year":"2015","month":"","quarter":"Q3","sourceDataset":"CSDB10","updateDate":"2016-01-28T09:29:38.770Z"}],"months":[],"sourceDatasets":["CSDB10"],"relatedDatasets":[{"uri":"/economy/environmentalaccounts/datasets/werwerwerwerwerwr/2015"}],"relatedDocuments":[],"type":"timeseries","description":{"title":"BoP: Current account: Credits: Hong Kong:£m                             ","contact":{"email":"","name":"","telephone":""},"releaseDate":"2016-01-27T00:00:00.000Z","nextRelease":"","cdid":"BFJR","unit":"","preUnit":"","source":"","seasonalAdjustment":"NSA","date":"2015 Q3","number":"3480"}}