{"years":[{"date":"1988","value":"85.0","year":"1988","month":"","quarter":"","sourceDataset":"CSDB","updateDate":"2016-01-14T16:25:11.535Z"},{"date":"1989","value":"88.0","year":"1989","month":"","quarter":"","sourceDataset":"CSDB","updateDate":"2016-01-14T16:25:11.535Z"},{"date":"1990","value":"92.0","year":"1990","month":"","quarter":"","sourceDataset":"CSDB","updateDate":"2016-01-14T16:25:11.535Z"},{"date":"1991","value":"97.3","year":"1991","month":"","quarter":"","sourceDataset":"CSDB","updateDate":"2016-01-14T16:25:11.535Z"},{"date":"1992","value":"99.5","year":"1992","month":"","quarter":"","sourceDataset":"CSDB","updateDate":"2016-01-14T16:25:11.535Z"},{"date":"1993","value":"99.5","year":"1993","month":"","quarter":"","sourceDataset":"CSDB","updateDate":"2016-01-14T16:25:11.535Z"},{"date":"1994","value":"98.7","year":"1994","month":"","quarter":"","sourceDataset":"CSDB","updateDate":"2016-01-14T16:25:11.535Z"},{"date":"1995","value":"100.6","year":"1995","month":"","quarter":"","sourceDataset":"CSDB","updateDate":"2016-01-14T16:25:11.535Z"},{"date":"1996","value":"102.5","year":"1996","month":"","quarter":"","sourceDataset":"CSDB","updateDate":"2016-01-14T16:25:11.535Z"},{"date":"1997","value":"102.9","year":"1997","month":"","quarter":"","sourceDataset":"CSDB","updateDate":"2016-01-14T16:25:11.535Z"},{"date":"1998","value":"103.2","year":"1998","month":"","quarter":"","sourceDataset":"CSDB","updateDate":"2016-01-14T16:25:11.535Z"},{"date":"1999","value":"102.8","year":"1999","month":"","quarter":"","sourceDataset":"CSDB","updateDate":"2016-01-14T16:25:11.535Z"},{"date":"2000","value":"101.0","year":"2000","month":"","quarter":"","sourceDataset":"CSDB","updateDate":"2016-01-14T16:25:11.535Z"},{"date":"2001","value":"100.9","year":"2001","month":"","quarter":"","sourceDataset":"CSDB","updateDate":"2016-01-14T16:25:11.535Z"},{"date":"2002","value":"101.0","year":"2002","month":"","quarter":"","sourceDataset":"CSDB","updateDate":"2016-01-14T16:25:11.535Z"},{"date":"2003","value":"100.5","year":"2003","month":"","quarter":"","sourceDataset":"CSDB","updateDate":"2016-01-14T16:25:11.535Z"},{"date":"2004","value":"100.3","year":"2004","month":"","quarter":"","sourceDataset":"CSDB","updateDate":"2016-01-14T16:25:11.535Z"},{"date":"2005","value":"100.0","year":"2005","month":"","quarter":"","sourceDataset":"CSDB","updateDate":"2016-01-14T16:25:11.535Z"},{"date":"2006","value":"99.6","year":"2006","month":"","quarter":"","sourceDataset":"CSDB","updateDate":"2016-01-14T16:25:11.535Z"},{"date":"2007","value":"101.4","year":"2007","month":"","quarter":"","sourceDataset":"CSDB","updateDate":"2016-01-14T16:25:11.535Z"},{"date":"2008","value":"103.4","year":"2008","month":"","quarter":"","sourceDataset":"CSDB","updateDate":"2016-01-14T16:25:11.535Z"},{"date":"2009","value":"106.7","year":"2009","month":"","quarter":"","sourceDataset":"CSDB","updateDate":"2016-01-14T16:25:11.535Z"},{"date":"2010","value":"110.0","year":"2010","month":"","quarter":"","sourceDataset":"CSDB","updateDate":"2016-01-14T16:25:11.535Z"},{"date":"2011","value":"115.2","year":"2011","month":"","quarter":"","sourceDataset":"CSDB","updateDate":"2016-01-14T16:25:11.535Z"},{"date":"2012","value":"118.5","year":"2012","month":"","quarter":"","sourceDataset":"CSDB","updateDate":"2016-01-14T16:25:11.535Z"},{"date":"2013","value":"119.3","year":"2013","month":"","quarter":"","sourceDataset":"CSDB","updateDate":"2016-01-14T16:25:11.535Z"},{"date":"2014","value":"120.3","year":"2014","month":"","quarter":"","sourceDataset":"CSDB","updateDate":"2016-01-14T16:25:11.535Z"}],"quarters":[{"date":"1988 Q1","value":"83.4","year":"1988","month":"","quarter":"Q1","sourceDataset":"CSDB","updateDate":"2016-01-14T16:25:11.535Z"},{"date":"1988 Q2","value":"84.7","year":"1988","month":"","quarter":"Q2","sourceDataset":"CSDB","updateDate":"2016-01-14T16:25:11.535Z"},{"date":"1988 Q3","value":"85.4","year":"1988","month":"","quarter":"Q3","sourceDataset":"CSDB","updateDate":"2016-01-14T16:25:11.535Z"},{"date":"1988 Q4","value":"86.4","year":"1988","month":"","quarter":"Q4","sourceDataset":"CSDB","updateDate":"2016-01-14T16:25:11.535Z"},{"date":"1989 Q1","value":"86.6","year":"1989","month":"","quarter":"Q1","sourceDataset":"CSDB","updateDate":"2016-01-14T16:25:11.535Z"},{"date":"1989 Q2","value":"87.8","year":"1989","month":"","quarter":"Q2","sourceDataset":"CSDB","updateDate":"2016-01-14T16:25:11.535Z"},{"date":"1989 Q3","value":"88.2","year":"1989","month":"","quarter":"Q3","sourceDataset":"CSDB","updateDate":"2016-01-14T16:25:11.535Z"},{"date":"1989 Q4","value":"89.4","year":"1989","month":"","quarter":"Q4","sourceDataset":"CSDB","updateDate":"2016-01-14T16:25:11.535Z"},{"date":"1990 Q1","value":"90.1","year":"1990","month":"","quarter":"Q1","sourceDataset":"CSDB","updateDate":"2016-01-14T16:25:11.535Z"},{"date":"1990 Q2","value":"91.8","year":"1990","month":"","quarter":"Q2","sourceDataset":"CSDB","updateDate":"2016-01-14T16:25:11.535Z"},{"date":"1990 Q3","value":"92.1","year":"1990","month":"","quarter":"Q3","sourceDataset":"CSDB","updateDate":"2016-01-14T16:25:11.535Z"},{"date":"1990 Q4","value":"94.1","year":"1990","month":"","quarter":"Q4","sourceDataset":"CSDB","updateDate":"2016-01-14T16:25:11.535Z"},{"date":"1991 Q1","value":"94.0","year":"1991","month":"","quarter":"Q1","sourceDataset":"CSDB","updateDate":"2016-01-14T16:25:11.535Z"},{"date":"1991 Q2","value":"97.4","year":"1991","month":"","quarter":"Q2","sourceDataset":"CSDB","updateDate":"2016-01-14T16:25:11.535Z"},{"date":"1991 Q3","value":"98.1","year":"1991","month":"","quarter":"Q3","sourceDataset":"CSDB","updateDate":"2016-01-14T16:25:11.535Z"},{"date":"1991 Q4","value":"99.6","year":"1991","month":"","quarter":"Q4","sourceDataset":"CSDB","updateDate":"2016-01-14T16:25:11.535Z"},{"date":"1992 Q1","value":"98.7","year":"1992","month":"","quarter":"Q1","sourceDataset":"CSDB","updateDate":"2016-01-14T16:25:11.535Z"},{"date":"1992 Q2","value":"99.6","year":"1992","month":"","quarter":"Q2","sourceDataset":"CSDB","updateDate":"2016-01-14T16:25:11.535Z"},{"date":"1992 Q3","value":"99.1","year":"1992","month":"","quarter":"Q3","sourceDataset":"CSDB","updateDate":"2016-01-14T16:25:11.535Z"},{"date":"1992 Q4","value":"100.6","year":"1992","month":"","quarter":"Q4","sourceDataset":"CSDB","updateDate":"2016-01-14T16:25:11.535Z"},{"date":"1993 Q1","value":"99.0","year":"1993","month":"","quarter":"Q1","sourceDataset":"CSDB","updateDate":"2016-01-14T16:25:11.535Z"},{"date":"1993 Q2","value":"100.1","year":"1993","month":"","quarter":"Q2","sourceDataset":"CSDB","updateDate":"2016-01-14T16:25:11.535Z"},{"date":"1993 Q3","value":"98.9","year":"1993","month":"","quarter":"Q3","sourceDataset":"CSDB","updateDate":"2016-01-14T16:25:11.535Z"},{"date":"1993 Q4","value":"99.9","year":"1993","month":"","quarter":"Q4","sourceDataset":"CSDB","updateDate":"2016-01-14T16:25:11.535Z"},{"date":"1994 Q1","value":"98.4","year":"1994","month":"","quarter":"Q1","sourceDataset":"CSDB","updateDate":"2016-01-14T16:25:11.535Z"},{"date":"1994 Q2","value":"99.0","year":"1994","month":"","quarter":"Q2","sourceDataset":"CSDB","updateDate":"2016-01-14T16:25:11.535Z"},{"date":"1994 Q3","value":"98.0","year":"1994","month":"","quarter":"Q3","sourceDataset":"CSDB","updateDate":"2016-01-14T16:25:11.535Z"},{"date":"1994 Q4","value":"99.4","year":"1994","month":"","quarter":"Q4","sourceDataset":"CSDB","updateDate":"2016-01-14T16:25:11.535Z"},{"date":"1995 Q1","value":"99.0","year":"1995","month":"","quarter":"Q1","sourceDataset":"CSDB","updateDate":"2016-01-14T16:25:11.535Z"},{"date":"1995 Q2","value":"100.5","year":"1995","month":"","quarter":"Q2","sourceDataset":"CSDB","updateDate":"2016-01-14T16:25:11.535Z"},{"date":"1995 Q3","value":"100.3","year":"1995","month":"","quarter":"Q3","sourceDataset":"CSDB","updateDate":"2016-01-14T16:25:11.535Z"},{"date":"1995 Q4","value":"102.5","year":"1995","month":"","quarter":"Q4","sourceDataset":"CSDB","updateDate":"2016-01-14T16:25:11.535Z"},{"date":"1996 Q1","value":"101.5","year":"1996","month":"","quarter":"Q1","sourceDataset":"CSDB","updateDate":"2016-01-14T16:25:11.535Z"},{"date":"1996 Q2","value":"102.8","year":"1996","month":"","quarter":"Q2","sourceDataset":"CSDB","updateDate":"2016-01-14T16:25:11.535Z"},{"date":"1996 Q3","value":"102.2","year":"1996","month":"","quarter":"Q3","sourceDataset":"CSDB","updateDate":"2016-01-14T16:25:11.535Z"},{"date":"1996 Q4","value":"103.6","year":"1996","month":"","quarter":"Q4","sourceDataset":"CSDB","updateDate":"2016-01-14T16:25:11.535Z"},{"date":"1997 Q1","value":"101.9","year":"1997","month":"","quarter":"Q1","sourceDataset":"CSDB","updateDate":"2016-01-14T16:25:11.535Z"},{"date":"1997 Q2","value":"103.1","year":"1997","month":"","quarter":"Q2","sourceDataset":"CSDB","updateDate":"2016-01-14T16:25:11.535Z"},{"date":"1997 Q3","value":"102.5","year":"1997","month":"","quarter":"Q3","sourceDataset":"CSDB","updateDate":"2016-01-14T16:25:11.535Z"},{"date":"1997 Q4","value":"104.1","year":"1997","month":"","quarter":"Q4","sourceDataset":"CSDB","updateDate":"2016-01-14T16:25:11.535Z"},{"date":"1998 Q1","value":"102.5","year":"1998","month":"","quarter":"Q1","sourceDataset":"CSDB","updateDate":"2016-01-14T16:25:11.535Z"},{"date":"1998 Q2","value":"103.3","year":"1998","month":"","quarter":"Q2","sourceDataset":"CSDB","updateDate":"2016-01-14T16:25:11.535Z"},{"date":"1998 Q3","value":"102.6","year":"1998","month":"","quarter":"Q3","sourceDataset":"CSDB","updateDate":"2016-01-14T16:25:11.535Z"},{"date":"1998 Q4","value":"104.4","year":"1998","month":"","quarter":"Q4","sourceDataset":"CSDB","updateDate":"2016-01-14T16:25:11.535Z"},{"date":"1999 Q1","value":"102.7","year":"1999","month":"","quarter":"Q1","sourceDataset":"CSDB","updateDate":"2016-01-14T16:25:11.535Z"},{"date":"1999 Q2","value":"103.0","year":"1999","month":"","quarter":"Q2","sourceDataset":"CSDB","updateDate":"2016-01-14T16:25:11.535Z"},{"date":"1999 Q3","value":"102.0","year":"1999","month":"","quarter":"Q3","sourceDataset":"CSDB","updateDate":"2016-01-14T16:25:11.535Z"},{"date":"1999 Q4","value":"103.6","year":"1999","month":"","quarter":"Q4","sourceDataset":"CSDB","updateDate":"2016-01-14T16:25:11.535Z"},{"date":"2000 Q1","value":"100.8","year":"2000","month":"","quarter":"Q1","sourceDataset":"CSDB","updateDate":"2016-01-14T16:25:11.535Z"},{"date":"2000 Q2","value":"101.5","year":"2000","month":"","quarter":"Q2","sourceDataset":"CSDB","updateDate":"2016-01-14T16:25:11.535Z"},{"date":"2000 Q3","value":"100.1","year":"2000","month":"","quarter":"Q3","sourceDataset":"CSDB","updateDate":"2016-01-14T16:25:11.535Z"},{"date":"2000 Q4","value":"101.6","year":"2000","month":"","quarter":"Q4","sourceDataset":"CSDB","updateDate":"2016-01-14T16:25:11.535Z"},{"date":"2001 Q1","value":"100.2","year":"2001","month":"","quarter":"Q1","sourceDataset":"CSDB","updateDate":"2016-01-14T16:25:11.535Z"},{"date":"2001 Q2","value":"101.2","year":"2001","month":"","quarter":"Q2","sourceDataset":"CSDB","updateDate":"2016-01-14T16:25:11.535Z"},{"date":"2001 Q3","value":"100.4","year":"2001","month":"","quarter":"Q3","sourceDataset":"CSDB","updateDate":"2016-01-14T16:25:11.535Z"},{"date":"2001 Q4","value":"102.0","year":"2001","month":"","quarter":"Q4","sourceDataset":"CSDB","updateDate":"2016-01-14T16:25:11.535Z"},{"date":"2002 Q1","value":"101.1","year":"2002","month":"","quarter":"Q1","sourceDataset":"CSDB","updateDate":"2016-01-14T16:25:11.535Z"},{"date":"2002 Q2","value":"101.3","year":"2002","month":"","quarter":"Q2","sourceDataset":"CSDB","updateDate":"2016-01-14T16:25:11.535Z"},{"date":"2002 Q3","value":"100.4","year":"2002","month":"","quarter":"Q3","sourceDataset":"CSDB","updateDate":"2016-01-14T16:25:11.535Z"},{"date":"2002 Q4","value":"101.4","year":"2002","month":"","quarter":"Q4","sourceDataset":"CSDB","updateDate":"2016-01-14T16:25:11.535Z"},{"date":"2003 Q1","value":"100.2","year":"2003","month":"","quarter":"Q1","sourceDataset":"CSDB","updateDate":"2016-01-14T16:25:11.535Z"},{"date":"2003 Q2","value":"100.6","year":"2003","month":"","quarter":"Q2","sourceDataset":"CSDB","updateDate":"2016-01-14T16:25:11.535Z"},{"date":"2003 Q3","value":"100.1","year":"2003","month":"","quarter":"Q3","sourceDataset":"CSDB","updateDate":"2016-01-14T16:25:11.535Z"},{"date":"2003 Q4","value":"101.0","year":"2003","month":"","quarter":"Q4","sourceDataset":"CSDB","updateDate":"2016-01-14T16:25:11.535Z"},{"date":"2004 Q1","value":"100.0","year":"2004","month":"","quarter":"Q1","sourceDataset":"CSDB","updateDate":"2016-01-14T16:25:11.535Z"},{"date":"2004 Q2","value":"100.8","year":"2004","month":"","quarter":"Q2","sourceDataset":"CSDB","updateDate":"2016-01-14T16:25:11.535Z"},{"date":"2004 Q3","value":"99.6","year":"2004","month":"","quarter":"Q3","sourceDataset":"CSDB","updateDate":"2016-01-14T16:25:11.535Z"},{"date":"2004 Q4","value":"100.9","year":"2004","month":"","quarter":"Q4","sourceDataset":"CSDB","updateDate":"2016-01-14T16:25:11.535Z"},{"date":"2005 Q1","value":"99.4","year":"2005","month":"","quarter":"Q1","sourceDataset":"CSDB","updateDate":"2016-01-14T16:25:11.535Z"},{"date":"2005 Q2","value":"99.9","year":"2005","month":"","quarter":"Q2","sourceDataset":"CSDB","updateDate":"2016-01-14T16:25:11.535Z"},{"date":"2005 Q3","value":"99.7","year":"2005","month":"","quarter":"Q3","sourceDataset":"CSDB","updateDate":"2016-01-14T16:25:11.535Z"},{"date":"2005 Q4","value":"100.9","year":"2005","month":"","quarter":"Q4","sourceDataset":"CSDB","updateDate":"2016-01-14T16:25:11.535Z"},{"date":"2006 Q1","value":"98.9","year":"2006","month":"","quarter":"Q1","sourceDataset":"CSDB","updateDate":"2016-01-14T16:25:11.535Z"},{"date":"2006 Q2","value":"99.4","year":"2006","month":"","quarter":"Q2","sourceDataset":"CSDB","updateDate":"2016-01-14T16:25:11.535Z"},{"date":"2006 Q3","value":"99.2","year":"2006","month":"","quarter":"Q3","sourceDataset":"CSDB","updateDate":"2016-01-14T16:25:11.535Z"},{"date":"2006 Q4","value":"100.8","year":"2006","month":"","quarter":"Q4","sourceDataset":"CSDB","updateDate":"2016-01-14T16:25:11.535Z"},{"date":"2007 Q1","value":"100.3","year":"2007","month":"","quarter":"Q1","sourceDataset":"CSDB","updateDate":"2016-01-14T16:25:11.535Z"},{"date":"2007 Q2","value":"102.2","year":"2007","month":"","quarter":"Q2","sourceDataset":"CSDB","updateDate":"2016-01-14T16:25:11.535Z"},{"date":"2007 Q3","value":"100.7","year":"2007","month":"","quarter":"Q3","sourceDataset":"CSDB","updateDate":"2016-01-14T16:25:11.535Z"},{"date":"2007 Q4","value":"102.2","year":"2007","month":"","quarter":"Q4","sourceDataset":"CSDB","updateDate":"2016-01-14T16:25:11.535Z"},{"date":"2008 Q1","value":"101.6","year":"2008","month":"","quarter":"Q1","sourceDataset":"CSDB","updateDate":"2016-01-14T16:25:11.535Z"},{"date":"2008 Q2","value":"103.9","year":"2008","month":"","quarter":"Q2","sourceDataset":"CSDB","updateDate":"2016-01-14T16:25:11.535Z"},{"date":"2008 Q3","value":"103.7","year":"2008","month":"","quarter":"Q3","sourceDataset":"CSDB","updateDate":"2016-01-14T16:25:11.535Z"},{"date":"2008 Q4","value":"104.6","year":"2008","month":"","quarter":"Q4","sourceDataset":"CSDB","updateDate":"2016-01-14T16:25:11.535Z"},{"date":"2009 Q1","value":"104.5","year":"2009","month":"","quarter":"Q1","sourceDataset":"CSDB","updateDate":"2016-01-14T16:25:11.535Z"},{"date":"2009 Q2","value":"106.8","year":"2009","month":"","quarter":"Q2","sourceDataset":"CSDB","updateDate":"2016-01-14T16:25:11.535Z"},{"date":"2009 Q3","value":"106.6","year":"2009","month":"","quarter":"Q3","sourceDataset":"CSDB","updateDate":"2016-01-14T16:25:11.535Z"},{"date":"2009 Q4","value":"108.8","year":"2009","month":"","quarter":"Q4","sourceDataset":"CSDB","updateDate":"2016-01-14T16:25:11.535Z"},{"date":"2010 Q1","value":"108.7","year":"2010","month":"","quarter":"Q1","sourceDataset":"CSDB","updateDate":"2016-01-14T16:25:11.535Z"},{"date":"2010 Q2","value":"109.5","year":"2010","month":"","quarter":"Q2","sourceDataset":"CSDB","updateDate":"2016-01-14T16:25:11.535Z"},{"date":"2010 Q3","value":"109.8","year":"2010","month":"","quarter":"Q3","sourceDataset":"CSDB","updateDate":"2016-01-14T16:25:11.535Z"},{"date":"2010 Q4","value":"112.0","year":"2010","month":"","quarter":"Q4","sourceDataset":"CSDB","updateDate":"2016-01-14T16:25:11.535Z"},{"date":"2011 Q1","value":"113.0","year":"2011","month":"","quarter":"Q1","sourceDataset":"CSDB","updateDate":"2016-01-14T16:25:11.535Z"},{"date":"2011 Q2","value":"114.4","year":"2011","month":"","quarter":"Q2","sourceDataset":"CSDB","updateDate":"2016-01-14T16:25:11.535Z"},{"date":"2011 Q3","value":"115.6","year":"2011","month":"","quarter":"Q3","sourceDataset":"CSDB","updateDate":"2016-01-14T16:25:11.535Z"},{"date":"2011 Q4","value":"117.7","year":"2011","month":"","quarter":"Q4","sourceDataset":"CSDB","updateDate":"2016-01-14T16:25:11.535Z"},{"date":"2012 Q1","value":"117.9","year":"2012","month":"","quarter":"Q1","sourceDataset":"CSDB","updateDate":"2016-01-14T16:25:11.535Z"},{"date":"2012 Q2","value":"118.6","year":"2012","month":"","quarter":"Q2","sourceDataset":"CSDB","updateDate":"2016-01-14T16:25:11.535Z"},{"date":"2012 Q3","value":"118.5","year":"2012","month":"","quarter":"Q3","sourceDataset":"CSDB","updateDate":"2016-01-14T16:25:11.535Z"},{"date":"2012 Q4","value":"119.0","year":"2012","month":"","quarter":"Q4","sourceDataset":"CSDB","updateDate":"2016-01-14T16:25:11.535Z"},{"date":"2013 Q1","value":"118.6","year":"2013","month":"","quarter":"Q1","sourceDataset":"CSDB","updateDate":"2016-01-14T16:25:11.535Z"},{"date":"2013 Q2","value":"118.9","year":"2013","month":"","quarter":"Q2","sourceDataset":"CSDB","updateDate":"2016-01-14T16:25:11.535Z"},{"date":"2013 Q3","value":"119.3","year":"2013","month":"","quarter":"Q3","sourceDataset":"CSDB","updateDate":"2016-01-14T16:25:11.535Z"},{"date":"2013 Q4","value":"120.3","year":"2013","month":"","quarter":"Q4","sourceDataset":"CSDB","updateDate":"2016-01-14T16:25:11.535Z"},{"date":"2014 Q1","value":"120.0","year":"2014","month":"","quarter":"Q1","sourceDataset":"CSDB","updateDate":"2016-01-14T16:25:11.535Z"},{"date":"2014 Q2","value":"120.6","year":"2014","month":"","quarter":"Q2","sourceDataset":"CSDB","updateDate":"2016-01-14T16:25:11.535Z"},{"date":"2014 Q3","value":"120.2","year":"2014","month":"","quarter":"Q3","sourceDataset":"CSDB","updateDate":"2016-01-14T16:25:11.535Z"},{"date":"2014 Q4","value":"120.5","year":"2014","month":"","quarter":"Q4","sourceDataset":"CSDB","updateDate":"2016-01-14T16:25:11.535Z"},{"date":"2015 Q1","value":"120.1","year":"2015","month":"","quarter":"Q1","sourceDataset":"CSDB","updateDate":"2016-01-14T16:25:11.535Z"},{"date":"2015 Q2","value":"120.0","year":"2015","month":"","quarter":"Q2","sourceDataset":"CSDB","updateDate":"2016-01-14T16:25:11.535Z"}],"months":[{"date":"1988 JAN","value":"82.9","year":"1988","month":"January","quarter":"","sourceDataset":"CSDB","updateDate":"2016-01-14T16:25:11.535Z"},{"date":"1988 FEB","value":"83.4","year":"1988","month":"February","quarter":"","sourceDataset":"CSDB","updateDate":"2016-01-14T16:25:11.535Z"},{"date":"1988 MAR","value":"84.0","year":"1988","month":"March","quarter":"","sourceDataset":"CSDB","updateDate":"2016-01-14T16:25:11.535Z"},{"date":"1988 APR","value":"84.4","year":"1988","month":"April","quarter":"","sourceDataset":"CSDB","updateDate":"2016-01-14T16:25:11.535Z"},{"date":"1988 MAY","value":"84.8","year":"1988","month":"May","quarter":"","sourceDataset":"CSDB","updateDate":"2016-01-14T16:25:11.535Z"},{"date":"1988 JUN","value":"85.0","year":"1988","month":"June","quarter":"","sourceDataset":"CSDB","updateDate":"2016-01-14T16:25:11.535Z"},{"date":"1988 JUL","value":"84.9","year":"1988","month":"July","quarter":"","sourceDataset":"CSDB","updateDate":"2016-01-14T16:25:11.535Z"},{"date":"1988 AUG","value":"85.3","year":"1988","month":"August","quarter":"","sourceDataset":"CSDB","updateDate":"2016-01-14T16:25:11.535Z"},{"date":"1988 SEP","value":"85.9","year":"1988","month":"September","quarter":"","sourceDataset":"CSDB","updateDate":"2016-01-14T16:25:11.535Z"},{"date":"1988 OCT","value":"86.2","year":"1988","month":"October","quarter":"","sourceDataset":"CSDB","updateDate":"2016-01-14T16:25:11.535Z"},{"date":"1988 NOV","value":"86.5","year":"1988","month":"November","quarter":"","sourceDataset":"CSDB","updateDate":"2016-01-14T16:25:11.535Z"},{"date":"1988 DEC","value":"86.6","year":"1988","month":"December","quarter":"","sourceDataset":"CSDB","updateDate":"2016-01-14T16:25:11.535Z"},{"date":"1989 JAN","value":"86.1","year":"1989","month":"January","quarter":"","sourceDataset":"CSDB","updateDate":"2016-01-14T16:25:11.535Z"},{"date":"1989 FEB","value":"86.6","year":"1989","month":"February","quarter":"","sourceDataset":"CSDB","updateDate":"2016-01-14T16:25:11.535Z"},{"date":"1989 MAR","value":"87.0","year":"1989","month":"March","quarter":"","sourceDataset":"CSDB","updateDate":"2016-01-14T16:25:11.535Z"},{"date":"1989 APR","value":"87.5","year":"1989","month":"April","quarter":"","sourceDataset":"CSDB","updateDate":"2016-01-14T16:25:11.535Z"},{"date":"1989 MAY","value":"87.8","year":"1989","month":"May","quarter":"","sourceDataset":"CSDB","updateDate":"2016-01-14T16:25:11.535Z"},{"date":"1989 JUN","value":"88.0","year":"1989","month":"June","quarter":"","sourceDataset":"CSDB","updateDate":"2016-01-14T16:25:11.535Z"},{"date":"1989 JUL","value":"87.9","year":"1989","month":"July","quarter":"","sourceDataset":"CSDB","updateDate":"2016-01-14T16:25:11.535Z"},{"date":"1989 AUG","value":"88.2","year":"1989","month":"August","quarter":"","sourceDataset":"CSDB","updateDate":"2016-01-14T16:25:11.535Z"},{"date":"1989 SEP","value":"88.6","year":"1989","month":"September","quarter":"","sourceDataset":"CSDB","updateDate":"2016-01-14T16:25:11.535Z"},{"date":"1989 OCT","value":"89.1","year":"1989","month":"October","quarter":"","sourceDataset":"CSDB","updateDate":"2016-01-14T16:25:11.535Z"},{"date":"1989 NOV","value":"89.5","year":"1989","month":"November","quarter":"","sourceDataset":"CSDB","updateDate":"2016-01-14T16:25:11.535Z"},{"date":"1989 DEC","value":"89.7","year":"1989","month":"December","quarter":"","sourceDataset":"CSDB","updateDate":"2016-01-14T16:25:11.535Z"},{"date":"1990 JAN","value":"89.4","year":"1990","month":"January","quarter":"","sourceDataset":"CSDB","updateDate":"2016-01-14T16:25:11.535Z"},{"date":"1990 FEB","value":"90.0","year":"1990","month":"February","quarter":"","sourceDataset":"CSDB","updateDate":"2016-01-14T16:25:11.535Z"},{"date":"1990 MAR","value":"90.9","year":"1990","month":"March","quarter":"","sourceDataset":"CSDB","updateDate":"2016-01-14T16:25:11.535Z"},{"date":"1990 APR","value":"91.3","year":"1990","month":"April","quarter":"","sourceDataset":"CSDB","updateDate":"2016-01-14T16:25:11.535Z"},{"date":"1990 MAY","value":"92.0","year":"1990","month":"May","quarter":"","sourceDataset":"CSDB","updateDate":"2016-01-14T16:25:11.535Z"},{"date":"1990 JUN","value":"92.2","year":"1990","month":"June","quarter":"","sourceDataset":"CSDB","updateDate":"2016-01-14T16:25:11.535Z"},{"date":"1990 JUL","value":"91.1","year":"1990","month":"July","quarter":"","sourceDataset":"CSDB","updateDate":"2016-01-14T16:25:11.535Z"},{"date":"1990 AUG","value":"92.2","year":"1990","month":"August","quarter":"","sourceDataset":"CSDB","updateDate":"2016-01-14T16:25:11.535Z"},{"date":"1990 SEP","value":"93.0","year":"1990","month":"September","quarter":"","sourceDataset":"CSDB","updateDate":"2016-01-14T16:25:11.535Z"},{"date":"1990 OCT","value":"93.5","year":"1990","month":"October","quarter":"","sourceDataset":"CSDB","updateDate":"2016-01-14T16:25:11.535Z"},{"date":"1990 NOV","value":"94.1","year":"1990","month":"November","quarter":"","sourceDataset":"CSDB","updateDate":"2016-01-14T16:25:11.535Z"},{"date":"1990 DEC","value":"94.6","year":"1990","month":"December","quarter":"","sourceDataset":"CSDB","updateDate":"2016-01-14T16:25:11.535Z"},{"date":"1991 JAN","value":"92.9","year":"1991","month":"January","quarter":"","sourceDataset":"CSDB","updateDate":"2016-01-14T16:25:11.535Z"},{"date":"1991 FEB","value":"94.0","year":"1991","month":"February","quarter":"","sourceDataset":"CSDB","updateDate":"2016-01-14T16:25:11.535Z"},{"date":"1991 MAR","value":"95.0","year":"1991","month":"March","quarter":"","sourceDataset":"CSDB","updateDate":"2016-01-14T16:25:11.535Z"},{"date":"1991 APR","value":"96.5","year":"1991","month":"April","quarter":"","sourceDataset":"CSDB","updateDate":"2016-01-14T16:25:11.535Z"},{"date":"1991 MAY","value":"97.7","year":"1991","month":"May","quarter":"","sourceDataset":"CSDB","updateDate":"2016-01-14T16:25:11.535Z"},{"date":"1991 JUN","value":"98.1","year":"1991","month":"June","quarter":"","sourceDataset":"CSDB","updateDate":"2016-01-14T16:25:11.535Z"},{"date":"1991 JUL","value":"96.9","year":"1991","month":"July","quarter":"","sourceDataset":"CSDB","updateDate":"2016-01-14T16:25:11.535Z"},{"date":"1991 AUG","value":"98.5","year":"1991","month":"August","quarter":"","sourceDataset":"CSDB","updateDate":"2016-01-14T16:25:11.535Z"},{"date":"1991 SEP","value":"98.9","year":"1991","month":"September","quarter":"","sourceDataset":"CSDB","updateDate":"2016-01-14T16:25:11.535Z"},{"date":"1991 OCT","value":"99.2","year":"1991","month":"October","quarter":"","sourceDataset":"CSDB","updateDate":"2016-01-14T16:25:11.535Z"},{"date":"1991 NOV","value":"99.5","year":"1991","month":"November","quarter":"","sourceDataset":"CSDB","updateDate":"2016-01-14T16:25:11.535Z"},{"date":"1991 DEC","value":"100.0","year":"1991","month":"December","quarter":"","sourceDataset":"CSDB","updateDate":"2016-01-14T16:25:11.535Z"},{"date":"1992 JAN","value":"97.9","year":"1992","month":"January","quarter":"","sourceDataset":"CSDB","updateDate":"2016-01-14T16:25:11.535Z"},{"date":"1992 FEB","value":"98.7","year":"1992","month":"February","quarter":"","sourceDataset":"CSDB","updateDate":"2016-01-14T16:25:11.535Z"},{"date":"1992 MAR","value":"99.6","year":"1992","month":"March","quarter":"","sourceDataset":"CSDB","updateDate":"2016-01-14T16:25:11.535Z"},{"date":"1992 APR","value":"99.6","year":"1992","month":"April","quarter":"","sourceDataset":"CSDB","updateDate":"2016-01-14T16:25:11.535Z"},{"date":"1992 MAY","value":"99.8","year":"1992","month":"May","quarter":"","sourceDataset":"CSDB","updateDate":"2016-01-14T16:25:11.535Z"},{"date":"1992 JUN","value":"99.5","year":"1992","month":"June","quarter":"","sourceDataset":"CSDB","updateDate":"2016-01-14T16:25:11.535Z"},{"date":"1992 JUL","value":"98.3","year":"1992","month":"July","quarter":"","sourceDataset":"CSDB","updateDate":"2016-01-14T16:25:11.535Z"},{"date":"1992 AUG","value":"99.0","year":"1992","month":"August","quarter":"","sourceDataset":"CSDB","updateDate":"2016-01-14T16:25:11.535Z"},{"date":"1992 SEP","value":"100.0","year":"1992","month":"September","quarter":"","sourceDataset":"CSDB","updateDate":"2016-01-14T16:25:11.535Z"},{"date":"1992 OCT","value":"100.2","year":"1992","month":"October","quarter":"","sourceDataset":"CSDB","updateDate":"2016-01-14T16:25:11.535Z"},{"date":"1992 NOV","value":"100.5","year":"1992","month":"November","quarter":"","sourceDataset":"CSDB","updateDate":"2016-01-14T16:25:11.536Z"},{"date":"1992 DEC","value":"101.2","year":"1992","month":"December","quarter":"","sourceDataset":"CSDB","updateDate":"2016-01-14T16:25:11.536Z"},{"date":"1993 JAN","value":"98.3","year":"1993","month":"January","quarter":"","sourceDataset":"CSDB","updateDate":"2016-01-14T16:25:11.536Z"},{"date":"1993 FEB","value":"99.0","year":"1993","month":"February","quarter":"","sourceDataset":"CSDB","updateDate":"2016-01-14T16:25:11.536Z"},{"date":"1993 MAR","value":"99.8","year":"1993","month":"March","quarter":"","sourceDataset":"CSDB","updateDate":"2016-01-14T16:25:11.536Z"},{"date":"1993 APR","value":"100.2","year":"1993","month":"April","quarter":"","sourceDataset":"CSDB","updateDate":"2016-01-14T16:25:11.536Z"},{"date":"1993 MAY","value":"100.4","year":"1993","month":"May","quarter":"","sourceDataset":"CSDB","updateDate":"2016-01-14T16:25:11.536Z"},{"date":"1993 JUN","value":"99.7","year":"1993","month":"June","quarter":"","sourceDataset":"CSDB","updateDate":"2016-01-14T16:25:11.536Z"},{"date":"1993 JUL","value":"98.0","year":"1993","month":"July","quarter":"","sourceDataset":"CSDB","updateDate":"2016-01-14T16:25:11.536Z"},{"date":"1993 AUG","value":"99.1","year":"1993","month":"August","quarter":"","sourceDataset":"CSDB","updateDate":"2016-01-14T16:25:11.536Z"},{"date":"1993 SEP","value":"99.6","year":"1993","month":"September","quarter":"","sourceDataset":"CSDB","updateDate":"2016-01-14T16:25:11.536Z"},{"date":"1993 OCT","value":"99.4","year":"1993","month":"October","quarter":"","sourceDataset":"CSDB","updateDate":"2016-01-14T16:25:11.536Z"},{"date":"1993 NOV","value":"99.9","year":"1993","month":"November","quarter":"","sourceDataset":"CSDB","updateDate":"2016-01-14T16:25:11.536Z"},{"date":"1993 DEC","value":"100.3","year":"1993","month":"December","quarter":"","sourceDataset":"CSDB","updateDate":"2016-01-14T16:25:11.536Z"},{"date":"1994 JAN","value":"97.7","year":"1994","month":"January","quarter":"","sourceDataset":"CSDB","updateDate":"2016-01-14T16:25:11.536Z"},{"date":"1994 FEB","value":"98.2","year":"1994","month":"February","quarter":"","sourceDataset":"CSDB","updateDate":"2016-01-14T16:25:11.536Z"},{"date":"1994 MAR","value":"99.3","year":"1994","month":"March","quarter":"","sourceDataset":"CSDB","updateDate":"2016-01-14T16:25:11.536Z"},{"date":"1994 APR","value":"98.9","year":"1994","month":"April","quarter":"","sourceDataset":"CSDB","updateDate":"2016-01-14T16:25:11.536Z"},{"date":"1994 MAY","value":"99.1","year":"1994","month":"May","quarter":"","sourceDataset":"CSDB","updateDate":"2016-01-14T16:25:11.536Z"},{"date":"1994 JUN","value":"98.9","year":"1994","month":"June","quarter":"","sourceDataset":"CSDB","updateDate":"2016-01-14T16:25:11.536Z"},{"date":"1994 JUL","value":"96.9","year":"1994","month":"July","quarter":"","sourceDataset":"CSDB","updateDate":"2016-01-14T16:25:11.536Z"},{"date":"1994 AUG","value":"98.4","year":"1994","month":"August","quarter":"","sourceDataset":"CSDB","updateDate":"2016-01-14T16:25:11.536Z"},{"date":"1994 SEP","value":"98.8","year":"1994","month":"September","quarter":"","sourceDataset":"CSDB","updateDate":"2016-01-14T16:25:11.536Z"},{"date":"1994 OCT","value":"98.6","year":"1994","month":"October","quarter":"","sourceDataset":"CSDB","updateDate":"2016-01-14T16:25:11.536Z"},{"date":"1994 NOV","value":"99.5","year":"1994","month":"November","quarter":"","sourceDataset":"CSDB","updateDate":"2016-01-14T16:25:11.536Z"},{"date":"1994 DEC","value":"100.1","year":"1994","month":"December","quarter":"","sourceDataset":"CSDB","updateDate":"2016-01-14T16:25:11.536Z"},{"date":"1995 JAN","value":"97.7","year":"1995","month":"January","quarter":"","sourceDataset":"CSDB","updateDate":"2016-01-14T16:25:11.536Z"},{"date":"1995 FEB","value":"99.0","year":"1995","month":"February","quarter":"","sourceDataset":"CSDB","updateDate":"2016-01-14T16:25:11.536Z"},{"date":"1995 MAR","value":"100.2","year":"1995","month":"March","quarter":"","sourceDataset":"CSDB","updateDate":"2016-01-14T16:25:11.536Z"},{"date":"1995 APR","value":"100.0","year":"1995","month":"April","quarter":"","sourceDataset":"CSDB","updateDate":"2016-01-14T16:25:11.536Z"},{"date":"1995 MAY","value":"100.9","year":"1995","month":"May","quarter":"","sourceDataset":"CSDB","updateDate":"2016-01-14T16:25:11.536Z"},{"date":"1995 JUN","value":"100.6","year":"1995","month":"June","quarter":"","sourceDataset":"CSDB","updateDate":"2016-01-14T16:25:11.536Z"},{"date":"1995 JUL","value":"99.2","year":"1995","month":"July","quarter":"","sourceDataset":"CSDB","updateDate":"2016-01-14T16:25:11.536Z"},{"date":"1995 AUG","value":"100.4","year":"1995","month":"August","quarter":"","sourceDataset":"CSDB","updateDate":"2016-01-14T16:25:11.536Z"},{"date":"1995 SEP","value":"101.4","year":"1995","month":"September","quarter":"","sourceDataset":"CSDB","updateDate":"2016-01-14T16:25:11.536Z"},{"date":"1995 OCT","value":"101.5","year":"1995","month":"October","quarter":"","sourceDataset":"CSDB","updateDate":"2016-01-14T16:25:11.536Z"},{"date":"1995 NOV","value":"102.4","year":"1995","month":"November","quarter":"","sourceDataset":"CSDB","updateDate":"2016-01-14T16:25:11.536Z"},{"date":"1995 DEC","value":"103.5","year":"1995","month":"December","quarter":"","sourceDataset":"CSDB","updateDate":"2016-01-14T16:25:11.536Z"},{"date":"1996 JAN","value":"100.1","year":"1996","month":"January","quarter":"","sourceDataset":"CSDB","updateDate":"2016-01-14T16:25:11.536Z"},{"date":"1996 FEB","value":"101.4","year":"1996","month":"February","quarter":"","sourceDataset":"CSDB","updateDate":"2016-01-14T16:25:11.536Z"},{"date":"1996 MAR","value":"102.9","year":"1996","month":"March","quarter":"","sourceDataset":"CSDB","updateDate":"2016-01-14T16:25:11.536Z"},{"date":"1996 APR","value":"102.3","year":"1996","month":"April","quarter":"","sourceDataset":"CSDB","updateDate":"2016-01-14T16:25:11.536Z"},{"date":"1996 MAY","value":"103.0","year":"1996","month":"May","quarter":"","sourceDataset":"CSDB","updateDate":"2016-01-14T16:25:11.536Z"},{"date":"1996 JUN","value":"103.0","year":"1996","month":"June","quarter":"","sourceDataset":"CSDB","updateDate":"2016-01-14T16:25:11.536Z"},{"date":"1996 JUL","value":"101.3","year":"1996","month":"July","quarter":"","sourceDataset":"CSDB","updateDate":"2016-01-14T16:25:11.536Z"},{"date":"1996 AUG","value":"102.3","year":"1996","month":"August","quarter":"","sourceDataset":"CSDB","updateDate":"2016-01-14T16:25:11.536Z"},{"date":"1996 SEP","value":"103.0","year":"1996","month":"September","quarter":"","sourceDataset":"CSDB","updateDate":"2016-01-14T16:25:11.536Z"},{"date":"1996 OCT","value":"102.6","year":"1996","month":"October","quarter":"","sourceDataset":"CSDB","updateDate":"2016-01-14T16:25:11.536Z"},{"date":"1996 NOV","value":"103.6","year":"1996","month":"November","quarter":"","sourceDataset":"CSDB","updateDate":"2016-01-14T16:25:11.536Z"},{"date":"1996 DEC","value":"104.6","year":"1996","month":"December","quarter":"","sourceDataset":"CSDB","updateDate":"2016-01-14T16:25:11.536Z"},{"date":"1997 JAN","value":"100.8","year":"1997","month":"January","quarter":"","sourceDataset":"CSDB","updateDate":"2016-01-14T16:25:11.536Z"},{"date":"1997 FEB","value":"101.4","year":"1997","month":"February","quarter":"","sourceDataset":"CSDB","updateDate":"2016-01-14T16:25:11.536Z"},{"date":"1997 MAR","value":"103.6","year":"1997","month":"March","quarter":"","sourceDataset":"CSDB","updateDate":"2016-01-14T16:25:11.536Z"},{"date":"1997 APR","value":"102.9","year":"1997","month":"April","quarter":"","sourceDataset":"CSDB","updateDate":"2016-01-14T16:25:11.536Z"},{"date":"1997 MAY","value":"103.3","year":"1997","month":"May","quarter":"","sourceDataset":"CSDB","updateDate":"2016-01-14T16:25:11.536Z"},{"date":"1997 JUN","value":"103.1","year":"1997","month":"June","quarter":"","sourceDataset":"CSDB","updateDate":"2016-01-14T16:25:11.536Z"},{"date":"1997 JUL","value":"101.5","year":"1997","month":"July","quarter":"","sourceDataset":"CSDB","updateDate":"2016-01-14T16:25:11.536Z"},{"date":"1997 AUG","value":"102.7","year":"1997","month":"August","quarter":"","sourceDataset":"CSDB","updateDate":"2016-01-14T16:25:11.536Z"},{"date":"1997 SEP","value":"103.3","year":"1997","month":"September","quarter":"","sourceDataset":"CSDB","updateDate":"2016-01-14T16:25:11.536Z"},{"date":"1997 OCT","value":"103.0","year":"1997","month":"October","quarter":"","sourceDataset":"CSDB","updateDate":"2016-01-14T16:25:11.536Z"},{"date":"1997 NOV","value":"104.1","year":"1997","month":"November","quarter":"","sourceDataset":"CSDB","updateDate":"2016-01-14T16:25:11.536Z"},{"date":"1997 DEC","value":"105.3","year":"1997","month":"December","quarter":"","sourceDataset":"CSDB","updateDate":"2016-01-14T16:25:11.536Z"},{"date":"1998 JAN","value":"101.1","year":"1998","month":"January","quarter":"","sourceDataset":"CSDB","updateDate":"2016-01-14T16:25:11.536Z"},{"date":"1998 FEB","value":"102.3","year":"1998","month":"February","quarter":"","sourceDataset":"CSDB","updateDate":"2016-01-14T16:25:11.536Z"},{"date":"1998 MAR","value":"104.2","year":"1998","month":"March","quarter":"","sourceDataset":"CSDB","updateDate":"2016-01-14T16:25:11.536Z"},{"date":"1998 APR","value":"102.8","year":"1998","month":"April","quarter":"","sourceDataset":"CSDB","updateDate":"2016-01-14T16:25:11.536Z"},{"date":"1998 MAY","value":"103.8","year":"1998","month":"May","quarter":"","sourceDataset":"CSDB","updateDate":"2016-01-14T16:25:11.536Z"},{"date":"1998 JUN","value":"103.2","year":"1998","month":"June","quarter":"","sourceDataset":"CSDB","updateDate":"2016-01-14T16:25:11.536Z"},{"date":"1998 JUL","value":"102.0","year":"1998","month":"July","quarter":"","sourceDataset":"CSDB","updateDate":"2016-01-14T16:25:11.536Z"},{"date":"1998 AUG","value":"102.5","year":"1998","month":"August","quarter":"","sourceDataset":"CSDB","updateDate":"2016-01-14T16:25:11.536Z"},{"date":"1998 SEP","value":"103.3","year":"1998","month":"September","quarter":"","sourceDataset":"CSDB","updateDate":"2016-01-14T16:25:11.536Z"},{"date":"1998 OCT","value":"102.6","year":"1998","month":"October","quarter":"","sourceDataset":"CSDB","updateDate":"2016-01-14T16:25:11.536Z"},{"date":"1998 NOV","value":"104.0","year":"1998","month":"November","quarter":"","sourceDataset":"CSDB","updateDate":"2016-01-14T16:25:11.536Z"},{"date":"1998 DEC","value":"106.5","year":"1998","month":"December","quarter":"","sourceDataset":"CSDB","updateDate":"2016-01-14T16:25:11.536Z"},{"date":"1999 JAN","value":"101.3","year":"1999","month":"January","quarter":"","sourceDataset":"CSDB","updateDate":"2016-01-14T16:25:11.536Z"},{"date":"1999 FEB","value":"102.5","year":"1999","month":"February","quarter":"","sourceDataset":"CSDB","updateDate":"2016-01-14T16:25:11.536Z"},{"date":"1999 MAR","value":"104.2","year":"1999","month":"March","quarter":"","sourceDataset":"CSDB","updateDate":"2016-01-14T16:25:11.536Z"},{"date":"1999 APR","value":"102.6","year":"1999","month":"April","quarter":"","sourceDataset":"CSDB","updateDate":"2016-01-14T16:25:11.536Z"},{"date":"1999 MAY","value":"103.6","year":"1999","month":"May","quarter":"","sourceDataset":"CSDB","updateDate":"2016-01-14T16:25:11.536Z"},{"date":"1999 JUN","value":"102.8","year":"1999","month":"June","quarter":"","sourceDataset":"CSDB","updateDate":"2016-01-14T16:25:11.536Z"},{"date":"1999 JUL","value":"101.2","year":"1999","month":"July","quarter":"","sourceDataset":"CSDB","updateDate":"2016-01-14T16:25:11.536Z"},{"date":"1999 AUG","value":"102.0","year":"1999","month":"August","quarter":"","sourceDataset":"CSDB","updateDate":"2016-01-14T16:25:11.536Z"},{"date":"1999 SEP","value":"102.8","year":"1999","month":"September","quarter":"","sourceDataset":"CSDB","updateDate":"2016-01-14T16:25:11.536Z"},{"date":"1999 OCT","value":"102.0","year":"1999","month":"October","quarter":"","sourceDataset":"CSDB","updateDate":"2016-01-14T16:25:11.536Z"},{"date":"1999 NOV","value":"103.4","year":"1999","month":"November","quarter":"","sourceDataset":"CSDB","updateDate":"2016-01-14T16:25:11.536Z"},{"date":"1999 DEC","value":"105.5","year":"1999","month":"December","quarter":"","sourceDataset":"CSDB","updateDate":"2016-01-14T16:25:11.536Z"},{"date":"2000 JAN","value":"100.1","year":"2000","month":"January","quarter":"","sourceDataset":"CSDB","updateDate":"2016-01-14T16:25:11.536Z"},{"date":"2000 FEB","value":"100.6","year":"2000","month":"February","quarter":"","sourceDataset":"CSDB","updateDate":"2016-01-14T16:25:11.536Z"},{"date":"2000 MAR","value":"101.7","year":"2000","month":"March","quarter":"","sourceDataset":"CSDB","updateDate":"2016-01-14T16:25:11.536Z"},{"date":"2000 APR","value":"101.6","year":"2000","month":"April","quarter":"","sourceDataset":"CSDB","updateDate":"2016-01-14T16:25:11.536Z"},{"date":"2000 MAY","value":"101.8","year":"2000","month":"May","quarter":"","sourceDataset":"CSDB","updateDate":"2016-01-14T16:25:11.536Z"},{"date":"2000 JUN","value":"101.2","year":"2000","month":"June","quarter":"","sourceDataset":"CSDB","updateDate":"2016-01-14T16:25:11.536Z"},{"date":"2000 JUL","value":"99.2","year":"2000","month":"July","quarter":"","sourceDataset":"CSDB","updateDate":"2016-01-14T16:25:11.536Z"},{"date":"2000 AUG","value":"99.8","year":"2000","month":"August","quarter":"","sourceDataset":"CSDB","updateDate":"2016-01-14T16:25:11.536Z"},{"date":"2000 SEP","value":"101.4","year":"2000","month":"September","quarter":"","sourceDataset":"CSDB","updateDate":"2016-01-14T16:25:11.536Z"},{"date":"2000 OCT","value":"100.3","year":"2000","month":"October","quarter":"","sourceDataset":"CSDB","updateDate":"2016-01-14T16:25:11.536Z"},{"date":"2000 NOV","value":"101.5","year":"2000","month":"November","quarter":"","sourceDataset":"CSDB","updateDate":"2016-01-14T16:25:11.536Z"},{"date":"2000 DEC","value":"103.1","year":"2000","month":"December","quarter":"","sourceDataset":"CSDB","updateDate":"2016-01-14T16:25:11.536Z"},{"date":"2001 JAN","value":"99.1","year":"2001","month":"January","quarter":"","sourceDataset":"CSDB","updateDate":"2016-01-14T16:25:11.536Z"},{"date":"2001 FEB","value":"100.0","year":"2001","month":"February","quarter":"","sourceDataset":"CSDB","updateDate":"2016-01-14T16:25:11.536Z"},{"date":"2001 MAR","value":"101.4","year":"2001","month":"March","quarter":"","sourceDataset":"CSDB","updateDate":"2016-01-14T16:25:11.536Z"},{"date":"2001 APR","value":"100.8","year":"2001","month":"April","quarter":"","sourceDataset":"CSDB","updateDate":"2016-01-14T16:25:11.536Z"},{"date":"2001 MAY","value":"101.5","year":"2001","month":"May","quarter":"","sourceDataset":"CSDB","updateDate":"2016-01-14T16:25:11.536Z"},{"date":"2001 JUN","value":"101.3","year":"2001","month":"June","quarter":"","sourceDataset":"CSDB","updateDate":"2016-01-14T16:25:11.536Z"},{"date":"2001 JUL","value":"99.3","year":"2001","month":"July","quarter":"","sourceDataset":"CSDB","updateDate":"2016-01-14T16:25:11.536Z"},{"date":"2001 AUG","value":"100.2","year":"2001","month":"August","quarter":"","sourceDataset":"CSDB","updateDate":"2016-01-14T16:25:11.536Z"},{"date":"2001 SEP","value":"101.6","year":"2001","month":"September","quarter":"","sourceDataset":"CSDB","updateDate":"2016-01-14T16:25:11.536Z"},{"date":"2001 OCT","value":"100.6","year":"2001","month":"October","quarter":"","sourceDataset":"CSDB","updateDate":"2016-01-14T16:25:11.536Z"},{"date":"2001 NOV","value":"101.9","year":"2001","month":"November","quarter":"","sourceDataset":"CSDB","updateDate":"2016-01-14T16:25:11.536Z"},{"date":"2001 DEC","value":"103.5","year":"2001","month":"December","quarter":"","sourceDataset":"CSDB","updateDate":"2016-01-14T16:25:11.536Z"},{"date":"2002 JAN","value":"100.0","year":"2002","month":"January","quarter":"","sourceDataset":"CSDB","updateDate":"2016-01-14T16:25:11.536Z"},{"date":"2002 FEB","value":"100.9","year":"2002","month":"February","quarter":"","sourceDataset":"CSDB","updateDate":"2016-01-14T16:25:11.536Z"},{"date":"2002 MAR","value":"102.3","year":"2002","month":"March","quarter":"","sourceDataset":"CSDB","updateDate":"2016-01-14T16:25:11.536Z"},{"date":"2002 APR","value":"101.0","year":"2002","month":"April","quarter":"","sourceDataset":"CSDB","updateDate":"2016-01-14T16:25:11.536Z"},{"date":"2002 MAY","value":"101.8","year":"2002","month":"May","quarter":"","sourceDataset":"CSDB","updateDate":"2016-01-14T16:25:11.536Z"},{"date":"2002 JUN","value":"101.0","year":"2002","month":"June","quarter":"","sourceDataset":"CSDB","updateDate":"2016-01-14T16:25:11.536Z"},{"date":"2002 JUL","value":"99.7","year":"2002","month":"July","quarter":"","sourceDataset":"CSDB","updateDate":"2016-01-14T16:25:11.536Z"},{"date":"2002 AUG","value":"100.1","year":"2002","month":"August","quarter":"","sourceDataset":"CSDB","updateDate":"2016-01-14T16:25:11.536Z"},{"date":"2002 SEP","value":"101.3","year":"2002","month":"September","quarter":"","sourceDataset":"CSDB","updateDate":"2016-01-14T16:25:11.536Z"},{"date":"2002 OCT","value":"100.4","year":"2002","month":"October","quarter":"","sourceDataset":"CSDB","updateDate":"2016-01-14T16:25:11.536Z"},{"date":"2002 NOV","value":"101.2","year":"2002","month":"November","quarter":"","sourceDataset":"CSDB","updateDate":"2016-01-14T16:25:11.536Z"},{"date":"2002 DEC","value":"102.7","year":"2002","month":"December","quarter":"","sourceDataset":"CSDB","updateDate":"2016-01-14T16:25:11.536Z"},{"date":"2003 JAN","value":"99.2","year":"2003","month":"January","quarter":"","sourceDataset":"CSDB","updateDate":"2016-01-14T16:25:11.536Z"},{"date":"2003 FEB","value":"99.9","year":"2003","month":"February","quarter":"","sourceDataset":"CSDB","updateDate":"2016-01-14T16:25:11.536Z"},{"date":"2003 MAR","value":"101.4","year":"2003","month":"March","quarter":"","sourceDataset":"CSDB","updateDate":"2016-01-14T16:25:11.536Z"},{"date":"2003 APR","value":"100.0","year":"2003","month":"April","quarter":"","sourceDataset":"CSDB","updateDate":"2016-01-14T16:25:11.536Z"},{"date":"2003 MAY","value":"101.2","year":"2003","month":"May","quarter":"","sourceDataset":"CSDB","updateDate":"2016-01-14T16:25:11.536Z"},{"date":"2003 JUN","value":"100.7","year":"2003","month":"June","quarter":"","sourceDataset":"CSDB","updateDate":"2016-01-14T16:25:11.536Z"},{"date":"2003 JUL","value":"99.5","year":"2003","month":"July","quarter":"","sourceDataset":"CSDB","updateDate":"2016-01-14T16:25:11.536Z"},{"date":"2003 AUG","value":"99.8","year":"2003","month":"August","quarter":"","sourceDataset":"CSDB","updateDate":"2016-01-14T16:25:11.536Z"},{"date":"2003 SEP","value":"100.9","year":"2003","month":"September","quarter":"","sourceDataset":"CSDB","updateDate":"2016-01-14T16:25:11.536Z"},{"date":"2003 OCT","value":"100.1","year":"2003","month":"October","quarter":"","sourceDataset":"CSDB","updateDate":"2016-01-14T16:25:11.536Z"},{"date":"2003 NOV","value":"100.8","year":"2003","month":"November","quarter":"","sourceDataset":"CSDB","updateDate":"2016-01-14T16:25:11.536Z"},{"date":"2003 DEC","value":"102.0","year":"2003","month":"December","quarter":"","sourceDataset":"CSDB","updateDate":"2016-01-14T16:25:11.536Z"},{"date":"2004 JAN","value":"99.0","year":"2004","month":"January","quarter":"","sourceDataset":"CSDB","updateDate":"2016-01-14T16:25:11.536Z"},{"date":"2004 FEB","value":"100.2","year":"2004","month":"February","quarter":"","sourceDataset":"CSDB","updateDate":"2016-01-14T16:25:11.536Z"},{"date":"2004 MAR","value":"100.7","year":"2004","month":"March","quarter":"","sourceDataset":"CSDB","updateDate":"2016-01-14T16:25:11.536Z"},{"date":"2004 APR","value":"100.3","year":"2004","month":"April","quarter":"","sourceDataset":"CSDB","updateDate":"2016-01-14T16:25:11.536Z"},{"date":"2004 MAY","value":"101.1","year":"2004","month":"May","quarter":"","sourceDataset":"CSDB","updateDate":"2016-01-14T16:25:11.536Z"},{"date":"2004 JUN","value":"101.0","year":"2004","month":"June","quarter":"","sourceDataset":"CSDB","updateDate":"2016-01-14T16:25:11.536Z"},{"date":"2004 JUL","value":"98.9","year":"2004","month":"July","quarter":"","sourceDataset":"CSDB","updateDate":"2016-01-14T16:25:11.536Z"},{"date":"2004 AUG","value":"99.4","year":"2004","month":"August","quarter":"","sourceDataset":"CSDB","updateDate":"2016-01-14T16:25:11.536Z"},{"date":"2004 SEP","value":"100.5","year":"2004","month":"September","quarter":"","sourceDataset":"CSDB","updateDate":"2016-01-14T16:25:11.536Z"},{"date":"2004 OCT","value":"99.6","year":"2004","month":"October","quarter":"","sourceDataset":"CSDB","updateDate":"2016-01-14T16:25:11.536Z"},{"date":"2004 NOV","value":"100.4","year":"2004","month":"November","quarter":"","sourceDataset":"CSDB","updateDate":"2016-01-14T16:25:11.536Z"},{"date":"2004 DEC","value":"102.7","year":"2004","month":"December","quarter":"","sourceDataset":"CSDB","updateDate":"2016-01-14T16:25:11.536Z"},{"date":"2005 JAN","value":"98.6","year":"2005","month":"January","quarter":"","sourceDataset":"CSDB","updateDate":"2016-01-14T16:25:11.536Z"},{"date":"2005 FEB","value":"99.0","year":"2005","month":"February","quarter":"","sourceDataset":"CSDB","updateDate":"2016-01-14T16:25:11.536Z"},{"date":"2005 MAR","value":"100.7","year":"2005","month":"March","quarter":"","sourceDataset":"CSDB","updateDate":"2016-01-14T16:25:11.536Z"},{"date":"2005 APR","value":"99.3","year":"2005","month":"April","quarter":"","sourceDataset":"CSDB","updateDate":"2016-01-14T16:25:11.536Z"},{"date":"2005 MAY","value":"100.1","year":"2005","month":"May","quarter":"","sourceDataset":"CSDB","updateDate":"2016-01-14T16:25:11.536Z"},{"date":"2005 JUN","value":"100.4","year":"2005","month":"June","quarter":"","sourceDataset":"CSDB","updateDate":"2016-01-14T16:25:11.536Z"},{"date":"2005 JUL","value":"99.4","year":"2005","month":"July","quarter":"","sourceDataset":"CSDB","updateDate":"2016-01-14T16:25:11.536Z"},{"date":"2005 AUG","value":"99.6","year":"2005","month":"August","quarter":"","sourceDataset":"CSDB","updateDate":"2016-01-14T16:25:11.536Z"},{"date":"2005 SEP","value":"100.2","year":"2005","month":"September","quarter":"","sourceDataset":"CSDB","updateDate":"2016-01-14T16:25:11.536Z"},{"date":"2005 OCT","value":"99.4","year":"2005","month":"October","quarter":"","sourceDataset":"CSDB","updateDate":"2016-01-14T16:25:11.536Z"},{"date":"2005 NOV","value":"100.5","year":"2005","month":"November","quarter":"","sourceDataset":"CSDB","updateDate":"2016-01-14T16:25:11.536Z"},{"date":"2005 DEC","value":"102.8","year":"2005","month":"December","quarter":"","sourceDataset":"CSDB","updateDate":"2016-01-14T16:25:11.536Z"},{"date":"2006 JAN","value":"97.8","year":"2006","month":"January","quarter":"","sourceDataset":"CSDB","updateDate":"2016-01-14T16:25:11.536Z"},{"date":"2006 FEB","value":"98.5","year":"2006","month":"February","quarter":"","sourceDataset":"CSDB","updateDate":"2016-01-14T16:25:11.536Z"},{"date":"2006 MAR","value":"100.3","year":"2006","month":"March","quarter":"","sourceDataset":"CSDB","updateDate":"2016-01-14T16:25:11.536Z"},{"date":"2006 APR","value":"98.5","year":"2006","month":"April","quarter":"","sourceDataset":"CSDB","updateDate":"2016-01-14T16:25:11.536Z"},{"date":"2006 MAY","value":"99.3","year":"2006","month":"May","quarter":"","sourceDataset":"CSDB","updateDate":"2016-01-14T16:25:11.536Z"},{"date":"2006 JUN","value":"100.2","year":"2006","month":"June","quarter":"","sourceDataset":"CSDB","updateDate":"2016-01-14T16:25:11.536Z"},{"date":"2006 JUL","value":"98.1","year":"2006","month":"July","quarter":"","sourceDataset":"CSDB","updateDate":"2016-01-14T16:25:11.536Z"},{"date":"2006 AUG","value":"99.1","year":"2006","month":"August","quarter":"","sourceDataset":"CSDB","updateDate":"2016-01-14T16:25:11.536Z"},{"date":"2006 SEP","value":"100.6","year":"2006","month":"September","quarter":"","sourceDataset":"CSDB","updateDate":"2016-01-14T16:25:11.536Z"},{"date":"2006 OCT","value":"99.0","year":"2006","month":"October","quarter":"","sourceDataset":"CSDB","updateDate":"2016-01-14T16:25:11.536Z"},{"date":"2006 NOV","value":"100.0","year":"2006","month":"November","quarter":"","sourceDataset":"CSDB","updateDate":"2016-01-14T16:25:11.536Z"},{"date":"2006 DEC","value":"103.3","year":"2006","month":"December","quarter":"","sourceDataset":"CSDB","updateDate":"2016-01-14T16:25:11.536Z"},{"date":"2007 JAN","value":"98.3","year":"2007","month":"January","quarter":"","sourceDataset":"CSDB","updateDate":"2016-01-14T16:25:11.536Z"},{"date":"2007 FEB","value":"99.6","year":"2007","month":"February","quarter":"","sourceDataset":"CSDB","updateDate":"2016-01-14T16:25:11.536Z"},{"date":"2007 MAR","value":"102.9","year":"2007","month":"March","quarter":"","sourceDataset":"CSDB","updateDate":"2016-01-14T16:25:11.536Z"},{"date":"2007 APR","value":"100.7","year":"2007","month":"April","quarter":"","sourceDataset":"CSDB","updateDate":"2016-01-14T16:25:11.536Z"},{"date":"2007 MAY","value":"101.8","year":"2007","month":"May","quarter":"","sourceDataset":"CSDB","updateDate":"2016-01-14T16:25:11.536Z"},{"date":"2007 JUN","value":"104.0","year":"2007","month":"June","quarter":"","sourceDataset":"CSDB","updateDate":"2016-01-14T16:25:11.536Z"},{"date":"2007 JUL","value":"99.7","year":"2007","month":"July","quarter":"","sourceDataset":"CSDB","updateDate":"2016-01-14T16:25:11.536Z"},{"date":"2007 AUG","value":"100.3","year":"2007","month":"August","quarter":"","sourceDataset":"CSDB","updateDate":"2016-01-14T16:25:11.536Z"},{"date":"2007 SEP","value":"102.1","year":"2007","month":"September","quarter":"","sourceDataset":"CSDB","updateDate":"2016-01-14T16:25:11.536Z"},{"date":"2007 OCT","value":"100.8","year":"2007","month":"October","quarter":"","sourceDataset":"CSDB","updateDate":"2016-01-14T16:25:11.536Z"},{"date":"2007 NOV","value":"101.6","year":"2007","month":"November","quarter":"","sourceDataset":"CSDB","updateDate":"2016-01-14T16:25:11.536Z"},{"date":"2007 DEC","value":"104.2","year":"2007","month":"December","quarter":"","sourceDataset":"CSDB","updateDate":"2016-01-14T16:25:11.536Z"},{"date":"2008 JAN","value":"100.0","year":"2008","month":"January","quarter":"","sourceDataset":"CSDB","updateDate":"2016-01-14T16:25:11.536Z"},{"date":"2008 FEB","value":"101.3","year":"2008","month":"February","quarter":"","sourceDataset":"CSDB","updateDate":"2016-01-14T16:25:11.536Z"},{"date":"2008 MAR","value":"103.5","year":"2008","month":"March","quarter":"","sourceDataset":"CSDB","updateDate":"2016-01-14T16:25:11.536Z"},{"date":"2008 APR","value":"102.1","year":"2008","month":"April","quarter":"","sourceDataset":"CSDB","updateDate":"2016-01-14T16:25:11.536Z"},{"date":"2008 MAY","value":"103.5","year":"2008","month":"May","quarter":"","sourceDataset":"CSDB","updateDate":"2016-01-14T16:25:11.536Z"},{"date":"2008 JUN","value":"105.9","year":"2008","month":"June","quarter":"","sourceDataset":"CSDB","updateDate":"2016-01-14T16:25:11.536Z"},{"date":"2008 JUL","value":"102.6","year":"2008","month":"July","quarter":"","sourceDataset":"CSDB","updateDate":"2016-01-14T16:25:11.536Z"},{"date":"2008 AUG","value":"103.4","year":"2008","month":"August","quarter":"","sourceDataset":"CSDB","updateDate":"2016-01-14T16:25:11.536Z"},{"date":"2008 SEP","value":"105.1","year":"2008","month":"September","quarter":"","sourceDataset":"CSDB","updateDate":"2016-01-14T16:25:11.536Z"},{"date":"2008 OCT","value":"104.0","year":"2008","month":"October","quarter":"","sourceDataset":"CSDB","updateDate":"2016-01-14T16:25:11.536Z"},{"date":"2008 NOV","value":"104.7","year":"2008","month":"November","quarter":"","sourceDataset":"CSDB","updateDate":"2016-01-14T16:25:11.536Z"},{"date":"2008 DEC","value":"105.0","year":"2008","month":"December","quarter":"","sourceDataset":"CSDB","updateDate":"2016-01-14T16:25:11.536Z"},{"date":"2009 JAN","value":"102.1","year":"2009","month":"January","quarter":"","sourceDataset":"CSDB","updateDate":"2016-01-14T16:25:11.536Z"},{"date":"2009 FEB","value":"104.6","year":"2009","month":"February","quarter":"","sourceDataset":"CSDB","updateDate":"2016-01-14T16:25:11.536Z"},{"date":"2009 MAR","value":"106.9","year":"2009","month":"March","quarter":"","sourceDataset":"CSDB","updateDate":"2016-01-14T16:25:11.536Z"},{"date":"2009 APR","value":"105.7","year":"2009","month":"April","quarter":"","sourceDataset":"CSDB","updateDate":"2016-01-14T16:25:11.536Z"},{"date":"2009 MAY","value":"106.8","year":"2009","month":"May","quarter":"","sourceDataset":"CSDB","updateDate":"2016-01-14T16:25:11.536Z"},{"date":"2009 JUN","value":"107.9","year":"2009","month":"June","quarter":"","sourceDataset":"CSDB","updateDate":"2016-01-14T16:25:11.536Z"},{"date":"2009 JUL","value":"105.0","year":"2009","month":"July","quarter":"","sourceDataset":"CSDB","updateDate":"2016-01-14T16:25:11.536Z"},{"date":"2009 AUG","value":"106.5","year":"2009","month":"August","quarter":"","sourceDataset":"CSDB","updateDate":"2016-01-14T16:25:11.536Z"},{"date":"2009 SEP","value":"108.2","year":"2009","month":"September","quarter":"","sourceDataset":"CSDB","updateDate":"2016-01-14T16:25:11.536Z"},{"date":"2009 OCT","value":"107.4","year":"2009","month":"October","quarter":"","sourceDataset":"CSDB","updateDate":"2016-01-14T16:25:11.536Z"},{"date":"2009 NOV","value":"108.3","year":"2009","month":"November","quarter":"","sourceDataset":"CSDB","updateDate":"2016-01-14T16:25:11.536Z"},{"date":"2009 DEC","value":"110.7","year":"2009","month":"December","quarter":"","sourceDataset":"CSDB","updateDate":"2016-01-14T16:25:11.536Z"},{"date":"2010 JAN","value":"107.3","year":"2010","month":"January","quarter":"","sourceDataset":"CSDB","updateDate":"2016-01-14T16:25:11.536Z"},{"date":"2010 FEB","value":"108.5","year":"2010","month":"February","quarter":"","sourceDataset":"CSDB","updateDate":"2016-01-14T16:25:11.536Z"},{"date":"2010 MAR","value":"110.2","year":"2010","month":"March","quarter":"","sourceDataset":"CSDB","updateDate":"2016-01-14T16:25:11.536Z"},{"date":"2010 APR","value":"108.4","year":"2010","month":"April","quarter":"","sourceDataset":"CSDB","updateDate":"2016-01-14T16:25:11.536Z"},{"date":"2010 MAY","value":"109.7","year":"2010","month":"May","quarter":"","sourceDataset":"CSDB","updateDate":"2016-01-14T16:25:11.536Z"},{"date":"2010 JUN","value":"110.5","year":"2010","month":"June","quarter":"","sourceDataset":"CSDB","updateDate":"2016-01-14T16:25:11.536Z"},{"date":"2010 JUL","value":"108.4","year":"2010","month":"July","quarter":"","sourceDataset":"CSDB","updateDate":"2016-01-14T16:25:11.536Z"},{"date":"2010 AUG","value":"109.5","year":"2010","month":"August","quarter":"","sourceDataset":"CSDB","updateDate":"2016-01-14T16:25:11.536Z"},{"date":"2010 SEP","value":"111.4","year":"2010","month":"September","quarter":"","sourceDataset":"CSDB","updateDate":"2016-01-14T16:25:11.536Z"},{"date":"2010 OCT","value":"110.3","year":"2010","month":"October","quarter":"","sourceDataset":"CSDB","updateDate":"2016-01-14T16:25:11.536Z"},{"date":"2010 NOV","value":"112.1","year":"2010","month":"November","quarter":"","sourceDataset":"CSDB","updateDate":"2016-01-14T16:25:11.536Z"},{"date":"2010 DEC","value":"113.5","year":"2010","month":"December","quarter":"","sourceDataset":"CSDB","updateDate":"2016-01-14T16:25:11.536Z"},{"date":"2011 JAN","value":"111.4","year":"2011","month":"January","quarter":"","sourceDataset":"CSDB","updateDate":"2016-01-14T16:25:11.536Z"},{"date":"2011 FEB","value":"112.9","year":"2011","month":"February","quarter":"","sourceDataset":"CSDB","updateDate":"2016-01-14T16:25:11.536Z"},{"date":"2011 MAR","value":"114.9","year":"2011","month":"March","quarter":"","sourceDataset":"CSDB","updateDate":"2016-01-14T16:25:11.536Z"},{"date":"2011 APR","value":"114.0","year":"2011","month":"April","quarter":"","sourceDataset":"CSDB","updateDate":"2016-01-14T16:25:11.536Z"},{"date":"2011 MAY","value":"114.4","year":"2011","month":"May","quarter":"","sourceDataset":"CSDB","updateDate":"2016-01-14T16:25:11.536Z"},{"date":"2011 JUN","value":"114.9","year":"2011","month":"June","quarter":"","sourceDataset":"CSDB","updateDate":"2016-01-14T16:25:11.536Z"},{"date":"2011 JUL","value":"113.6","year":"2011","month":"July","quarter":"","sourceDataset":"CSDB","updateDate":"2016-01-14T16:25:11.536Z"},{"date":"2011 AUG","value":"115.9","year":"2011","month":"August","quarter":"","sourceDataset":"CSDB","updateDate":"2016-01-14T16:25:11.536Z"},{"date":"2011 SEP","value":"117.3","year":"2011","month":"September","quarter":"","sourceDataset":"CSDB","updateDate":"2016-01-14T16:25:11.536Z"},{"date":"2011 OCT","value":"116.6","year":"2011","month":"October","quarter":"","sourceDataset":"CSDB","updateDate":"2016-01-14T16:25:11.536Z"},{"date":"2011 NOV","value":"117.7","year":"2011","month":"November","quarter":"","sourceDataset":"CSDB","updateDate":"2016-01-14T16:25:11.536Z"},{"date":"2011 DEC","value":"118.9","year":"2011","month":"December","quarter":"","sourceDataset":"CSDB","updateDate":"2016-01-14T16:25:11.536Z"},{"date":"2012 JAN","value":"116.2","year":"2012","month":"January","quarter":"","sourceDataset":"CSDB","updateDate":"2016-01-14T16:25:11.536Z"},{"date":"2012 FEB","value":"118.0","year":"2012","month":"February","quarter":"","sourceDataset":"CSDB","updateDate":"2016-01-14T16:25:11.536Z"},{"date":"2012 MAR","value":"119.6","year":"2012","month":"March","quarter":"","sourceDataset":"CSDB","updateDate":"2016-01-14T16:25:11.536Z"},{"date":"2012 APR","value":"118.1","year":"2012","month":"April","quarter":"","sourceDataset":"CSDB","updateDate":"2016-01-14T16:25:11.536Z"},{"date":"2012 MAY","value":"118.9","year":"2012","month":"May","quarter":"","sourceDataset":"CSDB","updateDate":"2016-01-14T16:25:11.536Z"},{"date":"2012 JUN","value":"118.9","year":"2012","month":"June","quarter":"","sourceDataset":"CSDB","updateDate":"2016-01-14T16:25:11.536Z"},{"date":"2012 JUL","value":"117.7","year":"2012","month":"July","quarter":"","sourceDataset":"CSDB","updateDate":"2016-01-14T16:25:11.536Z"},{"date":"2012 AUG","value":"118.6","year":"2012","month":"August","quarter":"","sourceDataset":"CSDB","updateDate":"2016-01-14T16:25:11.536Z"},{"date":"2012 SEP","value":"119.2","year":"2012","month":"September","quarter":"","sourceDataset":"CSDB","updateDate":"2016-01-14T16:25:11.536Z"},{"date":"2012 OCT","value":"118.5","year":"2012","month":"October","quarter":"","sourceDataset":"CSDB","updateDate":"2016-01-14T16:25:11.536Z"},{"date":"2012 NOV","value":"118.4","year":"2012","month":"November","quarter":"","sourceDataset":"CSDB","updateDate":"2016-01-14T16:25:11.536Z"},{"date":"2012 DEC","value":"119.9","year":"2012","month":"December","quarter":"","sourceDataset":"CSDB","updateDate":"2016-01-14T16:25:11.536Z"},{"date":"2013 JAN","value":"117.2","year":"2013","month":"January","quarter":"","sourceDataset":"CSDB","updateDate":"2016-01-14T16:25:11.536Z"},{"date":"2013 FEB","value":"118.9","year":"2013","month":"February","quarter":"","sourceDataset":"CSDB","updateDate":"2016-01-14T16:25:11.536Z"},{"date":"2013 MAR","value":"119.8","year":"2013","month":"March","quarter":"","sourceDataset":"CSDB","updateDate":"2016-01-14T16:25:11.536Z"},{"date":"2013 APR","value":"118.3","year":"2013","month":"April","quarter":"","sourceDataset":"CSDB","updateDate":"2016-01-14T16:25:11.536Z"},{"date":"2013 MAY","value":"119.6","year":"2013","month":"May","quarter":"","sourceDataset":"CSDB","updateDate":"2016-01-14T16:25:11.536Z"},{"date":"2013 JUN","value":"119.0","year":"2013","month":"June","quarter":"","sourceDataset":"CSDB","updateDate":"2016-01-14T16:25:11.536Z"},{"date":"2013 JUL","value":"117.8","year":"2013","month":"July","quarter":"","sourceDataset":"CSDB","updateDate":"2016-01-14T16:25:11.536Z"},{"date":"2013 AUG","value":"119.9","year":"2013","month":"August","quarter":"","sourceDataset":"CSDB","updateDate":"2016-01-14T16:25:11.536Z"},{"date":"2013 SEP","value":"120.1","year":"2013","month":"September","quarter":"","sourceDataset":"CSDB","updateDate":"2016-01-14T16:25:11.537Z"},{"date":"2013 OCT","value":"119.7","year":"2013","month":"October","quarter":"","sourceDataset":"CSDB","updateDate":"2016-01-14T16:25:11.537Z"},{"date":"2013 NOV","value":"119.6","year":"2013","month":"November","quarter":"","sourceDataset":"CSDB","updateDate":"2016-01-14T16:25:11.537Z"},{"date":"2013 DEC","value":"121.6","year":"2013","month":"December","quarter":"","sourceDataset":"CSDB","updateDate":"2016-01-14T16:25:11.537Z"},{"date":"2014 JAN","value":"117.9","year":"2014","month":"January","quarter":"","sourceDataset":"CSDB","updateDate":"2016-01-14T16:25:11.537Z"},{"date":"2014 FEB","value":"120.8","year":"2014","month":"February","quarter":"","sourceDataset":"CSDB","updateDate":"2016-01-14T16:25:11.537Z"},{"date":"2014 MAR","value":"121.1","year":"2014","month":"March","quarter":"","sourceDataset":"CSDB","updateDate":"2016-01-14T16:25:11.537Z"},{"date":"2014 APR","value":"120.1","year":"2014","month":"April","quarter":"","sourceDataset":"CSDB","updateDate":"2016-01-14T16:25:11.537Z"},{"date":"2014 MAY","value":"120.7","year":"2014","month":"May","quarter":"","sourceDataset":"CSDB","updateDate":"2016-01-14T16:25:11.537Z"},{"date":"2014 JUN","value":"120.9","year":"2014","month":"June","quarter":"","sourceDataset":"CSDB","updateDate":"2016-01-14T16:25:11.537Z"},{"date":"2014 JUL","value":"119.2","year":"2014","month":"July","quarter":"","sourceDataset":"CSDB","updateDate":"2016-01-14T16:25:11.537Z"},{"date":"2014 AUG","value":"120.3","year":"2014","month":"August","quarter":"","sourceDataset":"CSDB","updateDate":"2016-01-14T16:25:11.537Z"},{"date":"2014 SEP","value":"121.0","year":"2014","month":"September","quarter":"","sourceDataset":"CSDB","updateDate":"2016-01-14T16:25:11.537Z"},{"date":"2014 OCT","value":"119.7","year":"2014","month":"October","quarter":"","sourceDataset":"CSDB","updateDate":"2016-01-14T16:25:11.537Z"},{"date":"2014 NOV","value":"119.9","year":"2014","month":"November","quarter":"","sourceDataset":"CSDB","updateDate":"2016-01-14T16:25:11.537Z"},{"date":"2014 DEC","value":"121.8","year":"2014","month":"December","quarter":"","sourceDataset":"CSDB","updateDate":"2016-01-14T16:25:11.537Z"},{"date":"2015 JAN","value":"118.8","year":"2015","month":"January","quarter":"","sourceDataset":"CSDB","updateDate":"2016-01-14T16:25:11.537Z"},{"date":"2015 FEB","value":"120.4","year":"2015","month":"February","quarter":"","sourceDataset":"CSDB","updateDate":"2016-01-14T16:25:11.537Z"},{"date":"2015 MAR","value":"120.9","year":"2015","month":"March","quarter":"","sourceDataset":"CSDB","updateDate":"2016-01-14T16:25:11.537Z"},{"date":"2015 APR","value":"119.4","year":"2015","month":"April","quarter":"","sourceDataset":"CSDB","updateDate":"2016-01-14T16:25:11.537Z"},{"date":"2015 MAY","value":"120.1","year":"2015","month":"May","quarter":"","sourceDataset":"CSDB","updateDate":"2016-01-14T16:25:11.537Z"},{"date":"2015 JUN","value":"120.5","year":"2015","month":"June","quarter":"","sourceDataset":"CSDB","updateDate":"2016-01-14T16:25:11.537Z"},{"date":"2015 JUL","value":"118.8","year":"2015","month":"July","quarter":"","sourceDataset":"CSDB","updateDate":"2016-01-14T16:25:11.537Z"},{"date":"2015 AUG","value":"120.8","year":"2015","month":"August","quarter":"","sourceDataset":"CSDB","updateDate":"2016-01-22T20:07:35.852Z"}],"sourceDatasets":["CSDB"],"relatedDatasets":[{"uri":"/businessindustryandtrade/changestobusiness/bankruptcyinsolvency/datasets/carlsxmasrelease/2015"},{"uri":"/businessindustryandtrade/changestobusiness/bankruptcyinsolvency/datasets/wahasaqewqeqwe/2015"},{"uri":"/businessindustryandtrade/changestobusiness/bankruptcyinsolvency/datasets/releaseisreleaseygyug/2015"},{"uri":"/businessindustryandtrade/changestobusiness/bankruptcyinsolvency/datasets/releaseisreleaseadffd/2015"},{"uri":"/businessindustryandtrade/changestobusiness/bankruptcyinsolvency/datasets/pageunencrypted/2015"}],"relatedDocuments":[],"versions":[{"uri":"/businessindustryandtrade/changestobusiness/bankruptcyinsolvency/timeseries/d7by/previous/v1","updateDate":"2016-01-26T00:00:00.000Z","correctionNotice":"","label":"v1"}],"type":"timeseries","description":{"title":"CPI INDEX 05 : FURN, HH EQUIP \u0026 ROUTINE REPAIR OF HOUSE- est. pre-97 2005\u003d100","contact":{"email":"","name":"","telephone":""},"releaseDate":"2016-01-28T00:00:00.000Z","nextRelease":"","cdid":"D7BY","unit":"","preUnit":"","source":"","seasonalAdjustment":"NSA","date":"2015 AUG","number":"120.8"}}