{"years":[{"date":"1999","value":"399","year":"1999","month":"","quarter":"","sourceDataset":"CSDB10","updateDate":"2016-01-28T09:29:35.288Z"},{"date":"2000","value":"338","year":"2000","month":"","quarter":"","sourceDataset":"CSDB10","updateDate":"2016-01-28T09:29:35.288Z"},{"date":"2001","value":"370","year":"2001","month":"","quarter":"","sourceDataset":"CSDB10","updateDate":"2016-01-28T09:29:35.288Z"},{"date":"2002","value":"302","year":"2002","month":"","quarter":"","sourceDataset":"CSDB10","updateDate":"2016-01-28T09:29:35.288Z"},{"date":"2003","value":"350","year":"2003","month":"","quarter":"","sourceDataset":"CSDB10","updateDate":"2016-01-28T09:29:35.288Z"},{"date":"2004","value":"346","year":"2004","month":"","quarter":"","sourceDataset":"CSDB10","updateDate":"2016-01-28T09:29:35.288Z"},{"date":"2005","value":"402","year":"2005","month":"","quarter":"","sourceDataset":"CSDB10","updateDate":"2016-01-28T09:29:35.288Z"},{"date":"2006","value":"604","year":"2006","month":"","quarter":"","sourceDataset":"CSDB10","updateDate":"2016-01-28T09:29:35.288Z"},{"date":"2007","value":"577","year":"2007","month":"","quarter":"","sourceDataset":"CSDB10","updateDate":"2016-01-28T09:29:35.288Z"},{"date":"2008","value":"822","year":"2008","month":"","quarter":"","sourceDataset":"CSDB10","updateDate":"2016-01-28T09:29:35.288Z"},{"date":"2009","value":"775","year":"2009","month":"","quarter":"","sourceDataset":"CSDB10","updateDate":"2016-01-28T09:29:35.288Z"},{"date":"2010","value":"1066","year":"2010","month":"","quarter":"","sourceDataset":"CSDB10","updateDate":"2016-01-28T09:29:35.288Z"},{"date":"2011","value":"1543","year":"2011","month":"","quarter":"","sourceDataset":"CSDB10","updateDate":"2016-01-28T09:29:35.288Z"},{"date":"2012","value":"1710","year":"2012","month":"","quarter":"","sourceDataset":"CSDB10","updateDate":"2016-01-28T09:29:35.288Z"},{"date":"2013","value":"1273","year":"2013","month":"","quarter":"","sourceDataset":"CSDB10","updateDate":"2016-01-28T09:29:35.288Z"},{"date":"2014","value":"1447","year":"2014","month":"","quarter":"","sourceDataset":"CSDB10","updateDate":"2016-01-28T09:29:35.288Z"}],"quarters":[{"date":"1999 Q1","value":"104","year":"1999","month":"","quarter":"Q1","sourceDataset":"CSDB10","updateDate":"2016-01-28T09:29:35.288Z"},{"date":"1999 Q2","value":"98","year":"1999","month":"","quarter":"Q2","sourceDataset":"CSDB10","updateDate":"2016-01-28T09:29:35.288Z"},{"date":"1999 Q3","value":"94","year":"1999","month":"","quarter":"Q3","sourceDataset":"CSDB10","updateDate":"2016-01-28T09:29:35.288Z"},{"date":"1999 Q4","value":"103","year":"1999","month":"","quarter":"Q4","sourceDataset":"CSDB10","updateDate":"2016-01-28T09:29:35.288Z"},{"date":"2000 Q1","value":"83","year":"2000","month":"","quarter":"Q1","sourceDataset":"CSDB10","updateDate":"2016-01-28T09:29:35.288Z"},{"date":"2000 Q2","value":"86","year":"2000","month":"","quarter":"Q2","sourceDataset":"CSDB10","updateDate":"2016-01-28T09:29:35.288Z"},{"date":"2000 Q3","value":"89","year":"2000","month":"","quarter":"Q3","sourceDataset":"CSDB10","updateDate":"2016-01-28T09:29:35.288Z"},{"date":"2000 Q4","value":"80","year":"2000","month":"","quarter":"Q4","sourceDataset":"CSDB10","updateDate":"2016-01-28T09:29:35.288Z"},{"date":"2001 Q1","value":"93","year":"2001","month":"","quarter":"Q1","sourceDataset":"CSDB10","updateDate":"2016-01-28T09:29:35.288Z"},{"date":"2001 Q2","value":"99","year":"2001","month":"","quarter":"Q2","sourceDataset":"CSDB10","updateDate":"2016-01-28T09:29:35.288Z"},{"date":"2001 Q3","value":"91","year":"2001","month":"","quarter":"Q3","sourceDataset":"CSDB10","updateDate":"2016-01-28T09:29:35.288Z"},{"date":"2001 Q4","value":"87","year":"2001","month":"","quarter":"Q4","sourceDataset":"CSDB10","updateDate":"2016-01-28T09:29:35.288Z"},{"date":"2002 Q1","value":"76","year":"2002","month":"","quarter":"Q1","sourceDataset":"CSDB10","updateDate":"2016-01-28T09:29:35.288Z"},{"date":"2002 Q2","value":"69","year":"2002","month":"","quarter":"Q2","sourceDataset":"CSDB10","updateDate":"2016-01-28T09:29:35.288Z"},{"date":"2002 Q3","value":"77","year":"2002","month":"","quarter":"Q3","sourceDataset":"CSDB10","updateDate":"2016-01-28T09:29:35.288Z"},{"date":"2002 Q4","value":"80","year":"2002","month":"","quarter":"Q4","sourceDataset":"CSDB10","updateDate":"2016-01-28T09:29:35.288Z"},{"date":"2003 Q1","value":"83","year":"2003","month":"","quarter":"Q1","sourceDataset":"CSDB10","updateDate":"2016-01-28T09:29:35.288Z"},{"date":"2003 Q2","value":"86","year":"2003","month":"","quarter":"Q2","sourceDataset":"CSDB10","updateDate":"2016-01-28T09:29:35.288Z"},{"date":"2003 Q3","value":"90","year":"2003","month":"","quarter":"Q3","sourceDataset":"CSDB10","updateDate":"2016-01-28T09:29:35.288Z"},{"date":"2003 Q4","value":"91","year":"2003","month":"","quarter":"Q4","sourceDataset":"CSDB10","updateDate":"2016-01-28T09:29:35.288Z"},{"date":"2004 Q1","value":"81","year":"2004","month":"","quarter":"Q1","sourceDataset":"CSDB10","updateDate":"2016-01-28T09:29:35.288Z"},{"date":"2004 Q2","value":"87","year":"2004","month":"","quarter":"Q2","sourceDataset":"CSDB10","updateDate":"2016-01-28T09:29:35.288Z"},{"date":"2004 Q3","value":"86","year":"2004","month":"","quarter":"Q3","sourceDataset":"CSDB10","updateDate":"2016-01-28T09:29:35.288Z"},{"date":"2004 Q4","value":"92","year":"2004","month":"","quarter":"Q4","sourceDataset":"CSDB10","updateDate":"2016-01-28T09:29:35.288Z"},{"date":"2005 Q1","value":"93","year":"2005","month":"","quarter":"Q1","sourceDataset":"CSDB10","updateDate":"2016-01-28T09:29:35.288Z"},{"date":"2005 Q2","value":"97","year":"2005","month":"","quarter":"Q2","sourceDataset":"CSDB10","updateDate":"2016-01-28T09:29:35.288Z"},{"date":"2005 Q3","value":"105","year":"2005","month":"","quarter":"Q3","sourceDataset":"CSDB10","updateDate":"2016-01-28T09:29:35.288Z"},{"date":"2005 Q4","value":"107","year":"2005","month":"","quarter":"Q4","sourceDataset":"CSDB10","updateDate":"2016-01-28T09:29:35.288Z"},{"date":"2006 Q1","value":"148","year":"2006","month":"","quarter":"Q1","sourceDataset":"CSDB10","updateDate":"2016-01-28T09:29:35.288Z"},{"date":"2006 Q2","value":"147","year":"2006","month":"","quarter":"Q2","sourceDataset":"CSDB10","updateDate":"2016-01-28T09:29:35.288Z"},{"date":"2006 Q3","value":"153","year":"2006","month":"","quarter":"Q3","sourceDataset":"CSDB10","updateDate":"2016-01-28T09:29:35.288Z"},{"date":"2006 Q4","value":"156","year":"2006","month":"","quarter":"Q4","sourceDataset":"CSDB10","updateDate":"2016-01-28T09:29:35.288Z"},{"date":"2007 Q1","value":"136","year":"2007","month":"","quarter":"Q1","sourceDataset":"CSDB10","updateDate":"2016-01-28T09:29:35.288Z"},{"date":"2007 Q2","value":"148","year":"2007","month":"","quarter":"Q2","sourceDataset":"CSDB10","updateDate":"2016-01-28T09:29:35.288Z"},{"date":"2007 Q3","value":"152","year":"2007","month":"","quarter":"Q3","sourceDataset":"CSDB10","updateDate":"2016-01-28T09:29:35.288Z"},{"date":"2007 Q4","value":"141","year":"2007","month":"","quarter":"Q4","sourceDataset":"CSDB10","updateDate":"2016-01-28T09:29:35.288Z"},{"date":"2008 Q1","value":"196","year":"2008","month":"","quarter":"Q1","sourceDataset":"CSDB10","updateDate":"2016-01-28T09:29:35.288Z"},{"date":"2008 Q2","value":"202","year":"2008","month":"","quarter":"Q2","sourceDataset":"CSDB10","updateDate":"2016-01-28T09:29:35.288Z"},{"date":"2008 Q3","value":"205","year":"2008","month":"","quarter":"Q3","sourceDataset":"CSDB10","updateDate":"2016-01-28T09:29:35.288Z"},{"date":"2008 Q4","value":"219","year":"2008","month":"","quarter":"Q4","sourceDataset":"CSDB10","updateDate":"2016-01-28T09:29:35.288Z"},{"date":"2009 Q1","value":"190","year":"2009","month":"","quarter":"Q1","sourceDataset":"CSDB10","updateDate":"2016-01-28T09:29:35.288Z"},{"date":"2009 Q2","value":"175","year":"2009","month":"","quarter":"Q2","sourceDataset":"CSDB10","updateDate":"2016-01-28T09:29:35.288Z"},{"date":"2009 Q3","value":"204","year":"2009","month":"","quarter":"Q3","sourceDataset":"CSDB10","updateDate":"2016-01-28T09:29:35.288Z"},{"date":"2009 Q4","value":"206","year":"2009","month":"","quarter":"Q4","sourceDataset":"CSDB10","updateDate":"2016-01-28T09:29:35.288Z"},{"date":"2010 Q1","value":"253","year":"2010","month":"","quarter":"Q1","sourceDataset":"CSDB10","updateDate":"2016-01-28T09:29:35.288Z"},{"date":"2010 Q2","value":"264","year":"2010","month":"","quarter":"Q2","sourceDataset":"CSDB10","updateDate":"2016-01-28T09:29:35.288Z"},{"date":"2010 Q3","value":"260","year":"2010","month":"","quarter":"Q3","sourceDataset":"CSDB10","updateDate":"2016-01-28T09:29:35.288Z"},{"date":"2010 Q4","value":"289","year":"2010","month":"","quarter":"Q4","sourceDataset":"CSDB10","updateDate":"2016-01-28T09:29:35.288Z"},{"date":"2011 Q1","value":"362","year":"2011","month":"","quarter":"Q1","sourceDataset":"CSDB10","updateDate":"2016-01-28T09:29:35.288Z"},{"date":"2011 Q2","value":"419","year":"2011","month":"","quarter":"Q2","sourceDataset":"CSDB10","updateDate":"2016-01-28T09:29:35.288Z"},{"date":"2011 Q3","value":"379","year":"2011","month":"","quarter":"Q3","sourceDataset":"CSDB10","updateDate":"2016-01-28T09:29:35.288Z"},{"date":"2011 Q4","value":"383","year":"2011","month":"","quarter":"Q4","sourceDataset":"CSDB10","updateDate":"2016-01-28T09:29:35.288Z"},{"date":"2012 Q1","value":"419","year":"2012","month":"","quarter":"Q1","sourceDataset":"CSDB10","updateDate":"2016-01-28T09:29:35.288Z"},{"date":"2012 Q2","value":"425","year":"2012","month":"","quarter":"Q2","sourceDataset":"CSDB10","updateDate":"2016-01-28T09:29:35.288Z"},{"date":"2012 Q3","value":"427","year":"2012","month":"","quarter":"Q3","sourceDataset":"CSDB10","updateDate":"2016-01-28T09:29:35.288Z"},{"date":"2012 Q4","value":"439","year":"2012","month":"","quarter":"Q4","sourceDataset":"CSDB10","updateDate":"2016-01-28T09:29:35.288Z"},{"date":"2013 Q1","value":"298","year":"2013","month":"","quarter":"Q1","sourceDataset":"CSDB10","updateDate":"2016-01-28T09:29:35.288Z"},{"date":"2013 Q2","value":"309","year":"2013","month":"","quarter":"Q2","sourceDataset":"CSDB10","updateDate":"2016-01-28T09:29:35.288Z"},{"date":"2013 Q3","value":"330","year":"2013","month":"","quarter":"Q3","sourceDataset":"CSDB10","updateDate":"2016-01-28T09:29:35.288Z"},{"date":"2013 Q4","value":"336","year":"2013","month":"","quarter":"Q4","sourceDataset":"CSDB10","updateDate":"2016-01-28T09:29:35.288Z"},{"date":"2014 Q1","value":"341","year":"2014","month":"","quarter":"Q1","sourceDataset":"CSDB10","updateDate":"2016-01-28T09:29:35.289Z"},{"date":"2014 Q2","value":"357","year":"2014","month":"","quarter":"Q2","sourceDataset":"CSDB10","updateDate":"2016-01-28T09:29:35.289Z"},{"date":"2014 Q3","value":"361","year":"2014","month":"","quarter":"Q3","sourceDataset":"CSDB10","updateDate":"2016-01-28T09:29:35.289Z"},{"date":"2014 Q4","value":"388","year":"2014","month":"","quarter":"Q4","sourceDataset":"CSDB10","updateDate":"2016-01-28T09:29:35.289Z"},{"date":"2015 Q1","value":"350","year":"2015","month":"","quarter":"Q1","sourceDataset":"CSDB10","updateDate":"2016-01-28T09:29:35.289Z"},{"date":"2015 Q2","value":"361","year":"2015","month":"","quarter":"Q2","sourceDataset":"CSDB10","updateDate":"2016-01-28T09:29:35.289Z"},{"date":"2015 Q3","value":"360","year":"2015","month":"","quarter":"Q3","sourceDataset":"CSDB10","updateDate":"2016-01-28T09:29:35.289Z"}],"months":[],"sourceDatasets":["CSDB10"],"relatedDatasets":[{"uri":"/economy/environmentalaccounts/datasets/werwerwerwerwerwr/2015"}],"relatedDocuments":[],"type":"timeseries","description":{"title":"Trade in Services(replaces 1.A.B): Exports/Credits: Brazil SA           ","contact":{"email":"","name":"","telephone":""},"releaseDate":"2016-01-27T00:00:00.000Z","nextRelease":"","cdid":"EVQ9","unit":"","preUnit":"","source":"","seasonalAdjustment":"NSA","date":"2015 Q3","number":"360"}}