{"years":[{"date":"1999","value":"-2748","year":"1999","month":"","quarter":"","sourceDataset":"CSDB10","updateDate":"2016-01-28T09:29:40.653Z"},{"date":"2000","value":"-3412","year":"2000","month":"","quarter":"","sourceDataset":"CSDB10","updateDate":"2016-01-28T09:29:40.653Z"},{"date":"2001","value":"-3203","year":"2001","month":"","quarter":"","sourceDataset":"CSDB10","updateDate":"2016-01-28T09:29:40.653Z"},{"date":"2002","value":"-3157","year":"2002","month":"","quarter":"","sourceDataset":"CSDB10","updateDate":"2016-01-28T09:29:40.653Z"},{"date":"2003","value":"-3047","year":"2003","month":"","quarter":"","sourceDataset":"CSDB10","updateDate":"2016-01-28T09:29:40.653Z"},{"date":"2004","value":"-3157","year":"2004","month":"","quarter":"","sourceDataset":"CSDB10","updateDate":"2016-01-28T09:29:40.653Z"},{"date":"2005","value":"-3545","year":"2005","month":"","quarter":"","sourceDataset":"CSDB10","updateDate":"2016-01-28T09:29:40.653Z"},{"date":"2006","value":"-4603","year":"2006","month":"","quarter":"","sourceDataset":"CSDB10","updateDate":"2016-01-28T09:29:40.653Z"},{"date":"2007","value":"-4334","year":"2007","month":"","quarter":"","sourceDataset":"CSDB10","updateDate":"2016-01-28T09:29:40.653Z"},{"date":"2008","value":"-4499","year":"2008","month":"","quarter":"","sourceDataset":"CSDB10","updateDate":"2016-01-28T09:29:40.653Z"},{"date":"2009","value":"-4009","year":"2009","month":"","quarter":"","sourceDataset":"CSDB10","updateDate":"2016-01-28T09:29:40.653Z"},{"date":"2010","value":"-3689","year":"2010","month":"","quarter":"","sourceDataset":"CSDB10","updateDate":"2016-01-28T09:29:40.653Z"},{"date":"2011","value":"-2204","year":"2011","month":"","quarter":"","sourceDataset":"CSDB10","updateDate":"2016-01-28T09:29:40.653Z"},{"date":"2012","value":"-1993","year":"2012","month":"","quarter":"","sourceDataset":"CSDB10","updateDate":"2016-01-28T09:29:40.653Z"},{"date":"2013","value":"-1752","year":"2013","month":"","quarter":"","sourceDataset":"CSDB10","updateDate":"2016-01-28T09:29:40.653Z"},{"date":"2014","value":"-1109","year":"2014","month":"","quarter":"","sourceDataset":"CSDB10","updateDate":"2016-01-28T09:29:40.653Z"}],"quarters":[{"date":"1999 Q1","value":"-595","year":"1999","month":"","quarter":"Q1","sourceDataset":"CSDB10","updateDate":"2016-01-28T09:29:40.653Z"},{"date":"1999 Q2","value":"-610","year":"1999","month":"","quarter":"Q2","sourceDataset":"CSDB10","updateDate":"2016-01-28T09:29:40.653Z"},{"date":"1999 Q3","value":"-749","year":"1999","month":"","quarter":"Q3","sourceDataset":"CSDB10","updateDate":"2016-01-28T09:29:40.653Z"},{"date":"1999 Q4","value":"-794","year":"1999","month":"","quarter":"Q4","sourceDataset":"CSDB10","updateDate":"2016-01-28T09:29:40.653Z"},{"date":"2000 Q1","value":"-773","year":"2000","month":"","quarter":"Q1","sourceDataset":"CSDB10","updateDate":"2016-01-28T09:29:40.653Z"},{"date":"2000 Q2","value":"-859","year":"2000","month":"","quarter":"Q2","sourceDataset":"CSDB10","updateDate":"2016-01-28T09:29:40.653Z"},{"date":"2000 Q3","value":"-875","year":"2000","month":"","quarter":"Q3","sourceDataset":"CSDB10","updateDate":"2016-01-28T09:29:40.653Z"},{"date":"2000 Q4","value":"-905","year":"2000","month":"","quarter":"Q4","sourceDataset":"CSDB10","updateDate":"2016-01-28T09:29:40.653Z"},{"date":"2001 Q1","value":"-860","year":"2001","month":"","quarter":"Q1","sourceDataset":"CSDB10","updateDate":"2016-01-28T09:29:40.653Z"},{"date":"2001 Q2","value":"-902","year":"2001","month":"","quarter":"Q2","sourceDataset":"CSDB10","updateDate":"2016-01-28T09:29:40.653Z"},{"date":"2001 Q3","value":"-816","year":"2001","month":"","quarter":"Q3","sourceDataset":"CSDB10","updateDate":"2016-01-28T09:29:40.653Z"},{"date":"2001 Q4","value":"-625","year":"2001","month":"","quarter":"Q4","sourceDataset":"CSDB10","updateDate":"2016-01-28T09:29:40.653Z"},{"date":"2002 Q1","value":"-809","year":"2002","month":"","quarter":"Q1","sourceDataset":"CSDB10","updateDate":"2016-01-28T09:29:40.653Z"},{"date":"2002 Q2","value":"-881","year":"2002","month":"","quarter":"Q2","sourceDataset":"CSDB10","updateDate":"2016-01-28T09:29:40.653Z"},{"date":"2002 Q3","value":"-758","year":"2002","month":"","quarter":"Q3","sourceDataset":"CSDB10","updateDate":"2016-01-28T09:29:40.653Z"},{"date":"2002 Q4","value":"-709","year":"2002","month":"","quarter":"Q4","sourceDataset":"CSDB10","updateDate":"2016-01-28T09:29:40.653Z"},{"date":"2003 Q1","value":"-760","year":"2003","month":"","quarter":"Q1","sourceDataset":"CSDB10","updateDate":"2016-01-28T09:29:40.653Z"},{"date":"2003 Q2","value":"-717","year":"2003","month":"","quarter":"Q2","sourceDataset":"CSDB10","updateDate":"2016-01-28T09:29:40.653Z"},{"date":"2003 Q3","value":"-761","year":"2003","month":"","quarter":"Q3","sourceDataset":"CSDB10","updateDate":"2016-01-28T09:29:40.653Z"},{"date":"2003 Q4","value":"-809","year":"2003","month":"","quarter":"Q4","sourceDataset":"CSDB10","updateDate":"2016-01-28T09:29:40.653Z"},{"date":"2004 Q1","value":"-708","year":"2004","month":"","quarter":"Q1","sourceDataset":"CSDB10","updateDate":"2016-01-28T09:29:40.653Z"},{"date":"2004 Q2","value":"-847","year":"2004","month":"","quarter":"Q2","sourceDataset":"CSDB10","updateDate":"2016-01-28T09:29:40.653Z"},{"date":"2004 Q3","value":"-839","year":"2004","month":"","quarter":"Q3","sourceDataset":"CSDB10","updateDate":"2016-01-28T09:29:40.653Z"},{"date":"2004 Q4","value":"-763","year":"2004","month":"","quarter":"Q4","sourceDataset":"CSDB10","updateDate":"2016-01-28T09:29:40.653Z"},{"date":"2005 Q1","value":"-885","year":"2005","month":"","quarter":"Q1","sourceDataset":"CSDB10","updateDate":"2016-01-28T09:29:40.653Z"},{"date":"2005 Q2","value":"-751","year":"2005","month":"","quarter":"Q2","sourceDataset":"CSDB10","updateDate":"2016-01-28T09:29:40.653Z"},{"date":"2005 Q3","value":"-925","year":"2005","month":"","quarter":"Q3","sourceDataset":"CSDB10","updateDate":"2016-01-28T09:29:40.653Z"},{"date":"2005 Q4","value":"-984","year":"2005","month":"","quarter":"Q4","sourceDataset":"CSDB10","updateDate":"2016-01-28T09:29:40.653Z"},{"date":"2006 Q1","value":"-1049","year":"2006","month":"","quarter":"Q1","sourceDataset":"CSDB10","updateDate":"2016-01-28T09:29:40.653Z"},{"date":"2006 Q2","value":"-1208","year":"2006","month":"","quarter":"Q2","sourceDataset":"CSDB10","updateDate":"2016-01-28T09:29:40.653Z"},{"date":"2006 Q3","value":"-1170","year":"2006","month":"","quarter":"Q3","sourceDataset":"CSDB10","updateDate":"2016-01-28T09:29:40.653Z"},{"date":"2006 Q4","value":"-1176","year":"2006","month":"","quarter":"Q4","sourceDataset":"CSDB10","updateDate":"2016-01-28T09:29:40.653Z"},{"date":"2007 Q1","value":"-1160","year":"2007","month":"","quarter":"Q1","sourceDataset":"CSDB10","updateDate":"2016-01-28T09:29:40.653Z"},{"date":"2007 Q2","value":"-983","year":"2007","month":"","quarter":"Q2","sourceDataset":"CSDB10","updateDate":"2016-01-28T09:29:40.653Z"},{"date":"2007 Q3","value":"-1056","year":"2007","month":"","quarter":"Q3","sourceDataset":"CSDB10","updateDate":"2016-01-28T09:29:40.653Z"},{"date":"2007 Q4","value":"-1135","year":"2007","month":"","quarter":"Q4","sourceDataset":"CSDB10","updateDate":"2016-01-28T09:29:40.653Z"},{"date":"2008 Q1","value":"-818","year":"2008","month":"","quarter":"Q1","sourceDataset":"CSDB10","updateDate":"2016-01-28T09:29:40.653Z"},{"date":"2008 Q2","value":"-1175","year":"2008","month":"","quarter":"Q2","sourceDataset":"CSDB10","updateDate":"2016-01-28T09:29:40.653Z"},{"date":"2008 Q3","value":"-1257","year":"2008","month":"","quarter":"Q3","sourceDataset":"CSDB10","updateDate":"2016-01-28T09:29:40.653Z"},{"date":"2008 Q4","value":"-1249","year":"2008","month":"","quarter":"Q4","sourceDataset":"CSDB10","updateDate":"2016-01-28T09:29:40.653Z"},{"date":"2009 Q1","value":"-1100","year":"2009","month":"","quarter":"Q1","sourceDataset":"CSDB10","updateDate":"2016-01-28T09:29:40.653Z"},{"date":"2009 Q2","value":"-885","year":"2009","month":"","quarter":"Q2","sourceDataset":"CSDB10","updateDate":"2016-01-28T09:29:40.653Z"},{"date":"2009 Q3","value":"-997","year":"2009","month":"","quarter":"Q3","sourceDataset":"CSDB10","updateDate":"2016-01-28T09:29:40.653Z"},{"date":"2009 Q4","value":"-1027","year":"2009","month":"","quarter":"Q4","sourceDataset":"CSDB10","updateDate":"2016-01-28T09:29:40.653Z"},{"date":"2010 Q1","value":"-941","year":"2010","month":"","quarter":"Q1","sourceDataset":"CSDB10","updateDate":"2016-01-28T09:29:40.653Z"},{"date":"2010 Q2","value":"-915","year":"2010","month":"","quarter":"Q2","sourceDataset":"CSDB10","updateDate":"2016-01-28T09:29:40.653Z"},{"date":"2010 Q3","value":"-845","year":"2010","month":"","quarter":"Q3","sourceDataset":"CSDB10","updateDate":"2016-01-28T09:29:40.653Z"},{"date":"2010 Q4","value":"-988","year":"2010","month":"","quarter":"Q4","sourceDataset":"CSDB10","updateDate":"2016-01-28T09:29:40.653Z"},{"date":"2011 Q1","value":"-611","year":"2011","month":"","quarter":"Q1","sourceDataset":"CSDB10","updateDate":"2016-01-28T09:29:40.653Z"},{"date":"2011 Q2","value":"-707","year":"2011","month":"","quarter":"Q2","sourceDataset":"CSDB10","updateDate":"2016-01-28T09:29:40.653Z"},{"date":"2011 Q3","value":"-527","year":"2011","month":"","quarter":"Q3","sourceDataset":"CSDB10","updateDate":"2016-01-28T09:29:40.653Z"},{"date":"2011 Q4","value":"-359","year":"2011","month":"","quarter":"Q4","sourceDataset":"CSDB10","updateDate":"2016-01-28T09:29:40.653Z"},{"date":"2012 Q1","value":"-512","year":"2012","month":"","quarter":"Q1","sourceDataset":"CSDB10","updateDate":"2016-01-28T09:29:40.653Z"},{"date":"2012 Q2","value":"-510","year":"2012","month":"","quarter":"Q2","sourceDataset":"CSDB10","updateDate":"2016-01-28T09:29:40.653Z"},{"date":"2012 Q3","value":"-587","year":"2012","month":"","quarter":"Q3","sourceDataset":"CSDB10","updateDate":"2016-01-28T09:29:40.653Z"},{"date":"2012 Q4","value":"-384","year":"2012","month":"","quarter":"Q4","sourceDataset":"CSDB10","updateDate":"2016-01-28T09:29:40.653Z"},{"date":"2013 Q1","value":"-427","year":"2013","month":"","quarter":"Q1","sourceDataset":"CSDB10","updateDate":"2016-01-28T09:29:40.653Z"},{"date":"2013 Q2","value":"-383","year":"2013","month":"","quarter":"Q2","sourceDataset":"CSDB10","updateDate":"2016-01-28T09:29:40.653Z"},{"date":"2013 Q3","value":"-414","year":"2013","month":"","quarter":"Q3","sourceDataset":"CSDB10","updateDate":"2016-01-28T09:29:40.653Z"},{"date":"2013 Q4","value":"-528","year":"2013","month":"","quarter":"Q4","sourceDataset":"CSDB10","updateDate":"2016-01-28T09:29:40.653Z"},{"date":"2014 Q1","value":"-412","year":"2014","month":"","quarter":"Q1","sourceDataset":"CSDB10","updateDate":"2016-01-28T09:29:40.653Z"},{"date":"2014 Q2","value":"-522","year":"2014","month":"","quarter":"Q2","sourceDataset":"CSDB10","updateDate":"2016-01-28T09:29:40.653Z"},{"date":"2014 Q3","value":"-55","year":"2014","month":"","quarter":"Q3","sourceDataset":"CSDB10","updateDate":"2016-01-28T09:29:40.653Z"},{"date":"2014 Q4","value":"-120","year":"2014","month":"","quarter":"Q4","sourceDataset":"CSDB10","updateDate":"2016-01-28T09:29:40.653Z"},{"date":"2015 Q1","value":"-203","year":"2015","month":"","quarter":"Q1","sourceDataset":"CSDB10","updateDate":"2016-01-28T09:29:40.653Z"},{"date":"2015 Q2","value":"-186","year":"2015","month":"","quarter":"Q2","sourceDataset":"CSDB10","updateDate":"2016-01-28T09:29:40.653Z"},{"date":"2015 Q3","value":"-265","year":"2015","month":"","quarter":"Q3","sourceDataset":"CSDB10","updateDate":"2016-01-28T09:29:40.653Z"}],"months":[],"sourceDatasets":["CSDB10"],"relatedDatasets":[{"uri":"/economy/environmentalaccounts/datasets/werwerwerwerwerwr/2015"}],"relatedDocuments":[],"type":"timeseries","description":{"title":"BoP-consistent: Hong Kong: Balance: SA                                  ","contact":{"email":"","name":"","telephone":""},"releaseDate":"2016-01-27T00:00:00.000Z","nextRelease":"","cdid":"EREE","unit":"","preUnit":"","source":"","seasonalAdjustment":"NSA","date":"2015 Q3","number":"-265"}}