{"years":[{"date":"1987","value":"14465","year":"1987","month":"","quarter":"","sourceDataset":"CSDB10","updateDate":"2016-01-28T09:29:39.881Z"},{"date":"1988","value":"13588","year":"1988","month":"","quarter":"","sourceDataset":"CSDB10","updateDate":"2016-01-28T09:29:39.881Z"},{"date":"1989","value":"15821","year":"1989","month":"","quarter":"","sourceDataset":"CSDB10","updateDate":"2016-01-28T09:29:39.881Z"},{"date":"1990","value":"18293","year":"1990","month":"","quarter":"","sourceDataset":"CSDB10","updateDate":"2016-01-28T09:29:39.881Z"},{"date":"1991","value":"17748","year":"1991","month":"","quarter":"","sourceDataset":"CSDB10","updateDate":"2016-01-28T09:29:39.881Z"},{"date":"1992","value":"17328","year":"1992","month":"","quarter":"","sourceDataset":"CSDB10","updateDate":"2016-01-28T09:29:39.881Z"},{"date":"1993","value":"18544","year":"1993","month":"","quarter":"","sourceDataset":"CSDB10","updateDate":"2016-01-28T09:29:39.881Z"},{"date":"1994","value":"20766","year":"1994","month":"","quarter":"","sourceDataset":"CSDB10","updateDate":"2016-01-28T09:29:39.881Z"},{"date":"1995","value":"20532","year":"1995","month":"","quarter":"","sourceDataset":"CSDB10","updateDate":"2016-01-28T09:29:39.881Z"},{"date":"1996","value":"13495","year":"1996","month":"","quarter":"","sourceDataset":"CSDB10","updateDate":"2016-01-28T09:29:39.881Z"},{"date":"1997","value":"22521","year":"1997","month":"","quarter":"","sourceDataset":"CSDB10","updateDate":"2016-01-28T09:29:39.881Z"},{"date":"1998","value":"24718","year":"1998","month":"","quarter":"","sourceDataset":"CSDB10","updateDate":"2016-01-28T09:29:39.881Z"},{"date":"1999","value":"25130","year":"1999","month":"","quarter":"","sourceDataset":"CSDB10","updateDate":"2016-01-28T09:29:39.881Z"},{"date":"2000","value":"24629","year":"2000","month":"","quarter":"","sourceDataset":"CSDB10","updateDate":"2016-01-28T09:29:39.881Z"},{"date":"2001","value":"28155","year":"2001","month":"","quarter":"","sourceDataset":"CSDB10","updateDate":"2016-01-28T09:29:39.881Z"},{"date":"2002","value":"29768","year":"2002","month":"","quarter":"","sourceDataset":"CSDB10","updateDate":"2016-01-28T09:29:39.881Z"},{"date":"2003","value":"32794","year":"2003","month":"","quarter":"","sourceDataset":"CSDB10","updateDate":"2016-01-28T09:29:39.881Z"},{"date":"2004","value":"38762","year":"2004","month":"","quarter":"","sourceDataset":"CSDB10","updateDate":"2016-01-28T09:29:39.881Z"},{"date":"2005","value":"23553","year":"2005","month":"","quarter":"","sourceDataset":"CSDB10","updateDate":"2016-01-28T09:29:39.881Z"},{"date":"2006","value":"39508","year":"2006","month":"","quarter":"","sourceDataset":"CSDB10","updateDate":"2016-01-28T09:29:39.881Z"},{"date":"2007","value":"40694","year":"2007","month":"","quarter":"","sourceDataset":"CSDB10","updateDate":"2016-01-28T09:29:39.881Z"},{"date":"2008","value":"47101","year":"2008","month":"","quarter":"","sourceDataset":"CSDB10","updateDate":"2016-01-28T09:29:39.881Z"},{"date":"2009","value":"50480","year":"2009","month":"","quarter":"","sourceDataset":"CSDB10","updateDate":"2016-01-28T09:29:39.881Z"},{"date":"2010","value":"51963","year":"2010","month":"","quarter":"","sourceDataset":"CSDB10","updateDate":"2016-01-28T09:29:39.881Z"},{"date":"2011","value":"49559","year":"2011","month":"","quarter":"","sourceDataset":"CSDB10","updateDate":"2016-01-28T09:29:39.881Z"},{"date":"2012","value":"46198","year":"2012","month":"","quarter":"","sourceDataset":"CSDB10","updateDate":"2016-01-28T09:29:39.881Z"},{"date":"2013","value":"43845","year":"2013","month":"","quarter":"","sourceDataset":"CSDB10","updateDate":"2016-01-28T09:29:39.881Z"},{"date":"2014","value":"46376","year":"2014","month":"","quarter":"","sourceDataset":"CSDB10","updateDate":"2016-01-28T09:29:39.881Z"}],"quarters":[{"date":"1997 Q1","value":"7880","year":"1997","month":"","quarter":"Q1","sourceDataset":"CSDB10","updateDate":"2016-01-28T09:29:39.881Z"},{"date":"1997 Q2","value":"4018","year":"1997","month":"","quarter":"Q2","sourceDataset":"CSDB10","updateDate":"2016-01-28T09:29:39.881Z"},{"date":"1997 Q3","value":"5183","year":"1997","month":"","quarter":"Q3","sourceDataset":"CSDB10","updateDate":"2016-01-28T09:29:39.881Z"},{"date":"1997 Q4","value":"5440","year":"1997","month":"","quarter":"Q4","sourceDataset":"CSDB10","updateDate":"2016-01-28T09:29:39.881Z"},{"date":"1998 Q1","value":"8399","year":"1998","month":"","quarter":"Q1","sourceDataset":"CSDB10","updateDate":"2016-01-28T09:29:39.881Z"},{"date":"1998 Q2","value":"4559","year":"1998","month":"","quarter":"Q2","sourceDataset":"CSDB10","updateDate":"2016-01-28T09:29:39.881Z"},{"date":"1998 Q3","value":"5625","year":"1998","month":"","quarter":"Q3","sourceDataset":"CSDB10","updateDate":"2016-01-28T09:29:39.881Z"},{"date":"1998 Q4","value":"6135","year":"1998","month":"","quarter":"Q4","sourceDataset":"CSDB10","updateDate":"2016-01-28T09:29:39.881Z"},{"date":"1999 Q1","value":"8532","year":"1999","month":"","quarter":"Q1","sourceDataset":"CSDB10","updateDate":"2016-01-28T09:29:39.881Z"},{"date":"1999 Q2","value":"5101","year":"1999","month":"","quarter":"Q2","sourceDataset":"CSDB10","updateDate":"2016-01-28T09:29:39.881Z"},{"date":"1999 Q3","value":"5649","year":"1999","month":"","quarter":"Q3","sourceDataset":"CSDB10","updateDate":"2016-01-28T09:29:39.881Z"},{"date":"1999 Q4","value":"5848","year":"1999","month":"","quarter":"Q4","sourceDataset":"CSDB10","updateDate":"2016-01-28T09:29:39.881Z"},{"date":"2000 Q1","value":"8397","year":"2000","month":"","quarter":"Q1","sourceDataset":"CSDB10","updateDate":"2016-01-28T09:29:39.881Z"},{"date":"2000 Q2","value":"4908","year":"2000","month":"","quarter":"Q2","sourceDataset":"CSDB10","updateDate":"2016-01-28T09:29:39.881Z"},{"date":"2000 Q3","value":"5234","year":"2000","month":"","quarter":"Q3","sourceDataset":"CSDB10","updateDate":"2016-01-28T09:29:39.881Z"},{"date":"2000 Q4","value":"6090","year":"2000","month":"","quarter":"Q4","sourceDataset":"CSDB10","updateDate":"2016-01-28T09:29:39.881Z"},{"date":"2001 Q1","value":"8208","year":"2001","month":"","quarter":"Q1","sourceDataset":"CSDB10","updateDate":"2016-01-28T09:29:39.881Z"},{"date":"2001 Q2","value":"5755","year":"2001","month":"","quarter":"Q2","sourceDataset":"CSDB10","updateDate":"2016-01-28T09:29:39.881Z"},{"date":"2001 Q3","value":"6918","year":"2001","month":"","quarter":"Q3","sourceDataset":"CSDB10","updateDate":"2016-01-28T09:29:39.881Z"},{"date":"2001 Q4","value":"7274","year":"2001","month":"","quarter":"Q4","sourceDataset":"CSDB10","updateDate":"2016-01-28T09:29:39.881Z"},{"date":"2002 Q1","value":"9138","year":"2002","month":"","quarter":"Q1","sourceDataset":"CSDB10","updateDate":"2016-01-28T09:29:39.881Z"},{"date":"2002 Q2","value":"5776","year":"2002","month":"","quarter":"Q2","sourceDataset":"CSDB10","updateDate":"2016-01-28T09:29:39.881Z"},{"date":"2002 Q3","value":"7160","year":"2002","month":"","quarter":"Q3","sourceDataset":"CSDB10","updateDate":"2016-01-28T09:29:39.881Z"},{"date":"2002 Q4","value":"7694","year":"2002","month":"","quarter":"Q4","sourceDataset":"CSDB10","updateDate":"2016-01-28T09:29:39.881Z"},{"date":"2003 Q1","value":"11058","year":"2003","month":"","quarter":"Q1","sourceDataset":"CSDB10","updateDate":"2016-01-28T09:29:39.881Z"},{"date":"2003 Q2","value":"6424","year":"2003","month":"","quarter":"Q2","sourceDataset":"CSDB10","updateDate":"2016-01-28T09:29:39.881Z"},{"date":"2003 Q3","value":"7471","year":"2003","month":"","quarter":"Q3","sourceDataset":"CSDB10","updateDate":"2016-01-28T09:29:39.881Z"},{"date":"2003 Q4","value":"7841","year":"2003","month":"","quarter":"Q4","sourceDataset":"CSDB10","updateDate":"2016-01-28T09:29:39.881Z"},{"date":"2004 Q1","value":"11862","year":"2004","month":"","quarter":"Q1","sourceDataset":"CSDB10","updateDate":"2016-01-28T09:29:39.881Z"},{"date":"2004 Q2","value":"8118","year":"2004","month":"","quarter":"Q2","sourceDataset":"CSDB10","updateDate":"2016-01-28T09:29:39.881Z"},{"date":"2004 Q3","value":"9130","year":"2004","month":"","quarter":"Q3","sourceDataset":"CSDB10","updateDate":"2016-01-28T09:29:39.881Z"},{"date":"2004 Q4","value":"9652","year":"2004","month":"","quarter":"Q4","sourceDataset":"CSDB10","updateDate":"2016-01-28T09:29:39.881Z"},{"date":"2005 Q1","value":"14550","year":"2005","month":"","quarter":"Q1","sourceDataset":"CSDB10","updateDate":"2016-01-28T09:29:39.881Z"},{"date":"2005 Q2","value":"-10125","year":"2005","month":"","quarter":"Q2","sourceDataset":"CSDB10","updateDate":"2016-01-28T09:29:39.881Z"},{"date":"2005 Q3","value":"9453","year":"2005","month":"","quarter":"Q3","sourceDataset":"CSDB10","updateDate":"2016-01-28T09:29:39.881Z"},{"date":"2005 Q4","value":"9675","year":"2005","month":"","quarter":"Q4","sourceDataset":"CSDB10","updateDate":"2016-01-28T09:29:39.881Z"},{"date":"2006 Q1","value":"13067","year":"2006","month":"","quarter":"Q1","sourceDataset":"CSDB10","updateDate":"2016-01-28T09:29:39.881Z"},{"date":"2006 Q2","value":"7427","year":"2006","month":"","quarter":"Q2","sourceDataset":"CSDB10","updateDate":"2016-01-28T09:29:39.881Z"},{"date":"2006 Q3","value":"9168","year":"2006","month":"","quarter":"Q3","sourceDataset":"CSDB10","updateDate":"2016-01-28T09:29:39.881Z"},{"date":"2006 Q4","value":"9846","year":"2006","month":"","quarter":"Q4","sourceDataset":"CSDB10","updateDate":"2016-01-28T09:29:39.881Z"},{"date":"2007 Q1","value":"13299","year":"2007","month":"","quarter":"Q1","sourceDataset":"CSDB10","updateDate":"2016-01-28T09:29:39.881Z"},{"date":"2007 Q2","value":"7508","year":"2007","month":"","quarter":"Q2","sourceDataset":"CSDB10","updateDate":"2016-01-28T09:29:39.881Z"},{"date":"2007 Q3","value":"8686","year":"2007","month":"","quarter":"Q3","sourceDataset":"CSDB10","updateDate":"2016-01-28T09:29:39.881Z"},{"date":"2007 Q4","value":"11201","year":"2007","month":"","quarter":"Q4","sourceDataset":"CSDB10","updateDate":"2016-01-28T09:29:39.881Z"},{"date":"2008 Q1","value":"15438","year":"2008","month":"","quarter":"Q1","sourceDataset":"CSDB10","updateDate":"2016-01-28T09:29:39.881Z"},{"date":"2008 Q2","value":"8772","year":"2008","month":"","quarter":"Q2","sourceDataset":"CSDB10","updateDate":"2016-01-28T09:29:39.881Z"},{"date":"2008 Q3","value":"10584","year":"2008","month":"","quarter":"Q3","sourceDataset":"CSDB10","updateDate":"2016-01-28T09:29:39.881Z"},{"date":"2008 Q4","value":"12307","year":"2008","month":"","quarter":"Q4","sourceDataset":"CSDB10","updateDate":"2016-01-28T09:29:39.881Z"},{"date":"2009 Q1","value":"16904","year":"2009","month":"","quarter":"Q1","sourceDataset":"CSDB10","updateDate":"2016-01-28T09:29:39.881Z"},{"date":"2009 Q2","value":"8872","year":"2009","month":"","quarter":"Q2","sourceDataset":"CSDB10","updateDate":"2016-01-28T09:29:39.881Z"},{"date":"2009 Q3","value":"12093","year":"2009","month":"","quarter":"Q3","sourceDataset":"CSDB10","updateDate":"2016-01-28T09:29:39.881Z"},{"date":"2009 Q4","value":"12611","year":"2009","month":"","quarter":"Q4","sourceDataset":"CSDB10","updateDate":"2016-01-28T09:29:39.881Z"},{"date":"2010 Q1","value":"17826","year":"2010","month":"","quarter":"Q1","sourceDataset":"CSDB10","updateDate":"2016-01-28T09:29:39.881Z"},{"date":"2010 Q2","value":"9814","year":"2010","month":"","quarter":"Q2","sourceDataset":"CSDB10","updateDate":"2016-01-28T09:29:39.881Z"},{"date":"2010 Q3","value":"12055","year":"2010","month":"","quarter":"Q3","sourceDataset":"CSDB10","updateDate":"2016-01-28T09:29:39.881Z"},{"date":"2010 Q4","value":"12268","year":"2010","month":"","quarter":"Q4","sourceDataset":"CSDB10","updateDate":"2016-01-28T09:29:39.881Z"},{"date":"2011 Q1","value":"18078","year":"2011","month":"","quarter":"Q1","sourceDataset":"CSDB10","updateDate":"2016-01-28T09:29:39.881Z"},{"date":"2011 Q2","value":"9024","year":"2011","month":"","quarter":"Q2","sourceDataset":"CSDB10","updateDate":"2016-01-28T09:29:39.881Z"},{"date":"2011 Q3","value":"11204","year":"2011","month":"","quarter":"Q3","sourceDataset":"CSDB10","updateDate":"2016-01-28T09:29:39.881Z"},{"date":"2011 Q4","value":"11253","year":"2011","month":"","quarter":"Q4","sourceDataset":"CSDB10","updateDate":"2016-01-28T09:29:39.881Z"},{"date":"2012 Q1","value":"16654","year":"2012","month":"","quarter":"Q1","sourceDataset":"CSDB10","updateDate":"2016-01-28T09:29:39.881Z"},{"date":"2012 Q2","value":"9398","year":"2012","month":"","quarter":"Q2","sourceDataset":"CSDB10","updateDate":"2016-01-28T09:29:39.881Z"},{"date":"2012 Q3","value":"9830","year":"2012","month":"","quarter":"Q3","sourceDataset":"CSDB10","updateDate":"2016-01-28T09:29:39.881Z"},{"date":"2012 Q4","value":"10316","year":"2012","month":"","quarter":"Q4","sourceDataset":"CSDB10","updateDate":"2016-01-28T09:29:39.881Z"},{"date":"2013 Q1","value":"14985","year":"2013","month":"","quarter":"Q1","sourceDataset":"CSDB10","updateDate":"2016-01-28T09:29:39.881Z"},{"date":"2013 Q2","value":"8347","year":"2013","month":"","quarter":"Q2","sourceDataset":"CSDB10","updateDate":"2016-01-28T09:29:39.881Z"},{"date":"2013 Q3","value":"9916","year":"2013","month":"","quarter":"Q3","sourceDataset":"CSDB10","updateDate":"2016-01-28T09:29:39.881Z"},{"date":"2013 Q4","value":"10597","year":"2013","month":"","quarter":"Q4","sourceDataset":"CSDB10","updateDate":"2016-01-28T09:29:39.881Z"},{"date":"2014 Q1","value":"16394","year":"2014","month":"","quarter":"Q1","sourceDataset":"CSDB10","updateDate":"2016-01-28T09:29:39.881Z"},{"date":"2014 Q2","value":"8639","year":"2014","month":"","quarter":"Q2","sourceDataset":"CSDB10","updateDate":"2016-01-28T09:29:39.881Z"},{"date":"2014 Q3","value":"10488","year":"2014","month":"","quarter":"Q3","sourceDataset":"CSDB10","updateDate":"2016-01-28T09:29:39.881Z"},{"date":"2014 Q4","value":"10855","year":"2014","month":"","quarter":"Q4","sourceDataset":"CSDB10","updateDate":"2016-01-28T09:29:39.881Z"},{"date":"2015 Q1","value":"16135","year":"2015","month":"","quarter":"Q1","sourceDataset":"CSDB10","updateDate":"2016-01-28T09:29:39.881Z"},{"date":"2015 Q2","value":"9424","year":"2015","month":"","quarter":"Q2","sourceDataset":"CSDB10","updateDate":"2016-01-28T09:29:39.881Z"},{"date":"2015 Q3","value":"10597","year":"2015","month":"","quarter":"Q3","sourceDataset":"CSDB10","updateDate":"2016-01-28T09:29:39.881Z"}],"months":[],"sourceDatasets":["CSDB10"],"relatedDatasets":[{"uri":"/economy/environmentalaccounts/datasets/werwerwerwerwerwr/2015"}],"relatedDocuments":[],"type":"timeseries","description":{"title":"Gross Fixed Capital Formation:Total General Government P51:CVM NSA: £m  ","contact":{"email":"","name":"","telephone":""},"releaseDate":"2016-01-27T00:00:00.000Z","nextRelease":"","cdid":"EQDN","unit":"","preUnit":"","source":"","seasonalAdjustment":"NSA","date":"2015 Q3","number":"10597"}}