{"years":[{"date":"1987","value":"22380","year":"1987","month":"","quarter":"","sourceDataset":"CSDB10","updateDate":"2016-01-28T09:29:40.621Z"},{"date":"1988","value":"23984","year":"1988","month":"","quarter":"","sourceDataset":"CSDB10","updateDate":"2016-01-28T09:29:40.621Z"},{"date":"1989","value":"26688","year":"1989","month":"","quarter":"","sourceDataset":"CSDB10","updateDate":"2016-01-28T09:29:40.621Z"},{"date":"1990","value":"28796","year":"1990","month":"","quarter":"","sourceDataset":"CSDB10","updateDate":"2016-01-28T09:29:40.621Z"},{"date":"1991","value":"29195","year":"1991","month":"","quarter":"","sourceDataset":"CSDB10","updateDate":"2016-01-28T09:29:40.621Z"},{"date":"1992","value":"30358","year":"1992","month":"","quarter":"","sourceDataset":"CSDB10","updateDate":"2016-01-28T09:29:40.621Z"},{"date":"1993","value":"35502","year":"1993","month":"","quarter":"","sourceDataset":"CSDB10","updateDate":"2016-01-28T09:29:40.621Z"},{"date":"1994","value":"38380","year":"1994","month":"","quarter":"","sourceDataset":"CSDB10","updateDate":"2016-01-28T09:29:40.621Z"},{"date":"1995","value":"43458","year":"1995","month":"","quarter":"","sourceDataset":"CSDB10","updateDate":"2016-01-28T09:29:40.621Z"},{"date":"1996","value":"45308","year":"1996","month":"","quarter":"","sourceDataset":"CSDB10","updateDate":"2016-01-28T09:29:40.621Z"},{"date":"1997","value":"45591","year":"1997","month":"","quarter":"","sourceDataset":"CSDB10","updateDate":"2016-01-28T09:29:40.621Z"},{"date":"1998","value":"43355","year":"1998","month":"","quarter":"","sourceDataset":"CSDB10","updateDate":"2016-01-28T09:29:40.621Z"},{"date":"1999","value":"43317","year":"1999","month":"","quarter":"","sourceDataset":"CSDB10","updateDate":"2016-01-28T09:29:40.621Z"},{"date":"2000","value":"47691","year":"2000","month":"","quarter":"","sourceDataset":"CSDB10","updateDate":"2016-01-28T09:29:40.621Z"},{"date":"2001","value":"50197","year":"2001","month":"","quarter":"","sourceDataset":"CSDB10","updateDate":"2016-01-28T09:29:40.621Z"},{"date":"2002","value":"50171","year":"2002","month":"","quarter":"","sourceDataset":"CSDB10","updateDate":"2016-01-28T09:29:40.621Z"},{"date":"2003","value":"54486","year":"2003","month":"","quarter":"","sourceDataset":"CSDB10","updateDate":"2016-01-28T09:29:40.621Z"},{"date":"2004","value":"56472","year":"2004","month":"","quarter":"","sourceDataset":"CSDB10","updateDate":"2016-01-28T09:29:40.621Z"},{"date":"2005","value":"59704","year":"2005","month":"","quarter":"","sourceDataset":"CSDB10","updateDate":"2016-01-28T09:29:40.621Z"},{"date":"2006","value":"64882","year":"2006","month":"","quarter":"","sourceDataset":"CSDB10","updateDate":"2016-01-28T09:29:40.621Z"},{"date":"2007","value":"68183","year":"2007","month":"","quarter":"","sourceDataset":"CSDB10","updateDate":"2016-01-28T09:29:40.621Z"},{"date":"2008","value":"76233","year":"2008","month":"","quarter":"","sourceDataset":"CSDB10","updateDate":"2016-01-28T09:29:40.621Z"},{"date":"2009","value":"71541","year":"2009","month":"","quarter":"","sourceDataset":"CSDB10","updateDate":"2016-01-28T09:29:40.621Z"},{"date":"2010","value":"80088","year":"2010","month":"","quarter":"","sourceDataset":"CSDB10","updateDate":"2016-01-28T09:29:40.621Z"},{"date":"2011","value":"87909","year":"2011","month":"","quarter":"","sourceDataset":"CSDB10","updateDate":"2016-01-28T09:29:40.621Z"},{"date":"2012","value":"85215","year":"2012","month":"","quarter":"","sourceDataset":"CSDB10","updateDate":"2016-01-28T09:29:40.621Z"},{"date":"2013","value":"80734","year":"2013","month":"","quarter":"","sourceDataset":"CSDB10","updateDate":"2016-01-28T09:29:40.621Z"},{"date":"2014","value":"75944","year":"2014","month":"","quarter":"","sourceDataset":"CSDB10","updateDate":"2016-01-28T09:29:40.621Z"}],"quarters":[{"date":"1987 Q1","value":"5510","year":"1987","month":"","quarter":"Q1","sourceDataset":"CSDB10","updateDate":"2016-01-28T09:29:40.621Z"},{"date":"1987 Q2","value":"5684","year":"1987","month":"","quarter":"Q2","sourceDataset":"CSDB10","updateDate":"2016-01-28T09:29:40.621Z"},{"date":"1987 Q3","value":"5397","year":"1987","month":"","quarter":"Q3","sourceDataset":"CSDB10","updateDate":"2016-01-28T09:29:40.621Z"},{"date":"1987 Q4","value":"5789","year":"1987","month":"","quarter":"Q4","sourceDataset":"CSDB10","updateDate":"2016-01-28T09:29:40.621Z"},{"date":"1988 Q1","value":"5638","year":"1988","month":"","quarter":"Q1","sourceDataset":"CSDB10","updateDate":"2016-01-28T09:29:40.621Z"},{"date":"1988 Q2","value":"6224","year":"1988","month":"","quarter":"Q2","sourceDataset":"CSDB10","updateDate":"2016-01-28T09:29:40.621Z"},{"date":"1988 Q3","value":"5908","year":"1988","month":"","quarter":"Q3","sourceDataset":"CSDB10","updateDate":"2016-01-28T09:29:40.621Z"},{"date":"1988 Q4","value":"6214","year":"1988","month":"","quarter":"Q4","sourceDataset":"CSDB10","updateDate":"2016-01-28T09:29:40.621Z"},{"date":"1989 Q1","value":"6229","year":"1989","month":"","quarter":"Q1","sourceDataset":"CSDB10","updateDate":"2016-01-28T09:29:40.621Z"},{"date":"1989 Q2","value":"7084","year":"1989","month":"","quarter":"Q2","sourceDataset":"CSDB10","updateDate":"2016-01-28T09:29:40.621Z"},{"date":"1989 Q3","value":"6210","year":"1989","month":"","quarter":"Q3","sourceDataset":"CSDB10","updateDate":"2016-01-28T09:29:40.621Z"},{"date":"1989 Q4","value":"7165","year":"1989","month":"","quarter":"Q4","sourceDataset":"CSDB10","updateDate":"2016-01-28T09:29:40.621Z"},{"date":"1990 Q1","value":"7304","year":"1990","month":"","quarter":"Q1","sourceDataset":"CSDB10","updateDate":"2016-01-28T09:29:40.621Z"},{"date":"1990 Q2","value":"7692","year":"1990","month":"","quarter":"Q2","sourceDataset":"CSDB10","updateDate":"2016-01-28T09:29:40.621Z"},{"date":"1990 Q3","value":"6578","year":"1990","month":"","quarter":"Q3","sourceDataset":"CSDB10","updateDate":"2016-01-28T09:29:40.621Z"},{"date":"1990 Q4","value":"7222","year":"1990","month":"","quarter":"Q4","sourceDataset":"CSDB10","updateDate":"2016-01-28T09:29:40.621Z"},{"date":"1991 Q1","value":"6806","year":"1991","month":"","quarter":"Q1","sourceDataset":"CSDB10","updateDate":"2016-01-28T09:29:40.621Z"},{"date":"1991 Q2","value":"7676","year":"1991","month":"","quarter":"Q2","sourceDataset":"CSDB10","updateDate":"2016-01-28T09:29:40.621Z"},{"date":"1991 Q3","value":"6982","year":"1991","month":"","quarter":"Q3","sourceDataset":"CSDB10","updateDate":"2016-01-28T09:29:40.621Z"},{"date":"1991 Q4","value":"7731","year":"1991","month":"","quarter":"Q4","sourceDataset":"CSDB10","updateDate":"2016-01-28T09:29:40.621Z"},{"date":"1992 Q1","value":"7263","year":"1992","month":"","quarter":"Q1","sourceDataset":"CSDB10","updateDate":"2016-01-28T09:29:40.621Z"},{"date":"1992 Q2","value":"7881","year":"1992","month":"","quarter":"Q2","sourceDataset":"CSDB10","updateDate":"2016-01-28T09:29:40.621Z"},{"date":"1992 Q3","value":"7107","year":"1992","month":"","quarter":"Q3","sourceDataset":"CSDB10","updateDate":"2016-01-28T09:29:40.621Z"},{"date":"1992 Q4","value":"8107","year":"1992","month":"","quarter":"Q4","sourceDataset":"CSDB10","updateDate":"2016-01-28T09:29:40.621Z"},{"date":"1993 Q1","value":"9153","year":"1993","month":"","quarter":"Q1","sourceDataset":"CSDB10","updateDate":"2016-01-28T09:29:40.621Z"},{"date":"1993 Q2","value":"8959","year":"1993","month":"","quarter":"Q2","sourceDataset":"CSDB10","updateDate":"2016-01-28T09:29:40.621Z"},{"date":"1993 Q3","value":"8506","year":"1993","month":"","quarter":"Q3","sourceDataset":"CSDB10","updateDate":"2016-01-28T09:29:40.621Z"},{"date":"1993 Q4","value":"8884","year":"1993","month":"","quarter":"Q4","sourceDataset":"CSDB10","updateDate":"2016-01-28T09:29:40.621Z"},{"date":"1994 Q1","value":"9449","year":"1994","month":"","quarter":"Q1","sourceDataset":"CSDB10","updateDate":"2016-01-28T09:29:40.621Z"},{"date":"1994 Q2","value":"9786","year":"1994","month":"","quarter":"Q2","sourceDataset":"CSDB10","updateDate":"2016-01-28T09:29:40.621Z"},{"date":"1994 Q3","value":"9266","year":"1994","month":"","quarter":"Q3","sourceDataset":"CSDB10","updateDate":"2016-01-28T09:29:40.621Z"},{"date":"1994 Q4","value":"9879","year":"1994","month":"","quarter":"Q4","sourceDataset":"CSDB10","updateDate":"2016-01-28T09:29:40.621Z"},{"date":"1995 Q1","value":"11076","year":"1995","month":"","quarter":"Q1","sourceDataset":"CSDB10","updateDate":"2016-01-28T09:29:40.621Z"},{"date":"1995 Q2","value":"11266","year":"1995","month":"","quarter":"Q2","sourceDataset":"CSDB10","updateDate":"2016-01-28T09:29:40.621Z"},{"date":"1995 Q3","value":"10414","year":"1995","month":"","quarter":"Q3","sourceDataset":"CSDB10","updateDate":"2016-01-28T09:29:40.621Z"},{"date":"1995 Q4","value":"10702","year":"1995","month":"","quarter":"Q4","sourceDataset":"CSDB10","updateDate":"2016-01-28T09:29:40.621Z"},{"date":"1996 Q1","value":"11774","year":"1996","month":"","quarter":"Q1","sourceDataset":"CSDB10","updateDate":"2016-01-28T09:29:40.621Z"},{"date":"1996 Q2","value":"11737","year":"1996","month":"","quarter":"Q2","sourceDataset":"CSDB10","updateDate":"2016-01-28T09:29:40.621Z"},{"date":"1996 Q3","value":"10825","year":"1996","month":"","quarter":"Q3","sourceDataset":"CSDB10","updateDate":"2016-01-28T09:29:40.621Z"},{"date":"1996 Q4","value":"10972","year":"1996","month":"","quarter":"Q4","sourceDataset":"CSDB10","updateDate":"2016-01-28T09:29:40.621Z"},{"date":"1997 Q1","value":"11243","year":"1997","month":"","quarter":"Q1","sourceDataset":"CSDB10","updateDate":"2016-01-28T09:29:40.621Z"},{"date":"1997 Q2","value":"11669","year":"1997","month":"","quarter":"Q2","sourceDataset":"CSDB10","updateDate":"2016-01-28T09:29:40.621Z"},{"date":"1997 Q3","value":"11447","year":"1997","month":"","quarter":"Q3","sourceDataset":"CSDB10","updateDate":"2016-01-28T09:29:40.621Z"},{"date":"1997 Q4","value":"11232","year":"1997","month":"","quarter":"Q4","sourceDataset":"CSDB10","updateDate":"2016-01-28T09:29:40.621Z"},{"date":"1998 Q1","value":"11029","year":"1998","month":"","quarter":"Q1","sourceDataset":"CSDB10","updateDate":"2016-01-28T09:29:40.621Z"},{"date":"1998 Q2","value":"11105","year":"1998","month":"","quarter":"Q2","sourceDataset":"CSDB10","updateDate":"2016-01-28T09:29:40.621Z"},{"date":"1998 Q3","value":"10816","year":"1998","month":"","quarter":"Q3","sourceDataset":"CSDB10","updateDate":"2016-01-28T09:29:40.621Z"},{"date":"1998 Q4","value":"10405","year":"1998","month":"","quarter":"Q4","sourceDataset":"CSDB10","updateDate":"2016-01-28T09:29:40.621Z"},{"date":"1999 Q1","value":"10563","year":"1999","month":"","quarter":"Q1","sourceDataset":"CSDB10","updateDate":"2016-01-28T09:29:40.621Z"},{"date":"1999 Q2","value":"10660","year":"1999","month":"","quarter":"Q2","sourceDataset":"CSDB10","updateDate":"2016-01-28T09:29:40.621Z"},{"date":"1999 Q3","value":"11235","year":"1999","month":"","quarter":"Q3","sourceDataset":"CSDB10","updateDate":"2016-01-28T09:29:40.621Z"},{"date":"1999 Q4","value":"10859","year":"1999","month":"","quarter":"Q4","sourceDataset":"CSDB10","updateDate":"2016-01-28T09:29:40.621Z"},{"date":"2000 Q1","value":"11651","year":"2000","month":"","quarter":"Q1","sourceDataset":"CSDB10","updateDate":"2016-01-28T09:29:40.621Z"},{"date":"2000 Q2","value":"12152","year":"2000","month":"","quarter":"Q2","sourceDataset":"CSDB10","updateDate":"2016-01-28T09:29:40.621Z"},{"date":"2000 Q3","value":"11711","year":"2000","month":"","quarter":"Q3","sourceDataset":"CSDB10","updateDate":"2016-01-28T09:29:40.621Z"},{"date":"2000 Q4","value":"12177","year":"2000","month":"","quarter":"Q4","sourceDataset":"CSDB10","updateDate":"2016-01-28T09:29:40.621Z"},{"date":"2001 Q1","value":"13241","year":"2001","month":"","quarter":"Q1","sourceDataset":"CSDB10","updateDate":"2016-01-28T09:29:40.621Z"},{"date":"2001 Q2","value":"13120","year":"2001","month":"","quarter":"Q2","sourceDataset":"CSDB10","updateDate":"2016-01-28T09:29:40.621Z"},{"date":"2001 Q3","value":"11938","year":"2001","month":"","quarter":"Q3","sourceDataset":"CSDB10","updateDate":"2016-01-28T09:29:40.621Z"},{"date":"2001 Q4","value":"11898","year":"2001","month":"","quarter":"Q4","sourceDataset":"CSDB10","updateDate":"2016-01-28T09:29:40.621Z"},{"date":"2002 Q1","value":"12295","year":"2002","month":"","quarter":"Q1","sourceDataset":"CSDB10","updateDate":"2016-01-28T09:29:40.621Z"},{"date":"2002 Q2","value":"13313","year":"2002","month":"","quarter":"Q2","sourceDataset":"CSDB10","updateDate":"2016-01-28T09:29:40.621Z"},{"date":"2002 Q3","value":"12470","year":"2002","month":"","quarter":"Q3","sourceDataset":"CSDB10","updateDate":"2016-01-28T09:29:40.621Z"},{"date":"2002 Q4","value":"12093","year":"2002","month":"","quarter":"Q4","sourceDataset":"CSDB10","updateDate":"2016-01-28T09:29:40.621Z"},{"date":"2003 Q1","value":"13064","year":"2003","month":"","quarter":"Q1","sourceDataset":"CSDB10","updateDate":"2016-01-28T09:29:40.621Z"},{"date":"2003 Q2","value":"14043","year":"2003","month":"","quarter":"Q2","sourceDataset":"CSDB10","updateDate":"2016-01-28T09:29:40.622Z"},{"date":"2003 Q3","value":"13566","year":"2003","month":"","quarter":"Q3","sourceDataset":"CSDB10","updateDate":"2016-01-28T09:29:40.622Z"},{"date":"2003 Q4","value":"13813","year":"2003","month":"","quarter":"Q4","sourceDataset":"CSDB10","updateDate":"2016-01-28T09:29:40.622Z"},{"date":"2004 Q1","value":"13802","year":"2004","month":"","quarter":"Q1","sourceDataset":"CSDB10","updateDate":"2016-01-28T09:29:40.622Z"},{"date":"2004 Q2","value":"14001","year":"2004","month":"","quarter":"Q2","sourceDataset":"CSDB10","updateDate":"2016-01-28T09:29:40.622Z"},{"date":"2004 Q3","value":"14198","year":"2004","month":"","quarter":"Q3","sourceDataset":"CSDB10","updateDate":"2016-01-28T09:29:40.622Z"},{"date":"2004 Q4","value":"14471","year":"2004","month":"","quarter":"Q4","sourceDataset":"CSDB10","updateDate":"2016-01-28T09:29:40.622Z"},{"date":"2005 Q1","value":"14338","year":"2005","month":"","quarter":"Q1","sourceDataset":"CSDB10","updateDate":"2016-01-28T09:29:40.622Z"},{"date":"2005 Q2","value":"15167","year":"2005","month":"","quarter":"Q2","sourceDataset":"CSDB10","updateDate":"2016-01-28T09:29:40.622Z"},{"date":"2005 Q3","value":"15112","year":"2005","month":"","quarter":"Q3","sourceDataset":"CSDB10","updateDate":"2016-01-28T09:29:40.622Z"},{"date":"2005 Q4","value":"15087","year":"2005","month":"","quarter":"Q4","sourceDataset":"CSDB10","updateDate":"2016-01-28T09:29:40.622Z"},{"date":"2006 Q1","value":"15839","year":"2006","month":"","quarter":"Q1","sourceDataset":"CSDB10","updateDate":"2016-01-28T09:29:40.622Z"},{"date":"2006 Q2","value":"16809","year":"2006","month":"","quarter":"Q2","sourceDataset":"CSDB10","updateDate":"2016-01-28T09:29:40.622Z"},{"date":"2006 Q3","value":"15894","year":"2006","month":"","quarter":"Q3","sourceDataset":"CSDB10","updateDate":"2016-01-28T09:29:40.622Z"},{"date":"2006 Q4","value":"16340","year":"2006","month":"","quarter":"Q4","sourceDataset":"CSDB10","updateDate":"2016-01-28T09:29:40.622Z"},{"date":"2007 Q1","value":"16832","year":"2007","month":"","quarter":"Q1","sourceDataset":"CSDB10","updateDate":"2016-01-28T09:29:40.622Z"},{"date":"2007 Q2","value":"17452","year":"2007","month":"","quarter":"Q2","sourceDataset":"CSDB10","updateDate":"2016-01-28T09:29:40.622Z"},{"date":"2007 Q3","value":"17094","year":"2007","month":"","quarter":"Q3","sourceDataset":"CSDB10","updateDate":"2016-01-28T09:29:40.622Z"},{"date":"2007 Q4","value":"16805","year":"2007","month":"","quarter":"Q4","sourceDataset":"CSDB10","updateDate":"2016-01-28T09:29:40.622Z"},{"date":"2008 Q1","value":"18051","year":"2008","month":"","quarter":"Q1","sourceDataset":"CSDB10","updateDate":"2016-01-28T09:29:40.622Z"},{"date":"2008 Q2","value":"20110","year":"2008","month":"","quarter":"Q2","sourceDataset":"CSDB10","updateDate":"2016-01-28T09:29:40.622Z"},{"date":"2008 Q3","value":"19841","year":"2008","month":"","quarter":"Q3","sourceDataset":"CSDB10","updateDate":"2016-01-28T09:29:40.622Z"},{"date":"2008 Q4","value":"18231","year":"2008","month":"","quarter":"Q4","sourceDataset":"CSDB10","updateDate":"2016-01-28T09:29:40.622Z"},{"date":"2009 Q1","value":"17457","year":"2009","month":"","quarter":"Q1","sourceDataset":"CSDB10","updateDate":"2016-01-28T09:29:40.622Z"},{"date":"2009 Q2","value":"17372","year":"2009","month":"","quarter":"Q2","sourceDataset":"CSDB10","updateDate":"2016-01-28T09:29:40.622Z"},{"date":"2009 Q3","value":"18252","year":"2009","month":"","quarter":"Q3","sourceDataset":"CSDB10","updateDate":"2016-01-28T09:29:40.622Z"},{"date":"2009 Q4","value":"18460","year":"2009","month":"","quarter":"Q4","sourceDataset":"CSDB10","updateDate":"2016-01-28T09:29:40.622Z"},{"date":"2010 Q1","value":"19136","year":"2010","month":"","quarter":"Q1","sourceDataset":"CSDB10","updateDate":"2016-01-28T09:29:40.622Z"},{"date":"2010 Q2","value":"20414","year":"2010","month":"","quarter":"Q2","sourceDataset":"CSDB10","updateDate":"2016-01-28T09:29:40.622Z"},{"date":"2010 Q3","value":"20157","year":"2010","month":"","quarter":"Q3","sourceDataset":"CSDB10","updateDate":"2016-01-28T09:29:40.622Z"},{"date":"2010 Q4","value":"20381","year":"2010","month":"","quarter":"Q4","sourceDataset":"CSDB10","updateDate":"2016-01-28T09:29:40.622Z"},{"date":"2011 Q1","value":"21654","year":"2011","month":"","quarter":"Q1","sourceDataset":"CSDB10","updateDate":"2016-01-28T09:29:40.622Z"},{"date":"2011 Q2","value":"22106","year":"2011","month":"","quarter":"Q2","sourceDataset":"CSDB10","updateDate":"2016-01-28T09:29:40.622Z"},{"date":"2011 Q3","value":"22278","year":"2011","month":"","quarter":"Q3","sourceDataset":"CSDB10","updateDate":"2016-01-28T09:29:40.622Z"},{"date":"2011 Q4","value":"21871","year":"2011","month":"","quarter":"Q4","sourceDataset":"CSDB10","updateDate":"2016-01-28T09:29:40.622Z"},{"date":"2012 Q1","value":"22589","year":"2012","month":"","quarter":"Q1","sourceDataset":"CSDB10","updateDate":"2016-01-28T09:29:40.622Z"},{"date":"2012 Q2","value":"20348","year":"2012","month":"","quarter":"Q2","sourceDataset":"CSDB10","updateDate":"2016-01-28T09:29:40.622Z"},{"date":"2012 Q3","value":"21155","year":"2012","month":"","quarter":"Q3","sourceDataset":"CSDB10","updateDate":"2016-01-28T09:29:40.622Z"},{"date":"2012 Q4","value":"21123","year":"2012","month":"","quarter":"Q4","sourceDataset":"CSDB10","updateDate":"2016-01-28T09:29:40.622Z"},{"date":"2013 Q1","value":"20054","year":"2013","month":"","quarter":"Q1","sourceDataset":"CSDB10","updateDate":"2016-01-28T09:29:40.622Z"},{"date":"2013 Q2","value":"21440","year":"2013","month":"","quarter":"Q2","sourceDataset":"CSDB10","updateDate":"2016-01-28T09:29:40.622Z"},{"date":"2013 Q3","value":"19800","year":"2013","month":"","quarter":"Q3","sourceDataset":"CSDB10","updateDate":"2016-01-28T09:29:40.622Z"},{"date":"2013 Q4","value":"19440","year":"2013","month":"","quarter":"Q4","sourceDataset":"CSDB10","updateDate":"2016-01-28T09:29:40.622Z"},{"date":"2014 Q1","value":"18879","year":"2014","month":"","quarter":"Q1","sourceDataset":"CSDB10","updateDate":"2016-01-28T09:29:40.622Z"},{"date":"2014 Q2","value":"18558","year":"2014","month":"","quarter":"Q2","sourceDataset":"CSDB10","updateDate":"2016-01-28T09:29:40.622Z"},{"date":"2014 Q3","value":"19006","year":"2014","month":"","quarter":"Q3","sourceDataset":"CSDB10","updateDate":"2016-01-28T09:29:40.622Z"},{"date":"2014 Q4","value":"19501","year":"2014","month":"","quarter":"Q4","sourceDataset":"CSDB10","updateDate":"2016-01-28T09:29:40.622Z"},{"date":"2015 Q1","value":"19964","year":"2015","month":"","quarter":"Q1","sourceDataset":"CSDB10","updateDate":"2016-01-28T09:29:40.622Z"},{"date":"2015 Q2","value":"21064","year":"2015","month":"","quarter":"Q2","sourceDataset":"CSDB10","updateDate":"2016-01-28T09:29:40.622Z"},{"date":"2015 Q3","value":"19669","year":"2015","month":"","quarter":"Q3","sourceDataset":"CSDB10","updateDate":"2016-01-28T09:29:40.622Z"}],"months":[],"sourceDatasets":["CSDB10"],"relatedDatasets":[{"uri":"/economy/environmentalaccounts/datasets/werwerwerwerwerwr/2015"}],"relatedDocuments":[],"type":"timeseries","description":{"title":"BOP:EX:NSA:Semi-manufactures: SITC 5+6                                  ","contact":{"email":"","name":"","telephone":""},"releaseDate":"2016-01-27T00:00:00.000Z","nextRelease":"","cdid":"BQMX","unit":"","preUnit":"","source":"","seasonalAdjustment":"NSA","date":"2015 Q3","number":"19669"}}