{"years":[{"date":"2005","value":"100.0","year":"2005","month":"","quarter":"","sourceDataset":"CSDB","updateDate":"2016-01-14T16:25:13.215Z"},{"date":"2006","value":"101.7","year":"2006","month":"","quarter":"","sourceDataset":"CSDB","updateDate":"2016-01-14T16:25:13.215Z"},{"date":"2007","value":"106.0","year":"2007","month":"","quarter":"","sourceDataset":"CSDB","updateDate":"2016-01-14T16:25:13.215Z"},{"date":"2008","value":"111.5","year":"2008","month":"","quarter":"","sourceDataset":"CSDB","updateDate":"2016-01-14T16:25:13.215Z"},{"date":"2009","value":"116.2","year":"2009","month":"","quarter":"","sourceDataset":"CSDB","updateDate":"2016-01-14T16:25:13.215Z"},{"date":"2010","value":"121.9","year":"2010","month":"","quarter":"","sourceDataset":"CSDB","updateDate":"2016-01-14T16:25:13.215Z"},{"date":"2011","value":"128.5","year":"2011","month":"","quarter":"","sourceDataset":"CSDB","updateDate":"2016-01-14T16:25:13.215Z"},{"date":"2012","value":"131.8","year":"2012","month":"","quarter":"","sourceDataset":"CSDB","updateDate":"2016-01-14T16:25:13.215Z"},{"date":"2013","value":"130.8","year":"2013","month":"","quarter":"","sourceDataset":"CSDB","updateDate":"2016-01-14T16:25:13.215Z"},{"date":"2014","value":"130.6","year":"2014","month":"","quarter":"","sourceDataset":"CSDB","updateDate":"2016-01-14T16:25:13.215Z"}],"quarters":[{"date":"2005 Q1","value":"99.6","year":"2005","month":"","quarter":"Q1","sourceDataset":"CSDB","updateDate":"2016-01-14T16:25:13.215Z"},{"date":"2005 Q2","value":"100.4","year":"2005","month":"","quarter":"Q2","sourceDataset":"CSDB","updateDate":"2016-01-14T16:25:13.215Z"},{"date":"2005 Q3","value":"100.0","year":"2005","month":"","quarter":"Q3","sourceDataset":"CSDB","updateDate":"2016-01-14T16:25:13.215Z"},{"date":"2005 Q4","value":"100.0","year":"2005","month":"","quarter":"Q4","sourceDataset":"CSDB","updateDate":"2016-01-14T16:25:13.215Z"},{"date":"2006 Q1","value":"100.8","year":"2006","month":"","quarter":"Q1","sourceDataset":"CSDB","updateDate":"2016-01-14T16:25:13.215Z"},{"date":"2006 Q2","value":"101.1","year":"2006","month":"","quarter":"Q2","sourceDataset":"CSDB","updateDate":"2016-01-14T16:25:13.215Z"},{"date":"2006 Q3","value":"101.9","year":"2006","month":"","quarter":"Q3","sourceDataset":"CSDB","updateDate":"2016-01-14T16:25:13.215Z"},{"date":"2006 Q4","value":"102.8","year":"2006","month":"","quarter":"Q4","sourceDataset":"CSDB","updateDate":"2016-01-14T16:25:13.215Z"},{"date":"2007 Q1","value":"104.6","year":"2007","month":"","quarter":"Q1","sourceDataset":"CSDB","updateDate":"2016-01-14T16:25:13.215Z"},{"date":"2007 Q2","value":"105.4","year":"2007","month":"","quarter":"Q2","sourceDataset":"CSDB","updateDate":"2016-01-14T16:25:13.215Z"},{"date":"2007 Q3","value":"106.6","year":"2007","month":"","quarter":"Q3","sourceDataset":"CSDB","updateDate":"2016-01-14T16:25:13.215Z"},{"date":"2007 Q4","value":"107.5","year":"2007","month":"","quarter":"Q4","sourceDataset":"CSDB","updateDate":"2016-01-14T16:25:13.215Z"},{"date":"2008 Q1","value":"109.6","year":"2008","month":"","quarter":"Q1","sourceDataset":"CSDB","updateDate":"2016-01-14T16:25:13.215Z"},{"date":"2008 Q2","value":"110.1","year":"2008","month":"","quarter":"Q2","sourceDataset":"CSDB","updateDate":"2016-01-14T16:25:13.215Z"},{"date":"2008 Q3","value":"112.4","year":"2008","month":"","quarter":"Q3","sourceDataset":"CSDB","updateDate":"2016-01-14T16:25:13.215Z"},{"date":"2008 Q4","value":"114.0","year":"2008","month":"","quarter":"Q4","sourceDataset":"CSDB","updateDate":"2016-01-14T16:25:13.215Z"},{"date":"2009 Q1","value":"114.4","year":"2009","month":"","quarter":"Q1","sourceDataset":"CSDB","updateDate":"2016-01-14T16:25:13.215Z"},{"date":"2009 Q2","value":"115.8","year":"2009","month":"","quarter":"Q2","sourceDataset":"CSDB","updateDate":"2016-01-14T16:25:13.215Z"},{"date":"2009 Q3","value":"116.7","year":"2009","month":"","quarter":"Q3","sourceDataset":"CSDB","updateDate":"2016-01-14T16:25:13.215Z"},{"date":"2009 Q4","value":"117.8","year":"2009","month":"","quarter":"Q4","sourceDataset":"CSDB","updateDate":"2016-01-14T16:25:13.215Z"},{"date":"2010 Q1","value":"119.4","year":"2010","month":"","quarter":"Q1","sourceDataset":"CSDB","updateDate":"2016-01-14T16:25:13.215Z"},{"date":"2010 Q2","value":"121.3","year":"2010","month":"","quarter":"Q2","sourceDataset":"CSDB","updateDate":"2016-01-14T16:25:13.215Z"},{"date":"2010 Q3","value":"122.6","year":"2010","month":"","quarter":"Q3","sourceDataset":"CSDB","updateDate":"2016-01-14T16:25:13.215Z"},{"date":"2010 Q4","value":"124.4","year":"2010","month":"","quarter":"Q4","sourceDataset":"CSDB","updateDate":"2016-01-14T16:25:13.215Z"},{"date":"2011 Q1","value":"127.3","year":"2011","month":"","quarter":"Q1","sourceDataset":"CSDB","updateDate":"2016-01-14T16:25:13.215Z"},{"date":"2011 Q2","value":"127.5","year":"2011","month":"","quarter":"Q2","sourceDataset":"CSDB","updateDate":"2016-01-14T16:25:13.215Z"},{"date":"2011 Q3","value":"129.0","year":"2011","month":"","quarter":"Q3","sourceDataset":"CSDB","updateDate":"2016-01-14T16:25:13.215Z"},{"date":"2011 Q4","value":"130.1","year":"2011","month":"","quarter":"Q4","sourceDataset":"CSDB","updateDate":"2016-01-14T16:25:13.215Z"},{"date":"2012 Q1","value":"131.6","year":"2012","month":"","quarter":"Q1","sourceDataset":"CSDB","updateDate":"2016-01-14T16:25:13.215Z"},{"date":"2012 Q2","value":"132.0","year":"2012","month":"","quarter":"Q2","sourceDataset":"CSDB","updateDate":"2016-01-14T16:25:13.215Z"},{"date":"2012 Q3","value":"131.8","year":"2012","month":"","quarter":"Q3","sourceDataset":"CSDB","updateDate":"2016-01-14T16:25:13.215Z"},{"date":"2012 Q4","value":"131.6","year":"2012","month":"","quarter":"Q4","sourceDataset":"CSDB","updateDate":"2016-01-14T16:25:13.215Z"},{"date":"2013 Q1","value":"131.0","year":"2013","month":"","quarter":"Q1","sourceDataset":"CSDB","updateDate":"2016-01-14T16:25:13.215Z"},{"date":"2013 Q2","value":"130.6","year":"2013","month":"","quarter":"Q2","sourceDataset":"CSDB","updateDate":"2016-01-14T16:25:13.215Z"},{"date":"2013 Q3","value":"130.7","year":"2013","month":"","quarter":"Q3","sourceDataset":"CSDB","updateDate":"2016-01-14T16:25:13.215Z"},{"date":"2013 Q4","value":"130.8","year":"2013","month":"","quarter":"Q4","sourceDataset":"CSDB","updateDate":"2016-01-14T16:25:13.215Z"},{"date":"2014 Q1","value":"130.7","year":"2014","month":"","quarter":"Q1","sourceDataset":"CSDB","updateDate":"2016-01-14T16:25:13.215Z"},{"date":"2014 Q2","value":"130.3","year":"2014","month":"","quarter":"Q2","sourceDataset":"CSDB","updateDate":"2016-01-14T16:25:13.215Z"},{"date":"2014 Q3","value":"130.8","year":"2014","month":"","quarter":"Q3","sourceDataset":"CSDB","updateDate":"2016-01-14T16:25:13.215Z"},{"date":"2014 Q4","value":"130.6","year":"2014","month":"","quarter":"Q4","sourceDataset":"CSDB","updateDate":"2016-01-14T16:25:13.215Z"},{"date":"2015 Q1","value":"130.1","year":"2015","month":"","quarter":"Q1","sourceDataset":"CSDB","updateDate":"2016-01-14T16:25:13.215Z"},{"date":"2015 Q2","value":"130.2","year":"2015","month":"","quarter":"Q2","sourceDataset":"CSDB","updateDate":"2016-01-14T16:25:13.215Z"}],"months":[{"date":"2005 JAN","value":"99.5","year":"2005","month":"January","quarter":"","sourceDataset":"CSDB","updateDate":"2016-01-14T16:25:13.215Z"},{"date":"2005 FEB","value":"99.5","year":"2005","month":"February","quarter":"","sourceDataset":"CSDB","updateDate":"2016-01-14T16:25:13.215Z"},{"date":"2005 MAR","value":"99.9","year":"2005","month":"March","quarter":"","sourceDataset":"CSDB","updateDate":"2016-01-14T16:25:13.215Z"},{"date":"2005 APR","value":"99.9","year":"2005","month":"April","quarter":"","sourceDataset":"CSDB","updateDate":"2016-01-14T16:25:13.215Z"},{"date":"2005 MAY","value":"100.7","year":"2005","month":"May","quarter":"","sourceDataset":"CSDB","updateDate":"2016-01-14T16:25:13.215Z"},{"date":"2005 JUN","value":"100.6","year":"2005","month":"June","quarter":"","sourceDataset":"CSDB","updateDate":"2016-01-14T16:25:13.215Z"},{"date":"2005 JUL","value":"100.9","year":"2005","month":"July","quarter":"","sourceDataset":"CSDB","updateDate":"2016-01-14T16:25:13.215Z"},{"date":"2005 AUG","value":"99.5","year":"2005","month":"August","quarter":"","sourceDataset":"CSDB","updateDate":"2016-01-14T16:25:13.215Z"},{"date":"2005 SEP","value":"99.5","year":"2005","month":"September","quarter":"","sourceDataset":"CSDB","updateDate":"2016-01-14T16:25:13.215Z"},{"date":"2005 OCT","value":"100.0","year":"2005","month":"October","quarter":"","sourceDataset":"CSDB","updateDate":"2016-01-14T16:25:13.215Z"},{"date":"2005 NOV","value":"99.9","year":"2005","month":"November","quarter":"","sourceDataset":"CSDB","updateDate":"2016-01-14T16:25:13.215Z"},{"date":"2005 DEC","value":"100.1","year":"2005","month":"December","quarter":"","sourceDataset":"CSDB","updateDate":"2016-01-14T16:25:13.215Z"},{"date":"2006 JAN","value":"100.9","year":"2006","month":"January","quarter":"","sourceDataset":"CSDB","updateDate":"2016-01-14T16:25:13.215Z"},{"date":"2006 FEB","value":"100.8","year":"2006","month":"February","quarter":"","sourceDataset":"CSDB","updateDate":"2016-01-14T16:25:13.215Z"},{"date":"2006 MAR","value":"100.9","year":"2006","month":"March","quarter":"","sourceDataset":"CSDB","updateDate":"2016-01-14T16:25:13.215Z"},{"date":"2006 APR","value":"101.3","year":"2006","month":"April","quarter":"","sourceDataset":"CSDB","updateDate":"2016-01-14T16:25:13.215Z"},{"date":"2006 MAY","value":"100.9","year":"2006","month":"May","quarter":"","sourceDataset":"CSDB","updateDate":"2016-01-14T16:25:13.215Z"},{"date":"2006 JUN","value":"101.2","year":"2006","month":"June","quarter":"","sourceDataset":"CSDB","updateDate":"2016-01-14T16:25:13.215Z"},{"date":"2006 JUL","value":"101.3","year":"2006","month":"July","quarter":"","sourceDataset":"CSDB","updateDate":"2016-01-14T16:25:13.215Z"},{"date":"2006 AUG","value":"102.0","year":"2006","month":"August","quarter":"","sourceDataset":"CSDB","updateDate":"2016-01-14T16:25:13.215Z"},{"date":"2006 SEP","value":"102.3","year":"2006","month":"September","quarter":"","sourceDataset":"CSDB","updateDate":"2016-01-14T16:25:13.215Z"},{"date":"2006 OCT","value":"102.3","year":"2006","month":"October","quarter":"","sourceDataset":"CSDB","updateDate":"2016-01-14T16:25:13.215Z"},{"date":"2006 NOV","value":"102.6","year":"2006","month":"November","quarter":"","sourceDataset":"CSDB","updateDate":"2016-01-14T16:25:13.215Z"},{"date":"2006 DEC","value":"103.4","year":"2006","month":"December","quarter":"","sourceDataset":"CSDB","updateDate":"2016-01-14T16:25:13.215Z"},{"date":"2007 JAN","value":"104.3","year":"2007","month":"January","quarter":"","sourceDataset":"CSDB","updateDate":"2016-01-14T16:25:13.215Z"},{"date":"2007 FEB","value":"104.8","year":"2007","month":"February","quarter":"","sourceDataset":"CSDB","updateDate":"2016-01-14T16:25:13.215Z"},{"date":"2007 MAR","value":"104.8","year":"2007","month":"March","quarter":"","sourceDataset":"CSDB","updateDate":"2016-01-14T16:25:13.215Z"},{"date":"2007 APR","value":"105.0","year":"2007","month":"April","quarter":"","sourceDataset":"CSDB","updateDate":"2016-01-14T16:25:13.215Z"},{"date":"2007 MAY","value":"105.2","year":"2007","month":"May","quarter":"","sourceDataset":"CSDB","updateDate":"2016-01-14T16:25:13.215Z"},{"date":"2007 JUN","value":"105.9","year":"2007","month":"June","quarter":"","sourceDataset":"CSDB","updateDate":"2016-01-14T16:25:13.215Z"},{"date":"2007 JUL","value":"106.4","year":"2007","month":"July","quarter":"","sourceDataset":"CSDB","updateDate":"2016-01-14T16:25:13.215Z"},{"date":"2007 AUG","value":"106.5","year":"2007","month":"August","quarter":"","sourceDataset":"CSDB","updateDate":"2016-01-14T16:25:13.215Z"},{"date":"2007 SEP","value":"106.8","year":"2007","month":"September","quarter":"","sourceDataset":"CSDB","updateDate":"2016-01-14T16:25:13.215Z"},{"date":"2007 OCT","value":"107.1","year":"2007","month":"October","quarter":"","sourceDataset":"CSDB","updateDate":"2016-01-14T16:25:13.215Z"},{"date":"2007 NOV","value":"107.4","year":"2007","month":"November","quarter":"","sourceDataset":"CSDB","updateDate":"2016-01-14T16:25:13.215Z"},{"date":"2007 DEC","value":"108.0","year":"2007","month":"December","quarter":"","sourceDataset":"CSDB","updateDate":"2016-01-14T16:25:13.215Z"},{"date":"2008 JAN","value":"109.3","year":"2008","month":"January","quarter":"","sourceDataset":"CSDB","updateDate":"2016-01-14T16:25:13.215Z"},{"date":"2008 FEB","value":"109.7","year":"2008","month":"February","quarter":"","sourceDataset":"CSDB","updateDate":"2016-01-14T16:25:13.215Z"},{"date":"2008 MAR","value":"109.9","year":"2008","month":"March","quarter":"","sourceDataset":"CSDB","updateDate":"2016-01-14T16:25:13.215Z"},{"date":"2008 APR","value":"110.1","year":"2008","month":"April","quarter":"","sourceDataset":"CSDB","updateDate":"2016-01-14T16:25:13.215Z"},{"date":"2008 MAY","value":"109.9","year":"2008","month":"May","quarter":"","sourceDataset":"CSDB","updateDate":"2016-01-14T16:25:13.215Z"},{"date":"2008 JUN","value":"110.2","year":"2008","month":"June","quarter":"","sourceDataset":"CSDB","updateDate":"2016-01-14T16:25:13.215Z"},{"date":"2008 JUL","value":"111.5","year":"2008","month":"July","quarter":"","sourceDataset":"CSDB","updateDate":"2016-01-14T16:25:13.215Z"},{"date":"2008 AUG","value":"112.2","year":"2008","month":"August","quarter":"","sourceDataset":"CSDB","updateDate":"2016-01-14T16:25:13.215Z"},{"date":"2008 SEP","value":"113.4","year":"2008","month":"September","quarter":"","sourceDataset":"CSDB","updateDate":"2016-01-14T16:25:13.215Z"},{"date":"2008 OCT","value":"113.9","year":"2008","month":"October","quarter":"","sourceDataset":"CSDB","updateDate":"2016-01-14T16:25:13.215Z"},{"date":"2008 NOV","value":"114.6","year":"2008","month":"November","quarter":"","sourceDataset":"CSDB","updateDate":"2016-01-14T16:25:13.215Z"},{"date":"2008 DEC","value":"113.4","year":"2008","month":"December","quarter":"","sourceDataset":"CSDB","updateDate":"2016-01-14T16:25:13.215Z"},{"date":"2009 JAN","value":"113.9","year":"2009","month":"January","quarter":"","sourceDataset":"CSDB","updateDate":"2016-01-14T16:25:13.215Z"},{"date":"2009 FEB","value":"114.6","year":"2009","month":"February","quarter":"","sourceDataset":"CSDB","updateDate":"2016-01-14T16:25:13.215Z"},{"date":"2009 MAR","value":"114.8","year":"2009","month":"March","quarter":"","sourceDataset":"CSDB","updateDate":"2016-01-14T16:25:13.215Z"},{"date":"2009 APR","value":"115.4","year":"2009","month":"April","quarter":"","sourceDataset":"CSDB","updateDate":"2016-01-14T16:25:13.215Z"},{"date":"2009 MAY","value":"115.8","year":"2009","month":"May","quarter":"","sourceDataset":"CSDB","updateDate":"2016-01-14T16:25:13.215Z"},{"date":"2009 JUN","value":"116.2","year":"2009","month":"June","quarter":"","sourceDataset":"CSDB","updateDate":"2016-01-14T16:25:13.215Z"},{"date":"2009 JUL","value":"116.5","year":"2009","month":"July","quarter":"","sourceDataset":"CSDB","updateDate":"2016-01-14T16:25:13.215Z"},{"date":"2009 AUG","value":"116.8","year":"2009","month":"August","quarter":"","sourceDataset":"CSDB","updateDate":"2016-01-14T16:25:13.215Z"},{"date":"2009 SEP","value":"117.0","year":"2009","month":"September","quarter":"","sourceDataset":"CSDB","updateDate":"2016-01-14T16:25:13.215Z"},{"date":"2009 OCT","value":"117.3","year":"2009","month":"October","quarter":"","sourceDataset":"CSDB","updateDate":"2016-01-14T16:25:13.215Z"},{"date":"2009 NOV","value":"117.7","year":"2009","month":"November","quarter":"","sourceDataset":"CSDB","updateDate":"2016-01-14T16:25:13.215Z"},{"date":"2009 DEC","value":"118.4","year":"2009","month":"December","quarter":"","sourceDataset":"CSDB","updateDate":"2016-01-14T16:25:13.215Z"},{"date":"2010 JAN","value":"119.4","year":"2010","month":"January","quarter":"","sourceDataset":"CSDB","updateDate":"2016-01-14T16:25:13.215Z"},{"date":"2010 FEB","value":"119.3","year":"2010","month":"February","quarter":"","sourceDataset":"CSDB","updateDate":"2016-01-14T16:25:13.215Z"},{"date":"2010 MAR","value":"119.6","year":"2010","month":"March","quarter":"","sourceDataset":"CSDB","updateDate":"2016-01-14T16:25:13.215Z"},{"date":"2010 APR","value":"120.8","year":"2010","month":"April","quarter":"","sourceDataset":"CSDB","updateDate":"2016-01-14T16:25:13.215Z"},{"date":"2010 MAY","value":"121.3","year":"2010","month":"May","quarter":"","sourceDataset":"CSDB","updateDate":"2016-01-14T16:25:13.215Z"},{"date":"2010 JUN","value":"121.9","year":"2010","month":"June","quarter":"","sourceDataset":"CSDB","updateDate":"2016-01-14T16:25:13.215Z"},{"date":"2010 JUL","value":"122.4","year":"2010","month":"July","quarter":"","sourceDataset":"CSDB","updateDate":"2016-01-14T16:25:13.215Z"},{"date":"2010 AUG","value":"122.5","year":"2010","month":"August","quarter":"","sourceDataset":"CSDB","updateDate":"2016-01-14T16:25:13.215Z"},{"date":"2010 SEP","value":"123.0","year":"2010","month":"September","quarter":"","sourceDataset":"CSDB","updateDate":"2016-01-14T16:25:13.215Z"},{"date":"2010 OCT","value":"123.4","year":"2010","month":"October","quarter":"","sourceDataset":"CSDB","updateDate":"2016-01-14T16:25:13.215Z"},{"date":"2010 NOV","value":"125.0","year":"2010","month":"November","quarter":"","sourceDataset":"CSDB","updateDate":"2016-01-14T16:25:13.215Z"},{"date":"2010 DEC","value":"124.7","year":"2010","month":"December","quarter":"","sourceDataset":"CSDB","updateDate":"2016-01-14T16:25:13.215Z"},{"date":"2011 JAN","value":"126.9","year":"2011","month":"January","quarter":"","sourceDataset":"CSDB","updateDate":"2016-01-14T16:25:13.215Z"},{"date":"2011 FEB","value":"127.3","year":"2011","month":"February","quarter":"","sourceDataset":"CSDB","updateDate":"2016-01-14T16:25:13.215Z"},{"date":"2011 MAR","value":"127.8","year":"2011","month":"March","quarter":"","sourceDataset":"CSDB","updateDate":"2016-01-14T16:25:13.215Z"},{"date":"2011 APR","value":"127.4","year":"2011","month":"April","quarter":"","sourceDataset":"CSDB","updateDate":"2016-01-14T16:25:13.215Z"},{"date":"2011 MAY","value":"127.7","year":"2011","month":"May","quarter":"","sourceDataset":"CSDB","updateDate":"2016-01-14T16:25:13.215Z"},{"date":"2011 JUN","value":"127.4","year":"2011","month":"June","quarter":"","sourceDataset":"CSDB","updateDate":"2016-01-14T16:25:13.215Z"},{"date":"2011 JUL","value":"128.5","year":"2011","month":"July","quarter":"","sourceDataset":"CSDB","updateDate":"2016-01-14T16:25:13.215Z"},{"date":"2011 AUG","value":"129.1","year":"2011","month":"August","quarter":"","sourceDataset":"CSDB","updateDate":"2016-01-14T16:25:13.215Z"},{"date":"2011 SEP","value":"129.6","year":"2011","month":"September","quarter":"","sourceDataset":"CSDB","updateDate":"2016-01-14T16:25:13.215Z"},{"date":"2011 OCT","value":"129.8","year":"2011","month":"October","quarter":"","sourceDataset":"CSDB","updateDate":"2016-01-14T16:25:13.215Z"},{"date":"2011 NOV","value":"129.9","year":"2011","month":"November","quarter":"","sourceDataset":"CSDB","updateDate":"2016-01-14T16:25:13.215Z"},{"date":"2011 DEC","value":"130.8","year":"2011","month":"December","quarter":"","sourceDataset":"CSDB","updateDate":"2016-01-14T16:25:13.215Z"},{"date":"2012 JAN","value":"131.3","year":"2012","month":"January","quarter":"","sourceDataset":"CSDB","updateDate":"2016-01-14T16:25:13.215Z"},{"date":"2012 FEB","value":"131.6","year":"2012","month":"February","quarter":"","sourceDataset":"CSDB","updateDate":"2016-01-14T16:25:13.215Z"},{"date":"2012 MAR","value":"131.9","year":"2012","month":"March","quarter":"","sourceDataset":"CSDB","updateDate":"2016-01-14T16:25:13.215Z"},{"date":"2012 APR","value":"131.9","year":"2012","month":"April","quarter":"","sourceDataset":"CSDB","updateDate":"2016-01-14T16:25:13.215Z"},{"date":"2012 MAY","value":"131.9","year":"2012","month":"May","quarter":"","sourceDataset":"CSDB","updateDate":"2016-01-14T16:25:13.215Z"},{"date":"2012 JUN","value":"132.3","year":"2012","month":"June","quarter":"","sourceDataset":"CSDB","updateDate":"2016-01-14T16:25:13.215Z"},{"date":"2012 JUL","value":"132.0","year":"2012","month":"July","quarter":"","sourceDataset":"CSDB","updateDate":"2016-01-14T16:25:13.215Z"},{"date":"2012 AUG","value":"131.4","year":"2012","month":"August","quarter":"","sourceDataset":"CSDB","updateDate":"2016-01-14T16:25:13.215Z"},{"date":"2012 SEP","value":"132.0","year":"2012","month":"September","quarter":"","sourceDataset":"CSDB","updateDate":"2016-01-14T16:25:13.215Z"},{"date":"2012 OCT","value":"131.7","year":"2012","month":"October","quarter":"","sourceDataset":"CSDB","updateDate":"2016-01-14T16:25:13.215Z"},{"date":"2012 NOV","value":"131.8","year":"2012","month":"November","quarter":"","sourceDataset":"CSDB","updateDate":"2016-01-14T16:25:13.215Z"},{"date":"2012 DEC","value":"131.4","year":"2012","month":"December","quarter":"","sourceDataset":"CSDB","updateDate":"2016-01-14T16:25:13.215Z"},{"date":"2013 JAN","value":"130.9","year":"2013","month":"January","quarter":"","sourceDataset":"CSDB","updateDate":"2016-01-14T16:25:13.215Z"},{"date":"2013 FEB","value":"131.2","year":"2013","month":"February","quarter":"","sourceDataset":"CSDB","updateDate":"2016-01-14T16:25:13.215Z"},{"date":"2013 MAR","value":"131.0","year":"2013","month":"March","quarter":"","sourceDataset":"CSDB","updateDate":"2016-01-14T16:25:13.215Z"},{"date":"2013 APR","value":"130.9","year":"2013","month":"April","quarter":"","sourceDataset":"CSDB","updateDate":"2016-01-14T16:25:13.215Z"},{"date":"2013 MAY","value":"130.0","year":"2013","month":"May","quarter":"","sourceDataset":"CSDB","updateDate":"2016-01-14T16:25:13.215Z"},{"date":"2013 JUN","value":"130.8","year":"2013","month":"June","quarter":"","sourceDataset":"CSDB","updateDate":"2016-01-14T16:25:13.215Z"},{"date":"2013 JUL","value":"130.4","year":"2013","month":"July","quarter":"","sourceDataset":"CSDB","updateDate":"2016-01-14T16:25:13.215Z"},{"date":"2013 AUG","value":"130.6","year":"2013","month":"August","quarter":"","sourceDataset":"CSDB","updateDate":"2016-01-14T16:25:13.215Z"},{"date":"2013 SEP","value":"131.2","year":"2013","month":"September","quarter":"","sourceDataset":"CSDB","updateDate":"2016-01-14T16:25:13.215Z"},{"date":"2013 OCT","value":"130.9","year":"2013","month":"October","quarter":"","sourceDataset":"CSDB","updateDate":"2016-01-14T16:25:13.215Z"},{"date":"2013 NOV","value":"130.5","year":"2013","month":"November","quarter":"","sourceDataset":"CSDB","updateDate":"2016-01-14T16:25:13.215Z"},{"date":"2013 DEC","value":"130.8","year":"2013","month":"December","quarter":"","sourceDataset":"CSDB","updateDate":"2016-01-14T16:25:13.215Z"},{"date":"2014 JAN","value":"131.0","year":"2014","month":"January","quarter":"","sourceDataset":"CSDB","updateDate":"2016-01-14T16:25:13.215Z"},{"date":"2014 FEB","value":"130.5","year":"2014","month":"February","quarter":"","sourceDataset":"CSDB","updateDate":"2016-01-14T16:25:13.215Z"},{"date":"2014 MAR","value":"130.5","year":"2014","month":"March","quarter":"","sourceDataset":"CSDB","updateDate":"2016-01-14T16:25:13.215Z"},{"date":"2014 APR","value":"129.6","year":"2014","month":"April","quarter":"","sourceDataset":"CSDB","updateDate":"2016-01-14T16:25:13.215Z"},{"date":"2014 MAY","value":"130.5","year":"2014","month":"May","quarter":"","sourceDataset":"CSDB","updateDate":"2016-01-14T16:25:13.215Z"},{"date":"2014 JUN","value":"130.7","year":"2014","month":"June","quarter":"","sourceDataset":"CSDB","updateDate":"2016-01-14T16:25:13.215Z"},{"date":"2014 JUL","value":"130.8","year":"2014","month":"July","quarter":"","sourceDataset":"CSDB","updateDate":"2016-01-14T16:25:13.215Z"},{"date":"2014 AUG","value":"130.8","year":"2014","month":"August","quarter":"","sourceDataset":"CSDB","updateDate":"2016-01-14T16:25:13.215Z"},{"date":"2014 SEP","value":"130.8","year":"2014","month":"September","quarter":"","sourceDataset":"CSDB","updateDate":"2016-01-14T16:25:13.215Z"},{"date":"2014 OCT","value":"130.3","year":"2014","month":"October","quarter":"","sourceDataset":"CSDB","updateDate":"2016-01-14T16:25:13.215Z"},{"date":"2014 NOV","value":"130.5","year":"2014","month":"November","quarter":"","sourceDataset":"CSDB","updateDate":"2016-01-14T16:25:13.215Z"},{"date":"2014 DEC","value":"131.0","year":"2014","month":"December","quarter":"","sourceDataset":"CSDB","updateDate":"2016-01-14T16:25:13.215Z"},{"date":"2015 JAN","value":"129.9","year":"2015","month":"January","quarter":"","sourceDataset":"CSDB","updateDate":"2016-01-14T16:25:13.215Z"},{"date":"2015 FEB","value":"130.1","year":"2015","month":"February","quarter":"","sourceDataset":"CSDB","updateDate":"2016-01-14T16:25:13.215Z"},{"date":"2015 MAR","value":"130.2","year":"2015","month":"March","quarter":"","sourceDataset":"CSDB","updateDate":"2016-01-14T16:25:13.215Z"},{"date":"2015 APR","value":"130.1","year":"2015","month":"April","quarter":"","sourceDataset":"CSDB","updateDate":"2016-01-14T16:25:13.215Z"},{"date":"2015 MAY","value":"130.2","year":"2015","month":"May","quarter":"","sourceDataset":"CSDB","updateDate":"2016-01-14T16:25:13.215Z"},{"date":"2015 JUN","value":"130.4","year":"2015","month":"June","quarter":"","sourceDataset":"CSDB","updateDate":"2016-01-14T16:25:13.215Z"},{"date":"2015 JUL","value":"129.5","year":"2015","month":"July","quarter":"","sourceDataset":"CSDB","updateDate":"2016-01-14T16:25:13.215Z"},{"date":"2015 AUG","value":"130.0","year":"2015","month":"August","quarter":"","sourceDataset":"CSDB","updateDate":"2016-01-22T20:07:43.239Z"}],"sourceDatasets":["CSDB"],"relatedDatasets":[{"uri":"/businessindustryandtrade/changestobusiness/bankruptcyinsolvency/datasets/carlsxmasrelease/2015"},{"uri":"/businessindustryandtrade/changestobusiness/bankruptcyinsolvency/datasets/wahasaqewqeqwe/2015"},{"uri":"/businessindustryandtrade/changestobusiness/bankruptcyinsolvency/datasets/releaseisreleaseygyug/2015"},{"uri":"/businessindustryandtrade/changestobusiness/bankruptcyinsolvency/datasets/releaseisreleaseadffd/2015"},{"uri":"/businessindustryandtrade/changestobusiness/bankruptcyinsolvency/datasets/pageunencrypted/2015"}],"relatedDocuments":[],"versions":[{"uri":"/businessindustryandtrade/changestobusiness/bankruptcyinsolvency/timeseries/l537/previous/v1","updateDate":"2016-01-26T00:00:00.000Z","correctionNotice":"","label":"v1"}],"type":"timeseries","description":{"title":"CPIH INDEX 04.3 : REGULAR MAINTENANCE AND REPAIR OF THE DWELLING 2005\u003d100","contact":{"email":"","name":"","telephone":""},"releaseDate":"2016-01-28T00:00:00.000Z","nextRelease":"","cdid":"L537","unit":"","preUnit":"","source":"","seasonalAdjustment":"NSA","date":"2015 AUG","number":"130.0"}}