{"years":[{"date":"1999","value":"336","year":"1999","month":"","quarter":"","sourceDataset":"CSDB10","updateDate":"2016-01-28T09:29:38.928Z"},{"date":"2000","value":"465","year":"2000","month":"","quarter":"","sourceDataset":"CSDB10","updateDate":"2016-01-28T09:29:38.928Z"},{"date":"2001","value":"464","year":"2001","month":"","quarter":"","sourceDataset":"CSDB10","updateDate":"2016-01-28T09:29:38.928Z"},{"date":"2002","value":"623","year":"2002","month":"","quarter":"","sourceDataset":"CSDB10","updateDate":"2016-01-28T09:29:38.928Z"},{"date":"2003","value":"649","year":"2003","month":"","quarter":"","sourceDataset":"CSDB10","updateDate":"2016-01-28T09:29:38.928Z"},{"date":"2004","value":"576","year":"2004","month":"","quarter":"","sourceDataset":"CSDB10","updateDate":"2016-01-28T09:29:38.928Z"},{"date":"2005","value":"832","year":"2005","month":"","quarter":"","sourceDataset":"CSDB10","updateDate":"2016-01-28T09:29:38.928Z"},{"date":"2006","value":"1336","year":"2006","month":"","quarter":"","sourceDataset":"CSDB10","updateDate":"2016-01-28T09:29:38.928Z"},{"date":"2007","value":"1671","year":"2007","month":"","quarter":"","sourceDataset":"CSDB10","updateDate":"2016-01-28T09:29:38.928Z"},{"date":"2008","value":"1839","year":"2008","month":"","quarter":"","sourceDataset":"CSDB10","updateDate":"2016-01-28T09:29:38.928Z"},{"date":"2009","value":"1190","year":"2009","month":"","quarter":"","sourceDataset":"CSDB10","updateDate":"2016-01-28T09:29:38.928Z"},{"date":"2010","value":"2167","year":"2010","month":"","quarter":"","sourceDataset":"CSDB10","updateDate":"2016-01-28T09:29:38.928Z"},{"date":"2011","value":"2416","year":"2011","month":"","quarter":"","sourceDataset":"CSDB10","updateDate":"2016-01-28T09:29:38.928Z"},{"date":"2012","value":"2252","year":"2012","month":"","quarter":"","sourceDataset":"CSDB10","updateDate":"2016-01-28T09:29:38.928Z"},{"date":"2013","value":"1946","year":"2013","month":"","quarter":"","sourceDataset":"CSDB10","updateDate":"2016-01-28T09:29:38.928Z"},{"date":"2014","value":"1817","year":"2014","month":"","quarter":"","sourceDataset":"CSDB10","updateDate":"2016-01-28T09:29:38.928Z"}],"quarters":[{"date":"1999 Q1","value":"69","year":"1999","month":"","quarter":"Q1","sourceDataset":"CSDB10","updateDate":"2016-01-28T09:29:38.928Z"},{"date":"1999 Q2","value":"88","year":"1999","month":"","quarter":"Q2","sourceDataset":"CSDB10","updateDate":"2016-01-28T09:29:38.928Z"},{"date":"1999 Q3","value":"93","year":"1999","month":"","quarter":"Q3","sourceDataset":"CSDB10","updateDate":"2016-01-28T09:29:38.928Z"},{"date":"1999 Q4","value":"86","year":"1999","month":"","quarter":"Q4","sourceDataset":"CSDB10","updateDate":"2016-01-28T09:29:38.928Z"},{"date":"2000 Q1","value":"102","year":"2000","month":"","quarter":"Q1","sourceDataset":"CSDB10","updateDate":"2016-01-28T09:29:38.928Z"},{"date":"2000 Q2","value":"112","year":"2000","month":"","quarter":"Q2","sourceDataset":"CSDB10","updateDate":"2016-01-28T09:29:38.928Z"},{"date":"2000 Q3","value":"131","year":"2000","month":"","quarter":"Q3","sourceDataset":"CSDB10","updateDate":"2016-01-28T09:29:38.928Z"},{"date":"2000 Q4","value":"120","year":"2000","month":"","quarter":"Q4","sourceDataset":"CSDB10","updateDate":"2016-01-28T09:29:38.928Z"},{"date":"2001 Q1","value":"128","year":"2001","month":"","quarter":"Q1","sourceDataset":"CSDB10","updateDate":"2016-01-28T09:29:38.928Z"},{"date":"2001 Q2","value":"120","year":"2001","month":"","quarter":"Q2","sourceDataset":"CSDB10","updateDate":"2016-01-28T09:29:38.928Z"},{"date":"2001 Q3","value":"120","year":"2001","month":"","quarter":"Q3","sourceDataset":"CSDB10","updateDate":"2016-01-28T09:29:38.928Z"},{"date":"2001 Q4","value":"96","year":"2001","month":"","quarter":"Q4","sourceDataset":"CSDB10","updateDate":"2016-01-28T09:29:38.928Z"},{"date":"2002 Q1","value":"153","year":"2002","month":"","quarter":"Q1","sourceDataset":"CSDB10","updateDate":"2016-01-28T09:29:38.928Z"},{"date":"2002 Q2","value":"157","year":"2002","month":"","quarter":"Q2","sourceDataset":"CSDB10","updateDate":"2016-01-28T09:29:38.928Z"},{"date":"2002 Q3","value":"158","year":"2002","month":"","quarter":"Q3","sourceDataset":"CSDB10","updateDate":"2016-01-28T09:29:38.928Z"},{"date":"2002 Q4","value":"155","year":"2002","month":"","quarter":"Q4","sourceDataset":"CSDB10","updateDate":"2016-01-28T09:29:38.928Z"},{"date":"2003 Q1","value":"161","year":"2003","month":"","quarter":"Q1","sourceDataset":"CSDB10","updateDate":"2016-01-28T09:29:38.928Z"},{"date":"2003 Q2","value":"158","year":"2003","month":"","quarter":"Q2","sourceDataset":"CSDB10","updateDate":"2016-01-28T09:29:38.928Z"},{"date":"2003 Q3","value":"166","year":"2003","month":"","quarter":"Q3","sourceDataset":"CSDB10","updateDate":"2016-01-28T09:29:38.928Z"},{"date":"2003 Q4","value":"164","year":"2003","month":"","quarter":"Q4","sourceDataset":"CSDB10","updateDate":"2016-01-28T09:29:38.928Z"},{"date":"2004 Q1","value":"123","year":"2004","month":"","quarter":"Q1","sourceDataset":"CSDB10","updateDate":"2016-01-28T09:29:38.928Z"},{"date":"2004 Q2","value":"139","year":"2004","month":"","quarter":"Q2","sourceDataset":"CSDB10","updateDate":"2016-01-28T09:29:38.928Z"},{"date":"2004 Q3","value":"143","year":"2004","month":"","quarter":"Q3","sourceDataset":"CSDB10","updateDate":"2016-01-28T09:29:38.928Z"},{"date":"2004 Q4","value":"171","year":"2004","month":"","quarter":"Q4","sourceDataset":"CSDB10","updateDate":"2016-01-28T09:29:38.928Z"},{"date":"2005 Q1","value":"176","year":"2005","month":"","quarter":"Q1","sourceDataset":"CSDB10","updateDate":"2016-01-28T09:29:38.928Z"},{"date":"2005 Q2","value":"220","year":"2005","month":"","quarter":"Q2","sourceDataset":"CSDB10","updateDate":"2016-01-28T09:29:38.928Z"},{"date":"2005 Q3","value":"227","year":"2005","month":"","quarter":"Q3","sourceDataset":"CSDB10","updateDate":"2016-01-28T09:29:38.928Z"},{"date":"2005 Q4","value":"209","year":"2005","month":"","quarter":"Q4","sourceDataset":"CSDB10","updateDate":"2016-01-28T09:29:38.928Z"},{"date":"2006 Q1","value":"291","year":"2006","month":"","quarter":"Q1","sourceDataset":"CSDB10","updateDate":"2016-01-28T09:29:38.928Z"},{"date":"2006 Q2","value":"390","year":"2006","month":"","quarter":"Q2","sourceDataset":"CSDB10","updateDate":"2016-01-28T09:29:38.928Z"},{"date":"2006 Q3","value":"330","year":"2006","month":"","quarter":"Q3","sourceDataset":"CSDB10","updateDate":"2016-01-28T09:29:38.928Z"},{"date":"2006 Q4","value":"325","year":"2006","month":"","quarter":"Q4","sourceDataset":"CSDB10","updateDate":"2016-01-28T09:29:38.928Z"},{"date":"2007 Q1","value":"367","year":"2007","month":"","quarter":"Q1","sourceDataset":"CSDB10","updateDate":"2016-01-28T09:29:38.928Z"},{"date":"2007 Q2","value":"436","year":"2007","month":"","quarter":"Q2","sourceDataset":"CSDB10","updateDate":"2016-01-28T09:29:38.928Z"},{"date":"2007 Q3","value":"456","year":"2007","month":"","quarter":"Q3","sourceDataset":"CSDB10","updateDate":"2016-01-28T09:29:38.928Z"},{"date":"2007 Q4","value":"412","year":"2007","month":"","quarter":"Q4","sourceDataset":"CSDB10","updateDate":"2016-01-28T09:29:38.928Z"},{"date":"2008 Q1","value":"550","year":"2008","month":"","quarter":"Q1","sourceDataset":"CSDB10","updateDate":"2016-01-28T09:29:38.928Z"},{"date":"2008 Q2","value":"542","year":"2008","month":"","quarter":"Q2","sourceDataset":"CSDB10","updateDate":"2016-01-28T09:29:38.928Z"},{"date":"2008 Q3","value":"451","year":"2008","month":"","quarter":"Q3","sourceDataset":"CSDB10","updateDate":"2016-01-28T09:29:38.928Z"},{"date":"2008 Q4","value":"296","year":"2008","month":"","quarter":"Q4","sourceDataset":"CSDB10","updateDate":"2016-01-28T09:29:38.928Z"},{"date":"2009 Q1","value":"311","year":"2009","month":"","quarter":"Q1","sourceDataset":"CSDB10","updateDate":"2016-01-28T09:29:38.928Z"},{"date":"2009 Q2","value":"315","year":"2009","month":"","quarter":"Q2","sourceDataset":"CSDB10","updateDate":"2016-01-28T09:29:38.928Z"},{"date":"2009 Q3","value":"222","year":"2009","month":"","quarter":"Q3","sourceDataset":"CSDB10","updateDate":"2016-01-28T09:29:38.928Z"},{"date":"2009 Q4","value":"342","year":"2009","month":"","quarter":"Q4","sourceDataset":"CSDB10","updateDate":"2016-01-28T09:29:38.928Z"},{"date":"2010 Q1","value":"511","year":"2010","month":"","quarter":"Q1","sourceDataset":"CSDB10","updateDate":"2016-01-28T09:29:38.928Z"},{"date":"2010 Q2","value":"631","year":"2010","month":"","quarter":"Q2","sourceDataset":"CSDB10","updateDate":"2016-01-28T09:29:38.928Z"},{"date":"2010 Q3","value":"601","year":"2010","month":"","quarter":"Q3","sourceDataset":"CSDB10","updateDate":"2016-01-28T09:29:38.928Z"},{"date":"2010 Q4","value":"424","year":"2010","month":"","quarter":"Q4","sourceDataset":"CSDB10","updateDate":"2016-01-28T09:29:38.928Z"},{"date":"2011 Q1","value":"686","year":"2011","month":"","quarter":"Q1","sourceDataset":"CSDB10","updateDate":"2016-01-28T09:29:38.928Z"},{"date":"2011 Q2","value":"640","year":"2011","month":"","quarter":"Q2","sourceDataset":"CSDB10","updateDate":"2016-01-28T09:29:38.928Z"},{"date":"2011 Q3","value":"594","year":"2011","month":"","quarter":"Q3","sourceDataset":"CSDB10","updateDate":"2016-01-28T09:29:38.928Z"},{"date":"2011 Q4","value":"496","year":"2011","month":"","quarter":"Q4","sourceDataset":"CSDB10","updateDate":"2016-01-28T09:29:38.928Z"},{"date":"2012 Q1","value":"606","year":"2012","month":"","quarter":"Q1","sourceDataset":"CSDB10","updateDate":"2016-01-28T09:29:38.928Z"},{"date":"2012 Q2","value":"581","year":"2012","month":"","quarter":"Q2","sourceDataset":"CSDB10","updateDate":"2016-01-28T09:29:38.928Z"},{"date":"2012 Q3","value":"678","year":"2012","month":"","quarter":"Q3","sourceDataset":"CSDB10","updateDate":"2016-01-28T09:29:38.928Z"},{"date":"2012 Q4","value":"387","year":"2012","month":"","quarter":"Q4","sourceDataset":"CSDB10","updateDate":"2016-01-28T09:29:38.928Z"},{"date":"2013 Q1","value":"475","year":"2013","month":"","quarter":"Q1","sourceDataset":"CSDB10","updateDate":"2016-01-28T09:29:38.928Z"},{"date":"2013 Q2","value":"510","year":"2013","month":"","quarter":"Q2","sourceDataset":"CSDB10","updateDate":"2016-01-28T09:29:38.928Z"},{"date":"2013 Q3","value":"452","year":"2013","month":"","quarter":"Q3","sourceDataset":"CSDB10","updateDate":"2016-01-28T09:29:38.928Z"},{"date":"2013 Q4","value":"509","year":"2013","month":"","quarter":"Q4","sourceDataset":"CSDB10","updateDate":"2016-01-28T09:29:38.928Z"},{"date":"2014 Q1","value":"578","year":"2014","month":"","quarter":"Q1","sourceDataset":"CSDB10","updateDate":"2016-01-28T09:29:38.928Z"},{"date":"2014 Q2","value":"423","year":"2014","month":"","quarter":"Q2","sourceDataset":"CSDB10","updateDate":"2016-01-28T09:29:38.928Z"},{"date":"2014 Q3","value":"319","year":"2014","month":"","quarter":"Q3","sourceDataset":"CSDB10","updateDate":"2016-01-28T09:29:38.928Z"},{"date":"2014 Q4","value":"497","year":"2014","month":"","quarter":"Q4","sourceDataset":"CSDB10","updateDate":"2016-01-28T09:29:38.928Z"},{"date":"2015 Q1","value":"631","year":"2015","month":"","quarter":"Q1","sourceDataset":"CSDB10","updateDate":"2016-01-28T09:29:38.928Z"},{"date":"2015 Q2","value":"467","year":"2015","month":"","quarter":"Q2","sourceDataset":"CSDB10","updateDate":"2016-01-28T09:29:38.928Z"},{"date":"2015 Q3","value":"470","year":"2015","month":"","quarter":"Q3","sourceDataset":"CSDB10","updateDate":"2016-01-28T09:29:38.928Z"}],"months":[],"sourceDatasets":["CSDB10"],"relatedDatasets":[{"uri":"/economy/environmentalaccounts/datasets/werwerwerwerwerwr/2015"}],"relatedDocuments":[],"type":"timeseries","description":{"title":"BoP: Total primary income: Credits: India:£m                            ","contact":{"email":"","name":"","telephone":""},"releaseDate":"2016-01-27T00:00:00.000Z","nextRelease":"","cdid":"BFNB","unit":"","preUnit":"","source":"","seasonalAdjustment":"NSA","date":"2015 Q3","number":"470"}}