{"years":[{"date":"1997","value":"532","year":"1997","month":"","quarter":"","sourceDataset":"CSDB2","updateDate":"2016-01-27T15:25:45.844Z"},{"date":"1998","value":"-950","year":"1998","month":"","quarter":"","sourceDataset":"CSDB2","updateDate":"2016-01-27T15:25:45.844Z"},{"date":"1999","value":"3505","year":"1999","month":"","quarter":"","sourceDataset":"CSDB2","updateDate":"2016-01-27T15:25:45.844Z"},{"date":"2000","value":"2663","year":"2000","month":"","quarter":"","sourceDataset":"CSDB2","updateDate":"2016-01-27T15:25:45.844Z"},{"date":"2001","value":"230","year":"2001","month":"","quarter":"","sourceDataset":"CSDB2","updateDate":"2016-01-27T15:25:45.844Z"},{"date":"2002","value":"2067","year":"2002","month":"","quarter":"","sourceDataset":"CSDB2","updateDate":"2016-01-27T15:25:45.844Z"},{"date":"2003","value":"3416","year":"2003","month":"","quarter":"","sourceDataset":"CSDB2","updateDate":"2016-01-27T15:25:45.844Z"},{"date":"2004","value":"4244","year":"2004","month":"","quarter":"","sourceDataset":"CSDB2","updateDate":"2016-01-27T15:25:45.844Z"},{"date":"2005","value":"7145","year":"2005","month":"","quarter":"","sourceDataset":"CSDB2","updateDate":"2016-01-27T15:25:45.844Z"},{"date":"2006","value":"4947","year":"2006","month":"","quarter":"","sourceDataset":"CSDB2","updateDate":"2016-01-27T15:25:45.844Z"},{"date":"2007","value":"9947","year":"2007","month":"","quarter":"","sourceDataset":"CSDB2","updateDate":"2016-01-27T15:25:45.844Z"},{"date":"2008","value":"13553","year":"2008","month":"","quarter":"","sourceDataset":"CSDB2","updateDate":"2016-01-27T15:25:45.844Z"},{"date":"2009","value":"4213","year":"2009","month":"","quarter":"","sourceDataset":"CSDB2","updateDate":"2016-01-27T15:25:45.844Z"},{"date":"2010","value":"8435","year":"2010","month":"","quarter":"","sourceDataset":"CSDB2","updateDate":"2016-01-27T15:25:45.844Z"},{"date":"2011","value":"8798","year":"2011","month":"","quarter":"","sourceDataset":"CSDB2","updateDate":"2016-01-27T15:25:45.844Z"},{"date":"2012","value":"2677","year":"2012","month":"","quarter":"","sourceDataset":"CSDB2","updateDate":"2016-01-27T15:25:45.844Z"},{"date":"2013","value":"3204","year":"2013","month":"","quarter":"","sourceDataset":"CSDB2","updateDate":"2016-01-27T15:25:45.844Z"},{"date":"2014","value":"-2256","year":"2014","month":"","quarter":"","sourceDataset":"CSDB2","updateDate":"2016-01-27T15:25:45.844Z"}],"quarters":[{"date":"1997 Q1","value":"1090","year":"1997","month":"","quarter":"Q1","sourceDataset":"CSDB2","updateDate":"2016-01-27T15:25:45.844Z"},{"date":"1997 Q2","value":"-704","year":"1997","month":"","quarter":"Q2","sourceDataset":"CSDB2","updateDate":"2016-01-27T15:25:45.844Z"},{"date":"1997 Q3","value":"15","year":"1997","month":"","quarter":"Q3","sourceDataset":"CSDB2","updateDate":"2016-01-27T15:25:45.844Z"},{"date":"1997 Q4","value":"131","year":"1997","month":"","quarter":"Q4","sourceDataset":"CSDB2","updateDate":"2016-01-27T15:25:45.844Z"},{"date":"1998 Q1","value":"-2498","year":"1998","month":"","quarter":"Q1","sourceDataset":"CSDB2","updateDate":"2016-01-27T15:25:45.844Z"},{"date":"1998 Q2","value":"109","year":"1998","month":"","quarter":"Q2","sourceDataset":"CSDB2","updateDate":"2016-01-27T15:25:45.844Z"},{"date":"1998 Q3","value":"628","year":"1998","month":"","quarter":"Q3","sourceDataset":"CSDB2","updateDate":"2016-01-27T15:25:45.844Z"},{"date":"1998 Q4","value":"811","year":"1998","month":"","quarter":"Q4","sourceDataset":"CSDB2","updateDate":"2016-01-27T15:25:45.844Z"},{"date":"1999 Q1","value":"1002","year":"1999","month":"","quarter":"Q1","sourceDataset":"CSDB2","updateDate":"2016-01-27T15:25:45.844Z"},{"date":"1999 Q2","value":"844","year":"1999","month":"","quarter":"Q2","sourceDataset":"CSDB2","updateDate":"2016-01-27T15:25:45.844Z"},{"date":"1999 Q3","value":"778","year":"1999","month":"","quarter":"Q3","sourceDataset":"CSDB2","updateDate":"2016-01-27T15:25:45.844Z"},{"date":"1999 Q4","value":"881","year":"1999","month":"","quarter":"Q4","sourceDataset":"CSDB2","updateDate":"2016-01-27T15:25:45.844Z"},{"date":"2000 Q1","value":"1096","year":"2000","month":"","quarter":"Q1","sourceDataset":"CSDB2","updateDate":"2016-01-27T15:25:45.844Z"},{"date":"2000 Q2","value":"1173","year":"2000","month":"","quarter":"Q2","sourceDataset":"CSDB2","updateDate":"2016-01-27T15:25:45.844Z"},{"date":"2000 Q3","value":"-404","year":"2000","month":"","quarter":"Q3","sourceDataset":"CSDB2","updateDate":"2016-01-27T15:25:45.844Z"},{"date":"2000 Q4","value":"798","year":"2000","month":"","quarter":"Q4","sourceDataset":"CSDB2","updateDate":"2016-01-27T15:25:45.844Z"},{"date":"2001 Q1","value":"605","year":"2001","month":"","quarter":"Q1","sourceDataset":"CSDB2","updateDate":"2016-01-27T15:25:45.844Z"},{"date":"2001 Q2","value":"-2621","year":"2001","month":"","quarter":"Q2","sourceDataset":"CSDB2","updateDate":"2016-01-27T15:25:45.844Z"},{"date":"2001 Q3","value":"3619","year":"2001","month":"","quarter":"Q3","sourceDataset":"CSDB2","updateDate":"2016-01-27T15:25:45.844Z"},{"date":"2001 Q4","value":"-1373","year":"2001","month":"","quarter":"Q4","sourceDataset":"CSDB2","updateDate":"2016-01-27T15:25:45.844Z"},{"date":"2002 Q1","value":"85","year":"2002","month":"","quarter":"Q1","sourceDataset":"CSDB2","updateDate":"2016-01-27T15:25:45.844Z"},{"date":"2002 Q2","value":"572","year":"2002","month":"","quarter":"Q2","sourceDataset":"CSDB2","updateDate":"2016-01-27T15:25:45.844Z"},{"date":"2002 Q3","value":"-66","year":"2002","month":"","quarter":"Q3","sourceDataset":"CSDB2","updateDate":"2016-01-27T15:25:45.844Z"},{"date":"2002 Q4","value":"1476","year":"2002","month":"","quarter":"Q4","sourceDataset":"CSDB2","updateDate":"2016-01-27T15:25:45.844Z"},{"date":"2003 Q1","value":"2085","year":"2003","month":"","quarter":"Q1","sourceDataset":"CSDB2","updateDate":"2016-01-27T15:25:45.844Z"},{"date":"2003 Q2","value":"-741","year":"2003","month":"","quarter":"Q2","sourceDataset":"CSDB2","updateDate":"2016-01-27T15:25:45.844Z"},{"date":"2003 Q3","value":"1243","year":"2003","month":"","quarter":"Q3","sourceDataset":"CSDB2","updateDate":"2016-01-27T15:25:45.844Z"},{"date":"2003 Q4","value":"829","year":"2003","month":"","quarter":"Q4","sourceDataset":"CSDB2","updateDate":"2016-01-27T15:25:45.844Z"},{"date":"2004 Q1","value":"672","year":"2004","month":"","quarter":"Q1","sourceDataset":"CSDB2","updateDate":"2016-01-27T15:25:45.844Z"},{"date":"2004 Q2","value":"656","year":"2004","month":"","quarter":"Q2","sourceDataset":"CSDB2","updateDate":"2016-01-27T15:25:45.844Z"},{"date":"2004 Q3","value":"2021","year":"2004","month":"","quarter":"Q3","sourceDataset":"CSDB2","updateDate":"2016-01-27T15:25:45.844Z"},{"date":"2004 Q4","value":"895","year":"2004","month":"","quarter":"Q4","sourceDataset":"CSDB2","updateDate":"2016-01-27T15:25:45.844Z"},{"date":"2005 Q1","value":"1901","year":"2005","month":"","quarter":"Q1","sourceDataset":"CSDB2","updateDate":"2016-01-27T15:25:45.844Z"},{"date":"2005 Q2","value":"1559","year":"2005","month":"","quarter":"Q2","sourceDataset":"CSDB2","updateDate":"2016-01-27T15:25:45.844Z"},{"date":"2005 Q3","value":"2097","year":"2005","month":"","quarter":"Q3","sourceDataset":"CSDB2","updateDate":"2016-01-27T15:25:45.844Z"},{"date":"2005 Q4","value":"1588","year":"2005","month":"","quarter":"Q4","sourceDataset":"CSDB2","updateDate":"2016-01-27T15:25:45.844Z"},{"date":"2006 Q1","value":"1506","year":"2006","month":"","quarter":"Q1","sourceDataset":"CSDB2","updateDate":"2016-01-27T15:25:45.844Z"},{"date":"2006 Q2","value":"1431","year":"2006","month":"","quarter":"Q2","sourceDataset":"CSDB2","updateDate":"2016-01-27T15:25:45.844Z"},{"date":"2006 Q3","value":"221","year":"2006","month":"","quarter":"Q3","sourceDataset":"CSDB2","updateDate":"2016-01-27T15:25:45.844Z"},{"date":"2006 Q4","value":"1789","year":"2006","month":"","quarter":"Q4","sourceDataset":"CSDB2","updateDate":"2016-01-27T15:25:45.844Z"},{"date":"2007 Q1","value":"1749","year":"2007","month":"","quarter":"Q1","sourceDataset":"CSDB2","updateDate":"2016-01-27T15:25:45.844Z"},{"date":"2007 Q2","value":"2612","year":"2007","month":"","quarter":"Q2","sourceDataset":"CSDB2","updateDate":"2016-01-27T15:25:45.844Z"},{"date":"2007 Q3","value":"2497","year":"2007","month":"","quarter":"Q3","sourceDataset":"CSDB2","updateDate":"2016-01-27T15:25:45.844Z"},{"date":"2007 Q4","value":"3089","year":"2007","month":"","quarter":"Q4","sourceDataset":"CSDB2","updateDate":"2016-01-27T15:25:45.844Z"},{"date":"2008 Q1","value":"1261","year":"2008","month":"","quarter":"Q1","sourceDataset":"CSDB2","updateDate":"2016-01-27T15:25:45.844Z"},{"date":"2008 Q2","value":"5950","year":"2008","month":"","quarter":"Q2","sourceDataset":"CSDB2","updateDate":"2016-01-27T15:25:45.844Z"},{"date":"2008 Q3","value":"4096","year":"2008","month":"","quarter":"Q3","sourceDataset":"CSDB2","updateDate":"2016-01-27T15:25:45.844Z"},{"date":"2008 Q4","value":"2246","year":"2008","month":"","quarter":"Q4","sourceDataset":"CSDB2","updateDate":"2016-01-27T15:25:45.844Z"},{"date":"2009 Q1","value":"-462","year":"2009","month":"","quarter":"Q1","sourceDataset":"CSDB2","updateDate":"2016-01-27T15:25:45.844Z"},{"date":"2009 Q2","value":"-1321","year":"2009","month":"","quarter":"Q2","sourceDataset":"CSDB2","updateDate":"2016-01-27T15:25:45.844Z"},{"date":"2009 Q3","value":"3881","year":"2009","month":"","quarter":"Q3","sourceDataset":"CSDB2","updateDate":"2016-01-27T15:25:45.844Z"},{"date":"2009 Q4","value":"2115","year":"2009","month":"","quarter":"Q4","sourceDataset":"CSDB2","updateDate":"2016-01-27T15:25:45.844Z"},{"date":"2010 Q1","value":"-273","year":"2010","month":"","quarter":"Q1","sourceDataset":"CSDB2","updateDate":"2016-01-27T15:25:45.844Z"},{"date":"2010 Q2","value":"2845","year":"2010","month":"","quarter":"Q2","sourceDataset":"CSDB2","updateDate":"2016-01-27T15:25:45.844Z"},{"date":"2010 Q3","value":"2024","year":"2010","month":"","quarter":"Q3","sourceDataset":"CSDB2","updateDate":"2016-01-27T15:25:45.844Z"},{"date":"2010 Q4","value":"3839","year":"2010","month":"","quarter":"Q4","sourceDataset":"CSDB2","updateDate":"2016-01-27T15:25:45.844Z"},{"date":"2011 Q1","value":"3617","year":"2011","month":"","quarter":"Q1","sourceDataset":"CSDB2","updateDate":"2016-01-27T15:25:45.844Z"},{"date":"2011 Q2","value":"3279","year":"2011","month":"","quarter":"Q2","sourceDataset":"CSDB2","updateDate":"2016-01-27T15:25:45.844Z"},{"date":"2011 Q3","value":"1102","year":"2011","month":"","quarter":"Q3","sourceDataset":"CSDB2","updateDate":"2016-01-27T15:25:45.844Z"},{"date":"2011 Q4","value":"800","year":"2011","month":"","quarter":"Q4","sourceDataset":"CSDB2","updateDate":"2016-01-27T15:25:45.844Z"},{"date":"2012 Q1","value":"1067","year":"2012","month":"","quarter":"Q1","sourceDataset":"CSDB2","updateDate":"2016-01-27T15:25:45.844Z"},{"date":"2012 Q2","value":"-297","year":"2012","month":"","quarter":"Q2","sourceDataset":"CSDB2","updateDate":"2016-01-27T15:25:45.844Z"},{"date":"2012 Q3","value":"760","year":"2012","month":"","quarter":"Q3","sourceDataset":"CSDB2","updateDate":"2016-01-27T15:25:45.844Z"},{"date":"2012 Q4","value":"1147","year":"2012","month":"","quarter":"Q4","sourceDataset":"CSDB2","updateDate":"2016-01-27T15:25:45.844Z"},{"date":"2013 Q1","value":"2474","year":"2013","month":"","quarter":"Q1","sourceDataset":"CSDB2","updateDate":"2016-01-27T15:25:45.844Z"},{"date":"2013 Q2","value":"13","year":"2013","month":"","quarter":"Q2","sourceDataset":"CSDB2","updateDate":"2016-01-27T15:25:45.844Z"},{"date":"2013 Q3","value":"568","year":"2013","month":"","quarter":"Q3","sourceDataset":"CSDB2","updateDate":"2016-01-27T15:25:45.844Z"},{"date":"2013 Q4","value":"149","year":"2013","month":"","quarter":"Q4","sourceDataset":"CSDB2","updateDate":"2016-01-27T15:25:45.844Z"},{"date":"2014 Q1","value":"-1134","year":"2014","month":"","quarter":"Q1","sourceDataset":"CSDB2","updateDate":"2016-01-27T15:25:45.844Z"},{"date":"2014 Q2","value":"-26","year":"2014","month":"","quarter":"Q2","sourceDataset":"CSDB2","updateDate":"2016-01-27T15:25:45.844Z"},{"date":"2014 Q3","value":"-1","year":"2014","month":"","quarter":"Q3","sourceDataset":"CSDB2","updateDate":"2016-01-27T15:25:45.844Z"},{"date":"2014 Q4","value":"-1095","year":"2014","month":"","quarter":"Q4","sourceDataset":"CSDB2","updateDate":"2016-01-27T15:25:45.844Z"},{"date":"2015 Q1","value":"-2753","year":"2015","month":"","quarter":"Q1","sourceDataset":"CSDB2","updateDate":"2016-01-27T15:25:45.844Z"},{"date":"2015 Q2","value":"9","year":"2015","month":"","quarter":"Q2","sourceDataset":"CSDB2","updateDate":"2016-01-27T15:25:45.844Z"},{"date":"2015 Q3","value":"-2098","year":"2015","month":"","quarter":"Q3","sourceDataset":"CSDB2","updateDate":"2016-01-27T15:25:45.844Z"}],"months":[],"sourceDatasets":["CSDB2"],"relatedDatasets":[{"uri":"/economy/environmentalaccounts/datasets/asdasdasdasdsadqwdeqweqe/2046"}],"relatedDocuments":[],"type":"timeseries","description":{"title":"Inventories: Private Non- Financial Corps: Holding gains on inventories: CP SA £","contact":{"email":"","name":"","telephone":""},"releaseDate":"2016-01-27T00:00:00.000Z","nextRelease":"","cdid":"DLRA","unit":"","preUnit":"","source":"","seasonalAdjustment":"NSA","date":"2015 Q3","number":"-2098"}}