{"years":[{"date":"1987","value":"100.7","year":"1987","month":"","quarter":"","sourceDataset":"CSDB","updateDate":"2016-01-14T16:25:13.314Z"},{"date":"1988","value":"105.8","year":"1988","month":"","quarter":"","sourceDataset":"CSDB","updateDate":"2016-01-14T16:25:13.314Z"},{"date":"1989","value":"109.0","year":"1989","month":"","quarter":"","sourceDataset":"CSDB","updateDate":"2016-01-14T16:25:13.314Z"},{"date":"1990","value":"129.5","year":"1990","month":"","quarter":"","sourceDataset":"CSDB","updateDate":"2016-01-14T16:25:13.314Z"},{"date":"1991","value":"139.9","year":"1991","month":"","quarter":"","sourceDataset":"CSDB","updateDate":"2016-01-14T16:25:13.314Z"},{"date":"1992","value":"143.1","year":"1992","month":"","quarter":"","sourceDataset":"CSDB","updateDate":"2016-01-14T16:25:13.314Z"},{"date":"1993","value":"133.0","year":"1993","month":"","quarter":"","sourceDataset":"CSDB","updateDate":"2016-01-14T16:25:13.314Z"},{"date":"1994","value":"129.3","year":"1994","month":"","quarter":"","sourceDataset":"CSDB","updateDate":"2016-01-14T16:25:13.314Z"},{"date":"1995","value":"125.1","year":"1995","month":"","quarter":"","sourceDataset":"CSDB","updateDate":"2016-01-14T16:25:13.314Z"},{"date":"1996","value":"125.3","year":"1996","month":"","quarter":"","sourceDataset":"CSDB","updateDate":"2016-01-14T16:25:13.314Z"},{"date":"1997","value":"127.2","year":"1997","month":"","quarter":"","sourceDataset":"CSDB","updateDate":"2016-01-14T16:25:13.314Z"},{"date":"1998","value":"136.6","year":"1998","month":"","quarter":"","sourceDataset":"CSDB","updateDate":"2016-01-14T16:25:13.314Z"},{"date":"1999","value":"151.2","year":"1999","month":"","quarter":"","sourceDataset":"CSDB","updateDate":"2016-01-14T16:25:13.314Z"},{"date":"2000","value":"161.1","year":"2000","month":"","quarter":"","sourceDataset":"CSDB","updateDate":"2016-01-14T16:25:13.314Z"},{"date":"2001","value":"163.6","year":"2001","month":"","quarter":"","sourceDataset":"CSDB","updateDate":"2016-01-14T16:25:13.314Z"},{"date":"2002","value":"165.7","year":"2002","month":"","quarter":"","sourceDataset":"CSDB","updateDate":"2016-01-14T16:25:13.314Z"},{"date":"2003","value":"164.3","year":"2003","month":"","quarter":"","sourceDataset":"CSDB","updateDate":"2016-01-14T16:25:13.314Z"},{"date":"2004","value":"161.2","year":"2004","month":"","quarter":"","sourceDataset":"CSDB","updateDate":"2016-01-14T16:25:13.314Z"},{"date":"2005","value":"162.9","year":"2005","month":"","quarter":"","sourceDataset":"CSDB","updateDate":"2016-01-14T16:25:13.314Z"},{"date":"2006","value":"174.0","year":"2006","month":"","quarter":"","sourceDataset":"CSDB","updateDate":"2016-01-14T16:25:13.314Z"},{"date":"2007","value":"188.7","year":"2007","month":"","quarter":"","sourceDataset":"CSDB","updateDate":"2016-01-14T16:25:13.314Z"},{"date":"2008","value":"190.8","year":"2008","month":"","quarter":"","sourceDataset":"CSDB","updateDate":"2016-01-14T16:25:13.314Z"},{"date":"2009","value":"189.1","year":"2009","month":"","quarter":"","sourceDataset":"CSDB","updateDate":"2016-01-14T16:25:13.314Z"},{"date":"2010","value":"204.6","year":"2010","month":"","quarter":"","sourceDataset":"CSDB","updateDate":"2016-01-14T16:25:13.314Z"},{"date":"2011","value":"230.3","year":"2011","month":"","quarter":"","sourceDataset":"CSDB","updateDate":"2016-01-14T16:25:13.314Z"},{"date":"2012","value":"238.4","year":"2012","month":"","quarter":"","sourceDataset":"CSDB","updateDate":"2016-01-14T16:25:13.314Z"},{"date":"2013","value":"245.2","year":"2013","month":"","quarter":"","sourceDataset":"CSDB","updateDate":"2016-01-14T16:25:13.314Z"},{"date":"2014","value":"263.6","year":"2014","month":"","quarter":"","sourceDataset":"CSDB","updateDate":"2016-01-14T16:25:13.314Z"}],"quarters":[{"date":"1987 Q1","value":"99.4","year":"1987","month":"","quarter":"Q1","sourceDataset":"CSDB","updateDate":"2016-01-14T16:25:13.314Z"},{"date":"1987 Q2","value":"100.3","year":"1987","month":"","quarter":"Q2","sourceDataset":"CSDB","updateDate":"2016-01-14T16:25:13.314Z"},{"date":"1987 Q3","value":"101.2","year":"1987","month":"","quarter":"Q3","sourceDataset":"CSDB","updateDate":"2016-01-14T16:25:13.314Z"},{"date":"1987 Q4","value":"102.1","year":"1987","month":"","quarter":"Q4","sourceDataset":"CSDB","updateDate":"2016-01-14T16:25:13.314Z"},{"date":"1988 Q1","value":"107.3","year":"1988","month":"","quarter":"Q1","sourceDataset":"CSDB","updateDate":"2016-01-14T16:25:13.314Z"},{"date":"1988 Q2","value":"104.7","year":"1988","month":"","quarter":"Q2","sourceDataset":"CSDB","updateDate":"2016-01-14T16:25:13.314Z"},{"date":"1988 Q3","value":"106.6","year":"1988","month":"","quarter":"Q3","sourceDataset":"CSDB","updateDate":"2016-01-14T16:25:13.314Z"},{"date":"1988 Q4","value":"104.4","year":"1988","month":"","quarter":"Q4","sourceDataset":"CSDB","updateDate":"2016-01-14T16:25:13.314Z"},{"date":"1989 Q1","value":"108.2","year":"1989","month":"","quarter":"Q1","sourceDataset":"CSDB","updateDate":"2016-01-14T16:25:13.314Z"},{"date":"1989 Q2","value":"107.8","year":"1989","month":"","quarter":"Q2","sourceDataset":"CSDB","updateDate":"2016-01-14T16:25:13.314Z"},{"date":"1989 Q3","value":"108.6","year":"1989","month":"","quarter":"Q3","sourceDataset":"CSDB","updateDate":"2016-01-14T16:25:13.314Z"},{"date":"1989 Q4","value":"111.5","year":"1989","month":"","quarter":"Q4","sourceDataset":"CSDB","updateDate":"2016-01-14T16:25:13.314Z"},{"date":"1990 Q1","value":"121.8","year":"1990","month":"","quarter":"Q1","sourceDataset":"CSDB","updateDate":"2016-01-14T16:25:13.314Z"},{"date":"1990 Q2","value":"126.6","year":"1990","month":"","quarter":"Q2","sourceDataset":"CSDB","updateDate":"2016-01-14T16:25:13.314Z"},{"date":"1990 Q3","value":"131.7","year":"1990","month":"","quarter":"Q3","sourceDataset":"CSDB","updateDate":"2016-01-14T16:25:13.314Z"},{"date":"1990 Q4","value":"138.1","year":"1990","month":"","quarter":"Q4","sourceDataset":"CSDB","updateDate":"2016-01-14T16:25:13.314Z"},{"date":"1991 Q1","value":"138.3","year":"1991","month":"","quarter":"Q1","sourceDataset":"CSDB","updateDate":"2016-01-14T16:25:13.314Z"},{"date":"1991 Q2","value":"138.4","year":"1991","month":"","quarter":"Q2","sourceDataset":"CSDB","updateDate":"2016-01-14T16:25:13.314Z"},{"date":"1991 Q3","value":"138.0","year":"1991","month":"","quarter":"Q3","sourceDataset":"CSDB","updateDate":"2016-01-14T16:25:13.314Z"},{"date":"1991 Q4","value":"144.9","year":"1991","month":"","quarter":"Q4","sourceDataset":"CSDB","updateDate":"2016-01-14T16:25:13.314Z"},{"date":"1992 Q1","value":"145.1","year":"1992","month":"","quarter":"Q1","sourceDataset":"CSDB","updateDate":"2016-01-14T16:25:13.314Z"},{"date":"1992 Q2","value":"142.1","year":"1992","month":"","quarter":"Q2","sourceDataset":"CSDB","updateDate":"2016-01-14T16:25:13.314Z"},{"date":"1992 Q3","value":"140.6","year":"1992","month":"","quarter":"Q3","sourceDataset":"CSDB","updateDate":"2016-01-14T16:25:13.314Z"},{"date":"1992 Q4","value":"144.4","year":"1992","month":"","quarter":"Q4","sourceDataset":"CSDB","updateDate":"2016-01-14T16:25:13.314Z"},{"date":"1993 Q1","value":"142.1","year":"1993","month":"","quarter":"Q1","sourceDataset":"CSDB","updateDate":"2016-01-14T16:25:13.314Z"},{"date":"1993 Q2","value":"128.2","year":"1993","month":"","quarter":"Q2","sourceDataset":"CSDB","updateDate":"2016-01-14T16:25:13.314Z"},{"date":"1993 Q3","value":"129.7","year":"1993","month":"","quarter":"Q3","sourceDataset":"CSDB","updateDate":"2016-01-14T16:25:13.314Z"},{"date":"1993 Q4","value":"132.1","year":"1993","month":"","quarter":"Q4","sourceDataset":"CSDB","updateDate":"2016-01-14T16:25:13.314Z"},{"date":"1994 Q1","value":"130.3","year":"1994","month":"","quarter":"Q1","sourceDataset":"CSDB","updateDate":"2016-01-14T16:25:13.314Z"},{"date":"1994 Q2","value":"129.1","year":"1994","month":"","quarter":"Q2","sourceDataset":"CSDB","updateDate":"2016-01-14T16:25:13.314Z"},{"date":"1994 Q3","value":"129.3","year":"1994","month":"","quarter":"Q3","sourceDataset":"CSDB","updateDate":"2016-01-14T16:25:13.314Z"},{"date":"1994 Q4","value":"128.4","year":"1994","month":"","quarter":"Q4","sourceDataset":"CSDB","updateDate":"2016-01-14T16:25:13.314Z"},{"date":"1995 Q1","value":"124.4","year":"1995","month":"","quarter":"Q1","sourceDataset":"CSDB","updateDate":"2016-01-14T16:25:13.314Z"},{"date":"1995 Q2","value":"125.4","year":"1995","month":"","quarter":"Q2","sourceDataset":"CSDB","updateDate":"2016-01-14T16:25:13.314Z"},{"date":"1995 Q3","value":"124.5","year":"1995","month":"","quarter":"Q3","sourceDataset":"CSDB","updateDate":"2016-01-14T16:25:13.314Z"},{"date":"1995 Q4","value":"126.0","year":"1995","month":"","quarter":"Q4","sourceDataset":"CSDB","updateDate":"2016-01-14T16:25:13.314Z"},{"date":"1996 Q1","value":"127.6","year":"1996","month":"","quarter":"Q1","sourceDataset":"CSDB","updateDate":"2016-01-14T16:25:13.314Z"},{"date":"1996 Q2","value":"125.3","year":"1996","month":"","quarter":"Q2","sourceDataset":"CSDB","updateDate":"2016-01-14T16:25:13.314Z"},{"date":"1996 Q3","value":"126.0","year":"1996","month":"","quarter":"Q3","sourceDataset":"CSDB","updateDate":"2016-01-14T16:25:13.314Z"},{"date":"1996 Q4","value":"122.4","year":"1996","month":"","quarter":"Q4","sourceDataset":"CSDB","updateDate":"2016-01-14T16:25:13.314Z"},{"date":"1997 Q1","value":"125.4","year":"1997","month":"","quarter":"Q1","sourceDataset":"CSDB","updateDate":"2016-01-14T16:25:13.314Z"},{"date":"1997 Q2","value":"122.8","year":"1997","month":"","quarter":"Q2","sourceDataset":"CSDB","updateDate":"2016-01-14T16:25:13.314Z"},{"date":"1997 Q3","value":"129.0","year":"1997","month":"","quarter":"Q3","sourceDataset":"CSDB","updateDate":"2016-01-14T16:25:13.314Z"},{"date":"1997 Q4","value":"131.5","year":"1997","month":"","quarter":"Q4","sourceDataset":"CSDB","updateDate":"2016-01-14T16:25:13.314Z"},{"date":"1998 Q1","value":"130.7","year":"1998","month":"","quarter":"Q1","sourceDataset":"CSDB","updateDate":"2016-01-14T16:25:13.314Z"},{"date":"1998 Q2","value":"132.4","year":"1998","month":"","quarter":"Q2","sourceDataset":"CSDB","updateDate":"2016-01-14T16:25:13.314Z"},{"date":"1998 Q3","value":"137.8","year":"1998","month":"","quarter":"Q3","sourceDataset":"CSDB","updateDate":"2016-01-14T16:25:13.314Z"},{"date":"1998 Q4","value":"145.4","year":"1998","month":"","quarter":"Q4","sourceDataset":"CSDB","updateDate":"2016-01-14T16:25:13.314Z"},{"date":"1999 Q1","value":"147.3","year":"1999","month":"","quarter":"Q1","sourceDataset":"CSDB","updateDate":"2016-01-14T16:25:13.314Z"},{"date":"1999 Q2","value":"149.4","year":"1999","month":"","quarter":"Q2","sourceDataset":"CSDB","updateDate":"2016-01-14T16:25:13.314Z"},{"date":"1999 Q3","value":"152.8","year":"1999","month":"","quarter":"Q3","sourceDataset":"CSDB","updateDate":"2016-01-14T16:25:13.314Z"},{"date":"1999 Q4","value":"155.1","year":"1999","month":"","quarter":"Q4","sourceDataset":"CSDB","updateDate":"2016-01-14T16:25:13.314Z"},{"date":"2000 Q1","value":"158.0","year":"2000","month":"","quarter":"Q1","sourceDataset":"CSDB","updateDate":"2016-01-14T16:25:13.314Z"},{"date":"2000 Q2","value":"159.8","year":"2000","month":"","quarter":"Q2","sourceDataset":"CSDB","updateDate":"2016-01-14T16:25:13.314Z"},{"date":"2000 Q3","value":"162.0","year":"2000","month":"","quarter":"Q3","sourceDataset":"CSDB","updateDate":"2016-01-14T16:25:13.314Z"},{"date":"2000 Q4","value":"164.7","year":"2000","month":"","quarter":"Q4","sourceDataset":"CSDB","updateDate":"2016-01-14T16:25:13.314Z"},{"date":"2001 Q1","value":"162.9","year":"2001","month":"","quarter":"Q1","sourceDataset":"CSDB","updateDate":"2016-01-14T16:25:13.314Z"},{"date":"2001 Q2","value":"162.3","year":"2001","month":"","quarter":"Q2","sourceDataset":"CSDB","updateDate":"2016-01-14T16:25:13.314Z"},{"date":"2001 Q3","value":"163.8","year":"2001","month":"","quarter":"Q3","sourceDataset":"CSDB","updateDate":"2016-01-14T16:25:13.314Z"},{"date":"2001 Q4","value":"165.2","year":"2001","month":"","quarter":"Q4","sourceDataset":"CSDB","updateDate":"2016-01-14T16:25:13.314Z"},{"date":"2002 Q1","value":"163.3","year":"2002","month":"","quarter":"Q1","sourceDataset":"CSDB","updateDate":"2016-01-14T16:25:13.314Z"},{"date":"2002 Q2","value":"165.2","year":"2002","month":"","quarter":"Q2","sourceDataset":"CSDB","updateDate":"2016-01-14T16:25:13.314Z"},{"date":"2002 Q3","value":"166.3","year":"2002","month":"","quarter":"Q3","sourceDataset":"CSDB","updateDate":"2016-01-14T16:25:13.314Z"},{"date":"2002 Q4","value":"168.2","year":"2002","month":"","quarter":"Q4","sourceDataset":"CSDB","updateDate":"2016-01-14T16:25:13.314Z"},{"date":"2003 Q1","value":"165.0","year":"2003","month":"","quarter":"Q1","sourceDataset":"CSDB","updateDate":"2016-01-14T16:25:13.314Z"},{"date":"2003 Q2","value":"163.8","year":"2003","month":"","quarter":"Q2","sourceDataset":"CSDB","updateDate":"2016-01-14T16:25:13.314Z"},{"date":"2003 Q3","value":"164.4","year":"2003","month":"","quarter":"Q3","sourceDataset":"CSDB","updateDate":"2016-01-14T16:25:13.314Z"},{"date":"2003 Q4","value":"164.0","year":"2003","month":"","quarter":"Q4","sourceDataset":"CSDB","updateDate":"2016-01-14T16:25:13.314Z"},{"date":"2004 Q1","value":"160.9","year":"2004","month":"","quarter":"Q1","sourceDataset":"CSDB","updateDate":"2016-01-14T16:25:13.314Z"},{"date":"2004 Q2","value":"161.8","year":"2004","month":"","quarter":"Q2","sourceDataset":"CSDB","updateDate":"2016-01-14T16:25:13.314Z"},{"date":"2004 Q3","value":"160.8","year":"2004","month":"","quarter":"Q3","sourceDataset":"CSDB","updateDate":"2016-01-14T16:25:13.314Z"},{"date":"2004 Q4","value":"161.3","year":"2004","month":"","quarter":"Q4","sourceDataset":"CSDB","updateDate":"2016-01-14T16:25:13.314Z"},{"date":"2005 Q1","value":"161.3","year":"2005","month":"","quarter":"Q1","sourceDataset":"CSDB","updateDate":"2016-01-14T16:25:13.314Z"},{"date":"2005 Q2","value":"161.9","year":"2005","month":"","quarter":"Q2","sourceDataset":"CSDB","updateDate":"2016-01-14T16:25:13.314Z"},{"date":"2005 Q3","value":"163.3","year":"2005","month":"","quarter":"Q3","sourceDataset":"CSDB","updateDate":"2016-01-14T16:25:13.314Z"},{"date":"2005 Q4","value":"165.3","year":"2005","month":"","quarter":"Q4","sourceDataset":"CSDB","updateDate":"2016-01-14T16:25:13.314Z"},{"date":"2006 Q1","value":"166.3","year":"2006","month":"","quarter":"Q1","sourceDataset":"CSDB","updateDate":"2016-01-14T16:25:13.314Z"},{"date":"2006 Q2","value":"169.1","year":"2006","month":"","quarter":"Q2","sourceDataset":"CSDB","updateDate":"2016-01-14T16:25:13.314Z"},{"date":"2006 Q3","value":"178.7","year":"2006","month":"","quarter":"Q3","sourceDataset":"CSDB","updateDate":"2016-01-14T16:25:13.314Z"},{"date":"2006 Q4","value":"181.9","year":"2006","month":"","quarter":"Q4","sourceDataset":"CSDB","updateDate":"2016-01-14T16:25:13.314Z"},{"date":"2007 Q1","value":"183.7","year":"2007","month":"","quarter":"Q1","sourceDataset":"CSDB","updateDate":"2016-01-14T16:25:13.314Z"},{"date":"2007 Q2","value":"189.2","year":"2007","month":"","quarter":"Q2","sourceDataset":"CSDB","updateDate":"2016-01-14T16:25:13.314Z"},{"date":"2007 Q3","value":"189.1","year":"2007","month":"","quarter":"Q3","sourceDataset":"CSDB","updateDate":"2016-01-14T16:25:13.314Z"},{"date":"2007 Q4","value":"192.7","year":"2007","month":"","quarter":"Q4","sourceDataset":"CSDB","updateDate":"2016-01-14T16:25:13.314Z"},{"date":"2008 Q1","value":"189.0","year":"2008","month":"","quarter":"Q1","sourceDataset":"CSDB","updateDate":"2016-01-14T16:25:13.314Z"},{"date":"2008 Q2","value":"191.2","year":"2008","month":"","quarter":"Q2","sourceDataset":"CSDB","updateDate":"2016-01-14T16:25:13.314Z"},{"date":"2008 Q3","value":"190.9","year":"2008","month":"","quarter":"Q3","sourceDataset":"CSDB","updateDate":"2016-01-14T16:25:13.314Z"},{"date":"2008 Q4","value":"191.9","year":"2008","month":"","quarter":"Q4","sourceDataset":"CSDB","updateDate":"2016-01-14T16:25:13.314Z"},{"date":"2009 Q1","value":"188.7","year":"2009","month":"","quarter":"Q1","sourceDataset":"CSDB","updateDate":"2016-01-14T16:25:13.314Z"},{"date":"2009 Q2","value":"187.9","year":"2009","month":"","quarter":"Q2","sourceDataset":"CSDB","updateDate":"2016-01-14T16:25:13.314Z"},{"date":"2009 Q3","value":"190.5","year":"2009","month":"","quarter":"Q3","sourceDataset":"CSDB","updateDate":"2016-01-14T16:25:13.314Z"},{"date":"2009 Q4","value":"189.3","year":"2009","month":"","quarter":"Q4","sourceDataset":"CSDB","updateDate":"2016-01-14T16:25:13.314Z"},{"date":"2010 Q1","value":"196.0","year":"2010","month":"","quarter":"Q1","sourceDataset":"CSDB","updateDate":"2016-01-14T16:25:13.314Z"},{"date":"2010 Q2","value":"201.6","year":"2010","month":"","quarter":"Q2","sourceDataset":"CSDB","updateDate":"2016-01-14T16:25:13.314Z"},{"date":"2010 Q3","value":"212.0","year":"2010","month":"","quarter":"Q3","sourceDataset":"CSDB","updateDate":"2016-01-14T16:25:13.314Z"},{"date":"2010 Q4","value":"209.0","year":"2010","month":"","quarter":"Q4","sourceDataset":"CSDB","updateDate":"2016-01-14T16:25:13.314Z"},{"date":"2011 Q1","value":"226.3","year":"2011","month":"","quarter":"Q1","sourceDataset":"CSDB","updateDate":"2016-01-14T16:25:13.314Z"},{"date":"2011 Q2","value":"226.9","year":"2011","month":"","quarter":"Q2","sourceDataset":"CSDB","updateDate":"2016-01-14T16:25:13.314Z"},{"date":"2011 Q3","value":"233.7","year":"2011","month":"","quarter":"Q3","sourceDataset":"CSDB","updateDate":"2016-01-14T16:25:13.314Z"},{"date":"2011 Q4","value":"234.5","year":"2011","month":"","quarter":"Q4","sourceDataset":"CSDB","updateDate":"2016-01-14T16:25:13.314Z"},{"date":"2012 Q1","value":"238.3","year":"2012","month":"","quarter":"Q1","sourceDataset":"CSDB","updateDate":"2016-01-14T16:25:13.314Z"},{"date":"2012 Q2","value":"238.5","year":"2012","month":"","quarter":"Q2","sourceDataset":"CSDB","updateDate":"2016-01-14T16:25:13.314Z"},{"date":"2012 Q3","value":"237.5","year":"2012","month":"","quarter":"Q3","sourceDataset":"CSDB","updateDate":"2016-01-14T16:25:13.314Z"},{"date":"2012 Q4","value":"239.3","year":"2012","month":"","quarter":"Q4","sourceDataset":"CSDB","updateDate":"2016-01-14T16:25:13.314Z"},{"date":"2013 Q1","value":"238.3","year":"2013","month":"","quarter":"Q1","sourceDataset":"CSDB","updateDate":"2016-01-14T16:25:13.314Z"},{"date":"2013 Q2","value":"239.2","year":"2013","month":"","quarter":"Q2","sourceDataset":"CSDB","updateDate":"2016-01-14T16:25:13.314Z"},{"date":"2013 Q3","value":"245.7","year":"2013","month":"","quarter":"Q3","sourceDataset":"CSDB","updateDate":"2016-01-14T16:25:13.314Z"},{"date":"2013 Q4","value":"257.5","year":"2013","month":"","quarter":"Q4","sourceDataset":"CSDB","updateDate":"2016-01-14T16:25:13.314Z"},{"date":"2014 Q1","value":"263.2","year":"2014","month":"","quarter":"Q1","sourceDataset":"CSDB","updateDate":"2016-01-14T16:25:13.314Z"},{"date":"2014 Q2","value":"257.2","year":"2014","month":"","quarter":"Q2","sourceDataset":"CSDB","updateDate":"2016-01-14T16:25:13.314Z"},{"date":"2014 Q3","value":"263.2","year":"2014","month":"","quarter":"Q3","sourceDataset":"CSDB","updateDate":"2016-01-14T16:25:13.314Z"},{"date":"2014 Q4","value":"271.0","year":"2014","month":"","quarter":"Q4","sourceDataset":"CSDB","updateDate":"2016-01-14T16:25:13.314Z"},{"date":"2015 Q1","value":"266.8","year":"2015","month":"","quarter":"Q1","sourceDataset":"CSDB","updateDate":"2016-01-14T16:25:13.314Z"},{"date":"2015 Q2","value":"256.1","year":"2015","month":"","quarter":"Q2","sourceDataset":"CSDB","updateDate":"2016-01-14T16:25:13.314Z"}],"months":[{"date":"1987 JAN","value":"100.0","year":"1987","month":"January","quarter":"","sourceDataset":"CSDB","updateDate":"2016-01-14T16:25:13.314Z"},{"date":"1987 FEB","value":"98.4","year":"1987","month":"February","quarter":"","sourceDataset":"CSDB","updateDate":"2016-01-14T16:25:13.314Z"},{"date":"1987 MAR","value":"99.7","year":"1987","month":"March","quarter":"","sourceDataset":"CSDB","updateDate":"2016-01-14T16:25:13.314Z"},{"date":"1987 APR","value":"99.6","year":"1987","month":"April","quarter":"","sourceDataset":"CSDB","updateDate":"2016-01-14T16:25:13.314Z"},{"date":"1987 MAY","value":"100.9","year":"1987","month":"May","quarter":"","sourceDataset":"CSDB","updateDate":"2016-01-14T16:25:13.314Z"},{"date":"1987 JUN","value":"100.4","year":"1987","month":"June","quarter":"","sourceDataset":"CSDB","updateDate":"2016-01-14T16:25:13.314Z"},{"date":"1987 JUL","value":"100.5","year":"1987","month":"July","quarter":"","sourceDataset":"CSDB","updateDate":"2016-01-14T16:25:13.314Z"},{"date":"1987 AUG","value":"101.6","year":"1987","month":"August","quarter":"","sourceDataset":"CSDB","updateDate":"2016-01-14T16:25:13.314Z"},{"date":"1987 SEP","value":"101.6","year":"1987","month":"September","quarter":"","sourceDataset":"CSDB","updateDate":"2016-01-14T16:25:13.314Z"},{"date":"1987 OCT","value":"102.1","year":"1987","month":"October","quarter":"","sourceDataset":"CSDB","updateDate":"2016-01-14T16:25:13.314Z"},{"date":"1987 NOV","value":"100.7","year":"1987","month":"November","quarter":"","sourceDataset":"CSDB","updateDate":"2016-01-14T16:25:13.314Z"},{"date":"1987 DEC","value":"103.4","year":"1987","month":"December","quarter":"","sourceDataset":"CSDB","updateDate":"2016-01-14T16:25:13.314Z"},{"date":"1988 JAN","value":"108.1","year":"1988","month":"January","quarter":"","sourceDataset":"CSDB","updateDate":"2016-01-14T16:25:13.314Z"},{"date":"1988 FEB","value":"107.9","year":"1988","month":"February","quarter":"","sourceDataset":"CSDB","updateDate":"2016-01-14T16:25:13.314Z"},{"date":"1988 MAR","value":"106.0","year":"1988","month":"March","quarter":"","sourceDataset":"CSDB","updateDate":"2016-01-14T16:25:13.314Z"},{"date":"1988 APR","value":"105.7","year":"1988","month":"April","quarter":"","sourceDataset":"CSDB","updateDate":"2016-01-14T16:25:13.314Z"},{"date":"1988 MAY","value":"103.5","year":"1988","month":"May","quarter":"","sourceDataset":"CSDB","updateDate":"2016-01-14T16:25:13.314Z"},{"date":"1988 JUN","value":"105.0","year":"1988","month":"June","quarter":"","sourceDataset":"CSDB","updateDate":"2016-01-14T16:25:13.314Z"},{"date":"1988 JUL","value":"105.9","year":"1988","month":"July","quarter":"","sourceDataset":"CSDB","updateDate":"2016-01-14T16:25:13.314Z"},{"date":"1988 AUG","value":"106.2","year":"1988","month":"August","quarter":"","sourceDataset":"CSDB","updateDate":"2016-01-14T16:25:13.314Z"},{"date":"1988 SEP","value":"107.7","year":"1988","month":"September","quarter":"","sourceDataset":"CSDB","updateDate":"2016-01-14T16:25:13.314Z"},{"date":"1988 OCT","value":"104.6","year":"1988","month":"October","quarter":"","sourceDataset":"CSDB","updateDate":"2016-01-14T16:25:13.314Z"},{"date":"1988 NOV","value":"103.5","year":"1988","month":"November","quarter":"","sourceDataset":"CSDB","updateDate":"2016-01-14T16:25:13.314Z"},{"date":"1988 DEC","value":"105.2","year":"1988","month":"December","quarter":"","sourceDataset":"CSDB","updateDate":"2016-01-14T16:25:13.314Z"},{"date":"1989 JAN","value":"107.8","year":"1989","month":"January","quarter":"","sourceDataset":"CSDB","updateDate":"2016-01-14T16:25:13.314Z"},{"date":"1989 FEB","value":"108.7","year":"1989","month":"February","quarter":"","sourceDataset":"CSDB","updateDate":"2016-01-14T16:25:13.314Z"},{"date":"1989 MAR","value":"108.2","year":"1989","month":"March","quarter":"","sourceDataset":"CSDB","updateDate":"2016-01-14T16:25:13.314Z"},{"date":"1989 APR","value":"108.1","year":"1989","month":"April","quarter":"","sourceDataset":"CSDB","updateDate":"2016-01-14T16:25:13.314Z"},{"date":"1989 MAY","value":"107.2","year":"1989","month":"May","quarter":"","sourceDataset":"CSDB","updateDate":"2016-01-14T16:25:13.314Z"},{"date":"1989 JUN","value":"108.1","year":"1989","month":"June","quarter":"","sourceDataset":"CSDB","updateDate":"2016-01-14T16:25:13.314Z"},{"date":"1989 JUL","value":"108.3","year":"1989","month":"July","quarter":"","sourceDataset":"CSDB","updateDate":"2016-01-14T16:25:13.314Z"},{"date":"1989 AUG","value":"108.7","year":"1989","month":"August","quarter":"","sourceDataset":"CSDB","updateDate":"2016-01-14T16:25:13.314Z"},{"date":"1989 SEP","value":"108.7","year":"1989","month":"September","quarter":"","sourceDataset":"CSDB","updateDate":"2016-01-14T16:25:13.314Z"},{"date":"1989 OCT","value":"111.3","year":"1989","month":"October","quarter":"","sourceDataset":"CSDB","updateDate":"2016-01-14T16:25:13.314Z"},{"date":"1989 NOV","value":"112.2","year":"1989","month":"November","quarter":"","sourceDataset":"CSDB","updateDate":"2016-01-14T16:25:13.314Z"},{"date":"1989 DEC","value":"111.1","year":"1989","month":"December","quarter":"","sourceDataset":"CSDB","updateDate":"2016-01-14T16:25:13.314Z"},{"date":"1990 JAN","value":"118.4","year":"1990","month":"January","quarter":"","sourceDataset":"CSDB","updateDate":"2016-01-14T16:25:13.314Z"},{"date":"1990 FEB","value":"122.7","year":"1990","month":"February","quarter":"","sourceDataset":"CSDB","updateDate":"2016-01-14T16:25:13.314Z"},{"date":"1990 MAR","value":"124.2","year":"1990","month":"March","quarter":"","sourceDataset":"CSDB","updateDate":"2016-01-14T16:25:13.314Z"},{"date":"1990 APR","value":"126.7","year":"1990","month":"April","quarter":"","sourceDataset":"CSDB","updateDate":"2016-01-14T16:25:13.314Z"},{"date":"1990 MAY","value":"126.1","year":"1990","month":"May","quarter":"","sourceDataset":"CSDB","updateDate":"2016-01-14T16:25:13.314Z"},{"date":"1990 JUN","value":"126.9","year":"1990","month":"June","quarter":"","sourceDataset":"CSDB","updateDate":"2016-01-14T16:25:13.314Z"},{"date":"1990 JUL","value":"131.4","year":"1990","month":"July","quarter":"","sourceDataset":"CSDB","updateDate":"2016-01-14T16:25:13.314Z"},{"date":"1990 AUG","value":"132.0","year":"1990","month":"August","quarter":"","sourceDataset":"CSDB","updateDate":"2016-01-14T16:25:13.314Z"},{"date":"1990 SEP","value":"131.7","year":"1990","month":"September","quarter":"","sourceDataset":"CSDB","updateDate":"2016-01-14T16:25:13.314Z"},{"date":"1990 OCT","value":"138.0","year":"1990","month":"October","quarter":"","sourceDataset":"CSDB","updateDate":"2016-01-14T16:25:13.314Z"},{"date":"1990 NOV","value":"137.5","year":"1990","month":"November","quarter":"","sourceDataset":"CSDB","updateDate":"2016-01-14T16:25:13.314Z"},{"date":"1990 DEC","value":"138.7","year":"1990","month":"December","quarter":"","sourceDataset":"CSDB","updateDate":"2016-01-14T16:25:13.314Z"},{"date":"1991 JAN","value":"139.9","year":"1991","month":"January","quarter":"","sourceDataset":"CSDB","updateDate":"2016-01-14T16:25:13.314Z"},{"date":"1991 FEB","value":"137.5","year":"1991","month":"February","quarter":"","sourceDataset":"CSDB","updateDate":"2016-01-14T16:25:13.314Z"},{"date":"1991 MAR","value":"137.6","year":"1991","month":"March","quarter":"","sourceDataset":"CSDB","updateDate":"2016-01-14T16:25:13.314Z"},{"date":"1991 APR","value":"141.0","year":"1991","month":"April","quarter":"","sourceDataset":"CSDB","updateDate":"2016-01-14T16:25:13.314Z"},{"date":"1991 MAY","value":"135.3","year":"1991","month":"May","quarter":"","sourceDataset":"CSDB","updateDate":"2016-01-14T16:25:13.314Z"},{"date":"1991 JUN","value":"138.9","year":"1991","month":"June","quarter":"","sourceDataset":"CSDB","updateDate":"2016-01-14T16:25:13.314Z"},{"date":"1991 JUL","value":"135.6","year":"1991","month":"July","quarter":"","sourceDataset":"CSDB","updateDate":"2016-01-14T16:25:13.314Z"},{"date":"1991 AUG","value":"139.1","year":"1991","month":"August","quarter":"","sourceDataset":"CSDB","updateDate":"2016-01-14T16:25:13.314Z"},{"date":"1991 SEP","value":"139.2","year":"1991","month":"September","quarter":"","sourceDataset":"CSDB","updateDate":"2016-01-14T16:25:13.314Z"},{"date":"1991 OCT","value":"146.3","year":"1991","month":"October","quarter":"","sourceDataset":"CSDB","updateDate":"2016-01-14T16:25:13.314Z"},{"date":"1991 NOV","value":"142.8","year":"1991","month":"November","quarter":"","sourceDataset":"CSDB","updateDate":"2016-01-14T16:25:13.314Z"},{"date":"1991 DEC","value":"145.5","year":"1991","month":"December","quarter":"","sourceDataset":"CSDB","updateDate":"2016-01-14T16:25:13.314Z"},{"date":"1992 JAN","value":"147.7","year":"1992","month":"January","quarter":"","sourceDataset":"CSDB","updateDate":"2016-01-14T16:25:13.314Z"},{"date":"1992 FEB","value":"143.0","year":"1992","month":"February","quarter":"","sourceDataset":"CSDB","updateDate":"2016-01-14T16:25:13.314Z"},{"date":"1992 MAR","value":"144.7","year":"1992","month":"March","quarter":"","sourceDataset":"CSDB","updateDate":"2016-01-14T16:25:13.314Z"},{"date":"1992 APR","value":"144.0","year":"1992","month":"April","quarter":"","sourceDataset":"CSDB","updateDate":"2016-01-14T16:25:13.314Z"},{"date":"1992 MAY","value":"145.8","year":"1992","month":"May","quarter":"","sourceDataset":"CSDB","updateDate":"2016-01-14T16:25:13.314Z"},{"date":"1992 JUN","value":"136.4","year":"1992","month":"June","quarter":"","sourceDataset":"CSDB","updateDate":"2016-01-14T16:25:13.314Z"},{"date":"1992 JUL","value":"140.4","year":"1992","month":"July","quarter":"","sourceDataset":"CSDB","updateDate":"2016-01-14T16:25:13.314Z"},{"date":"1992 AUG","value":"139.5","year":"1992","month":"August","quarter":"","sourceDataset":"CSDB","updateDate":"2016-01-14T16:25:13.314Z"},{"date":"1992 SEP","value":"142.0","year":"1992","month":"September","quarter":"","sourceDataset":"CSDB","updateDate":"2016-01-14T16:25:13.314Z"},{"date":"1992 OCT","value":"141.9","year":"1992","month":"October","quarter":"","sourceDataset":"CSDB","updateDate":"2016-01-14T16:25:13.314Z"},{"date":"1992 NOV","value":"145.2","year":"1992","month":"November","quarter":"","sourceDataset":"CSDB","updateDate":"2016-01-14T16:25:13.314Z"},{"date":"1992 DEC","value":"146.2","year":"1992","month":"December","quarter":"","sourceDataset":"CSDB","updateDate":"2016-01-14T16:25:13.314Z"},{"date":"1993 JAN","value":"146.6","year":"1993","month":"January","quarter":"","sourceDataset":"CSDB","updateDate":"2016-01-14T16:25:13.314Z"},{"date":"1993 FEB","value":"144.0","year":"1993","month":"February","quarter":"","sourceDataset":"CSDB","updateDate":"2016-01-14T16:25:13.314Z"},{"date":"1993 MAR","value":"135.6","year":"1993","month":"March","quarter":"","sourceDataset":"CSDB","updateDate":"2016-01-14T16:25:13.314Z"},{"date":"1993 APR","value":"129.2","year":"1993","month":"April","quarter":"","sourceDataset":"CSDB","updateDate":"2016-01-14T16:25:13.314Z"},{"date":"1993 MAY","value":"129.2","year":"1993","month":"May","quarter":"","sourceDataset":"CSDB","updateDate":"2016-01-14T16:25:13.314Z"},{"date":"1993 JUN","value":"126.2","year":"1993","month":"June","quarter":"","sourceDataset":"CSDB","updateDate":"2016-01-14T16:25:13.314Z"},{"date":"1993 JUL","value":"128.9","year":"1993","month":"July","quarter":"","sourceDataset":"CSDB","updateDate":"2016-01-14T16:25:13.314Z"},{"date":"1993 AUG","value":"127.7","year":"1993","month":"August","quarter":"","sourceDataset":"CSDB","updateDate":"2016-01-14T16:25:13.314Z"},{"date":"1993 SEP","value":"132.6","year":"1993","month":"September","quarter":"","sourceDataset":"CSDB","updateDate":"2016-01-14T16:25:13.314Z"},{"date":"1993 OCT","value":"132.7","year":"1993","month":"October","quarter":"","sourceDataset":"CSDB","updateDate":"2016-01-14T16:25:13.314Z"},{"date":"1993 NOV","value":"131.3","year":"1993","month":"November","quarter":"","sourceDataset":"CSDB","updateDate":"2016-01-14T16:25:13.314Z"},{"date":"1993 DEC","value":"132.3","year":"1993","month":"December","quarter":"","sourceDataset":"CSDB","updateDate":"2016-01-14T16:25:13.314Z"},{"date":"1994 JAN","value":"132.8","year":"1994","month":"January","quarter":"","sourceDataset":"CSDB","updateDate":"2016-01-14T16:25:13.314Z"},{"date":"1994 FEB","value":"128.2","year":"1994","month":"February","quarter":"","sourceDataset":"CSDB","updateDate":"2016-01-14T16:25:13.314Z"},{"date":"1994 MAR","value":"129.9","year":"1994","month":"March","quarter":"","sourceDataset":"CSDB","updateDate":"2016-01-14T16:25:13.314Z"},{"date":"1994 APR","value":"130.3","year":"1994","month":"April","quarter":"","sourceDataset":"CSDB","updateDate":"2016-01-14T16:25:13.314Z"},{"date":"1994 MAY","value":"128.4","year":"1994","month":"May","quarter":"","sourceDataset":"CSDB","updateDate":"2016-01-14T16:25:13.314Z"},{"date":"1994 JUN","value":"128.5","year":"1994","month":"June","quarter":"","sourceDataset":"CSDB","updateDate":"2016-01-14T16:25:13.314Z"},{"date":"1994 JUL","value":"129.3","year":"1994","month":"July","quarter":"","sourceDataset":"CSDB","updateDate":"2016-01-14T16:25:13.314Z"},{"date":"1994 AUG","value":"128.6","year":"1994","month":"August","quarter":"","sourceDataset":"CSDB","updateDate":"2016-01-14T16:25:13.314Z"},{"date":"1994 SEP","value":"129.9","year":"1994","month":"September","quarter":"","sourceDataset":"CSDB","updateDate":"2016-01-14T16:25:13.314Z"},{"date":"1994 OCT","value":"129.2","year":"1994","month":"October","quarter":"","sourceDataset":"CSDB","updateDate":"2016-01-14T16:25:13.314Z"},{"date":"1994 NOV","value":"129.5","year":"1994","month":"November","quarter":"","sourceDataset":"CSDB","updateDate":"2016-01-14T16:25:13.314Z"},{"date":"1994 DEC","value":"126.6","year":"1994","month":"December","quarter":"","sourceDataset":"CSDB","updateDate":"2016-01-14T16:25:13.314Z"},{"date":"1995 JAN","value":"122.6","year":"1995","month":"January","quarter":"","sourceDataset":"CSDB","updateDate":"2016-01-14T16:25:13.314Z"},{"date":"1995 FEB","value":"125.9","year":"1995","month":"February","quarter":"","sourceDataset":"CSDB","updateDate":"2016-01-14T16:25:13.314Z"},{"date":"1995 MAR","value":"124.8","year":"1995","month":"March","quarter":"","sourceDataset":"CSDB","updateDate":"2016-01-14T16:25:13.314Z"},{"date":"1995 APR","value":"128.1","year":"1995","month":"April","quarter":"","sourceDataset":"CSDB","updateDate":"2016-01-14T16:25:13.314Z"},{"date":"1995 MAY","value":"124.5","year":"1995","month":"May","quarter":"","sourceDataset":"CSDB","updateDate":"2016-01-14T16:25:13.314Z"},{"date":"1995 JUN","value":"123.7","year":"1995","month":"June","quarter":"","sourceDataset":"CSDB","updateDate":"2016-01-14T16:25:13.314Z"},{"date":"1995 JUL","value":"124.1","year":"1995","month":"July","quarter":"","sourceDataset":"CSDB","updateDate":"2016-01-14T16:25:13.314Z"},{"date":"1995 AUG","value":"124.7","year":"1995","month":"August","quarter":"","sourceDataset":"CSDB","updateDate":"2016-01-14T16:25:13.314Z"},{"date":"1995 SEP","value":"124.7","year":"1995","month":"September","quarter":"","sourceDataset":"CSDB","updateDate":"2016-01-14T16:25:13.314Z"},{"date":"1995 OCT","value":"124.8","year":"1995","month":"October","quarter":"","sourceDataset":"CSDB","updateDate":"2016-01-14T16:25:13.314Z"},{"date":"1995 NOV","value":"125.5","year":"1995","month":"November","quarter":"","sourceDataset":"CSDB","updateDate":"2016-01-14T16:25:13.314Z"},{"date":"1995 DEC","value":"127.6","year":"1995","month":"December","quarter":"","sourceDataset":"CSDB","updateDate":"2016-01-14T16:25:13.314Z"},{"date":"1996 JAN","value":"130.1","year":"1996","month":"January","quarter":"","sourceDataset":"CSDB","updateDate":"2016-01-14T16:25:13.314Z"},{"date":"1996 FEB","value":"128.7","year":"1996","month":"February","quarter":"","sourceDataset":"CSDB","updateDate":"2016-01-14T16:25:13.314Z"},{"date":"1996 MAR","value":"124.1","year":"1996","month":"March","quarter":"","sourceDataset":"CSDB","updateDate":"2016-01-14T16:25:13.314Z"},{"date":"1996 APR","value":"122.8","year":"1996","month":"April","quarter":"","sourceDataset":"CSDB","updateDate":"2016-01-14T16:25:13.314Z"},{"date":"1996 MAY","value":"124.1","year":"1996","month":"May","quarter":"","sourceDataset":"CSDB","updateDate":"2016-01-14T16:25:13.314Z"},{"date":"1996 JUN","value":"129.0","year":"1996","month":"June","quarter":"","sourceDataset":"CSDB","updateDate":"2016-01-14T16:25:13.314Z"},{"date":"1996 JUL","value":"128.7","year":"1996","month":"July","quarter":"","sourceDataset":"CSDB","updateDate":"2016-01-14T16:25:13.314Z"},{"date":"1996 AUG","value":"124.9","year":"1996","month":"August","quarter":"","sourceDataset":"CSDB","updateDate":"2016-01-14T16:25:13.314Z"},{"date":"1996 SEP","value":"124.5","year":"1996","month":"September","quarter":"","sourceDataset":"CSDB","updateDate":"2016-01-14T16:25:13.314Z"},{"date":"1996 OCT","value":"120.2","year":"1996","month":"October","quarter":"","sourceDataset":"CSDB","updateDate":"2016-01-14T16:25:13.314Z"},{"date":"1996 NOV","value":"124.0","year":"1996","month":"November","quarter":"","sourceDataset":"CSDB","updateDate":"2016-01-14T16:25:13.314Z"},{"date":"1996 DEC","value":"123.1","year":"1996","month":"December","quarter":"","sourceDataset":"CSDB","updateDate":"2016-01-14T16:25:13.314Z"},{"date":"1997 JAN","value":"123.9","year":"1997","month":"January","quarter":"","sourceDataset":"CSDB","updateDate":"2016-01-14T16:25:13.314Z"},{"date":"1997 FEB","value":"129.0","year":"1997","month":"February","quarter":"","sourceDataset":"CSDB","updateDate":"2016-01-14T16:25:13.314Z"},{"date":"1997 MAR","value":"123.3","year":"1997","month":"March","quarter":"","sourceDataset":"CSDB","updateDate":"2016-01-14T16:25:13.314Z"},{"date":"1997 APR","value":"122.1","year":"1997","month":"April","quarter":"","sourceDataset":"CSDB","updateDate":"2016-01-14T16:25:13.314Z"},{"date":"1997 MAY","value":"121.2","year":"1997","month":"May","quarter":"","sourceDataset":"CSDB","updateDate":"2016-01-14T16:25:13.314Z"},{"date":"1997 JUN","value":"125.0","year":"1997","month":"June","quarter":"","sourceDataset":"CSDB","updateDate":"2016-01-14T16:25:13.314Z"},{"date":"1997 JUL","value":"124.9","year":"1997","month":"July","quarter":"","sourceDataset":"CSDB","updateDate":"2016-01-14T16:25:13.314Z"},{"date":"1997 AUG","value":"129.8","year":"1997","month":"August","quarter":"","sourceDataset":"CSDB","updateDate":"2016-01-14T16:25:13.314Z"},{"date":"1997 SEP","value":"132.3","year":"1997","month":"September","quarter":"","sourceDataset":"CSDB","updateDate":"2016-01-14T16:25:13.314Z"},{"date":"1997 OCT","value":"131.9","year":"1997","month":"October","quarter":"","sourceDataset":"CSDB","updateDate":"2016-01-14T16:25:13.314Z"},{"date":"1997 NOV","value":"131.3","year":"1997","month":"November","quarter":"","sourceDataset":"CSDB","updateDate":"2016-01-14T16:25:13.314Z"},{"date":"1997 DEC","value":"131.4","year":"1997","month":"December","quarter":"","sourceDataset":"CSDB","updateDate":"2016-01-14T16:25:13.314Z"},{"date":"1998 JAN","value":"131.6","year":"1998","month":"January","quarter":"","sourceDataset":"CSDB","updateDate":"2016-01-14T16:25:13.314Z"},{"date":"1998 FEB","value":"128.9","year":"1998","month":"February","quarter":"","sourceDataset":"CSDB","updateDate":"2016-01-14T16:25:13.314Z"},{"date":"1998 MAR","value":"131.5","year":"1998","month":"March","quarter":"","sourceDataset":"CSDB","updateDate":"2016-01-14T16:25:13.314Z"},{"date":"1998 APR","value":"131.3","year":"1998","month":"April","quarter":"","sourceDataset":"CSDB","updateDate":"2016-01-14T16:25:13.314Z"},{"date":"1998 MAY","value":"132.2","year":"1998","month":"May","quarter":"","sourceDataset":"CSDB","updateDate":"2016-01-14T16:25:13.314Z"},{"date":"1998 JUN","value":"133.7","year":"1998","month":"June","quarter":"","sourceDataset":"CSDB","updateDate":"2016-01-14T16:25:13.314Z"},{"date":"1998 JUL","value":"136.4","year":"1998","month":"July","quarter":"","sourceDataset":"CSDB","updateDate":"2016-01-14T16:25:13.314Z"},{"date":"1998 AUG","value":"136.8","year":"1998","month":"August","quarter":"","sourceDataset":"CSDB","updateDate":"2016-01-14T16:25:13.314Z"},{"date":"1998 SEP","value":"140.2","year":"1998","month":"September","quarter":"","sourceDataset":"CSDB","updateDate":"2016-01-14T16:25:13.314Z"},{"date":"1998 OCT","value":"144.8","year":"1998","month":"October","quarter":"","sourceDataset":"CSDB","updateDate":"2016-01-14T16:25:13.314Z"},{"date":"1998 NOV","value":"145.3","year":"1998","month":"November","quarter":"","sourceDataset":"CSDB","updateDate":"2016-01-14T16:25:13.314Z"},{"date":"1998 DEC","value":"146.2","year":"1998","month":"December","quarter":"","sourceDataset":"CSDB","updateDate":"2016-01-14T16:25:13.314Z"},{"date":"1999 JAN","value":"142.9","year":"1999","month":"January","quarter":"","sourceDataset":"CSDB","updateDate":"2016-01-14T16:25:13.314Z"},{"date":"1999 FEB","value":"149.0","year":"1999","month":"February","quarter":"","sourceDataset":"CSDB","updateDate":"2016-01-14T16:25:13.314Z"},{"date":"1999 MAR","value":"150.1","year":"1999","month":"March","quarter":"","sourceDataset":"CSDB","updateDate":"2016-01-14T16:25:13.314Z"},{"date":"1999 APR","value":"151.1","year":"1999","month":"April","quarter":"","sourceDataset":"CSDB","updateDate":"2016-01-14T16:25:13.314Z"},{"date":"1999 MAY","value":"149.4","year":"1999","month":"May","quarter":"","sourceDataset":"CSDB","updateDate":"2016-01-14T16:25:13.314Z"},{"date":"1999 JUN","value":"147.6","year":"1999","month":"June","quarter":"","sourceDataset":"CSDB","updateDate":"2016-01-14T16:25:13.314Z"},{"date":"1999 JUL","value":"152.1","year":"1999","month":"July","quarter":"","sourceDataset":"CSDB","updateDate":"2016-01-14T16:25:13.314Z"},{"date":"1999 AUG","value":"151.2","year":"1999","month":"August","quarter":"","sourceDataset":"CSDB","updateDate":"2016-01-14T16:25:13.314Z"},{"date":"1999 SEP","value":"155.2","year":"1999","month":"September","quarter":"","sourceDataset":"CSDB","updateDate":"2016-01-14T16:25:13.314Z"},{"date":"1999 OCT","value":"155.0","year":"1999","month":"October","quarter":"","sourceDataset":"CSDB","updateDate":"2016-01-14T16:25:13.314Z"},{"date":"1999 NOV","value":"155.1","year":"1999","month":"November","quarter":"","sourceDataset":"CSDB","updateDate":"2016-01-14T16:25:13.314Z"},{"date":"1999 DEC","value":"155.3","year":"1999","month":"December","quarter":"","sourceDataset":"CSDB","updateDate":"2016-01-14T16:25:13.314Z"},{"date":"2000 JAN","value":"154.9","year":"2000","month":"January","quarter":"","sourceDataset":"CSDB","updateDate":"2016-01-14T16:25:13.314Z"},{"date":"2000 FEB","value":"158.6","year":"2000","month":"February","quarter":"","sourceDataset":"CSDB","updateDate":"2016-01-14T16:25:13.314Z"},{"date":"2000 MAR","value":"160.4","year":"2000","month":"March","quarter":"","sourceDataset":"CSDB","updateDate":"2016-01-14T16:25:13.314Z"},{"date":"2000 APR","value":"160.2","year":"2000","month":"April","quarter":"","sourceDataset":"CSDB","updateDate":"2016-01-14T16:25:13.314Z"},{"date":"2000 MAY","value":"159.3","year":"2000","month":"May","quarter":"","sourceDataset":"CSDB","updateDate":"2016-01-14T16:25:13.314Z"},{"date":"2000 JUN","value":"159.8","year":"2000","month":"June","quarter":"","sourceDataset":"CSDB","updateDate":"2016-01-14T16:25:13.314Z"},{"date":"2000 JUL","value":"163.1","year":"2000","month":"July","quarter":"","sourceDataset":"CSDB","updateDate":"2016-01-14T16:25:13.314Z"},{"date":"2000 AUG","value":"161.4","year":"2000","month":"August","quarter":"","sourceDataset":"CSDB","updateDate":"2016-01-14T16:25:13.314Z"},{"date":"2000 SEP","value":"161.6","year":"2000","month":"September","quarter":"","sourceDataset":"CSDB","updateDate":"2016-01-14T16:25:13.314Z"},{"date":"2000 OCT","value":"163.7","year":"2000","month":"October","quarter":"","sourceDataset":"CSDB","updateDate":"2016-01-14T16:25:13.314Z"},{"date":"2000 NOV","value":"165.4","year":"2000","month":"November","quarter":"","sourceDataset":"CSDB","updateDate":"2016-01-14T16:25:13.314Z"},{"date":"2000 DEC","value":"164.9","year":"2000","month":"December","quarter":"","sourceDataset":"CSDB","updateDate":"2016-01-14T16:25:13.314Z"},{"date":"2001 JAN","value":"160.0","year":"2001","month":"January","quarter":"","sourceDataset":"CSDB","updateDate":"2016-01-14T16:25:13.314Z"},{"date":"2001 FEB","value":"163.7","year":"2001","month":"February","quarter":"","sourceDataset":"CSDB","updateDate":"2016-01-14T16:25:13.314Z"},{"date":"2001 MAR","value":"165.0","year":"2001","month":"March","quarter":"","sourceDataset":"CSDB","updateDate":"2016-01-14T16:25:13.314Z"},{"date":"2001 APR","value":"162.4","year":"2001","month":"April","quarter":"","sourceDataset":"CSDB","updateDate":"2016-01-14T16:25:13.314Z"},{"date":"2001 MAY","value":"162.1","year":"2001","month":"May","quarter":"","sourceDataset":"CSDB","updateDate":"2016-01-14T16:25:13.314Z"},{"date":"2001 JUN","value":"162.4","year":"2001","month":"June","quarter":"","sourceDataset":"CSDB","updateDate":"2016-01-14T16:25:13.314Z"},{"date":"2001 JUL","value":"163.3","year":"2001","month":"July","quarter":"","sourceDataset":"CSDB","updateDate":"2016-01-14T16:25:13.314Z"},{"date":"2001 AUG","value":"164.4","year":"2001","month":"August","quarter":"","sourceDataset":"CSDB","updateDate":"2016-01-14T16:25:13.314Z"},{"date":"2001 SEP","value":"163.8","year":"2001","month":"September","quarter":"","sourceDataset":"CSDB","updateDate":"2016-01-14T16:25:13.314Z"},{"date":"2001 OCT","value":"164.2","year":"2001","month":"October","quarter":"","sourceDataset":"CSDB","updateDate":"2016-01-14T16:25:13.314Z"},{"date":"2001 NOV","value":"167.0","year":"2001","month":"November","quarter":"","sourceDataset":"CSDB","updateDate":"2016-01-14T16:25:13.314Z"},{"date":"2001 DEC","value":"164.5","year":"2001","month":"December","quarter":"","sourceDataset":"CSDB","updateDate":"2016-01-14T16:25:13.314Z"},{"date":"2002 JAN","value":"164.2","year":"2002","month":"January","quarter":"","sourceDataset":"CSDB","updateDate":"2016-01-14T16:25:13.314Z"},{"date":"2002 FEB","value":"164.1","year":"2002","month":"February","quarter":"","sourceDataset":"CSDB","updateDate":"2016-01-14T16:25:13.314Z"},{"date":"2002 MAR","value":"161.6","year":"2002","month":"March","quarter":"","sourceDataset":"CSDB","updateDate":"2016-01-14T16:25:13.314Z"},{"date":"2002 APR","value":"166.8","year":"2002","month":"April","quarter":"","sourceDataset":"CSDB","updateDate":"2016-01-14T16:25:13.314Z"},{"date":"2002 MAY","value":"164.5","year":"2002","month":"May","quarter":"","sourceDataset":"CSDB","updateDate":"2016-01-14T16:25:13.314Z"},{"date":"2002 JUN","value":"164.3","year":"2002","month":"June","quarter":"","sourceDataset":"CSDB","updateDate":"2016-01-14T16:25:13.314Z"},{"date":"2002 JUL","value":"167.3","year":"2002","month":"July","quarter":"","sourceDataset":"CSDB","updateDate":"2016-01-14T16:25:13.315Z"},{"date":"2002 AUG","value":"165.0","year":"2002","month":"August","quarter":"","sourceDataset":"CSDB","updateDate":"2016-01-14T16:25:13.315Z"},{"date":"2002 SEP","value":"166.6","year":"2002","month":"September","quarter":"","sourceDataset":"CSDB","updateDate":"2016-01-14T16:25:13.315Z"},{"date":"2002 OCT","value":"167.7","year":"2002","month":"October","quarter":"","sourceDataset":"CSDB","updateDate":"2016-01-14T16:25:13.315Z"},{"date":"2002 NOV","value":"168.9","year":"2002","month":"November","quarter":"","sourceDataset":"CSDB","updateDate":"2016-01-14T16:25:13.315Z"},{"date":"2002 DEC","value":"167.9","year":"2002","month":"December","quarter":"","sourceDataset":"CSDB","updateDate":"2016-01-14T16:25:13.315Z"},{"date":"2003 JAN","value":"164.9","year":"2003","month":"January","quarter":"","sourceDataset":"CSDB","updateDate":"2016-01-14T16:25:13.315Z"},{"date":"2003 FEB","value":"166.5","year":"2003","month":"February","quarter":"","sourceDataset":"CSDB","updateDate":"2016-01-14T16:25:13.315Z"},{"date":"2003 MAR","value":"163.5","year":"2003","month":"March","quarter":"","sourceDataset":"CSDB","updateDate":"2016-01-14T16:25:13.315Z"},{"date":"2003 APR","value":"163.2","year":"2003","month":"April","quarter":"","sourceDataset":"CSDB","updateDate":"2016-01-14T16:25:13.315Z"},{"date":"2003 MAY","value":"166.5","year":"2003","month":"May","quarter":"","sourceDataset":"CSDB","updateDate":"2016-01-14T16:25:13.315Z"},{"date":"2003 JUN","value":"161.7","year":"2003","month":"June","quarter":"","sourceDataset":"CSDB","updateDate":"2016-01-14T16:25:13.315Z"},{"date":"2003 JUL","value":"165.2","year":"2003","month":"July","quarter":"","sourceDataset":"CSDB","updateDate":"2016-01-14T16:25:13.315Z"},{"date":"2003 AUG","value":"160.0","year":"2003","month":"August","quarter":"","sourceDataset":"CSDB","updateDate":"2016-01-14T16:25:13.315Z"},{"date":"2003 SEP","value":"168.0","year":"2003","month":"September","quarter":"","sourceDataset":"CSDB","updateDate":"2016-01-14T16:25:13.315Z"},{"date":"2003 OCT","value":"161.0","year":"2003","month":"October","quarter":"","sourceDataset":"CSDB","updateDate":"2016-01-14T16:25:13.315Z"},{"date":"2003 NOV","value":"163.9","year":"2003","month":"November","quarter":"","sourceDataset":"CSDB","updateDate":"2016-01-14T16:25:13.315Z"},{"date":"2003 DEC","value":"167.1","year":"2003","month":"December","quarter":"","sourceDataset":"CSDB","updateDate":"2016-01-14T16:25:13.315Z"},{"date":"2004 JAN","value":"161.1","year":"2004","month":"January","quarter":"","sourceDataset":"CSDB","updateDate":"2016-01-14T16:25:13.315Z"},{"date":"2004 FEB","value":"160.4","year":"2004","month":"February","quarter":"","sourceDataset":"CSDB","updateDate":"2016-01-14T16:25:13.315Z"},{"date":"2004 MAR","value":"161.3","year":"2004","month":"March","quarter":"","sourceDataset":"CSDB","updateDate":"2016-01-14T16:25:13.315Z"},{"date":"2004 APR","value":"163.6","year":"2004","month":"April","quarter":"","sourceDataset":"CSDB","updateDate":"2016-01-14T16:25:13.315Z"},{"date":"2004 MAY","value":"159.6","year":"2004","month":"May","quarter":"","sourceDataset":"CSDB","updateDate":"2016-01-14T16:25:13.315Z"},{"date":"2004 JUN","value":"162.3","year":"2004","month":"June","quarter":"","sourceDataset":"CSDB","updateDate":"2016-01-14T16:25:13.315Z"},{"date":"2004 JUL","value":"162.1","year":"2004","month":"July","quarter":"","sourceDataset":"CSDB","updateDate":"2016-01-14T16:25:13.315Z"},{"date":"2004 AUG","value":"158.8","year":"2004","month":"August","quarter":"","sourceDataset":"CSDB","updateDate":"2016-01-14T16:25:13.315Z"},{"date":"2004 SEP","value":"161.4","year":"2004","month":"September","quarter":"","sourceDataset":"CSDB","updateDate":"2016-01-14T16:25:13.315Z"},{"date":"2004 OCT","value":"161.3","year":"2004","month":"October","quarter":"","sourceDataset":"CSDB","updateDate":"2016-01-14T16:25:13.315Z"},{"date":"2004 NOV","value":"160.3","year":"2004","month":"November","quarter":"","sourceDataset":"CSDB","updateDate":"2016-01-14T16:25:13.315Z"},{"date":"2004 DEC","value":"162.4","year":"2004","month":"December","quarter":"","sourceDataset":"CSDB","updateDate":"2016-01-14T16:25:13.315Z"},{"date":"2005 JAN","value":"160.8","year":"2005","month":"January","quarter":"","sourceDataset":"CSDB","updateDate":"2016-01-14T16:25:13.315Z"},{"date":"2005 FEB","value":"160.8","year":"2005","month":"February","quarter":"","sourceDataset":"CSDB","updateDate":"2016-01-14T16:25:13.315Z"},{"date":"2005 MAR","value":"162.3","year":"2005","month":"March","quarter":"","sourceDataset":"CSDB","updateDate":"2016-01-14T16:25:13.315Z"},{"date":"2005 APR","value":"161.1","year":"2005","month":"April","quarter":"","sourceDataset":"CSDB","updateDate":"2016-01-14T16:25:13.315Z"},{"date":"2005 MAY","value":"162.5","year":"2005","month":"May","quarter":"","sourceDataset":"CSDB","updateDate":"2016-01-14T16:25:13.315Z"},{"date":"2005 JUN","value":"162.0","year":"2005","month":"June","quarter":"","sourceDataset":"CSDB","updateDate":"2016-01-14T16:25:13.315Z"},{"date":"2005 JUL","value":"164.1","year":"2005","month":"July","quarter":"","sourceDataset":"CSDB","updateDate":"2016-01-14T16:25:13.315Z"},{"date":"2005 AUG","value":"162.6","year":"2005","month":"August","quarter":"","sourceDataset":"CSDB","updateDate":"2016-01-14T16:25:13.315Z"},{"date":"2005 SEP","value":"163.2","year":"2005","month":"September","quarter":"","sourceDataset":"CSDB","updateDate":"2016-01-14T16:25:13.315Z"},{"date":"2005 OCT","value":"165.0","year":"2005","month":"October","quarter":"","sourceDataset":"CSDB","updateDate":"2016-01-14T16:25:13.315Z"},{"date":"2005 NOV","value":"166.0","year":"2005","month":"November","quarter":"","sourceDataset":"CSDB","updateDate":"2016-01-14T16:25:13.315Z"},{"date":"2005 DEC","value":"164.8","year":"2005","month":"December","quarter":"","sourceDataset":"CSDB","updateDate":"2016-01-14T16:25:13.315Z"},{"date":"2006 JAN","value":"164.7","year":"2006","month":"January","quarter":"","sourceDataset":"CSDB","updateDate":"2016-01-14T16:25:13.315Z"},{"date":"2006 FEB","value":"167.6","year":"2006","month":"February","quarter":"","sourceDataset":"CSDB","updateDate":"2016-01-14T16:25:13.315Z"},{"date":"2006 MAR","value":"166.5","year":"2006","month":"March","quarter":"","sourceDataset":"CSDB","updateDate":"2016-01-14T16:25:13.315Z"},{"date":"2006 APR","value":"167.5","year":"2006","month":"April","quarter":"","sourceDataset":"CSDB","updateDate":"2016-01-14T16:25:13.315Z"},{"date":"2006 MAY","value":"167.2","year":"2006","month":"May","quarter":"","sourceDataset":"CSDB","updateDate":"2016-01-14T16:25:13.315Z"},{"date":"2006 JUN","value":"172.5","year":"2006","month":"June","quarter":"","sourceDataset":"CSDB","updateDate":"2016-01-14T16:25:13.315Z"},{"date":"2006 JUL","value":"176.8","year":"2006","month":"July","quarter":"","sourceDataset":"CSDB","updateDate":"2016-01-14T16:25:13.315Z"},{"date":"2006 AUG","value":"178.6","year":"2006","month":"August","quarter":"","sourceDataset":"CSDB","updateDate":"2016-01-14T16:25:13.315Z"},{"date":"2006 SEP","value":"180.6","year":"2006","month":"September","quarter":"","sourceDataset":"CSDB","updateDate":"2016-01-14T16:25:13.315Z"},{"date":"2006 OCT","value":"183.0","year":"2006","month":"October","quarter":"","sourceDataset":"CSDB","updateDate":"2016-01-14T16:25:13.315Z"},{"date":"2006 NOV","value":"182.1","year":"2006","month":"November","quarter":"","sourceDataset":"CSDB","updateDate":"2016-01-14T16:25:13.315Z"},{"date":"2006 DEC","value":"180.6","year":"2006","month":"December","quarter":"","sourceDataset":"CSDB","updateDate":"2016-01-14T16:25:13.315Z"},{"date":"2007 JAN","value":"178.8","year":"2007","month":"January","quarter":"","sourceDataset":"CSDB","updateDate":"2016-01-14T16:25:13.315Z"},{"date":"2007 FEB","value":"186.2","year":"2007","month":"February","quarter":"","sourceDataset":"CSDB","updateDate":"2016-01-14T16:25:13.315Z"},{"date":"2007 MAR","value":"186.1","year":"2007","month":"March","quarter":"","sourceDataset":"CSDB","updateDate":"2016-01-14T16:25:13.315Z"},{"date":"2007 APR","value":"189.0","year":"2007","month":"April","quarter":"","sourceDataset":"CSDB","updateDate":"2016-01-14T16:25:13.315Z"},{"date":"2007 MAY","value":"188.1","year":"2007","month":"May","quarter":"","sourceDataset":"CSDB","updateDate":"2016-01-14T16:25:13.315Z"},{"date":"2007 JUN","value":"190.6","year":"2007","month":"June","quarter":"","sourceDataset":"CSDB","updateDate":"2016-01-14T16:25:13.315Z"},{"date":"2007 JUL","value":"187.0","year":"2007","month":"July","quarter":"","sourceDataset":"CSDB","updateDate":"2016-01-14T16:25:13.315Z"},{"date":"2007 AUG","value":"191.5","year":"2007","month":"August","quarter":"","sourceDataset":"CSDB","updateDate":"2016-01-14T16:25:13.315Z"},{"date":"2007 SEP","value":"188.9","year":"2007","month":"September","quarter":"","sourceDataset":"CSDB","updateDate":"2016-01-14T16:25:13.315Z"},{"date":"2007 OCT","value":"194.6","year":"2007","month":"October","quarter":"","sourceDataset":"CSDB","updateDate":"2016-01-14T16:25:13.315Z"},{"date":"2007 NOV","value":"193.2","year":"2007","month":"November","quarter":"","sourceDataset":"CSDB","updateDate":"2016-01-14T16:25:13.315Z"},{"date":"2007 DEC","value":"190.4","year":"2007","month":"December","quarter":"","sourceDataset":"CSDB","updateDate":"2016-01-14T16:25:13.315Z"},{"date":"2008 JAN","value":"196.3","year":"2008","month":"January","quarter":"","sourceDataset":"CSDB","updateDate":"2016-01-14T16:25:13.315Z"},{"date":"2008 FEB","value":"187.6","year":"2008","month":"February","quarter":"","sourceDataset":"CSDB","updateDate":"2016-01-14T16:25:13.315Z"},{"date":"2008 MAR","value":"183.1","year":"2008","month":"March","quarter":"","sourceDataset":"CSDB","updateDate":"2016-01-14T16:25:13.315Z"},{"date":"2008 APR","value":"189.3","year":"2008","month":"April","quarter":"","sourceDataset":"CSDB","updateDate":"2016-01-14T16:25:13.315Z"},{"date":"2008 MAY","value":"196.3","year":"2008","month":"May","quarter":"","sourceDataset":"CSDB","updateDate":"2016-01-14T16:25:13.315Z"},{"date":"2008 JUN","value":"188.0","year":"2008","month":"June","quarter":"","sourceDataset":"CSDB","updateDate":"2016-01-14T16:25:13.315Z"},{"date":"2008 JUL","value":"187.0","year":"2008","month":"July","quarter":"","sourceDataset":"CSDB","updateDate":"2016-01-14T16:25:13.315Z"},{"date":"2008 AUG","value":"194.3","year":"2008","month":"August","quarter":"","sourceDataset":"CSDB","updateDate":"2016-01-14T16:25:13.315Z"},{"date":"2008 SEP","value":"191.4","year":"2008","month":"September","quarter":"","sourceDataset":"CSDB","updateDate":"2016-01-14T16:25:13.315Z"},{"date":"2008 OCT","value":"193.4","year":"2008","month":"October","quarter":"","sourceDataset":"CSDB","updateDate":"2016-01-14T16:25:13.315Z"},{"date":"2008 NOV","value":"193.4","year":"2008","month":"November","quarter":"","sourceDataset":"CSDB","updateDate":"2016-01-14T16:25:13.315Z"},{"date":"2008 DEC","value":"188.9","year":"2008","month":"December","quarter":"","sourceDataset":"CSDB","updateDate":"2016-01-14T16:25:13.315Z"},{"date":"2009 JAN","value":"189.6","year":"2009","month":"January","quarter":"","sourceDataset":"CSDB","updateDate":"2016-01-14T16:25:13.315Z"},{"date":"2009 FEB","value":"191.3","year":"2009","month":"February","quarter":"","sourceDataset":"CSDB","updateDate":"2016-01-14T16:25:13.315Z"},{"date":"2009 MAR","value":"185.3","year":"2009","month":"March","quarter":"","sourceDataset":"CSDB","updateDate":"2016-01-14T16:25:13.315Z"},{"date":"2009 APR","value":"190.7","year":"2009","month":"April","quarter":"","sourceDataset":"CSDB","updateDate":"2016-01-14T16:25:13.315Z"},{"date":"2009 MAY","value":"186.7","year":"2009","month":"May","quarter":"","sourceDataset":"CSDB","updateDate":"2016-01-14T16:25:13.315Z"},{"date":"2009 JUN","value":"186.3","year":"2009","month":"June","quarter":"","sourceDataset":"CSDB","updateDate":"2016-01-14T16:25:13.315Z"},{"date":"2009 JUL","value":"191.2","year":"2009","month":"July","quarter":"","sourceDataset":"CSDB","updateDate":"2016-01-14T16:25:13.315Z"},{"date":"2009 AUG","value":"190.7","year":"2009","month":"August","quarter":"","sourceDataset":"CSDB","updateDate":"2016-01-14T16:25:13.315Z"},{"date":"2009 SEP","value":"189.7","year":"2009","month":"September","quarter":"","sourceDataset":"CSDB","updateDate":"2016-01-14T16:25:13.315Z"},{"date":"2009 OCT","value":"192.3","year":"2009","month":"October","quarter":"","sourceDataset":"CSDB","updateDate":"2016-01-14T16:25:13.315Z"},{"date":"2009 NOV","value":"187.9","year":"2009","month":"November","quarter":"","sourceDataset":"CSDB","updateDate":"2016-01-14T16:25:13.315Z"},{"date":"2009 DEC","value":"187.6","year":"2009","month":"December","quarter":"","sourceDataset":"CSDB","updateDate":"2016-01-14T16:25:13.315Z"},{"date":"2010 JAN","value":"196.5","year":"2010","month":"January","quarter":"","sourceDataset":"CSDB","updateDate":"2016-01-14T16:25:13.315Z"},{"date":"2010 FEB","value":"194.6","year":"2010","month":"February","quarter":"","sourceDataset":"CSDB","updateDate":"2016-01-14T16:25:13.315Z"},{"date":"2010 MAR","value":"197.0","year":"2010","month":"March","quarter":"","sourceDataset":"CSDB","updateDate":"2016-01-14T16:25:13.315Z"},{"date":"2010 APR","value":"201.1","year":"2010","month":"April","quarter":"","sourceDataset":"CSDB","updateDate":"2016-01-14T16:25:13.315Z"},{"date":"2010 MAY","value":"201.3","year":"2010","month":"May","quarter":"","sourceDataset":"CSDB","updateDate":"2016-01-14T16:25:13.315Z"},{"date":"2010 JUN","value":"202.4","year":"2010","month":"June","quarter":"","sourceDataset":"CSDB","updateDate":"2016-01-14T16:25:13.315Z"},{"date":"2010 JUL","value":"210.3","year":"2010","month":"July","quarter":"","sourceDataset":"CSDB","updateDate":"2016-01-14T16:25:13.315Z"},{"date":"2010 AUG","value":"213.6","year":"2010","month":"August","quarter":"","sourceDataset":"CSDB","updateDate":"2016-01-14T16:25:13.315Z"},{"date":"2010 SEP","value":"212.0","year":"2010","month":"September","quarter":"","sourceDataset":"CSDB","updateDate":"2016-01-14T16:25:13.315Z"},{"date":"2010 OCT","value":"205.8","year":"2010","month":"October","quarter":"","sourceDataset":"CSDB","updateDate":"2016-01-14T16:25:13.315Z"},{"date":"2010 NOV","value":"209.6","year":"2010","month":"November","quarter":"","sourceDataset":"CSDB","updateDate":"2016-01-14T16:25:13.315Z"},{"date":"2010 DEC","value":"211.5","year":"2010","month":"December","quarter":"","sourceDataset":"CSDB","updateDate":"2016-01-14T16:25:13.315Z"},{"date":"2011 JAN","value":"226.3","year":"2011","month":"January","quarter":"","sourceDataset":"CSDB","updateDate":"2016-01-14T16:25:13.315Z"},{"date":"2011 FEB","value":"225.4","year":"2011","month":"February","quarter":"","sourceDataset":"CSDB","updateDate":"2016-01-14T16:25:13.315Z"},{"date":"2011 MAR","value":"227.2","year":"2011","month":"March","quarter":"","sourceDataset":"CSDB","updateDate":"2016-01-14T16:25:13.315Z"},{"date":"2011 APR","value":"219.0","year":"2011","month":"April","quarter":"","sourceDataset":"CSDB","updateDate":"2016-01-14T16:25:13.315Z"},{"date":"2011 MAY","value":"229.8","year":"2011","month":"May","quarter":"","sourceDataset":"CSDB","updateDate":"2016-01-14T16:25:13.315Z"},{"date":"2011 JUN","value":"231.9","year":"2011","month":"June","quarter":"","sourceDataset":"CSDB","updateDate":"2016-01-14T16:25:13.315Z"},{"date":"2011 JUL","value":"232.3","year":"2011","month":"July","quarter":"","sourceDataset":"CSDB","updateDate":"2016-01-14T16:25:13.315Z"},{"date":"2011 AUG","value":"232.7","year":"2011","month":"August","quarter":"","sourceDataset":"CSDB","updateDate":"2016-01-14T16:25:13.315Z"},{"date":"2011 SEP","value":"236.1","year":"2011","month":"September","quarter":"","sourceDataset":"CSDB","updateDate":"2016-01-14T16:25:13.315Z"},{"date":"2011 OCT","value":"236.0","year":"2011","month":"October","quarter":"","sourceDataset":"CSDB","updateDate":"2016-01-14T16:25:13.315Z"},{"date":"2011 NOV","value":"239.1","year":"2011","month":"November","quarter":"","sourceDataset":"CSDB","updateDate":"2016-01-14T16:25:13.315Z"},{"date":"2011 DEC","value":"228.3","year":"2011","month":"December","quarter":"","sourceDataset":"CSDB","updateDate":"2016-01-14T16:25:13.315Z"},{"date":"2012 JAN","value":"238.2","year":"2012","month":"January","quarter":"","sourceDataset":"CSDB","updateDate":"2016-01-14T16:25:13.315Z"},{"date":"2012 FEB","value":"240.0","year":"2012","month":"February","quarter":"","sourceDataset":"CSDB","updateDate":"2016-01-14T16:25:13.315Z"},{"date":"2012 MAR","value":"236.6","year":"2012","month":"March","quarter":"","sourceDataset":"CSDB","updateDate":"2016-01-14T16:25:13.315Z"},{"date":"2012 APR","value":"236.2","year":"2012","month":"April","quarter":"","sourceDataset":"CSDB","updateDate":"2016-01-14T16:25:13.315Z"},{"date":"2012 MAY","value":"243.2","year":"2012","month":"May","quarter":"","sourceDataset":"CSDB","updateDate":"2016-01-14T16:25:13.315Z"},{"date":"2012 JUN","value":"236.1","year":"2012","month":"June","quarter":"","sourceDataset":"CSDB","updateDate":"2016-01-14T16:25:13.315Z"},{"date":"2012 JUL","value":"241.3","year":"2012","month":"July","quarter":"","sourceDataset":"CSDB","updateDate":"2016-01-14T16:25:13.315Z"},{"date":"2012 AUG","value":"237.1","year":"2012","month":"August","quarter":"","sourceDataset":"CSDB","updateDate":"2016-01-14T16:25:13.315Z"},{"date":"2012 SEP","value":"234.1","year":"2012","month":"September","quarter":"","sourceDataset":"CSDB","updateDate":"2016-01-14T16:25:13.315Z"},{"date":"2012 OCT","value":"243.1","year":"2012","month":"October","quarter":"","sourceDataset":"CSDB","updateDate":"2016-01-14T16:25:13.315Z"},{"date":"2012 NOV","value":"237.0","year":"2012","month":"November","quarter":"","sourceDataset":"CSDB","updateDate":"2016-01-14T16:25:13.315Z"},{"date":"2012 DEC","value":"237.7","year":"2012","month":"December","quarter":"","sourceDataset":"CSDB","updateDate":"2016-01-14T16:25:13.315Z"},{"date":"2013 JAN","value":"238.8","year":"2013","month":"January","quarter":"","sourceDataset":"CSDB","updateDate":"2016-01-14T16:25:13.315Z"},{"date":"2013 FEB","value":"241.1","year":"2013","month":"February","quarter":"","sourceDataset":"CSDB","updateDate":"2016-01-14T16:25:13.315Z"},{"date":"2013 MAR","value":"235.1","year":"2013","month":"March","quarter":"","sourceDataset":"CSDB","updateDate":"2016-01-14T16:25:13.315Z"},{"date":"2013 APR","value":"233.1","year":"2013","month":"April","quarter":"","sourceDataset":"CSDB","updateDate":"2016-01-14T16:25:13.315Z"},{"date":"2013 MAY","value":"243.9","year":"2013","month":"May","quarter":"","sourceDataset":"CSDB","updateDate":"2016-01-14T16:25:13.315Z"},{"date":"2013 JUN","value":"240.7","year":"2013","month":"June","quarter":"","sourceDataset":"CSDB","updateDate":"2016-01-14T16:25:13.315Z"},{"date":"2013 JUL","value":"243.3","year":"2013","month":"July","quarter":"","sourceDataset":"CSDB","updateDate":"2016-01-14T16:25:13.315Z"},{"date":"2013 AUG","value":"251.9","year":"2013","month":"August","quarter":"","sourceDataset":"CSDB","updateDate":"2016-01-14T16:25:13.315Z"},{"date":"2013 SEP","value":"241.8","year":"2013","month":"September","quarter":"","sourceDataset":"CSDB","updateDate":"2016-01-14T16:25:13.315Z"},{"date":"2013 OCT","value":"258.4","year":"2013","month":"October","quarter":"","sourceDataset":"CSDB","updateDate":"2016-01-14T16:25:13.315Z"},{"date":"2013 NOV","value":"254.7","year":"2013","month":"November","quarter":"","sourceDataset":"CSDB","updateDate":"2016-01-14T16:25:13.315Z"},{"date":"2013 DEC","value":"259.3","year":"2013","month":"December","quarter":"","sourceDataset":"CSDB","updateDate":"2016-01-14T16:25:13.315Z"},{"date":"2014 JAN","value":"256.0","year":"2014","month":"January","quarter":"","sourceDataset":"CSDB","updateDate":"2016-01-14T16:25:13.315Z"},{"date":"2014 FEB","value":"262.6","year":"2014","month":"February","quarter":"","sourceDataset":"CSDB","updateDate":"2016-01-14T16:25:13.315Z"},{"date":"2014 MAR","value":"271.0","year":"2014","month":"March","quarter":"","sourceDataset":"CSDB","updateDate":"2016-01-14T16:25:13.315Z"},{"date":"2014 APR","value":"246.7","year":"2014","month":"April","quarter":"","sourceDataset":"CSDB","updateDate":"2016-01-14T16:25:13.315Z"},{"date":"2014 MAY","value":"264.8","year":"2014","month":"May","quarter":"","sourceDataset":"CSDB","updateDate":"2016-01-14T16:25:13.315Z"},{"date":"2014 JUN","value":"260.2","year":"2014","month":"June","quarter":"","sourceDataset":"CSDB","updateDate":"2016-01-14T16:25:13.315Z"},{"date":"2014 JUL","value":"265.3","year":"2014","month":"July","quarter":"","sourceDataset":"CSDB","updateDate":"2016-01-14T16:25:13.315Z"},{"date":"2014 AUG","value":"265.3","year":"2014","month":"August","quarter":"","sourceDataset":"CSDB","updateDate":"2016-01-14T16:25:13.315Z"},{"date":"2014 SEP","value":"258.9","year":"2014","month":"September","quarter":"","sourceDataset":"CSDB","updateDate":"2016-01-14T16:25:13.315Z"},{"date":"2014 OCT","value":"273.0","year":"2014","month":"October","quarter":"","sourceDataset":"CSDB","updateDate":"2016-01-14T16:25:13.315Z"},{"date":"2014 NOV","value":"267.8","year":"2014","month":"November","quarter":"","sourceDataset":"CSDB","updateDate":"2016-01-14T16:25:13.315Z"},{"date":"2014 DEC","value":"272.1","year":"2014","month":"December","quarter":"","sourceDataset":"CSDB","updateDate":"2016-01-14T16:25:13.315Z"},{"date":"2015 JAN","value":"265.0","year":"2015","month":"January","quarter":"","sourceDataset":"CSDB","updateDate":"2016-01-14T16:25:13.315Z"},{"date":"2015 FEB","value":"271.8","year":"2015","month":"February","quarter":"","sourceDataset":"CSDB","updateDate":"2016-01-14T16:25:13.315Z"},{"date":"2015 MAR","value":"263.5","year":"2015","month":"March","quarter":"","sourceDataset":"CSDB","updateDate":"2016-01-14T16:25:13.315Z"},{"date":"2015 APR","value":"257.7","year":"2015","month":"April","quarter":"","sourceDataset":"CSDB","updateDate":"2016-01-14T16:25:13.315Z"},{"date":"2015 MAY","value":"255.4","year":"2015","month":"May","quarter":"","sourceDataset":"CSDB","updateDate":"2016-01-14T16:25:13.315Z"},{"date":"2015 JUN","value":"255.3","year":"2015","month":"June","quarter":"","sourceDataset":"CSDB","updateDate":"2016-01-14T16:25:13.315Z"},{"date":"2015 JUL","value":"266.3","year":"2015","month":"July","quarter":"","sourceDataset":"CSDB","updateDate":"2016-01-14T16:25:13.315Z"},{"date":"2015 AUG","value":"254.8","year":"2015","month":"August","quarter":"","sourceDataset":"CSDB","updateDate":"2016-01-22T20:07:43.682Z"}],"sourceDatasets":["CSDB"],"relatedDatasets":[{"uri":"/businessindustryandtrade/changestobusiness/bankruptcyinsolvency/datasets/carlsxmasrelease/2015"},{"uri":"/businessindustryandtrade/changestobusiness/bankruptcyinsolvency/datasets/wahasaqewqeqwe/2015"},{"uri":"/businessindustryandtrade/changestobusiness/bankruptcyinsolvency/datasets/releaseisreleaseygyug/2015"},{"uri":"/businessindustryandtrade/changestobusiness/bankruptcyinsolvency/datasets/releaseisreleaseadffd/2015"},{"uri":"/businessindustryandtrade/changestobusiness/bankruptcyinsolvency/datasets/pageunencrypted/2015"}],"relatedDocuments":[],"versions":[{"uri":"/businessindustryandtrade/changestobusiness/bankruptcyinsolvency/timeseries/doal/previous/v1","updateDate":"2016-01-26T00:00:00.000Z","correctionNotice":"","label":"v1"}],"type":"timeseries","description":{"title":"RPI: food: fresh fish (Jan 1987\u003d100)                                    ","contact":{"email":"","name":"","telephone":""},"releaseDate":"2016-01-28T00:00:00.000Z","nextRelease":"","cdid":"DOAL","unit":"","preUnit":"","source":"","seasonalAdjustment":"NSA","date":"2015 AUG","number":"254.8"}}