{"years":[{"date":"2005","value":"100.0","year":"2005","month":"","quarter":"","sourceDataset":"CSDB","updateDate":"2016-01-14T16:25:14.536Z"},{"date":"2006","value":"102.9","year":"2006","month":"","quarter":"","sourceDataset":"CSDB","updateDate":"2016-01-14T16:25:14.536Z"},{"date":"2007","value":"105.7","year":"2007","month":"","quarter":"","sourceDataset":"CSDB","updateDate":"2016-01-14T16:25:14.536Z"},{"date":"2008","value":"108.8","year":"2008","month":"","quarter":"","sourceDataset":"CSDB","updateDate":"2016-01-14T16:25:14.536Z"},{"date":"2009","value":"110.1","year":"2009","month":"","quarter":"","sourceDataset":"CSDB","updateDate":"2016-01-14T16:25:14.536Z"},{"date":"2010","value":"109.6","year":"2010","month":"","quarter":"","sourceDataset":"CSDB","updateDate":"2016-01-14T16:25:14.536Z"},{"date":"2011","value":"111.5","year":"2011","month":"","quarter":"","sourceDataset":"CSDB","updateDate":"2016-01-14T16:25:14.536Z"},{"date":"2012","value":"113.7","year":"2012","month":"","quarter":"","sourceDataset":"CSDB","updateDate":"2016-01-14T16:25:14.536Z"},{"date":"2013","value":"115.5","year":"2013","month":"","quarter":"","sourceDataset":"CSDB","updateDate":"2016-01-14T16:25:14.536Z"},{"date":"2014","value":"117.5","year":"2014","month":"","quarter":"","sourceDataset":"CSDB","updateDate":"2016-01-14T16:25:14.536Z"}],"quarters":[{"date":"2005 Q1","value":"98.9","year":"2005","month":"","quarter":"Q1","sourceDataset":"CSDB","updateDate":"2016-01-14T16:25:14.536Z"},{"date":"2005 Q2","value":"99.7","year":"2005","month":"","quarter":"Q2","sourceDataset":"CSDB","updateDate":"2016-01-14T16:25:14.536Z"},{"date":"2005 Q3","value":"100.4","year":"2005","month":"","quarter":"Q3","sourceDataset":"CSDB","updateDate":"2016-01-14T16:25:14.536Z"},{"date":"2005 Q4","value":"101.0","year":"2005","month":"","quarter":"Q4","sourceDataset":"CSDB","updateDate":"2016-01-14T16:25:14.536Z"},{"date":"2006 Q1","value":"101.8","year":"2006","month":"","quarter":"Q1","sourceDataset":"CSDB","updateDate":"2016-01-14T16:25:14.536Z"},{"date":"2006 Q2","value":"102.6","year":"2006","month":"","quarter":"Q2","sourceDataset":"CSDB","updateDate":"2016-01-14T16:25:14.536Z"},{"date":"2006 Q3","value":"103.3","year":"2006","month":"","quarter":"Q3","sourceDataset":"CSDB","updateDate":"2016-01-14T16:25:14.536Z"},{"date":"2006 Q4","value":"103.8","year":"2006","month":"","quarter":"Q4","sourceDataset":"CSDB","updateDate":"2016-01-14T16:25:14.536Z"},{"date":"2007 Q1","value":"104.5","year":"2007","month":"","quarter":"Q1","sourceDataset":"CSDB","updateDate":"2016-01-14T16:25:14.536Z"},{"date":"2007 Q2","value":"105.4","year":"2007","month":"","quarter":"Q2","sourceDataset":"CSDB","updateDate":"2016-01-14T16:25:14.536Z"},{"date":"2007 Q3","value":"106.1","year":"2007","month":"","quarter":"Q3","sourceDataset":"CSDB","updateDate":"2016-01-14T16:25:14.536Z"},{"date":"2007 Q4","value":"106.8","year":"2007","month":"","quarter":"Q4","sourceDataset":"CSDB","updateDate":"2016-01-14T16:25:14.536Z"},{"date":"2008 Q1","value":"107.6","year":"2008","month":"","quarter":"Q1","sourceDataset":"CSDB","updateDate":"2016-01-14T16:25:14.536Z"},{"date":"2008 Q2","value":"108.5","year":"2008","month":"","quarter":"Q2","sourceDataset":"CSDB","updateDate":"2016-01-14T16:25:14.536Z"},{"date":"2008 Q3","value":"109.1","year":"2008","month":"","quarter":"Q3","sourceDataset":"CSDB","updateDate":"2016-01-14T16:25:14.536Z"},{"date":"2008 Q4","value":"109.9","year":"2008","month":"","quarter":"Q4","sourceDataset":"CSDB","updateDate":"2016-01-14T16:25:14.536Z"},{"date":"2009 Q1","value":"110.1","year":"2009","month":"","quarter":"Q1","sourceDataset":"CSDB","updateDate":"2016-01-14T16:25:14.536Z"},{"date":"2009 Q2","value":"110.3","year":"2009","month":"","quarter":"Q2","sourceDataset":"CSDB","updateDate":"2016-01-14T16:25:14.536Z"},{"date":"2009 Q3","value":"110.1","year":"2009","month":"","quarter":"Q3","sourceDataset":"CSDB","updateDate":"2016-01-14T16:25:14.536Z"},{"date":"2009 Q4","value":"109.7","year":"2009","month":"","quarter":"Q4","sourceDataset":"CSDB","updateDate":"2016-01-14T16:25:14.536Z"},{"date":"2010 Q1","value":"109.3","year":"2010","month":"","quarter":"Q1","sourceDataset":"CSDB","updateDate":"2016-01-14T16:25:14.536Z"},{"date":"2010 Q2","value":"109.4","year":"2010","month":"","quarter":"Q2","sourceDataset":"CSDB","updateDate":"2016-01-14T16:25:14.536Z"},{"date":"2010 Q3","value":"109.7","year":"2010","month":"","quarter":"Q3","sourceDataset":"CSDB","updateDate":"2016-01-14T16:25:14.536Z"},{"date":"2010 Q4","value":"110.1","year":"2010","month":"","quarter":"Q4","sourceDataset":"CSDB","updateDate":"2016-01-14T16:25:14.536Z"},{"date":"2011 Q1","value":"110.6","year":"2011","month":"","quarter":"Q1","sourceDataset":"CSDB","updateDate":"2016-01-14T16:25:14.536Z"},{"date":"2011 Q2","value":"111.3","year":"2011","month":"","quarter":"Q2","sourceDataset":"CSDB","updateDate":"2016-01-14T16:25:14.536Z"},{"date":"2011 Q3","value":"111.8","year":"2011","month":"","quarter":"Q3","sourceDataset":"CSDB","updateDate":"2016-01-14T16:25:14.536Z"},{"date":"2011 Q4","value":"112.2","year":"2011","month":"","quarter":"Q4","sourceDataset":"CSDB","updateDate":"2016-01-14T16:25:14.536Z"},{"date":"2012 Q1","value":"112.7","year":"2012","month":"","quarter":"Q1","sourceDataset":"CSDB","updateDate":"2016-01-14T16:25:14.536Z"},{"date":"2012 Q2","value":"113.5","year":"2012","month":"","quarter":"Q2","sourceDataset":"CSDB","updateDate":"2016-01-14T16:25:14.536Z"},{"date":"2012 Q3","value":"114.1","year":"2012","month":"","quarter":"Q3","sourceDataset":"CSDB","updateDate":"2016-01-14T16:25:14.536Z"},{"date":"2012 Q4","value":"114.5","year":"2012","month":"","quarter":"Q4","sourceDataset":"CSDB","updateDate":"2016-01-14T16:25:14.536Z"},{"date":"2013 Q1","value":"114.8","year":"2013","month":"","quarter":"Q1","sourceDataset":"CSDB","updateDate":"2016-01-14T16:25:14.536Z"},{"date":"2013 Q2","value":"115.4","year":"2013","month":"","quarter":"Q2","sourceDataset":"CSDB","updateDate":"2016-01-14T16:25:14.536Z"},{"date":"2013 Q3","value":"115.8","year":"2013","month":"","quarter":"Q3","sourceDataset":"CSDB","updateDate":"2016-01-14T16:25:14.536Z"},{"date":"2013 Q4","value":"116.2","year":"2013","month":"","quarter":"Q4","sourceDataset":"CSDB","updateDate":"2016-01-14T16:25:14.536Z"},{"date":"2014 Q1","value":"116.4","year":"2014","month":"","quarter":"Q1","sourceDataset":"CSDB","updateDate":"2016-01-14T16:25:14.536Z"},{"date":"2014 Q2","value":"117.2","year":"2014","month":"","quarter":"Q2","sourceDataset":"CSDB","updateDate":"2016-01-14T16:25:14.536Z"},{"date":"2014 Q3","value":"117.9","year":"2014","month":"","quarter":"Q3","sourceDataset":"CSDB","updateDate":"2016-01-14T16:25:14.536Z"},{"date":"2014 Q4","value":"118.4","year":"2014","month":"","quarter":"Q4","sourceDataset":"CSDB","updateDate":"2016-01-14T16:25:14.536Z"},{"date":"2015 Q1","value":"118.9","year":"2015","month":"","quarter":"Q1","sourceDataset":"CSDB","updateDate":"2016-01-14T16:25:14.536Z"},{"date":"2015 Q2","value":"119.6","year":"2015","month":"","quarter":"Q2","sourceDataset":"CSDB","updateDate":"2016-01-14T16:25:14.536Z"}],"months":[{"date":"2005 JAN","value":"98.7","year":"2005","month":"January","quarter":"","sourceDataset":"CSDB","updateDate":"2016-01-14T16:25:14.536Z"},{"date":"2005 FEB","value":"98.9","year":"2005","month":"February","quarter":"","sourceDataset":"CSDB","updateDate":"2016-01-14T16:25:14.536Z"},{"date":"2005 MAR","value":"99.1","year":"2005","month":"March","quarter":"","sourceDataset":"CSDB","updateDate":"2016-01-14T16:25:14.536Z"},{"date":"2005 APR","value":"99.5","year":"2005","month":"April","quarter":"","sourceDataset":"CSDB","updateDate":"2016-01-14T16:25:14.536Z"},{"date":"2005 MAY","value":"99.7","year":"2005","month":"May","quarter":"","sourceDataset":"CSDB","updateDate":"2016-01-14T16:25:14.536Z"},{"date":"2005 JUN","value":"99.9","year":"2005","month":"June","quarter":"","sourceDataset":"CSDB","updateDate":"2016-01-14T16:25:14.536Z"},{"date":"2005 JUL","value":"100.2","year":"2005","month":"July","quarter":"","sourceDataset":"CSDB","updateDate":"2016-01-14T16:25:14.536Z"},{"date":"2005 AUG","value":"100.4","year":"2005","month":"August","quarter":"","sourceDataset":"CSDB","updateDate":"2016-01-14T16:25:14.536Z"},{"date":"2005 SEP","value":"100.6","year":"2005","month":"September","quarter":"","sourceDataset":"CSDB","updateDate":"2016-01-14T16:25:14.536Z"},{"date":"2005 OCT","value":"100.8","year":"2005","month":"October","quarter":"","sourceDataset":"CSDB","updateDate":"2016-01-14T16:25:14.536Z"},{"date":"2005 NOV","value":"100.9","year":"2005","month":"November","quarter":"","sourceDataset":"CSDB","updateDate":"2016-01-14T16:25:14.536Z"},{"date":"2005 DEC","value":"101.2","year":"2005","month":"December","quarter":"","sourceDataset":"CSDB","updateDate":"2016-01-14T16:25:14.536Z"},{"date":"2006 JAN","value":"101.6","year":"2006","month":"January","quarter":"","sourceDataset":"CSDB","updateDate":"2016-01-14T16:25:14.536Z"},{"date":"2006 FEB","value":"101.8","year":"2006","month":"February","quarter":"","sourceDataset":"CSDB","updateDate":"2016-01-14T16:25:14.536Z"},{"date":"2006 MAR","value":"101.9","year":"2006","month":"March","quarter":"","sourceDataset":"CSDB","updateDate":"2016-01-14T16:25:14.536Z"},{"date":"2006 APR","value":"102.4","year":"2006","month":"April","quarter":"","sourceDataset":"CSDB","updateDate":"2016-01-14T16:25:14.536Z"},{"date":"2006 MAY","value":"102.6","year":"2006","month":"May","quarter":"","sourceDataset":"CSDB","updateDate":"2016-01-14T16:25:14.536Z"},{"date":"2006 JUN","value":"102.8","year":"2006","month":"June","quarter":"","sourceDataset":"CSDB","updateDate":"2016-01-14T16:25:14.536Z"},{"date":"2006 JUL","value":"103.1","year":"2006","month":"July","quarter":"","sourceDataset":"CSDB","updateDate":"2016-01-14T16:25:14.536Z"},{"date":"2006 AUG","value":"103.3","year":"2006","month":"August","quarter":"","sourceDataset":"CSDB","updateDate":"2016-01-14T16:25:14.536Z"},{"date":"2006 SEP","value":"103.4","year":"2006","month":"September","quarter":"","sourceDataset":"CSDB","updateDate":"2016-01-14T16:25:14.536Z"},{"date":"2006 OCT","value":"103.6","year":"2006","month":"October","quarter":"","sourceDataset":"CSDB","updateDate":"2016-01-14T16:25:14.536Z"},{"date":"2006 NOV","value":"103.8","year":"2006","month":"November","quarter":"","sourceDataset":"CSDB","updateDate":"2016-01-14T16:25:14.536Z"},{"date":"2006 DEC","value":"103.9","year":"2006","month":"December","quarter":"","sourceDataset":"CSDB","updateDate":"2016-01-14T16:25:14.536Z"},{"date":"2007 JAN","value":"104.4","year":"2007","month":"January","quarter":"","sourceDataset":"CSDB","updateDate":"2016-01-14T16:25:14.536Z"},{"date":"2007 FEB","value":"104.4","year":"2007","month":"February","quarter":"","sourceDataset":"CSDB","updateDate":"2016-01-14T16:25:14.536Z"},{"date":"2007 MAR","value":"104.6","year":"2007","month":"March","quarter":"","sourceDataset":"CSDB","updateDate":"2016-01-14T16:25:14.536Z"},{"date":"2007 APR","value":"105.1","year":"2007","month":"April","quarter":"","sourceDataset":"CSDB","updateDate":"2016-01-14T16:25:14.536Z"},{"date":"2007 MAY","value":"105.4","year":"2007","month":"May","quarter":"","sourceDataset":"CSDB","updateDate":"2016-01-14T16:25:14.536Z"},{"date":"2007 JUN","value":"105.6","year":"2007","month":"June","quarter":"","sourceDataset":"CSDB","updateDate":"2016-01-14T16:25:14.536Z"},{"date":"2007 JUL","value":"105.9","year":"2007","month":"July","quarter":"","sourceDataset":"CSDB","updateDate":"2016-01-14T16:25:14.536Z"},{"date":"2007 AUG","value":"106.2","year":"2007","month":"August","quarter":"","sourceDataset":"CSDB","updateDate":"2016-01-14T16:25:14.536Z"},{"date":"2007 SEP","value":"106.2","year":"2007","month":"September","quarter":"","sourceDataset":"CSDB","updateDate":"2016-01-14T16:25:14.536Z"},{"date":"2007 OCT","value":"106.6","year":"2007","month":"October","quarter":"","sourceDataset":"CSDB","updateDate":"2016-01-14T16:25:14.536Z"},{"date":"2007 NOV","value":"106.8","year":"2007","month":"November","quarter":"","sourceDataset":"CSDB","updateDate":"2016-01-14T16:25:14.536Z"},{"date":"2007 DEC","value":"107.0","year":"2007","month":"December","quarter":"","sourceDataset":"CSDB","updateDate":"2016-01-14T16:25:14.536Z"},{"date":"2008 JAN","value":"107.5","year":"2008","month":"January","quarter":"","sourceDataset":"CSDB","updateDate":"2016-01-14T16:25:14.536Z"},{"date":"2008 FEB","value":"107.6","year":"2008","month":"February","quarter":"","sourceDataset":"CSDB","updateDate":"2016-01-14T16:25:14.536Z"},{"date":"2008 MAR","value":"107.7","year":"2008","month":"March","quarter":"","sourceDataset":"CSDB","updateDate":"2016-01-14T16:25:14.536Z"},{"date":"2008 APR","value":"108.3","year":"2008","month":"April","quarter":"","sourceDataset":"CSDB","updateDate":"2016-01-14T16:25:14.536Z"},{"date":"2008 MAY","value":"108.5","year":"2008","month":"May","quarter":"","sourceDataset":"CSDB","updateDate":"2016-01-14T16:25:14.536Z"},{"date":"2008 JUN","value":"108.7","year":"2008","month":"June","quarter":"","sourceDataset":"CSDB","updateDate":"2016-01-14T16:25:14.536Z"},{"date":"2008 JUL","value":"108.9","year":"2008","month":"July","quarter":"","sourceDataset":"CSDB","updateDate":"2016-01-14T16:25:14.536Z"},{"date":"2008 AUG","value":"109.1","year":"2008","month":"August","quarter":"","sourceDataset":"CSDB","updateDate":"2016-01-14T16:25:14.536Z"},{"date":"2008 SEP","value":"109.2","year":"2008","month":"September","quarter":"","sourceDataset":"CSDB","updateDate":"2016-01-14T16:25:14.536Z"},{"date":"2008 OCT","value":"109.7","year":"2008","month":"October","quarter":"","sourceDataset":"CSDB","updateDate":"2016-01-14T16:25:14.536Z"},{"date":"2008 NOV","value":"109.9","year":"2008","month":"November","quarter":"","sourceDataset":"CSDB","updateDate":"2016-01-14T16:25:14.536Z"},{"date":"2008 DEC","value":"110.1","year":"2008","month":"December","quarter":"","sourceDataset":"CSDB","updateDate":"2016-01-14T16:25:14.536Z"},{"date":"2009 JAN","value":"110.1","year":"2009","month":"January","quarter":"","sourceDataset":"CSDB","updateDate":"2016-01-14T16:25:14.536Z"},{"date":"2009 FEB","value":"110.2","year":"2009","month":"February","quarter":"","sourceDataset":"CSDB","updateDate":"2016-01-14T16:25:14.536Z"},{"date":"2009 MAR","value":"110.2","year":"2009","month":"March","quarter":"","sourceDataset":"CSDB","updateDate":"2016-01-14T16:25:14.536Z"},{"date":"2009 APR","value":"110.5","year":"2009","month":"April","quarter":"","sourceDataset":"CSDB","updateDate":"2016-01-14T16:25:14.536Z"},{"date":"2009 MAY","value":"110.4","year":"2009","month":"May","quarter":"","sourceDataset":"CSDB","updateDate":"2016-01-14T16:25:14.536Z"},{"date":"2009 JUN","value":"110.1","year":"2009","month":"June","quarter":"","sourceDataset":"CSDB","updateDate":"2016-01-14T16:25:14.536Z"},{"date":"2009 JUL","value":"110.3","year":"2009","month":"July","quarter":"","sourceDataset":"CSDB","updateDate":"2016-01-14T16:25:14.536Z"},{"date":"2009 AUG","value":"110.1","year":"2009","month":"August","quarter":"","sourceDataset":"CSDB","updateDate":"2016-01-14T16:25:14.536Z"},{"date":"2009 SEP","value":"110.0","year":"2009","month":"September","quarter":"","sourceDataset":"CSDB","updateDate":"2016-01-14T16:25:14.536Z"},{"date":"2009 OCT","value":"109.8","year":"2009","month":"October","quarter":"","sourceDataset":"CSDB","updateDate":"2016-01-14T16:25:14.536Z"},{"date":"2009 NOV","value":"109.7","year":"2009","month":"November","quarter":"","sourceDataset":"CSDB","updateDate":"2016-01-14T16:25:14.536Z"},{"date":"2009 DEC","value":"109.4","year":"2009","month":"December","quarter":"","sourceDataset":"CSDB","updateDate":"2016-01-14T16:25:14.536Z"},{"date":"2010 JAN","value":"109.3","year":"2010","month":"January","quarter":"","sourceDataset":"CSDB","updateDate":"2016-01-14T16:25:14.536Z"},{"date":"2010 FEB","value":"109.3","year":"2010","month":"February","quarter":"","sourceDataset":"CSDB","updateDate":"2016-01-14T16:25:14.536Z"},{"date":"2010 MAR","value":"109.2","year":"2010","month":"March","quarter":"","sourceDataset":"CSDB","updateDate":"2016-01-14T16:25:14.536Z"},{"date":"2010 APR","value":"109.3","year":"2010","month":"April","quarter":"","sourceDataset":"CSDB","updateDate":"2016-01-14T16:25:14.536Z"},{"date":"2010 MAY","value":"109.4","year":"2010","month":"May","quarter":"","sourceDataset":"CSDB","updateDate":"2016-01-14T16:25:14.536Z"},{"date":"2010 JUN","value":"109.5","year":"2010","month":"June","quarter":"","sourceDataset":"CSDB","updateDate":"2016-01-14T16:25:14.536Z"},{"date":"2010 JUL","value":"109.6","year":"2010","month":"July","quarter":"","sourceDataset":"CSDB","updateDate":"2016-01-14T16:25:14.536Z"},{"date":"2010 AUG","value":"109.7","year":"2010","month":"August","quarter":"","sourceDataset":"CSDB","updateDate":"2016-01-14T16:25:14.536Z"},{"date":"2010 SEP","value":"109.8","year":"2010","month":"September","quarter":"","sourceDataset":"CSDB","updateDate":"2016-01-14T16:25:14.536Z"},{"date":"2010 OCT","value":"109.9","year":"2010","month":"October","quarter":"","sourceDataset":"CSDB","updateDate":"2016-01-14T16:25:14.536Z"},{"date":"2010 NOV","value":"110.1","year":"2010","month":"November","quarter":"","sourceDataset":"CSDB","updateDate":"2016-01-14T16:25:14.536Z"},{"date":"2010 DEC","value":"110.2","year":"2010","month":"December","quarter":"","sourceDataset":"CSDB","updateDate":"2016-01-14T16:25:14.536Z"},{"date":"2011 JAN","value":"110.5","year":"2011","month":"January","quarter":"","sourceDataset":"CSDB","updateDate":"2016-01-14T16:25:14.536Z"},{"date":"2011 FEB","value":"110.5","year":"2011","month":"February","quarter":"","sourceDataset":"CSDB","updateDate":"2016-01-14T16:25:14.536Z"},{"date":"2011 MAR","value":"110.7","year":"2011","month":"March","quarter":"","sourceDataset":"CSDB","updateDate":"2016-01-14T16:25:14.536Z"},{"date":"2011 APR","value":"111.1","year":"2011","month":"April","quarter":"","sourceDataset":"CSDB","updateDate":"2016-01-14T16:25:14.536Z"},{"date":"2011 MAY","value":"111.3","year":"2011","month":"May","quarter":"","sourceDataset":"CSDB","updateDate":"2016-01-14T16:25:14.536Z"},{"date":"2011 JUN","value":"111.4","year":"2011","month":"June","quarter":"","sourceDataset":"CSDB","updateDate":"2016-01-14T16:25:14.536Z"},{"date":"2011 JUL","value":"111.6","year":"2011","month":"July","quarter":"","sourceDataset":"CSDB","updateDate":"2016-01-14T16:25:14.536Z"},{"date":"2011 AUG","value":"111.8","year":"2011","month":"August","quarter":"","sourceDataset":"CSDB","updateDate":"2016-01-14T16:25:14.536Z"},{"date":"2011 SEP","value":"112.0","year":"2011","month":"September","quarter":"","sourceDataset":"CSDB","updateDate":"2016-01-14T16:25:14.536Z"},{"date":"2011 OCT","value":"112.1","year":"2011","month":"October","quarter":"","sourceDataset":"CSDB","updateDate":"2016-01-14T16:25:14.536Z"},{"date":"2011 NOV","value":"112.2","year":"2011","month":"November","quarter":"","sourceDataset":"CSDB","updateDate":"2016-01-14T16:25:14.536Z"},{"date":"2011 DEC","value":"112.4","year":"2011","month":"December","quarter":"","sourceDataset":"CSDB","updateDate":"2016-01-14T16:25:14.536Z"},{"date":"2012 JAN","value":"112.6","year":"2012","month":"January","quarter":"","sourceDataset":"CSDB","updateDate":"2016-01-14T16:25:14.536Z"},{"date":"2012 FEB","value":"112.7","year":"2012","month":"February","quarter":"","sourceDataset":"CSDB","updateDate":"2016-01-14T16:25:14.536Z"},{"date":"2012 MAR","value":"112.8","year":"2012","month":"March","quarter":"","sourceDataset":"CSDB","updateDate":"2016-01-14T16:25:14.536Z"},{"date":"2012 APR","value":"113.4","year":"2012","month":"April","quarter":"","sourceDataset":"CSDB","updateDate":"2016-01-14T16:25:14.536Z"},{"date":"2012 MAY","value":"113.5","year":"2012","month":"May","quarter":"","sourceDataset":"CSDB","updateDate":"2016-01-14T16:25:14.536Z"},{"date":"2012 JUN","value":"113.6","year":"2012","month":"June","quarter":"","sourceDataset":"CSDB","updateDate":"2016-01-14T16:25:14.536Z"},{"date":"2012 JUL","value":"113.9","year":"2012","month":"July","quarter":"","sourceDataset":"CSDB","updateDate":"2016-01-14T16:25:14.536Z"},{"date":"2012 AUG","value":"114.1","year":"2012","month":"August","quarter":"","sourceDataset":"CSDB","updateDate":"2016-01-14T16:25:14.536Z"},{"date":"2012 SEP","value":"114.3","year":"2012","month":"September","quarter":"","sourceDataset":"CSDB","updateDate":"2016-01-14T16:25:14.536Z"},{"date":"2012 OCT","value":"114.4","year":"2012","month":"October","quarter":"","sourceDataset":"CSDB","updateDate":"2016-01-14T16:25:14.536Z"},{"date":"2012 NOV","value":"114.5","year":"2012","month":"November","quarter":"","sourceDataset":"CSDB","updateDate":"2016-01-14T16:25:14.536Z"},{"date":"2012 DEC","value":"114.7","year":"2012","month":"December","quarter":"","sourceDataset":"CSDB","updateDate":"2016-01-14T16:25:14.536Z"},{"date":"2013 JAN","value":"114.7","year":"2013","month":"January","quarter":"","sourceDataset":"CSDB","updateDate":"2016-01-14T16:25:14.536Z"},{"date":"2013 FEB","value":"114.8","year":"2013","month":"February","quarter":"","sourceDataset":"CSDB","updateDate":"2016-01-14T16:25:14.536Z"},{"date":"2013 MAR","value":"114.9","year":"2013","month":"March","quarter":"","sourceDataset":"CSDB","updateDate":"2016-01-14T16:25:14.536Z"},{"date":"2013 APR","value":"115.3","year":"2013","month":"April","quarter":"","sourceDataset":"CSDB","updateDate":"2016-01-14T16:25:14.536Z"},{"date":"2013 MAY","value":"115.4","year":"2013","month":"May","quarter":"","sourceDataset":"CSDB","updateDate":"2016-01-14T16:25:14.536Z"},{"date":"2013 JUN","value":"115.5","year":"2013","month":"June","quarter":"","sourceDataset":"CSDB","updateDate":"2016-01-14T16:25:14.536Z"},{"date":"2013 JUL","value":"115.7","year":"2013","month":"July","quarter":"","sourceDataset":"CSDB","updateDate":"2016-01-14T16:25:14.536Z"},{"date":"2013 AUG","value":"115.8","year":"2013","month":"August","quarter":"","sourceDataset":"CSDB","updateDate":"2016-01-14T16:25:14.536Z"},{"date":"2013 SEP","value":"115.9","year":"2013","month":"September","quarter":"","sourceDataset":"CSDB","updateDate":"2016-01-14T16:25:14.536Z"},{"date":"2013 OCT","value":"116.1","year":"2013","month":"October","quarter":"","sourceDataset":"CSDB","updateDate":"2016-01-14T16:25:14.536Z"},{"date":"2013 NOV","value":"116.2","year":"2013","month":"November","quarter":"","sourceDataset":"CSDB","updateDate":"2016-01-14T16:25:14.536Z"},{"date":"2013 DEC","value":"116.3","year":"2013","month":"December","quarter":"","sourceDataset":"CSDB","updateDate":"2016-01-14T16:25:14.536Z"},{"date":"2014 JAN","value":"116.4","year":"2014","month":"January","quarter":"","sourceDataset":"CSDB","updateDate":"2016-01-14T16:25:14.536Z"},{"date":"2014 FEB","value":"116.4","year":"2014","month":"February","quarter":"","sourceDataset":"CSDB","updateDate":"2016-01-14T16:25:14.536Z"},{"date":"2014 MAR","value":"116.5","year":"2014","month":"March","quarter":"","sourceDataset":"CSDB","updateDate":"2016-01-14T16:25:14.536Z"},{"date":"2014 APR","value":"117.1","year":"2014","month":"April","quarter":"","sourceDataset":"CSDB","updateDate":"2016-01-14T16:25:14.536Z"},{"date":"2014 MAY","value":"117.2","year":"2014","month":"May","quarter":"","sourceDataset":"CSDB","updateDate":"2016-01-14T16:25:14.536Z"},{"date":"2014 JUN","value":"117.4","year":"2014","month":"June","quarter":"","sourceDataset":"CSDB","updateDate":"2016-01-14T16:25:14.536Z"},{"date":"2014 JUL","value":"117.7","year":"2014","month":"July","quarter":"","sourceDataset":"CSDB","updateDate":"2016-01-14T16:25:14.536Z"},{"date":"2014 AUG","value":"118.0","year":"2014","month":"August","quarter":"","sourceDataset":"CSDB","updateDate":"2016-01-14T16:25:14.536Z"},{"date":"2014 SEP","value":"118.1","year":"2014","month":"September","quarter":"","sourceDataset":"CSDB","updateDate":"2016-01-14T16:25:14.536Z"},{"date":"2014 OCT","value":"118.3","year":"2014","month":"October","quarter":"","sourceDataset":"CSDB","updateDate":"2016-01-14T16:25:14.536Z"},{"date":"2014 NOV","value":"118.4","year":"2014","month":"November","quarter":"","sourceDataset":"CSDB","updateDate":"2016-01-14T16:25:14.536Z"},{"date":"2014 DEC","value":"118.6","year":"2014","month":"December","quarter":"","sourceDataset":"CSDB","updateDate":"2016-01-14T16:25:14.536Z"},{"date":"2015 JAN","value":"118.8","year":"2015","month":"January","quarter":"","sourceDataset":"CSDB","updateDate":"2016-01-14T16:25:14.536Z"},{"date":"2015 FEB","value":"118.9","year":"2015","month":"February","quarter":"","sourceDataset":"CSDB","updateDate":"2016-01-14T16:25:14.536Z"},{"date":"2015 MAR","value":"119.0","year":"2015","month":"March","quarter":"","sourceDataset":"CSDB","updateDate":"2016-01-14T16:25:14.536Z"},{"date":"2015 APR","value":"119.4","year":"2015","month":"April","quarter":"","sourceDataset":"CSDB","updateDate":"2016-01-14T16:25:14.536Z"},{"date":"2015 MAY","value":"119.6","year":"2015","month":"May","quarter":"","sourceDataset":"CSDB","updateDate":"2016-01-14T16:25:14.536Z"},{"date":"2015 JUN","value":"119.8","year":"2015","month":"June","quarter":"","sourceDataset":"CSDB","updateDate":"2016-01-14T16:25:14.536Z"},{"date":"2015 JUL","value":"120.1","year":"2015","month":"July","quarter":"","sourceDataset":"CSDB","updateDate":"2016-01-14T16:25:14.536Z"},{"date":"2015 AUG","value":"120.3","year":"2015","month":"August","quarter":"","sourceDataset":"CSDB","updateDate":"2016-01-22T20:07:48.272Z"}],"sourceDatasets":["CSDB"],"relatedDatasets":[{"uri":"/businessindustryandtrade/changestobusiness/bankruptcyinsolvency/datasets/carlsxmasrelease/2015"},{"uri":"/businessindustryandtrade/changestobusiness/bankruptcyinsolvency/datasets/wahasaqewqeqwe/2015"},{"uri":"/businessindustryandtrade/changestobusiness/bankruptcyinsolvency/datasets/releaseisreleaseygyug/2015"},{"uri":"/businessindustryandtrade/changestobusiness/bankruptcyinsolvency/datasets/releaseisreleaseadffd/2015"},{"uri":"/businessindustryandtrade/changestobusiness/bankruptcyinsolvency/datasets/pageunencrypted/2015"}],"relatedDocuments":[],"versions":[{"uri":"/businessindustryandtrade/changestobusiness/bankruptcyinsolvency/timeseries/l5jv/previous/v1","updateDate":"2016-01-26T00:00:00.000Z","correctionNotice":"","label":"v1"}],"type":"timeseries","description":{"title":"CPIH INDEX: Housing services (S) 2005\u003d100                               ","contact":{"email":"","name":"","telephone":""},"releaseDate":"2016-01-28T00:00:00.000Z","nextRelease":"","cdid":"L5JV","unit":"","preUnit":"","source":"","seasonalAdjustment":"NSA","date":"2015 AUG","number":"120.3"}}