{"years":[{"date":"1987","value":"102.5","year":"1987","month":"","quarter":"","sourceDataset":"CSDB","updateDate":"2016-01-14T16:25:13.745Z"},{"date":"1988","value":"109.0","year":"1988","month":"","quarter":"","sourceDataset":"CSDB","updateDate":"2016-01-14T16:25:13.745Z"},{"date":"1989","value":"115.4","year":"1989","month":"","quarter":"","sourceDataset":"CSDB","updateDate":"2016-01-14T16:25:13.745Z"},{"date":"1990","value":"125.5","year":"1990","month":"","quarter":"","sourceDataset":"CSDB","updateDate":"2016-01-14T16:25:13.745Z"},{"date":"1991","value":"138.5","year":"1991","month":"","quarter":"","sourceDataset":"CSDB","updateDate":"2016-01-14T16:25:13.745Z"},{"date":"1992","value":"147.5","year":"1992","month":"","quarter":"","sourceDataset":"CSDB","updateDate":"2016-01-14T16:25:13.745Z"},{"date":"1993","value":"155.0","year":"1993","month":"","quarter":"","sourceDataset":"CSDB","updateDate":"2016-01-14T16:25:13.745Z"},{"date":"1994","value":"161.4","year":"1994","month":"","quarter":"","sourceDataset":"CSDB","updateDate":"2016-01-14T16:25:13.745Z"},{"date":"1995","value":"167.6","year":"1995","month":"","quarter":"","sourceDataset":"CSDB","updateDate":"2016-01-14T16:25:13.745Z"},{"date":"1996","value":"173.1","year":"1996","month":"","quarter":"","sourceDataset":"CSDB","updateDate":"2016-01-14T16:25:13.745Z"},{"date":"1997","value":"178.9","year":"1997","month":"","quarter":"","sourceDataset":"CSDB","updateDate":"2016-01-14T16:25:13.745Z"},{"date":"1998","value":"185.0","year":"1998","month":"","quarter":"","sourceDataset":"CSDB","updateDate":"2016-01-14T16:25:13.745Z"},{"date":"1999","value":"191.7","year":"1999","month":"","quarter":"","sourceDataset":"CSDB","updateDate":"2016-01-14T16:25:13.745Z"},{"date":"2000","value":"197.4","year":"2000","month":"","quarter":"","sourceDataset":"CSDB","updateDate":"2016-01-14T16:25:13.745Z"},{"date":"2001","value":"205.6","year":"2001","month":"","quarter":"","sourceDataset":"CSDB","updateDate":"2016-01-14T16:25:13.745Z"},{"date":"2002","value":"211.4","year":"2002","month":"","quarter":"","sourceDataset":"CSDB","updateDate":"2016-01-14T16:25:13.745Z"},{"date":"2003","value":"217.3","year":"2003","month":"","quarter":"","sourceDataset":"CSDB","updateDate":"2016-01-14T16:25:13.745Z"},{"date":"2004","value":"222.9","year":"2004","month":"","quarter":"","sourceDataset":"CSDB","updateDate":"2016-01-14T16:25:13.745Z"},{"date":"2005","value":"228.8","year":"2005","month":"","quarter":"","sourceDataset":"CSDB","updateDate":"2016-01-14T16:25:13.745Z"},{"date":"2006","value":"235.3","year":"2006","month":"","quarter":"","sourceDataset":"CSDB","updateDate":"2016-01-14T16:25:13.745Z"},{"date":"2007","value":"243.2","year":"2007","month":"","quarter":"","sourceDataset":"CSDB","updateDate":"2016-01-14T16:25:13.745Z"},{"date":"2008","value":"254.5","year":"2008","month":"","quarter":"","sourceDataset":"CSDB","updateDate":"2016-01-14T16:25:13.745Z"},{"date":"2009","value":"262.5","year":"2009","month":"","quarter":"","sourceDataset":"CSDB","updateDate":"2016-01-14T16:25:13.745Z"},{"date":"2010","value":"269.1","year":"2010","month":"","quarter":"","sourceDataset":"CSDB","updateDate":"2016-01-14T16:25:13.745Z"},{"date":"2011","value":"279.8","year":"2011","month":"","quarter":"","sourceDataset":"CSDB","updateDate":"2016-01-14T16:25:13.745Z"},{"date":"2012","value":"287.9","year":"2012","month":"","quarter":"","sourceDataset":"CSDB","updateDate":"2016-01-14T16:25:13.745Z"},{"date":"2013","value":"295.4","year":"2013","month":"","quarter":"","sourceDataset":"CSDB","updateDate":"2016-01-14T16:25:13.745Z"},{"date":"2014","value":"302.5","year":"2014","month":"","quarter":"","sourceDataset":"CSDB","updateDate":"2016-01-14T16:25:13.745Z"}],"quarters":[{"date":"1987 Q1","value":"100.3","year":"1987","month":"","quarter":"Q1","sourceDataset":"CSDB","updateDate":"2016-01-14T16:25:13.745Z"},{"date":"1987 Q2","value":"101.5","year":"1987","month":"","quarter":"Q2","sourceDataset":"CSDB","updateDate":"2016-01-14T16:25:13.745Z"},{"date":"1987 Q3","value":"103.2","year":"1987","month":"","quarter":"Q3","sourceDataset":"CSDB","updateDate":"2016-01-14T16:25:13.745Z"},{"date":"1987 Q4","value":"105.0","year":"1987","month":"","quarter":"Q4","sourceDataset":"CSDB","updateDate":"2016-01-14T16:25:13.745Z"},{"date":"1988 Q1","value":"106.7","year":"1988","month":"","quarter":"Q1","sourceDataset":"CSDB","updateDate":"2016-01-14T16:25:13.745Z"},{"date":"1988 Q2","value":"108.6","year":"1988","month":"","quarter":"Q2","sourceDataset":"CSDB","updateDate":"2016-01-14T16:25:13.745Z"},{"date":"1988 Q3","value":"109.7","year":"1988","month":"","quarter":"Q3","sourceDataset":"CSDB","updateDate":"2016-01-14T16:25:13.745Z"},{"date":"1988 Q4","value":"111.2","year":"1988","month":"","quarter":"Q4","sourceDataset":"CSDB","updateDate":"2016-01-14T16:25:13.745Z"},{"date":"1989 Q1","value":"112.7","year":"1989","month":"","quarter":"Q1","sourceDataset":"CSDB","updateDate":"2016-01-14T16:25:13.745Z"},{"date":"1989 Q2","value":"114.5","year":"1989","month":"","quarter":"Q2","sourceDataset":"CSDB","updateDate":"2016-01-14T16:25:13.745Z"},{"date":"1989 Q3","value":"116.4","year":"1989","month":"","quarter":"Q3","sourceDataset":"CSDB","updateDate":"2016-01-14T16:25:13.745Z"},{"date":"1989 Q4","value":"118.1","year":"1989","month":"","quarter":"Q4","sourceDataset":"CSDB","updateDate":"2016-01-14T16:25:13.745Z"},{"date":"1990 Q1","value":"120.7","year":"1990","month":"","quarter":"Q1","sourceDataset":"CSDB","updateDate":"2016-01-14T16:25:13.745Z"},{"date":"1990 Q2","value":"123.8","year":"1990","month":"","quarter":"Q2","sourceDataset":"CSDB","updateDate":"2016-01-14T16:25:13.745Z"},{"date":"1990 Q3","value":"127.4","year":"1990","month":"","quarter":"Q3","sourceDataset":"CSDB","updateDate":"2016-01-14T16:25:13.745Z"},{"date":"1990 Q4","value":"130.1","year":"1990","month":"","quarter":"Q4","sourceDataset":"CSDB","updateDate":"2016-01-14T16:25:13.745Z"},{"date":"1991 Q1","value":"132.4","year":"1991","month":"","quarter":"Q1","sourceDataset":"CSDB","updateDate":"2016-01-14T16:25:13.745Z"},{"date":"1991 Q2","value":"138.6","year":"1991","month":"","quarter":"Q2","sourceDataset":"CSDB","updateDate":"2016-01-14T16:25:13.745Z"},{"date":"1991 Q3","value":"140.5","year":"1991","month":"","quarter":"Q3","sourceDataset":"CSDB","updateDate":"2016-01-14T16:25:13.745Z"},{"date":"1991 Q4","value":"142.4","year":"1991","month":"","quarter":"Q4","sourceDataset":"CSDB","updateDate":"2016-01-14T16:25:13.745Z"},{"date":"1992 Q1","value":"144.1","year":"1992","month":"","quarter":"Q1","sourceDataset":"CSDB","updateDate":"2016-01-14T16:25:13.745Z"},{"date":"1992 Q2","value":"146.9","year":"1992","month":"","quarter":"Q2","sourceDataset":"CSDB","updateDate":"2016-01-14T16:25:13.745Z"},{"date":"1992 Q3","value":"148.8","year":"1992","month":"","quarter":"Q3","sourceDataset":"CSDB","updateDate":"2016-01-14T16:25:13.745Z"},{"date":"1992 Q4","value":"150.1","year":"1992","month":"","quarter":"Q4","sourceDataset":"CSDB","updateDate":"2016-01-14T16:25:13.745Z"},{"date":"1993 Q1","value":"151.8","year":"1993","month":"","quarter":"Q1","sourceDataset":"CSDB","updateDate":"2016-01-14T16:25:13.745Z"},{"date":"1993 Q2","value":"154.6","year":"1993","month":"","quarter":"Q2","sourceDataset":"CSDB","updateDate":"2016-01-14T16:25:13.745Z"},{"date":"1993 Q3","value":"156.2","year":"1993","month":"","quarter":"Q3","sourceDataset":"CSDB","updateDate":"2016-01-14T16:25:13.745Z"},{"date":"1993 Q4","value":"157.5","year":"1993","month":"","quarter":"Q4","sourceDataset":"CSDB","updateDate":"2016-01-14T16:25:13.745Z"},{"date":"1994 Q1","value":"159.0","year":"1994","month":"","quarter":"Q1","sourceDataset":"CSDB","updateDate":"2016-01-14T16:25:13.745Z"},{"date":"1994 Q2","value":"160.4","year":"1994","month":"","quarter":"Q2","sourceDataset":"CSDB","updateDate":"2016-01-14T16:25:13.745Z"},{"date":"1994 Q3","value":"162.2","year":"1994","month":"","quarter":"Q3","sourceDataset":"CSDB","updateDate":"2016-01-14T16:25:13.745Z"},{"date":"1994 Q4","value":"164.0","year":"1994","month":"","quarter":"Q4","sourceDataset":"CSDB","updateDate":"2016-01-14T16:25:13.745Z"},{"date":"1995 Q1","value":"165.7","year":"1995","month":"","quarter":"Q1","sourceDataset":"CSDB","updateDate":"2016-01-14T16:25:13.745Z"},{"date":"1995 Q2","value":"167.4","year":"1995","month":"","quarter":"Q2","sourceDataset":"CSDB","updateDate":"2016-01-14T16:25:13.745Z"},{"date":"1995 Q3","value":"168.1","year":"1995","month":"","quarter":"Q3","sourceDataset":"CSDB","updateDate":"2016-01-14T16:25:13.745Z"},{"date":"1995 Q4","value":"169.1","year":"1995","month":"","quarter":"Q4","sourceDataset":"CSDB","updateDate":"2016-01-14T16:25:13.745Z"},{"date":"1996 Q1","value":"170.5","year":"1996","month":"","quarter":"Q1","sourceDataset":"CSDB","updateDate":"2016-01-14T16:25:13.745Z"},{"date":"1996 Q2","value":"172.1","year":"1996","month":"","quarter":"Q2","sourceDataset":"CSDB","updateDate":"2016-01-14T16:25:13.745Z"},{"date":"1996 Q3","value":"174.3","year":"1996","month":"","quarter":"Q3","sourceDataset":"CSDB","updateDate":"2016-01-14T16:25:13.745Z"},{"date":"1996 Q4","value":"175.6","year":"1996","month":"","quarter":"Q4","sourceDataset":"CSDB","updateDate":"2016-01-14T16:25:13.745Z"},{"date":"1997 Q1","value":"176.7","year":"1997","month":"","quarter":"Q1","sourceDataset":"CSDB","updateDate":"2016-01-14T16:25:13.745Z"},{"date":"1997 Q2","value":"178.3","year":"1997","month":"","quarter":"Q2","sourceDataset":"CSDB","updateDate":"2016-01-14T16:25:13.745Z"},{"date":"1997 Q3","value":"179.6","year":"1997","month":"","quarter":"Q3","sourceDataset":"CSDB","updateDate":"2016-01-14T16:25:13.745Z"},{"date":"1997 Q4","value":"181.0","year":"1997","month":"","quarter":"Q4","sourceDataset":"CSDB","updateDate":"2016-01-14T16:25:13.745Z"},{"date":"1998 Q1","value":"182.4","year":"1998","month":"","quarter":"Q1","sourceDataset":"CSDB","updateDate":"2016-01-14T16:25:13.745Z"},{"date":"1998 Q2","value":"184.3","year":"1998","month":"","quarter":"Q2","sourceDataset":"CSDB","updateDate":"2016-01-14T16:25:13.745Z"},{"date":"1998 Q3","value":"186.0","year":"1998","month":"","quarter":"Q3","sourceDataset":"CSDB","updateDate":"2016-01-14T16:25:13.745Z"},{"date":"1998 Q4","value":"187.4","year":"1998","month":"","quarter":"Q4","sourceDataset":"CSDB","updateDate":"2016-01-14T16:25:13.745Z"},{"date":"1999 Q1","value":"189.2","year":"1999","month":"","quarter":"Q1","sourceDataset":"CSDB","updateDate":"2016-01-14T16:25:13.745Z"},{"date":"1999 Q2","value":"191.1","year":"1999","month":"","quarter":"Q2","sourceDataset":"CSDB","updateDate":"2016-01-14T16:25:13.745Z"},{"date":"1999 Q3","value":"192.6","year":"1999","month":"","quarter":"Q3","sourceDataset":"CSDB","updateDate":"2016-01-14T16:25:13.745Z"},{"date":"1999 Q4","value":"193.9","year":"1999","month":"","quarter":"Q4","sourceDataset":"CSDB","updateDate":"2016-01-14T16:25:13.745Z"},{"date":"2000 Q1","value":"195.1","year":"2000","month":"","quarter":"Q1","sourceDataset":"CSDB","updateDate":"2016-01-14T16:25:13.745Z"},{"date":"2000 Q2","value":"196.6","year":"2000","month":"","quarter":"Q2","sourceDataset":"CSDB","updateDate":"2016-01-14T16:25:13.745Z"},{"date":"2000 Q3","value":"198.3","year":"2000","month":"","quarter":"Q3","sourceDataset":"CSDB","updateDate":"2016-01-14T16:25:13.745Z"},{"date":"2000 Q4","value":"199.8","year":"2000","month":"","quarter":"Q4","sourceDataset":"CSDB","updateDate":"2016-01-14T16:25:13.745Z"},{"date":"2001 Q1","value":"201.6","year":"2001","month":"","quarter":"Q1","sourceDataset":"CSDB","updateDate":"2016-01-14T16:25:13.745Z"},{"date":"2001 Q2","value":"204.9","year":"2001","month":"","quarter":"Q2","sourceDataset":"CSDB","updateDate":"2016-01-14T16:25:13.745Z"},{"date":"2001 Q3","value":"207.5","year":"2001","month":"","quarter":"Q3","sourceDataset":"CSDB","updateDate":"2016-01-14T16:25:13.745Z"},{"date":"2001 Q4","value":"208.5","year":"2001","month":"","quarter":"Q4","sourceDataset":"CSDB","updateDate":"2016-01-14T16:25:13.745Z"},{"date":"2002 Q1","value":"209.4","year":"2002","month":"","quarter":"Q1","sourceDataset":"CSDB","updateDate":"2016-01-14T16:25:13.745Z"},{"date":"2002 Q2","value":"210.8","year":"2002","month":"","quarter":"Q2","sourceDataset":"CSDB","updateDate":"2016-01-14T16:25:13.745Z"},{"date":"2002 Q3","value":"212.3","year":"2002","month":"","quarter":"Q3","sourceDataset":"CSDB","updateDate":"2016-01-14T16:25:13.745Z"},{"date":"2002 Q4","value":"213.3","year":"2002","month":"","quarter":"Q4","sourceDataset":"CSDB","updateDate":"2016-01-14T16:25:13.745Z"},{"date":"2003 Q1","value":"215.1","year":"2003","month":"","quarter":"Q1","sourceDataset":"CSDB","updateDate":"2016-01-14T16:25:13.745Z"},{"date":"2003 Q2","value":"216.6","year":"2003","month":"","quarter":"Q2","sourceDataset":"CSDB","updateDate":"2016-01-14T16:25:13.745Z"},{"date":"2003 Q3","value":"217.9","year":"2003","month":"","quarter":"Q3","sourceDataset":"CSDB","updateDate":"2016-01-14T16:25:13.745Z"},{"date":"2003 Q4","value":"219.3","year":"2003","month":"","quarter":"Q4","sourceDataset":"CSDB","updateDate":"2016-01-14T16:25:13.745Z"},{"date":"2004 Q1","value":"220.9","year":"2004","month":"","quarter":"Q1","sourceDataset":"CSDB","updateDate":"2016-01-14T16:25:13.745Z"},{"date":"2004 Q2","value":"222.1","year":"2004","month":"","quarter":"Q2","sourceDataset":"CSDB","updateDate":"2016-01-14T16:25:13.745Z"},{"date":"2004 Q3","value":"223.6","year":"2004","month":"","quarter":"Q3","sourceDataset":"CSDB","updateDate":"2016-01-14T16:25:13.745Z"},{"date":"2004 Q4","value":"225.1","year":"2004","month":"","quarter":"Q4","sourceDataset":"CSDB","updateDate":"2016-01-14T16:25:13.745Z"},{"date":"2005 Q1","value":"226.8","year":"2005","month":"","quarter":"Q1","sourceDataset":"CSDB","updateDate":"2016-01-14T16:25:13.745Z"},{"date":"2005 Q2","value":"228.3","year":"2005","month":"","quarter":"Q2","sourceDataset":"CSDB","updateDate":"2016-01-14T16:25:13.745Z"},{"date":"2005 Q3","value":"229.3","year":"2005","month":"","quarter":"Q3","sourceDataset":"CSDB","updateDate":"2016-01-14T16:25:13.745Z"},{"date":"2005 Q4","value":"231.1","year":"2005","month":"","quarter":"Q4","sourceDataset":"CSDB","updateDate":"2016-01-14T16:25:13.745Z"},{"date":"2006 Q1","value":"232.3","year":"2006","month":"","quarter":"Q1","sourceDataset":"CSDB","updateDate":"2016-01-14T16:25:13.745Z"},{"date":"2006 Q2","value":"234.1","year":"2006","month":"","quarter":"Q2","sourceDataset":"CSDB","updateDate":"2016-01-14T16:25:13.745Z"},{"date":"2006 Q3","value":"236.4","year":"2006","month":"","quarter":"Q3","sourceDataset":"CSDB","updateDate":"2016-01-14T16:25:13.745Z"},{"date":"2006 Q4","value":"238.4","year":"2006","month":"","quarter":"Q4","sourceDataset":"CSDB","updateDate":"2016-01-14T16:25:13.745Z"},{"date":"2007 Q1","value":"239.8","year":"2007","month":"","quarter":"Q1","sourceDataset":"CSDB","updateDate":"2016-01-14T16:25:13.745Z"},{"date":"2007 Q2","value":"242.0","year":"2007","month":"","quarter":"Q2","sourceDataset":"CSDB","updateDate":"2016-01-14T16:25:13.745Z"},{"date":"2007 Q3","value":"244.1","year":"2007","month":"","quarter":"Q3","sourceDataset":"CSDB","updateDate":"2016-01-14T16:25:13.745Z"},{"date":"2007 Q4","value":"247.0","year":"2007","month":"","quarter":"Q4","sourceDataset":"CSDB","updateDate":"2016-01-14T16:25:13.745Z"},{"date":"2008 Q1","value":"249.8","year":"2008","month":"","quarter":"Q1","sourceDataset":"CSDB","updateDate":"2016-01-14T16:25:13.745Z"},{"date":"2008 Q2","value":"252.7","year":"2008","month":"","quarter":"Q2","sourceDataset":"CSDB","updateDate":"2016-01-14T16:25:13.745Z"},{"date":"2008 Q3","value":"256.5","year":"2008","month":"","quarter":"Q3","sourceDataset":"CSDB","updateDate":"2016-01-14T16:25:13.745Z"},{"date":"2008 Q4","value":"259.0","year":"2008","month":"","quarter":"Q4","sourceDataset":"CSDB","updateDate":"2016-01-14T16:25:13.745Z"},{"date":"2009 Q1","value":"260.4","year":"2009","month":"","quarter":"Q1","sourceDataset":"CSDB","updateDate":"2016-01-14T16:25:13.745Z"},{"date":"2009 Q2","value":"262.1","year":"2009","month":"","quarter":"Q2","sourceDataset":"CSDB","updateDate":"2016-01-14T16:25:13.745Z"},{"date":"2009 Q3","value":"263.1","year":"2009","month":"","quarter":"Q3","sourceDataset":"CSDB","updateDate":"2016-01-14T16:25:13.745Z"},{"date":"2009 Q4","value":"264.4","year":"2009","month":"","quarter":"Q4","sourceDataset":"CSDB","updateDate":"2016-01-14T16:25:13.745Z"},{"date":"2010 Q1","value":"266.5","year":"2010","month":"","quarter":"Q1","sourceDataset":"CSDB","updateDate":"2016-01-14T16:25:13.745Z"},{"date":"2010 Q2","value":"268.1","year":"2010","month":"","quarter":"Q2","sourceDataset":"CSDB","updateDate":"2016-01-14T16:25:13.745Z"},{"date":"2010 Q3","value":"269.8","year":"2010","month":"","quarter":"Q3","sourceDataset":"CSDB","updateDate":"2016-01-14T16:25:13.745Z"},{"date":"2010 Q4","value":"272.0","year":"2010","month":"","quarter":"Q4","sourceDataset":"CSDB","updateDate":"2016-01-14T16:25:13.745Z"},{"date":"2011 Q1","value":"276.5","year":"2011","month":"","quarter":"Q1","sourceDataset":"CSDB","updateDate":"2016-01-14T16:25:13.745Z"},{"date":"2011 Q2","value":"278.9","year":"2011","month":"","quarter":"Q2","sourceDataset":"CSDB","updateDate":"2016-01-14T16:25:13.745Z"},{"date":"2011 Q3","value":"281.0","year":"2011","month":"","quarter":"Q3","sourceDataset":"CSDB","updateDate":"2016-01-14T16:25:13.745Z"},{"date":"2011 Q4","value":"282.9","year":"2011","month":"","quarter":"Q4","sourceDataset":"CSDB","updateDate":"2016-01-14T16:25:13.745Z"},{"date":"2012 Q1","value":"284.7","year":"2012","month":"","quarter":"Q1","sourceDataset":"CSDB","updateDate":"2016-01-14T16:25:13.745Z"},{"date":"2012 Q2","value":"286.6","year":"2012","month":"","quarter":"Q2","sourceDataset":"CSDB","updateDate":"2016-01-14T16:25:13.745Z"},{"date":"2012 Q3","value":"289.0","year":"2012","month":"","quarter":"Q3","sourceDataset":"CSDB","updateDate":"2016-01-14T16:25:13.745Z"},{"date":"2012 Q4","value":"291.1","year":"2012","month":"","quarter":"Q4","sourceDataset":"CSDB","updateDate":"2016-01-14T16:25:13.745Z"},{"date":"2013 Q1","value":"293.1","year":"2013","month":"","quarter":"Q1","sourceDataset":"CSDB","updateDate":"2016-01-14T16:25:13.745Z"},{"date":"2013 Q2","value":"295.0","year":"2013","month":"","quarter":"Q2","sourceDataset":"CSDB","updateDate":"2016-01-14T16:25:13.745Z"},{"date":"2013 Q3","value":"296.2","year":"2013","month":"","quarter":"Q3","sourceDataset":"CSDB","updateDate":"2016-01-14T16:25:13.745Z"},{"date":"2013 Q4","value":"297.5","year":"2013","month":"","quarter":"Q4","sourceDataset":"CSDB","updateDate":"2016-01-14T16:25:13.745Z"},{"date":"2014 Q1","value":"299.4","year":"2014","month":"","quarter":"Q1","sourceDataset":"CSDB","updateDate":"2016-01-14T16:25:13.745Z"},{"date":"2014 Q2","value":"301.3","year":"2014","month":"","quarter":"Q2","sourceDataset":"CSDB","updateDate":"2016-01-14T16:25:13.745Z"},{"date":"2014 Q3","value":"303.6","year":"2014","month":"","quarter":"Q3","sourceDataset":"CSDB","updateDate":"2016-01-14T16:25:13.745Z"},{"date":"2014 Q4","value":"305.5","year":"2014","month":"","quarter":"Q4","sourceDataset":"CSDB","updateDate":"2016-01-14T16:25:13.745Z"},{"date":"2015 Q1","value":"306.3","year":"2015","month":"","quarter":"Q1","sourceDataset":"CSDB","updateDate":"2016-01-14T16:25:13.745Z"},{"date":"2015 Q2","value":"307.9","year":"2015","month":"","quarter":"Q2","sourceDataset":"CSDB","updateDate":"2016-01-14T16:25:13.745Z"}],"months":[{"date":"1987 JAN","value":"100.0","year":"1987","month":"January","quarter":"","sourceDataset":"CSDB","updateDate":"2016-01-14T16:25:13.745Z"},{"date":"1987 FEB","value":"100.4","year":"1987","month":"February","quarter":"","sourceDataset":"CSDB","updateDate":"2016-01-14T16:25:13.745Z"},{"date":"1987 MAR","value":"100.6","year":"1987","month":"March","quarter":"","sourceDataset":"CSDB","updateDate":"2016-01-14T16:25:13.745Z"},{"date":"1987 APR","value":"101.2","year":"1987","month":"April","quarter":"","sourceDataset":"CSDB","updateDate":"2016-01-14T16:25:13.745Z"},{"date":"1987 MAY","value":"101.5","year":"1987","month":"May","quarter":"","sourceDataset":"CSDB","updateDate":"2016-01-14T16:25:13.745Z"},{"date":"1987 JUN","value":"101.9","year":"1987","month":"June","quarter":"","sourceDataset":"CSDB","updateDate":"2016-01-14T16:25:13.745Z"},{"date":"1987 JUL","value":"102.8","year":"1987","month":"July","quarter":"","sourceDataset":"CSDB","updateDate":"2016-01-14T16:25:13.745Z"},{"date":"1987 AUG","value":"103.1","year":"1987","month":"August","quarter":"","sourceDataset":"CSDB","updateDate":"2016-01-14T16:25:13.745Z"},{"date":"1987 SEP","value":"103.8","year":"1987","month":"September","quarter":"","sourceDataset":"CSDB","updateDate":"2016-01-14T16:25:13.745Z"},{"date":"1987 OCT","value":"104.2","year":"1987","month":"October","quarter":"","sourceDataset":"CSDB","updateDate":"2016-01-14T16:25:13.745Z"},{"date":"1987 NOV","value":"105.1","year":"1987","month":"November","quarter":"","sourceDataset":"CSDB","updateDate":"2016-01-14T16:25:13.745Z"},{"date":"1987 DEC","value":"105.6","year":"1987","month":"December","quarter":"","sourceDataset":"CSDB","updateDate":"2016-01-14T16:25:13.745Z"},{"date":"1988 JAN","value":"106.3","year":"1988","month":"January","quarter":"","sourceDataset":"CSDB","updateDate":"2016-01-14T16:25:13.745Z"},{"date":"1988 FEB","value":"106.6","year":"1988","month":"February","quarter":"","sourceDataset":"CSDB","updateDate":"2016-01-14T16:25:13.745Z"},{"date":"1988 MAR","value":"107.1","year":"1988","month":"March","quarter":"","sourceDataset":"CSDB","updateDate":"2016-01-14T16:25:13.745Z"},{"date":"1988 APR","value":"108.1","year":"1988","month":"April","quarter":"","sourceDataset":"CSDB","updateDate":"2016-01-14T16:25:13.745Z"},{"date":"1988 MAY","value":"108.6","year":"1988","month":"May","quarter":"","sourceDataset":"CSDB","updateDate":"2016-01-14T16:25:13.745Z"},{"date":"1988 JUN","value":"109.1","year":"1988","month":"June","quarter":"","sourceDataset":"CSDB","updateDate":"2016-01-14T16:25:13.745Z"},{"date":"1988 JUL","value":"109.3","year":"1988","month":"July","quarter":"","sourceDataset":"CSDB","updateDate":"2016-01-14T16:25:13.745Z"},{"date":"1988 AUG","value":"109.8","year":"1988","month":"August","quarter":"","sourceDataset":"CSDB","updateDate":"2016-01-14T16:25:13.745Z"},{"date":"1988 SEP","value":"110.1","year":"1988","month":"September","quarter":"","sourceDataset":"CSDB","updateDate":"2016-01-14T16:25:13.745Z"},{"date":"1988 OCT","value":"110.7","year":"1988","month":"October","quarter":"","sourceDataset":"CSDB","updateDate":"2016-01-14T16:25:13.745Z"},{"date":"1988 NOV","value":"111.2","year":"1988","month":"November","quarter":"","sourceDataset":"CSDB","updateDate":"2016-01-14T16:25:13.745Z"},{"date":"1988 DEC","value":"111.6","year":"1988","month":"December","quarter":"","sourceDataset":"CSDB","updateDate":"2016-01-14T16:25:13.745Z"},{"date":"1989 JAN","value":"112.3","year":"1989","month":"January","quarter":"","sourceDataset":"CSDB","updateDate":"2016-01-14T16:25:13.745Z"},{"date":"1989 FEB","value":"112.7","year":"1989","month":"February","quarter":"","sourceDataset":"CSDB","updateDate":"2016-01-14T16:25:13.745Z"},{"date":"1989 MAR","value":"113.0","year":"1989","month":"March","quarter":"","sourceDataset":"CSDB","updateDate":"2016-01-14T16:25:13.745Z"},{"date":"1989 APR","value":"113.9","year":"1989","month":"April","quarter":"","sourceDataset":"CSDB","updateDate":"2016-01-14T16:25:13.745Z"},{"date":"1989 MAY","value":"114.6","year":"1989","month":"May","quarter":"","sourceDataset":"CSDB","updateDate":"2016-01-14T16:25:13.745Z"},{"date":"1989 JUN","value":"115.1","year":"1989","month":"June","quarter":"","sourceDataset":"CSDB","updateDate":"2016-01-14T16:25:13.745Z"},{"date":"1989 JUL","value":"115.8","year":"1989","month":"July","quarter":"","sourceDataset":"CSDB","updateDate":"2016-01-14T16:25:13.745Z"},{"date":"1989 AUG","value":"116.5","year":"1989","month":"August","quarter":"","sourceDataset":"CSDB","updateDate":"2016-01-14T16:25:13.745Z"},{"date":"1989 SEP","value":"116.9","year":"1989","month":"September","quarter":"","sourceDataset":"CSDB","updateDate":"2016-01-14T16:25:13.745Z"},{"date":"1989 OCT","value":"117.4","year":"1989","month":"October","quarter":"","sourceDataset":"CSDB","updateDate":"2016-01-14T16:25:13.745Z"},{"date":"1989 NOV","value":"118.1","year":"1989","month":"November","quarter":"","sourceDataset":"CSDB","updateDate":"2016-01-14T16:25:13.745Z"},{"date":"1989 DEC","value":"118.9","year":"1989","month":"December","quarter":"","sourceDataset":"CSDB","updateDate":"2016-01-14T16:25:13.745Z"},{"date":"1990 JAN","value":"120.0","year":"1990","month":"January","quarter":"","sourceDataset":"CSDB","updateDate":"2016-01-14T16:25:13.745Z"},{"date":"1990 FEB","value":"120.6","year":"1990","month":"February","quarter":"","sourceDataset":"CSDB","updateDate":"2016-01-14T16:25:13.745Z"},{"date":"1990 MAR","value":"121.4","year":"1990","month":"March","quarter":"","sourceDataset":"CSDB","updateDate":"2016-01-14T16:25:13.745Z"},{"date":"1990 APR","value":"122.8","year":"1990","month":"April","quarter":"","sourceDataset":"CSDB","updateDate":"2016-01-14T16:25:13.745Z"},{"date":"1990 MAY","value":"123.7","year":"1990","month":"May","quarter":"","sourceDataset":"CSDB","updateDate":"2016-01-14T16:25:13.745Z"},{"date":"1990 JUN","value":"124.8","year":"1990","month":"June","quarter":"","sourceDataset":"CSDB","updateDate":"2016-01-14T16:25:13.745Z"},{"date":"1990 JUL","value":"126.4","year":"1990","month":"July","quarter":"","sourceDataset":"CSDB","updateDate":"2016-01-14T16:25:13.745Z"},{"date":"1990 AUG","value":"127.2","year":"1990","month":"August","quarter":"","sourceDataset":"CSDB","updateDate":"2016-01-14T16:25:13.745Z"},{"date":"1990 SEP","value":"128.5","year":"1990","month":"September","quarter":"","sourceDataset":"CSDB","updateDate":"2016-01-14T16:25:13.745Z"},{"date":"1990 OCT","value":"129.4","year":"1990","month":"October","quarter":"","sourceDataset":"CSDB","updateDate":"2016-01-14T16:25:13.745Z"},{"date":"1990 NOV","value":"130.2","year":"1990","month":"November","quarter":"","sourceDataset":"CSDB","updateDate":"2016-01-14T16:25:13.745Z"},{"date":"1990 DEC","value":"130.7","year":"1990","month":"December","quarter":"","sourceDataset":"CSDB","updateDate":"2016-01-14T16:25:13.745Z"},{"date":"1991 JAN","value":"131.8","year":"1991","month":"January","quarter":"","sourceDataset":"CSDB","updateDate":"2016-01-14T16:25:13.745Z"},{"date":"1991 FEB","value":"132.6","year":"1991","month":"February","quarter":"","sourceDataset":"CSDB","updateDate":"2016-01-14T16:25:13.745Z"},{"date":"1991 MAR","value":"132.8","year":"1991","month":"March","quarter":"","sourceDataset":"CSDB","updateDate":"2016-01-14T16:25:13.745Z"},{"date":"1991 APR","value":"137.5","year":"1991","month":"April","quarter":"","sourceDataset":"CSDB","updateDate":"2016-01-14T16:25:13.745Z"},{"date":"1991 MAY","value":"138.6","year":"1991","month":"May","quarter":"","sourceDataset":"CSDB","updateDate":"2016-01-14T16:25:13.745Z"},{"date":"1991 JUN","value":"139.6","year":"1991","month":"June","quarter":"","sourceDataset":"CSDB","updateDate":"2016-01-14T16:25:13.745Z"},{"date":"1991 JUL","value":"140.0","year":"1991","month":"July","quarter":"","sourceDataset":"CSDB","updateDate":"2016-01-14T16:25:13.745Z"},{"date":"1991 AUG","value":"140.4","year":"1991","month":"August","quarter":"","sourceDataset":"CSDB","updateDate":"2016-01-14T16:25:13.745Z"},{"date":"1991 SEP","value":"141.0","year":"1991","month":"September","quarter":"","sourceDataset":"CSDB","updateDate":"2016-01-14T16:25:13.745Z"},{"date":"1991 OCT","value":"141.9","year":"1991","month":"October","quarter":"","sourceDataset":"CSDB","updateDate":"2016-01-14T16:25:13.745Z"},{"date":"1991 NOV","value":"142.3","year":"1991","month":"November","quarter":"","sourceDataset":"CSDB","updateDate":"2016-01-14T16:25:13.745Z"},{"date":"1991 DEC","value":"142.9","year":"1991","month":"December","quarter":"","sourceDataset":"CSDB","updateDate":"2016-01-14T16:25:13.745Z"},{"date":"1992 JAN","value":"143.5","year":"1992","month":"January","quarter":"","sourceDataset":"CSDB","updateDate":"2016-01-14T16:25:13.745Z"},{"date":"1992 FEB","value":"144.0","year":"1992","month":"February","quarter":"","sourceDataset":"CSDB","updateDate":"2016-01-14T16:25:13.745Z"},{"date":"1992 MAR","value":"144.9","year":"1992","month":"March","quarter":"","sourceDataset":"CSDB","updateDate":"2016-01-14T16:25:13.745Z"},{"date":"1992 APR","value":"146.1","year":"1992","month":"April","quarter":"","sourceDataset":"CSDB","updateDate":"2016-01-14T16:25:13.745Z"},{"date":"1992 MAY","value":"147.0","year":"1992","month":"May","quarter":"","sourceDataset":"CSDB","updateDate":"2016-01-14T16:25:13.745Z"},{"date":"1992 JUN","value":"147.7","year":"1992","month":"June","quarter":"","sourceDataset":"CSDB","updateDate":"2016-01-14T16:25:13.745Z"},{"date":"1992 JUL","value":"148.2","year":"1992","month":"July","quarter":"","sourceDataset":"CSDB","updateDate":"2016-01-14T16:25:13.745Z"},{"date":"1992 AUG","value":"149.0","year":"1992","month":"August","quarter":"","sourceDataset":"CSDB","updateDate":"2016-01-14T16:25:13.745Z"},{"date":"1992 SEP","value":"149.3","year":"1992","month":"September","quarter":"","sourceDataset":"CSDB","updateDate":"2016-01-14T16:25:13.745Z"},{"date":"1992 OCT","value":"149.7","year":"1992","month":"October","quarter":"","sourceDataset":"CSDB","updateDate":"2016-01-14T16:25:13.745Z"},{"date":"1992 NOV","value":"150.2","year":"1992","month":"November","quarter":"","sourceDataset":"CSDB","updateDate":"2016-01-14T16:25:13.745Z"},{"date":"1992 DEC","value":"150.5","year":"1992","month":"December","quarter":"","sourceDataset":"CSDB","updateDate":"2016-01-14T16:25:13.745Z"},{"date":"1993 JAN","value":"151.1","year":"1993","month":"January","quarter":"","sourceDataset":"CSDB","updateDate":"2016-01-14T16:25:13.745Z"},{"date":"1993 FEB","value":"151.8","year":"1993","month":"February","quarter":"","sourceDataset":"CSDB","updateDate":"2016-01-14T16:25:13.745Z"},{"date":"1993 MAR","value":"152.5","year":"1993","month":"March","quarter":"","sourceDataset":"CSDB","updateDate":"2016-01-14T16:25:13.745Z"},{"date":"1993 APR","value":"154.0","year":"1993","month":"April","quarter":"","sourceDataset":"CSDB","updateDate":"2016-01-14T16:25:13.745Z"},{"date":"1993 MAY","value":"154.5","year":"1993","month":"May","quarter":"","sourceDataset":"CSDB","updateDate":"2016-01-14T16:25:13.745Z"},{"date":"1993 JUN","value":"155.3","year":"1993","month":"June","quarter":"","sourceDataset":"CSDB","updateDate":"2016-01-14T16:25:13.745Z"},{"date":"1993 JUL","value":"155.9","year":"1993","month":"July","quarter":"","sourceDataset":"CSDB","updateDate":"2016-01-14T16:25:13.745Z"},{"date":"1993 AUG","value":"156.2","year":"1993","month":"August","quarter":"","sourceDataset":"CSDB","updateDate":"2016-01-14T16:25:13.745Z"},{"date":"1993 SEP","value":"156.6","year":"1993","month":"September","quarter":"","sourceDataset":"CSDB","updateDate":"2016-01-14T16:25:13.745Z"},{"date":"1993 OCT","value":"157.0","year":"1993","month":"October","quarter":"","sourceDataset":"CSDB","updateDate":"2016-01-14T16:25:13.745Z"},{"date":"1993 NOV","value":"157.5","year":"1993","month":"November","quarter":"","sourceDataset":"CSDB","updateDate":"2016-01-14T16:25:13.745Z"},{"date":"1993 DEC","value":"158.0","year":"1993","month":"December","quarter":"","sourceDataset":"CSDB","updateDate":"2016-01-14T16:25:13.745Z"},{"date":"1994 JAN","value":"158.7","year":"1994","month":"January","quarter":"","sourceDataset":"CSDB","updateDate":"2016-01-14T16:25:13.745Z"},{"date":"1994 FEB","value":"159.1","year":"1994","month":"February","quarter":"","sourceDataset":"CSDB","updateDate":"2016-01-14T16:25:13.745Z"},{"date":"1994 MAR","value":"159.3","year":"1994","month":"March","quarter":"","sourceDataset":"CSDB","updateDate":"2016-01-14T16:25:13.745Z"},{"date":"1994 APR","value":"159.9","year":"1994","month":"April","quarter":"","sourceDataset":"CSDB","updateDate":"2016-01-14T16:25:13.745Z"},{"date":"1994 MAY","value":"160.5","year":"1994","month":"May","quarter":"","sourceDataset":"CSDB","updateDate":"2016-01-14T16:25:13.745Z"},{"date":"1994 JUN","value":"160.9","year":"1994","month":"June","quarter":"","sourceDataset":"CSDB","updateDate":"2016-01-14T16:25:13.745Z"},{"date":"1994 JUL","value":"161.4","year":"1994","month":"July","quarter":"","sourceDataset":"CSDB","updateDate":"2016-01-14T16:25:13.745Z"},{"date":"1994 AUG","value":"162.3","year":"1994","month":"August","quarter":"","sourceDataset":"CSDB","updateDate":"2016-01-14T16:25:13.745Z"},{"date":"1994 SEP","value":"162.9","year":"1994","month":"September","quarter":"","sourceDataset":"CSDB","updateDate":"2016-01-14T16:25:13.745Z"},{"date":"1994 OCT","value":"163.6","year":"1994","month":"October","quarter":"","sourceDataset":"CSDB","updateDate":"2016-01-14T16:25:13.745Z"},{"date":"1994 NOV","value":"164.0","year":"1994","month":"November","quarter":"","sourceDataset":"CSDB","updateDate":"2016-01-14T16:25:13.745Z"},{"date":"1994 DEC","value":"164.4","year":"1994","month":"December","quarter":"","sourceDataset":"CSDB","updateDate":"2016-01-14T16:25:13.745Z"},{"date":"1995 JAN","value":"164.9","year":"1995","month":"January","quarter":"","sourceDataset":"CSDB","updateDate":"2016-01-14T16:25:13.745Z"},{"date":"1995 FEB","value":"165.7","year":"1995","month":"February","quarter":"","sourceDataset":"CSDB","updateDate":"2016-01-14T16:25:13.745Z"},{"date":"1995 MAR","value":"166.5","year":"1995","month":"March","quarter":"","sourceDataset":"CSDB","updateDate":"2016-01-14T16:25:13.745Z"},{"date":"1995 APR","value":"167.2","year":"1995","month":"April","quarter":"","sourceDataset":"CSDB","updateDate":"2016-01-14T16:25:13.745Z"},{"date":"1995 MAY","value":"167.7","year":"1995","month":"May","quarter":"","sourceDataset":"CSDB","updateDate":"2016-01-14T16:25:13.745Z"},{"date":"1995 JUN","value":"167.2","year":"1995","month":"June","quarter":"","sourceDataset":"CSDB","updateDate":"2016-01-14T16:25:13.745Z"},{"date":"1995 JUL","value":"167.8","year":"1995","month":"July","quarter":"","sourceDataset":"CSDB","updateDate":"2016-01-14T16:25:13.745Z"},{"date":"1995 AUG","value":"168.0","year":"1995","month":"August","quarter":"","sourceDataset":"CSDB","updateDate":"2016-01-14T16:25:13.745Z"},{"date":"1995 SEP","value":"168.4","year":"1995","month":"September","quarter":"","sourceDataset":"CSDB","updateDate":"2016-01-14T16:25:13.745Z"},{"date":"1995 OCT","value":"168.8","year":"1995","month":"October","quarter":"","sourceDataset":"CSDB","updateDate":"2016-01-14T16:25:13.745Z"},{"date":"1995 NOV","value":"169.0","year":"1995","month":"November","quarter":"","sourceDataset":"CSDB","updateDate":"2016-01-14T16:25:13.745Z"},{"date":"1995 DEC","value":"169.4","year":"1995","month":"December","quarter":"","sourceDataset":"CSDB","updateDate":"2016-01-14T16:25:13.745Z"},{"date":"1996 JAN","value":"170.1","year":"1996","month":"January","quarter":"","sourceDataset":"CSDB","updateDate":"2016-01-14T16:25:13.745Z"},{"date":"1996 FEB","value":"170.6","year":"1996","month":"February","quarter":"","sourceDataset":"CSDB","updateDate":"2016-01-14T16:25:13.745Z"},{"date":"1996 MAR","value":"170.9","year":"1996","month":"March","quarter":"","sourceDataset":"CSDB","updateDate":"2016-01-14T16:25:13.745Z"},{"date":"1996 APR","value":"171.5","year":"1996","month":"April","quarter":"","sourceDataset":"CSDB","updateDate":"2016-01-14T16:25:13.745Z"},{"date":"1996 MAY","value":"171.9","year":"1996","month":"May","quarter":"","sourceDataset":"CSDB","updateDate":"2016-01-14T16:25:13.745Z"},{"date":"1996 JUN","value":"172.9","year":"1996","month":"June","quarter":"","sourceDataset":"CSDB","updateDate":"2016-01-14T16:25:13.745Z"},{"date":"1996 JUL","value":"173.8","year":"1996","month":"July","quarter":"","sourceDataset":"CSDB","updateDate":"2016-01-14T16:25:13.745Z"},{"date":"1996 AUG","value":"174.4","year":"1996","month":"August","quarter":"","sourceDataset":"CSDB","updateDate":"2016-01-14T16:25:13.745Z"},{"date":"1996 SEP","value":"174.7","year":"1996","month":"September","quarter":"","sourceDataset":"CSDB","updateDate":"2016-01-14T16:25:13.745Z"},{"date":"1996 OCT","value":"175.3","year":"1996","month":"October","quarter":"","sourceDataset":"CSDB","updateDate":"2016-01-14T16:25:13.745Z"},{"date":"1996 NOV","value":"175.7","year":"1996","month":"November","quarter":"","sourceDataset":"CSDB","updateDate":"2016-01-14T16:25:13.745Z"},{"date":"1996 DEC","value":"175.8","year":"1996","month":"December","quarter":"","sourceDataset":"CSDB","updateDate":"2016-01-14T16:25:13.745Z"},{"date":"1997 JAN","value":"176.3","year":"1997","month":"January","quarter":"","sourceDataset":"CSDB","updateDate":"2016-01-14T16:25:13.745Z"},{"date":"1997 FEB","value":"176.7","year":"1997","month":"February","quarter":"","sourceDataset":"CSDB","updateDate":"2016-01-14T16:25:13.745Z"},{"date":"1997 MAR","value":"177.0","year":"1997","month":"March","quarter":"","sourceDataset":"CSDB","updateDate":"2016-01-14T16:25:13.745Z"},{"date":"1997 APR","value":"177.8","year":"1997","month":"April","quarter":"","sourceDataset":"CSDB","updateDate":"2016-01-14T16:25:13.745Z"},{"date":"1997 MAY","value":"178.2","year":"1997","month":"May","quarter":"","sourceDataset":"CSDB","updateDate":"2016-01-14T16:25:13.745Z"},{"date":"1997 JUN","value":"178.8","year":"1997","month":"June","quarter":"","sourceDataset":"CSDB","updateDate":"2016-01-14T16:25:13.745Z"},{"date":"1997 JUL","value":"179.2","year":"1997","month":"July","quarter":"","sourceDataset":"CSDB","updateDate":"2016-01-14T16:25:13.745Z"},{"date":"1997 AUG","value":"179.5","year":"1997","month":"August","quarter":"","sourceDataset":"CSDB","updateDate":"2016-01-14T16:25:13.745Z"},{"date":"1997 SEP","value":"180.1","year":"1997","month":"September","quarter":"","sourceDataset":"CSDB","updateDate":"2016-01-14T16:25:13.745Z"},{"date":"1997 OCT","value":"180.5","year":"1997","month":"October","quarter":"","sourceDataset":"CSDB","updateDate":"2016-01-14T16:25:13.745Z"},{"date":"1997 NOV","value":"181.0","year":"1997","month":"November","quarter":"","sourceDataset":"CSDB","updateDate":"2016-01-14T16:25:13.745Z"},{"date":"1997 DEC","value":"181.4","year":"1997","month":"December","quarter":"","sourceDataset":"CSDB","updateDate":"2016-01-14T16:25:13.745Z"},{"date":"1998 JAN","value":"182.0","year":"1998","month":"January","quarter":"","sourceDataset":"CSDB","updateDate":"2016-01-14T16:25:13.745Z"},{"date":"1998 FEB","value":"182.4","year":"1998","month":"February","quarter":"","sourceDataset":"CSDB","updateDate":"2016-01-14T16:25:13.745Z"},{"date":"1998 MAR","value":"182.8","year":"1998","month":"March","quarter":"","sourceDataset":"CSDB","updateDate":"2016-01-14T16:25:13.745Z"},{"date":"1998 APR","value":"183.6","year":"1998","month":"April","quarter":"","sourceDataset":"CSDB","updateDate":"2016-01-14T16:25:13.745Z"},{"date":"1998 MAY","value":"184.3","year":"1998","month":"May","quarter":"","sourceDataset":"CSDB","updateDate":"2016-01-14T16:25:13.745Z"},{"date":"1998 JUN","value":"185.0","year":"1998","month":"June","quarter":"","sourceDataset":"CSDB","updateDate":"2016-01-14T16:25:13.745Z"},{"date":"1998 JUL","value":"185.5","year":"1998","month":"July","quarter":"","sourceDataset":"CSDB","updateDate":"2016-01-14T16:25:13.745Z"},{"date":"1998 AUG","value":"186.0","year":"1998","month":"August","quarter":"","sourceDataset":"CSDB","updateDate":"2016-01-14T16:25:13.745Z"},{"date":"1998 SEP","value":"186.5","year":"1998","month":"September","quarter":"","sourceDataset":"CSDB","updateDate":"2016-01-14T16:25:13.745Z"},{"date":"1998 OCT","value":"186.9","year":"1998","month":"October","quarter":"","sourceDataset":"CSDB","updateDate":"2016-01-14T16:25:13.745Z"},{"date":"1998 NOV","value":"187.4","year":"1998","month":"November","quarter":"","sourceDataset":"CSDB","updateDate":"2016-01-14T16:25:13.745Z"},{"date":"1998 DEC","value":"187.9","year":"1998","month":"December","quarter":"","sourceDataset":"CSDB","updateDate":"2016-01-14T16:25:13.745Z"},{"date":"1999 JAN","value":"188.7","year":"1999","month":"January","quarter":"","sourceDataset":"CSDB","updateDate":"2016-01-14T16:25:13.746Z"},{"date":"1999 FEB","value":"189.2","year":"1999","month":"February","quarter":"","sourceDataset":"CSDB","updateDate":"2016-01-14T16:25:13.746Z"},{"date":"1999 MAR","value":"189.7","year":"1999","month":"March","quarter":"","sourceDataset":"CSDB","updateDate":"2016-01-14T16:25:13.746Z"},{"date":"1999 APR","value":"190.6","year":"1999","month":"April","quarter":"","sourceDataset":"CSDB","updateDate":"2016-01-14T16:25:13.746Z"},{"date":"1999 MAY","value":"191.1","year":"1999","month":"May","quarter":"","sourceDataset":"CSDB","updateDate":"2016-01-14T16:25:13.746Z"},{"date":"1999 JUN","value":"191.6","year":"1999","month":"June","quarter":"","sourceDataset":"CSDB","updateDate":"2016-01-14T16:25:13.746Z"},{"date":"1999 JUL","value":"192.1","year":"1999","month":"July","quarter":"","sourceDataset":"CSDB","updateDate":"2016-01-14T16:25:13.746Z"},{"date":"1999 AUG","value":"192.9","year":"1999","month":"August","quarter":"","sourceDataset":"CSDB","updateDate":"2016-01-14T16:25:13.746Z"},{"date":"1999 SEP","value":"192.8","year":"1999","month":"September","quarter":"","sourceDataset":"CSDB","updateDate":"2016-01-14T16:25:13.746Z"},{"date":"1999 OCT","value":"193.6","year":"1999","month":"October","quarter":"","sourceDataset":"CSDB","updateDate":"2016-01-14T16:25:13.746Z"},{"date":"1999 NOV","value":"193.7","year":"1999","month":"November","quarter":"","sourceDataset":"CSDB","updateDate":"2016-01-14T16:25:13.746Z"},{"date":"1999 DEC","value":"194.5","year":"1999","month":"December","quarter":"","sourceDataset":"CSDB","updateDate":"2016-01-14T16:25:13.746Z"},{"date":"2000 JAN","value":"194.9","year":"2000","month":"January","quarter":"","sourceDataset":"CSDB","updateDate":"2016-01-14T16:25:13.746Z"},{"date":"2000 FEB","value":"195.2","year":"2000","month":"February","quarter":"","sourceDataset":"CSDB","updateDate":"2016-01-14T16:25:13.746Z"},{"date":"2000 MAR","value":"195.3","year":"2000","month":"March","quarter":"","sourceDataset":"CSDB","updateDate":"2016-01-14T16:25:13.746Z"},{"date":"2000 APR","value":"195.9","year":"2000","month":"April","quarter":"","sourceDataset":"CSDB","updateDate":"2016-01-14T16:25:13.746Z"},{"date":"2000 MAY","value":"196.9","year":"2000","month":"May","quarter":"","sourceDataset":"CSDB","updateDate":"2016-01-14T16:25:13.746Z"},{"date":"2000 JUN","value":"196.9","year":"2000","month":"June","quarter":"","sourceDataset":"CSDB","updateDate":"2016-01-14T16:25:13.746Z"},{"date":"2000 JUL","value":"197.8","year":"2000","month":"July","quarter":"","sourceDataset":"CSDB","updateDate":"2016-01-14T16:25:13.746Z"},{"date":"2000 AUG","value":"198.1","year":"2000","month":"August","quarter":"","sourceDataset":"CSDB","updateDate":"2016-01-14T16:25:13.746Z"},{"date":"2000 SEP","value":"198.9","year":"2000","month":"September","quarter":"","sourceDataset":"CSDB","updateDate":"2016-01-14T16:25:13.746Z"},{"date":"2000 OCT","value":"199.2","year":"2000","month":"October","quarter":"","sourceDataset":"CSDB","updateDate":"2016-01-14T16:25:13.746Z"},{"date":"2000 NOV","value":"199.7","year":"2000","month":"November","quarter":"","sourceDataset":"CSDB","updateDate":"2016-01-14T16:25:13.746Z"},{"date":"2000 DEC","value":"200.5","year":"2000","month":"December","quarter":"","sourceDataset":"CSDB","updateDate":"2016-01-14T16:25:13.746Z"},{"date":"2001 JAN","value":"201.2","year":"2001","month":"January","quarter":"","sourceDataset":"CSDB","updateDate":"2016-01-14T16:25:13.746Z"},{"date":"2001 FEB","value":"201.4","year":"2001","month":"February","quarter":"","sourceDataset":"CSDB","updateDate":"2016-01-14T16:25:13.746Z"},{"date":"2001 MAR","value":"202.3","year":"2001","month":"March","quarter":"","sourceDataset":"CSDB","updateDate":"2016-01-14T16:25:13.746Z"},{"date":"2001 APR","value":"203.3","year":"2001","month":"April","quarter":"","sourceDataset":"CSDB","updateDate":"2016-01-14T16:25:13.746Z"},{"date":"2001 MAY","value":"205.3","year":"2001","month":"May","quarter":"","sourceDataset":"CSDB","updateDate":"2016-01-14T16:25:13.746Z"},{"date":"2001 JUN","value":"206.0","year":"2001","month":"June","quarter":"","sourceDataset":"CSDB","updateDate":"2016-01-14T16:25:13.746Z"},{"date":"2001 JUL","value":"206.9","year":"2001","month":"July","quarter":"","sourceDataset":"CSDB","updateDate":"2016-01-14T16:25:13.746Z"},{"date":"2001 AUG","value":"207.6","year":"2001","month":"August","quarter":"","sourceDataset":"CSDB","updateDate":"2016-01-14T16:25:13.746Z"},{"date":"2001 SEP","value":"208.1","year":"2001","month":"September","quarter":"","sourceDataset":"CSDB","updateDate":"2016-01-14T16:25:13.746Z"},{"date":"2001 OCT","value":"208.6","year":"2001","month":"October","quarter":"","sourceDataset":"CSDB","updateDate":"2016-01-14T16:25:13.746Z"},{"date":"2001 NOV","value":"208.3","year":"2001","month":"November","quarter":"","sourceDataset":"CSDB","updateDate":"2016-01-14T16:25:13.746Z"},{"date":"2001 DEC","value":"208.7","year":"2001","month":"December","quarter":"","sourceDataset":"CSDB","updateDate":"2016-01-14T16:25:13.746Z"},{"date":"2002 JAN","value":"209.1","year":"2002","month":"January","quarter":"","sourceDataset":"CSDB","updateDate":"2016-01-14T16:25:13.746Z"},{"date":"2002 FEB","value":"209.4","year":"2002","month":"February","quarter":"","sourceDataset":"CSDB","updateDate":"2016-01-14T16:25:13.746Z"},{"date":"2002 MAR","value":"209.7","year":"2002","month":"March","quarter":"","sourceDataset":"CSDB","updateDate":"2016-01-14T16:25:13.746Z"},{"date":"2002 APR","value":"210.3","year":"2002","month":"April","quarter":"","sourceDataset":"CSDB","updateDate":"2016-01-14T16:25:13.746Z"},{"date":"2002 MAY","value":"210.9","year":"2002","month":"May","quarter":"","sourceDataset":"CSDB","updateDate":"2016-01-14T16:25:13.746Z"},{"date":"2002 JUN","value":"211.2","year":"2002","month":"June","quarter":"","sourceDataset":"CSDB","updateDate":"2016-01-14T16:25:13.746Z"},{"date":"2002 JUL","value":"211.8","year":"2002","month":"July","quarter":"","sourceDataset":"CSDB","updateDate":"2016-01-14T16:25:13.746Z"},{"date":"2002 AUG","value":"212.3","year":"2002","month":"August","quarter":"","sourceDataset":"CSDB","updateDate":"2016-01-14T16:25:13.746Z"},{"date":"2002 SEP","value":"212.8","year":"2002","month":"September","quarter":"","sourceDataset":"CSDB","updateDate":"2016-01-14T16:25:13.746Z"},{"date":"2002 OCT","value":"212.7","year":"2002","month":"October","quarter":"","sourceDataset":"CSDB","updateDate":"2016-01-14T16:25:13.746Z"},{"date":"2002 NOV","value":"213.3","year":"2002","month":"November","quarter":"","sourceDataset":"CSDB","updateDate":"2016-01-14T16:25:13.746Z"},{"date":"2002 DEC","value":"213.8","year":"2002","month":"December","quarter":"","sourceDataset":"CSDB","updateDate":"2016-01-14T16:25:13.746Z"},{"date":"2003 JAN","value":"214.7","year":"2003","month":"January","quarter":"","sourceDataset":"CSDB","updateDate":"2016-01-14T16:25:13.746Z"},{"date":"2003 FEB","value":"215.0","year":"2003","month":"February","quarter":"","sourceDataset":"CSDB","updateDate":"2016-01-14T16:25:13.746Z"},{"date":"2003 MAR","value":"215.6","year":"2003","month":"March","quarter":"","sourceDataset":"CSDB","updateDate":"2016-01-14T16:25:13.746Z"},{"date":"2003 APR","value":"216.1","year":"2003","month":"April","quarter":"","sourceDataset":"CSDB","updateDate":"2016-01-14T16:25:13.746Z"},{"date":"2003 MAY","value":"216.7","year":"2003","month":"May","quarter":"","sourceDataset":"CSDB","updateDate":"2016-01-14T16:25:13.746Z"},{"date":"2003 JUN","value":"217.1","year":"2003","month":"June","quarter":"","sourceDataset":"CSDB","updateDate":"2016-01-14T16:25:13.746Z"},{"date":"2003 JUL","value":"217.6","year":"2003","month":"July","quarter":"","sourceDataset":"CSDB","updateDate":"2016-01-14T16:25:13.746Z"},{"date":"2003 AUG","value":"218.0","year":"2003","month":"August","quarter":"","sourceDataset":"CSDB","updateDate":"2016-01-14T16:25:13.746Z"},{"date":"2003 SEP","value":"218.2","year":"2003","month":"September","quarter":"","sourceDataset":"CSDB","updateDate":"2016-01-14T16:25:13.746Z"},{"date":"2003 OCT","value":"218.9","year":"2003","month":"October","quarter":"","sourceDataset":"CSDB","updateDate":"2016-01-14T16:25:13.746Z"},{"date":"2003 NOV","value":"219.4","year":"2003","month":"November","quarter":"","sourceDataset":"CSDB","updateDate":"2016-01-14T16:25:13.746Z"},{"date":"2003 DEC","value":"219.7","year":"2003","month":"December","quarter":"","sourceDataset":"CSDB","updateDate":"2016-01-14T16:25:13.746Z"},{"date":"2004 JAN","value":"220.4","year":"2004","month":"January","quarter":"","sourceDataset":"CSDB","updateDate":"2016-01-14T16:25:13.746Z"},{"date":"2004 FEB","value":"220.8","year":"2004","month":"February","quarter":"","sourceDataset":"CSDB","updateDate":"2016-01-14T16:25:13.746Z"},{"date":"2004 MAR","value":"221.4","year":"2004","month":"March","quarter":"","sourceDataset":"CSDB","updateDate":"2016-01-14T16:25:13.746Z"},{"date":"2004 APR","value":"221.3","year":"2004","month":"April","quarter":"","sourceDataset":"CSDB","updateDate":"2016-01-14T16:25:13.746Z"},{"date":"2004 MAY","value":"222.2","year":"2004","month":"May","quarter":"","sourceDataset":"CSDB","updateDate":"2016-01-14T16:25:13.746Z"},{"date":"2004 JUN","value":"222.9","year":"2004","month":"June","quarter":"","sourceDataset":"CSDB","updateDate":"2016-01-14T16:25:13.746Z"},{"date":"2004 JUL","value":"223.3","year":"2004","month":"July","quarter":"","sourceDataset":"CSDB","updateDate":"2016-01-14T16:25:13.746Z"},{"date":"2004 AUG","value":"223.6","year":"2004","month":"August","quarter":"","sourceDataset":"CSDB","updateDate":"2016-01-14T16:25:13.746Z"},{"date":"2004 SEP","value":"224.0","year":"2004","month":"September","quarter":"","sourceDataset":"CSDB","updateDate":"2016-01-14T16:25:13.746Z"},{"date":"2004 OCT","value":"224.4","year":"2004","month":"October","quarter":"","sourceDataset":"CSDB","updateDate":"2016-01-14T16:25:13.746Z"},{"date":"2004 NOV","value":"225.0","year":"2004","month":"November","quarter":"","sourceDataset":"CSDB","updateDate":"2016-01-14T16:25:13.746Z"},{"date":"2004 DEC","value":"225.8","year":"2004","month":"December","quarter":"","sourceDataset":"CSDB","updateDate":"2016-01-14T16:25:13.746Z"},{"date":"2005 JAN","value":"226.3","year":"2005","month":"January","quarter":"","sourceDataset":"CSDB","updateDate":"2016-01-14T16:25:13.746Z"},{"date":"2005 FEB","value":"226.7","year":"2005","month":"February","quarter":"","sourceDataset":"CSDB","updateDate":"2016-01-14T16:25:13.746Z"},{"date":"2005 MAR","value":"227.3","year":"2005","month":"March","quarter":"","sourceDataset":"CSDB","updateDate":"2016-01-14T16:25:13.746Z"},{"date":"2005 APR","value":"227.8","year":"2005","month":"April","quarter":"","sourceDataset":"CSDB","updateDate":"2016-01-14T16:25:13.746Z"},{"date":"2005 MAY","value":"228.4","year":"2005","month":"May","quarter":"","sourceDataset":"CSDB","updateDate":"2016-01-14T16:25:13.746Z"},{"date":"2005 JUN","value":"228.6","year":"2005","month":"June","quarter":"","sourceDataset":"CSDB","updateDate":"2016-01-14T16:25:13.746Z"},{"date":"2005 JUL","value":"229.1","year":"2005","month":"July","quarter":"","sourceDataset":"CSDB","updateDate":"2016-01-14T16:25:13.746Z"},{"date":"2005 AUG","value":"229.1","year":"2005","month":"August","quarter":"","sourceDataset":"CSDB","updateDate":"2016-01-14T16:25:13.746Z"},{"date":"2005 SEP","value":"229.6","year":"2005","month":"September","quarter":"","sourceDataset":"CSDB","updateDate":"2016-01-14T16:25:13.746Z"},{"date":"2005 OCT","value":"230.8","year":"2005","month":"October","quarter":"","sourceDataset":"CSDB","updateDate":"2016-01-14T16:25:13.746Z"},{"date":"2005 NOV","value":"230.9","year":"2005","month":"November","quarter":"","sourceDataset":"CSDB","updateDate":"2016-01-14T16:25:13.746Z"},{"date":"2005 DEC","value":"231.6","year":"2005","month":"December","quarter":"","sourceDataset":"CSDB","updateDate":"2016-01-14T16:25:13.746Z"},{"date":"2006 JAN","value":"231.8","year":"2006","month":"January","quarter":"","sourceDataset":"CSDB","updateDate":"2016-01-14T16:25:13.746Z"},{"date":"2006 FEB","value":"232.5","year":"2006","month":"February","quarter":"","sourceDataset":"CSDB","updateDate":"2016-01-14T16:25:13.746Z"},{"date":"2006 MAR","value":"232.7","year":"2006","month":"March","quarter":"","sourceDataset":"CSDB","updateDate":"2016-01-14T16:25:13.746Z"},{"date":"2006 APR","value":"233.2","year":"2006","month":"April","quarter":"","sourceDataset":"CSDB","updateDate":"2016-01-14T16:25:13.746Z"},{"date":"2006 MAY","value":"234.3","year":"2006","month":"May","quarter":"","sourceDataset":"CSDB","updateDate":"2016-01-14T16:25:13.746Z"},{"date":"2006 JUN","value":"234.9","year":"2006","month":"June","quarter":"","sourceDataset":"CSDB","updateDate":"2016-01-14T16:25:13.746Z"},{"date":"2006 JUL","value":"235.8","year":"2006","month":"July","quarter":"","sourceDataset":"CSDB","updateDate":"2016-01-14T16:25:13.746Z"},{"date":"2006 AUG","value":"236.5","year":"2006","month":"August","quarter":"","sourceDataset":"CSDB","updateDate":"2016-01-14T16:25:13.746Z"},{"date":"2006 SEP","value":"237.0","year":"2006","month":"September","quarter":"","sourceDataset":"CSDB","updateDate":"2016-01-14T16:25:13.746Z"},{"date":"2006 OCT","value":"237.9","year":"2006","month":"October","quarter":"","sourceDataset":"CSDB","updateDate":"2016-01-14T16:25:13.746Z"},{"date":"2006 NOV","value":"238.3","year":"2006","month":"November","quarter":"","sourceDataset":"CSDB","updateDate":"2016-01-14T16:25:13.746Z"},{"date":"2006 DEC","value":"239.1","year":"2006","month":"December","quarter":"","sourceDataset":"CSDB","updateDate":"2016-01-14T16:25:13.746Z"},{"date":"2007 JAN","value":"239.3","year":"2007","month":"January","quarter":"","sourceDataset":"CSDB","updateDate":"2016-01-14T16:25:13.746Z"},{"date":"2007 FEB","value":"239.9","year":"2007","month":"February","quarter":"","sourceDataset":"CSDB","updateDate":"2016-01-14T16:25:13.746Z"},{"date":"2007 MAR","value":"240.3","year":"2007","month":"March","quarter":"","sourceDataset":"CSDB","updateDate":"2016-01-14T16:25:13.746Z"},{"date":"2007 APR","value":"241.5","year":"2007","month":"April","quarter":"","sourceDataset":"CSDB","updateDate":"2016-01-14T16:25:13.746Z"},{"date":"2007 MAY","value":"241.8","year":"2007","month":"May","quarter":"","sourceDataset":"CSDB","updateDate":"2016-01-14T16:25:13.746Z"},{"date":"2007 JUN","value":"242.7","year":"2007","month":"June","quarter":"","sourceDataset":"CSDB","updateDate":"2016-01-14T16:25:13.746Z"},{"date":"2007 JUL","value":"243.6","year":"2007","month":"July","quarter":"","sourceDataset":"CSDB","updateDate":"2016-01-14T16:25:13.746Z"},{"date":"2007 AUG","value":"244.1","year":"2007","month":"August","quarter":"","sourceDataset":"CSDB","updateDate":"2016-01-14T16:25:13.746Z"},{"date":"2007 SEP","value":"244.5","year":"2007","month":"September","quarter":"","sourceDataset":"CSDB","updateDate":"2016-01-14T16:25:13.746Z"},{"date":"2007 OCT","value":"245.4","year":"2007","month":"October","quarter":"","sourceDataset":"CSDB","updateDate":"2016-01-14T16:25:13.746Z"},{"date":"2007 NOV","value":"247.0","year":"2007","month":"November","quarter":"","sourceDataset":"CSDB","updateDate":"2016-01-14T16:25:13.746Z"},{"date":"2007 DEC","value":"248.5","year":"2007","month":"December","quarter":"","sourceDataset":"CSDB","updateDate":"2016-01-14T16:25:13.746Z"},{"date":"2008 JAN","value":"249.3","year":"2008","month":"January","quarter":"","sourceDataset":"CSDB","updateDate":"2016-01-14T16:25:13.746Z"},{"date":"2008 FEB","value":"249.9","year":"2008","month":"February","quarter":"","sourceDataset":"CSDB","updateDate":"2016-01-14T16:25:13.746Z"},{"date":"2008 MAR","value":"250.2","year":"2008","month":"March","quarter":"","sourceDataset":"CSDB","updateDate":"2016-01-14T16:25:13.746Z"},{"date":"2008 APR","value":"251.7","year":"2008","month":"April","quarter":"","sourceDataset":"CSDB","updateDate":"2016-01-14T16:25:13.746Z"},{"date":"2008 MAY","value":"252.7","year":"2008","month":"May","quarter":"","sourceDataset":"CSDB","updateDate":"2016-01-14T16:25:13.746Z"},{"date":"2008 JUN","value":"253.7","year":"2008","month":"June","quarter":"","sourceDataset":"CSDB","updateDate":"2016-01-14T16:25:13.746Z"},{"date":"2008 JUL","value":"255.3","year":"2008","month":"July","quarter":"","sourceDataset":"CSDB","updateDate":"2016-01-14T16:25:13.746Z"},{"date":"2008 AUG","value":"256.6","year":"2008","month":"August","quarter":"","sourceDataset":"CSDB","updateDate":"2016-01-14T16:25:13.746Z"},{"date":"2008 SEP","value":"257.5","year":"2008","month":"September","quarter":"","sourceDataset":"CSDB","updateDate":"2016-01-14T16:25:13.746Z"},{"date":"2008 OCT","value":"258.2","year":"2008","month":"October","quarter":"","sourceDataset":"CSDB","updateDate":"2016-01-14T16:25:13.746Z"},{"date":"2008 NOV","value":"259.0","year":"2008","month":"November","quarter":"","sourceDataset":"CSDB","updateDate":"2016-01-14T16:25:13.746Z"},{"date":"2008 DEC","value":"259.7","year":"2008","month":"December","quarter":"","sourceDataset":"CSDB","updateDate":"2016-01-14T16:25:13.746Z"},{"date":"2009 JAN","value":"259.9","year":"2009","month":"January","quarter":"","sourceDataset":"CSDB","updateDate":"2016-01-14T16:25:13.746Z"},{"date":"2009 FEB","value":"260.5","year":"2009","month":"February","quarter":"","sourceDataset":"CSDB","updateDate":"2016-01-14T16:25:13.746Z"},{"date":"2009 MAR","value":"260.9","year":"2009","month":"March","quarter":"","sourceDataset":"CSDB","updateDate":"2016-01-14T16:25:13.746Z"},{"date":"2009 APR","value":"261.6","year":"2009","month":"April","quarter":"","sourceDataset":"CSDB","updateDate":"2016-01-14T16:25:13.746Z"},{"date":"2009 MAY","value":"262.2","year":"2009","month":"May","quarter":"","sourceDataset":"CSDB","updateDate":"2016-01-14T16:25:13.746Z"},{"date":"2009 JUN","value":"262.6","year":"2009","month":"June","quarter":"","sourceDataset":"CSDB","updateDate":"2016-01-14T16:25:13.746Z"},{"date":"2009 JUL","value":"262.6","year":"2009","month":"July","quarter":"","sourceDataset":"CSDB","updateDate":"2016-01-14T16:25:13.746Z"},{"date":"2009 AUG","value":"263.3","year":"2009","month":"August","quarter":"","sourceDataset":"CSDB","updateDate":"2016-01-14T16:25:13.746Z"},{"date":"2009 SEP","value":"263.4","year":"2009","month":"September","quarter":"","sourceDataset":"CSDB","updateDate":"2016-01-14T16:25:13.746Z"},{"date":"2009 OCT","value":"263.9","year":"2009","month":"October","quarter":"","sourceDataset":"CSDB","updateDate":"2016-01-14T16:25:13.746Z"},{"date":"2009 NOV","value":"264.4","year":"2009","month":"November","quarter":"","sourceDataset":"CSDB","updateDate":"2016-01-14T16:25:13.746Z"},{"date":"2009 DEC","value":"264.9","year":"2009","month":"December","quarter":"","sourceDataset":"CSDB","updateDate":"2016-01-14T16:25:13.746Z"},{"date":"2010 JAN","value":"266.1","year":"2010","month":"January","quarter":"","sourceDataset":"CSDB","updateDate":"2016-01-14T16:25:13.746Z"},{"date":"2010 FEB","value":"266.5","year":"2010","month":"February","quarter":"","sourceDataset":"CSDB","updateDate":"2016-01-14T16:25:13.746Z"},{"date":"2010 MAR","value":"267.0","year":"2010","month":"March","quarter":"","sourceDataset":"CSDB","updateDate":"2016-01-14T16:25:13.746Z"},{"date":"2010 APR","value":"267.6","year":"2010","month":"April","quarter":"","sourceDataset":"CSDB","updateDate":"2016-01-14T16:25:13.746Z"},{"date":"2010 MAY","value":"268.1","year":"2010","month":"May","quarter":"","sourceDataset":"CSDB","updateDate":"2016-01-14T16:25:13.746Z"},{"date":"2010 JUN","value":"268.7","year":"2010","month":"June","quarter":"","sourceDataset":"CSDB","updateDate":"2016-01-14T16:25:13.746Z"},{"date":"2010 JUL","value":"269.0","year":"2010","month":"July","quarter":"","sourceDataset":"CSDB","updateDate":"2016-01-14T16:25:13.746Z"},{"date":"2010 AUG","value":"269.7","year":"2010","month":"August","quarter":"","sourceDataset":"CSDB","updateDate":"2016-01-14T16:25:13.746Z"},{"date":"2010 SEP","value":"270.6","year":"2010","month":"September","quarter":"","sourceDataset":"CSDB","updateDate":"2016-01-14T16:25:13.746Z"},{"date":"2010 OCT","value":"271.0","year":"2010","month":"October","quarter":"","sourceDataset":"CSDB","updateDate":"2016-01-14T16:25:13.746Z"},{"date":"2010 NOV","value":"272.3","year":"2010","month":"November","quarter":"","sourceDataset":"CSDB","updateDate":"2016-01-14T16:25:13.746Z"},{"date":"2010 DEC","value":"272.7","year":"2010","month":"December","quarter":"","sourceDataset":"CSDB","updateDate":"2016-01-14T16:25:13.746Z"},{"date":"2011 JAN","value":"275.3","year":"2011","month":"January","quarter":"","sourceDataset":"CSDB","updateDate":"2016-01-14T16:25:13.746Z"},{"date":"2011 FEB","value":"276.8","year":"2011","month":"February","quarter":"","sourceDataset":"CSDB","updateDate":"2016-01-14T16:25:13.746Z"},{"date":"2011 MAR","value":"277.5","year":"2011","month":"March","quarter":"","sourceDataset":"CSDB","updateDate":"2016-01-14T16:25:13.746Z"},{"date":"2011 APR","value":"277.9","year":"2011","month":"April","quarter":"","sourceDataset":"CSDB","updateDate":"2016-01-14T16:25:13.746Z"},{"date":"2011 MAY","value":"279.0","year":"2011","month":"May","quarter":"","sourceDataset":"CSDB","updateDate":"2016-01-14T16:25:13.746Z"},{"date":"2011 JUN","value":"279.7","year":"2011","month":"June","quarter":"","sourceDataset":"CSDB","updateDate":"2016-01-14T16:25:13.746Z"},{"date":"2011 JUL","value":"280.1","year":"2011","month":"July","quarter":"","sourceDataset":"CSDB","updateDate":"2016-01-14T16:25:13.746Z"},{"date":"2011 AUG","value":"281.0","year":"2011","month":"August","quarter":"","sourceDataset":"CSDB","updateDate":"2016-01-14T16:25:13.746Z"},{"date":"2011 SEP","value":"281.8","year":"2011","month":"September","quarter":"","sourceDataset":"CSDB","updateDate":"2016-01-14T16:25:13.746Z"},{"date":"2011 OCT","value":"282.3","year":"2011","month":"October","quarter":"","sourceDataset":"CSDB","updateDate":"2016-01-14T16:25:13.746Z"},{"date":"2011 NOV","value":"283.0","year":"2011","month":"November","quarter":"","sourceDataset":"CSDB","updateDate":"2016-01-14T16:25:13.746Z"},{"date":"2011 DEC","value":"283.5","year":"2011","month":"December","quarter":"","sourceDataset":"CSDB","updateDate":"2016-01-14T16:25:13.746Z"},{"date":"2012 JAN","value":"284.4","year":"2012","month":"January","quarter":"","sourceDataset":"CSDB","updateDate":"2016-01-14T16:25:13.746Z"},{"date":"2012 FEB","value":"284.7","year":"2012","month":"February","quarter":"","sourceDataset":"CSDB","updateDate":"2016-01-14T16:25:13.746Z"},{"date":"2012 MAR","value":"285.1","year":"2012","month":"March","quarter":"","sourceDataset":"CSDB","updateDate":"2016-01-14T16:25:13.746Z"},{"date":"2012 APR","value":"285.9","year":"2012","month":"April","quarter":"","sourceDataset":"CSDB","updateDate":"2016-01-14T16:25:13.746Z"},{"date":"2012 MAY","value":"286.3","year":"2012","month":"May","quarter":"","sourceDataset":"CSDB","updateDate":"2016-01-14T16:25:13.746Z"},{"date":"2012 JUN","value":"287.6","year":"2012","month":"June","quarter":"","sourceDataset":"CSDB","updateDate":"2016-01-14T16:25:13.746Z"},{"date":"2012 JUL","value":"288.2","year":"2012","month":"July","quarter":"","sourceDataset":"CSDB","updateDate":"2016-01-14T16:25:13.746Z"},{"date":"2012 AUG","value":"288.9","year":"2012","month":"August","quarter":"","sourceDataset":"CSDB","updateDate":"2016-01-14T16:25:13.746Z"},{"date":"2012 SEP","value":"289.9","year":"2012","month":"September","quarter":"","sourceDataset":"CSDB","updateDate":"2016-01-14T16:25:13.746Z"},{"date":"2012 OCT","value":"290.4","year":"2012","month":"October","quarter":"","sourceDataset":"CSDB","updateDate":"2016-01-14T16:25:13.746Z"},{"date":"2012 NOV","value":"291.1","year":"2012","month":"November","quarter":"","sourceDataset":"CSDB","updateDate":"2016-01-14T16:25:13.746Z"},{"date":"2012 DEC","value":"291.8","year":"2012","month":"December","quarter":"","sourceDataset":"CSDB","updateDate":"2016-01-14T16:25:13.746Z"},{"date":"2013 JAN","value":"292.4","year":"2013","month":"January","quarter":"","sourceDataset":"CSDB","updateDate":"2016-01-14T16:25:13.746Z"},{"date":"2013 FEB","value":"293.2","year":"2013","month":"February","quarter":"","sourceDataset":"CSDB","updateDate":"2016-01-14T16:25:13.746Z"},{"date":"2013 MAR","value":"293.8","year":"2013","month":"March","quarter":"","sourceDataset":"CSDB","updateDate":"2016-01-14T16:25:13.746Z"},{"date":"2013 APR","value":"294.3","year":"2013","month":"April","quarter":"","sourceDataset":"CSDB","updateDate":"2016-01-14T16:25:13.746Z"},{"date":"2013 MAY","value":"295.2","year":"2013","month":"May","quarter":"","sourceDataset":"CSDB","updateDate":"2016-01-14T16:25:13.746Z"},{"date":"2013 JUN","value":"295.5","year":"2013","month":"June","quarter":"","sourceDataset":"CSDB","updateDate":"2016-01-14T16:25:13.746Z"},{"date":"2013 JUL","value":"295.9","year":"2013","month":"July","quarter":"","sourceDataset":"CSDB","updateDate":"2016-01-14T16:25:13.746Z"},{"date":"2013 AUG","value":"296.1","year":"2013","month":"August","quarter":"","sourceDataset":"CSDB","updateDate":"2016-01-14T16:25:13.746Z"},{"date":"2013 SEP","value":"296.6","year":"2013","month":"September","quarter":"","sourceDataset":"CSDB","updateDate":"2016-01-14T16:25:13.746Z"},{"date":"2013 OCT","value":"297.0","year":"2013","month":"October","quarter":"","sourceDataset":"CSDB","updateDate":"2016-01-14T16:25:13.746Z"},{"date":"2013 NOV","value":"297.5","year":"2013","month":"November","quarter":"","sourceDataset":"CSDB","updateDate":"2016-01-14T16:25:13.746Z"},{"date":"2013 DEC","value":"297.9","year":"2013","month":"December","quarter":"","sourceDataset":"CSDB","updateDate":"2016-01-14T16:25:13.746Z"},{"date":"2014 JAN","value":"298.3","year":"2014","month":"January","quarter":"","sourceDataset":"CSDB","updateDate":"2016-01-14T16:25:13.746Z"},{"date":"2014 FEB","value":"299.4","year":"2014","month":"February","quarter":"","sourceDataset":"CSDB","updateDate":"2016-01-14T16:25:13.746Z"},{"date":"2014 MAR","value":"300.6","year":"2014","month":"March","quarter":"","sourceDataset":"CSDB","updateDate":"2016-01-14T16:25:13.746Z"},{"date":"2014 APR","value":"300.6","year":"2014","month":"April","quarter":"","sourceDataset":"CSDB","updateDate":"2016-01-14T16:25:13.746Z"},{"date":"2014 MAY","value":"301.3","year":"2014","month":"May","quarter":"","sourceDataset":"CSDB","updateDate":"2016-01-14T16:25:13.746Z"},{"date":"2014 JUN","value":"302.1","year":"2014","month":"June","quarter":"","sourceDataset":"CSDB","updateDate":"2016-01-14T16:25:13.746Z"},{"date":"2014 JUL","value":"303.2","year":"2014","month":"July","quarter":"","sourceDataset":"CSDB","updateDate":"2016-01-14T16:25:13.746Z"},{"date":"2014 AUG","value":"303.5","year":"2014","month":"August","quarter":"","sourceDataset":"CSDB","updateDate":"2016-01-14T16:25:13.746Z"},{"date":"2014 SEP","value":"304.2","year":"2014","month":"September","quarter":"","sourceDataset":"CSDB","updateDate":"2016-01-14T16:25:13.746Z"},{"date":"2014 OCT","value":"305.0","year":"2014","month":"October","quarter":"","sourceDataset":"CSDB","updateDate":"2016-01-14T16:25:13.746Z"},{"date":"2014 NOV","value":"305.5","year":"2014","month":"November","quarter":"","sourceDataset":"CSDB","updateDate":"2016-01-14T16:25:13.746Z"},{"date":"2014 DEC","value":"306.1","year":"2014","month":"December","quarter":"","sourceDataset":"CSDB","updateDate":"2016-01-14T16:25:13.746Z"},{"date":"2015 JAN","value":"305.8","year":"2015","month":"January","quarter":"","sourceDataset":"CSDB","updateDate":"2016-01-14T16:25:13.746Z"},{"date":"2015 FEB","value":"306.6","year":"2015","month":"February","quarter":"","sourceDataset":"CSDB","updateDate":"2016-01-14T16:25:13.746Z"},{"date":"2015 MAR","value":"306.6","year":"2015","month":"March","quarter":"","sourceDataset":"CSDB","updateDate":"2016-01-14T16:25:13.746Z"},{"date":"2015 APR","value":"307.3","year":"2015","month":"April","quarter":"","sourceDataset":"CSDB","updateDate":"2016-01-14T16:25:13.746Z"},{"date":"2015 MAY","value":"308.0","year":"2015","month":"May","quarter":"","sourceDataset":"CSDB","updateDate":"2016-01-14T16:25:13.746Z"},{"date":"2015 JUN","value":"308.3","year":"2015","month":"June","quarter":"","sourceDataset":"CSDB","updateDate":"2016-01-14T16:25:13.746Z"},{"date":"2015 JUL","value":"308.6","year":"2015","month":"July","quarter":"","sourceDataset":"CSDB","updateDate":"2016-01-14T16:25:13.746Z"},{"date":"2015 AUG","value":"309.5","year":"2015","month":"August","quarter":"","sourceDataset":"CSDB","updateDate":"2016-01-22T20:07:45.386Z"}],"sourceDatasets":["CSDB"],"relatedDatasets":[{"uri":"/businessindustryandtrade/changestobusiness/bankruptcyinsolvency/datasets/carlsxmasrelease/2015"},{"uri":"/businessindustryandtrade/changestobusiness/bankruptcyinsolvency/datasets/wahasaqewqeqwe/2015"},{"uri":"/businessindustryandtrade/changestobusiness/bankruptcyinsolvency/datasets/releaseisreleaseygyug/2015"},{"uri":"/businessindustryandtrade/changestobusiness/bankruptcyinsolvency/datasets/releaseisreleaseadffd/2015"},{"uri":"/businessindustryandtrade/changestobusiness/bankruptcyinsolvency/datasets/pageunencrypted/2015"}],"relatedDocuments":[],"versions":[{"uri":"/businessindustryandtrade/changestobusiness/bankruptcyinsolvency/timeseries/dobg/previous/v1","updateDate":"2016-01-26T00:00:00.000Z","correctionNotice":"","label":"v1"}],"type":"timeseries","description":{"title":"RPI: catering: take-aways \u0026 snacks (Jan 1987\u003d100)                       ","contact":{"email":"","name":"","telephone":""},"releaseDate":"2016-01-28T00:00:00.000Z","nextRelease":"","cdid":"DOBG","unit":"","preUnit":"","source":"","seasonalAdjustment":"NSA","date":"2015 AUG","number":"309.5"}}