{"years":[{"date":"1948","value":"191274","year":"1948","month":"","quarter":"","sourceDataset":"CSDB2","updateDate":"2016-01-27T15:25:46.072Z"},{"date":"1949","value":"194639","year":"1949","month":"","quarter":"","sourceDataset":"CSDB2","updateDate":"2016-01-27T15:25:46.072Z"},{"date":"1950","value":"200097","year":"1950","month":"","quarter":"","sourceDataset":"CSDB2","updateDate":"2016-01-27T15:25:46.072Z"},{"date":"1951","value":"197686","year":"1951","month":"","quarter":"","sourceDataset":"CSDB2","updateDate":"2016-01-27T15:25:46.072Z"},{"date":"1952","value":"197993","year":"1952","month":"","quarter":"","sourceDataset":"CSDB2","updateDate":"2016-01-27T15:25:46.072Z"},{"date":"1953","value":"206868","year":"1953","month":"","quarter":"","sourceDataset":"CSDB2","updateDate":"2016-01-27T15:25:46.072Z"},{"date":"1954","value":"215626","year":"1954","month":"","quarter":"","sourceDataset":"CSDB2","updateDate":"2016-01-27T15:25:46.072Z"},{"date":"1955","value":"224699","year":"1955","month":"","quarter":"","sourceDataset":"CSDB2","updateDate":"2016-01-27T15:25:46.072Z"},{"date":"1956","value":"226305","year":"1956","month":"","quarter":"","sourceDataset":"CSDB2","updateDate":"2016-01-27T15:25:46.072Z"},{"date":"1957","value":"231475","year":"1957","month":"","quarter":"","sourceDataset":"CSDB2","updateDate":"2016-01-27T15:25:46.072Z"},{"date":"1958","value":"238311","year":"1958","month":"","quarter":"","sourceDataset":"CSDB2","updateDate":"2016-01-27T15:25:46.072Z"},{"date":"1959","value":"248923","year":"1959","month":"","quarter":"","sourceDataset":"CSDB2","updateDate":"2016-01-27T15:25:46.072Z"},{"date":"1960","value":"258729","year":"1960","month":"","quarter":"","sourceDataset":"CSDB2","updateDate":"2016-01-27T15:25:46.072Z"},{"date":"1961","value":"264766","year":"1961","month":"","quarter":"","sourceDataset":"CSDB2","updateDate":"2016-01-27T15:25:46.072Z"},{"date":"1962","value":"270927","year":"1962","month":"","quarter":"","sourceDataset":"CSDB2","updateDate":"2016-01-27T15:25:46.072Z"},{"date":"1963","value":"282798","year":"1963","month":"","quarter":"","sourceDataset":"CSDB2","updateDate":"2016-01-27T15:25:46.072Z"},{"date":"1964","value":"292524","year":"1964","month":"","quarter":"","sourceDataset":"CSDB2","updateDate":"2016-01-27T15:25:46.072Z"},{"date":"1965","value":"296349","year":"1965","month":"","quarter":"","sourceDataset":"CSDB2","updateDate":"2016-01-27T15:25:46.072Z"},{"date":"1966","value":"302053","year":"1966","month":"","quarter":"","sourceDataset":"CSDB2","updateDate":"2016-01-27T15:25:46.072Z"},{"date":"1967","value":"310045","year":"1967","month":"","quarter":"","sourceDataset":"CSDB2","updateDate":"2016-01-27T15:25:46.072Z"},{"date":"1968","value":"319489","year":"1968","month":"","quarter":"","sourceDataset":"CSDB2","updateDate":"2016-01-27T15:25:46.072Z"},{"date":"1969","value":"321843","year":"1969","month":"","quarter":"","sourceDataset":"CSDB2","updateDate":"2016-01-27T15:25:46.072Z"},{"date":"1970","value":"331408","year":"1970","month":"","quarter":"","sourceDataset":"CSDB2","updateDate":"2016-01-27T15:25:46.072Z"},{"date":"1971","value":"342706","year":"1971","month":"","quarter":"","sourceDataset":"CSDB2","updateDate":"2016-01-27T15:25:46.072Z"},{"date":"1972","value":"365248","year":"1972","month":"","quarter":"","sourceDataset":"CSDB2","updateDate":"2016-01-27T15:25:46.072Z"},{"date":"1973","value":"385685","year":"1973","month":"","quarter":"","sourceDataset":"CSDB2","updateDate":"2016-01-27T15:25:46.072Z"},{"date":"1974","value":"380734","year":"1974","month":"","quarter":"","sourceDataset":"CSDB2","updateDate":"2016-01-27T15:25:46.072Z"},{"date":"1975","value":"380190","year":"1975","month":"","quarter":"","sourceDataset":"CSDB2","updateDate":"2016-01-27T15:25:46.072Z"},{"date":"1976","value":"382298","year":"1976","month":"","quarter":"","sourceDataset":"CSDB2","updateDate":"2016-01-27T15:25:46.072Z"},{"date":"1977","value":"381437","year":"1977","month":"","quarter":"","sourceDataset":"CSDB2","updateDate":"2016-01-27T15:25:46.072Z"},{"date":"1978","value":"402026","year":"1978","month":"","quarter":"","sourceDataset":"CSDB2","updateDate":"2016-01-27T15:25:46.072Z"},{"date":"1979","value":"421124","year":"1979","month":"","quarter":"","sourceDataset":"CSDB2","updateDate":"2016-01-27T15:25:46.072Z"},{"date":"1980","value":"421649","year":"1980","month":"","quarter":"","sourceDataset":"CSDB2","updateDate":"2016-01-27T15:25:46.072Z"},{"date":"1981","value":"422888","year":"1981","month":"","quarter":"","sourceDataset":"CSDB2","updateDate":"2016-01-27T15:25:46.072Z"},{"date":"1982","value":"427875","year":"1982","month":"","quarter":"","sourceDataset":"CSDB2","updateDate":"2016-01-27T15:25:46.072Z"},{"date":"1983","value":"446682","year":"1983","month":"","quarter":"","sourceDataset":"CSDB2","updateDate":"2016-01-27T15:25:46.072Z"},{"date":"1984","value":"457786","year":"1984","month":"","quarter":"","sourceDataset":"CSDB2","updateDate":"2016-01-27T15:25:46.072Z"},{"date":"1985","value":"481347","year":"1985","month":"","quarter":"","sourceDataset":"CSDB2","updateDate":"2016-01-27T15:25:46.072Z"},{"date":"1986","value":"512598","year":"1986","month":"","quarter":"","sourceDataset":"CSDB2","updateDate":"2016-01-27T15:25:46.072Z"},{"date":"1987","value":"540083","year":"1987","month":"","quarter":"","sourceDataset":"CSDB2","updateDate":"2016-01-27T15:25:46.072Z"},{"date":"1988","value":"582186","year":"1988","month":"","quarter":"","sourceDataset":"CSDB2","updateDate":"2016-01-27T15:25:46.072Z"},{"date":"1989","value":"605166","year":"1989","month":"","quarter":"","sourceDataset":"CSDB2","updateDate":"2016-01-27T15:25:46.072Z"},{"date":"1990","value":"609533","year":"1990","month":"","quarter":"","sourceDataset":"CSDB2","updateDate":"2016-01-27T15:25:46.072Z"},{"date":"1991","value":"604944","year":"1991","month":"","quarter":"","sourceDataset":"CSDB2","updateDate":"2016-01-27T15:25:46.072Z"},{"date":"1992","value":"611943","year":"1992","month":"","quarter":"","sourceDataset":"CSDB2","updateDate":"2016-01-27T15:25:46.072Z"},{"date":"1993","value":"630895","year":"1993","month":"","quarter":"","sourceDataset":"CSDB2","updateDate":"2016-01-27T15:25:46.072Z"},{"date":"1994","value":"651842","year":"1994","month":"","quarter":"","sourceDataset":"CSDB2","updateDate":"2016-01-27T15:25:46.072Z"},{"date":"1995","value":"665329","year":"1995","month":"","quarter":"","sourceDataset":"CSDB2","updateDate":"2016-01-27T15:25:46.072Z"},{"date":"1996","value":"693515","year":"1996","month":"","quarter":"","sourceDataset":"CSDB2","updateDate":"2016-01-27T15:25:46.072Z"},{"date":"1997","value":"727162","year":"1997","month":"","quarter":"","sourceDataset":"CSDB2","updateDate":"2016-01-27T15:25:46.072Z"},{"date":"1998","value":"759518","year":"1998","month":"","quarter":"","sourceDataset":"CSDB2","updateDate":"2016-01-27T15:25:46.072Z"},{"date":"1999","value":"797468","year":"1999","month":"","quarter":"","sourceDataset":"CSDB2","updateDate":"2016-01-27T15:25:46.072Z"},{"date":"2000","value":"839597","year":"2000","month":"","quarter":"","sourceDataset":"CSDB2","updateDate":"2016-01-27T15:25:46.072Z"},{"date":"2001","value":"870315","year":"2001","month":"","quarter":"","sourceDataset":"CSDB2","updateDate":"2016-01-27T15:25:46.072Z"},{"date":"2002","value":"905703","year":"2002","month":"","quarter":"","sourceDataset":"CSDB2","updateDate":"2016-01-27T15:25:46.072Z"},{"date":"2003","value":"938915","year":"2003","month":"","quarter":"","sourceDataset":"CSDB2","updateDate":"2016-01-27T15:25:46.072Z"},{"date":"2004","value":"971329","year":"2004","month":"","quarter":"","sourceDataset":"CSDB2","updateDate":"2016-01-27T15:25:46.072Z"},{"date":"2005","value":"1001781","year":"2005","month":"","quarter":"","sourceDataset":"CSDB2","updateDate":"2016-01-27T15:25:46.072Z"},{"date":"2006","value":"1021577","year":"2006","month":"","quarter":"","sourceDataset":"CSDB2","updateDate":"2016-01-27T15:25:46.072Z"},{"date":"2007","value":"1053452","year":"2007","month":"","quarter":"","sourceDataset":"CSDB2","updateDate":"2016-01-27T15:25:46.072Z"},{"date":"2008","value":"1045809","year":"2008","month":"","quarter":"","sourceDataset":"CSDB2","updateDate":"2016-01-27T15:25:46.072Z"},{"date":"2009","value":"1009965","year":"2009","month":"","quarter":"","sourceDataset":"CSDB2","updateDate":"2016-01-27T15:25:46.072Z"},{"date":"2010","value":"1010428","year":"2010","month":"","quarter":"","sourceDataset":"CSDB2","updateDate":"2016-01-27T15:25:46.072Z"},{"date":"2011","value":"1009521","year":"2011","month":"","quarter":"","sourceDataset":"CSDB2","updateDate":"2016-01-27T15:25:46.072Z"},{"date":"2012","value":"1029378","year":"2012","month":"","quarter":"","sourceDataset":"CSDB2","updateDate":"2016-01-27T15:25:46.072Z"},{"date":"2013","value":"1049204","year":"2013","month":"","quarter":"","sourceDataset":"CSDB2","updateDate":"2016-01-27T15:25:46.072Z"},{"date":"2014","value":"1076065","year":"2014","month":"","quarter":"","sourceDataset":"CSDB2","updateDate":"2016-01-27T15:25:46.072Z"}],"quarters":[{"date":"1955 Q1","value":"55604","year":"1955","month":"","quarter":"Q1","sourceDataset":"CSDB2","updateDate":"2016-01-27T15:25:46.072Z"},{"date":"1955 Q2","value":"55963","year":"1955","month":"","quarter":"Q2","sourceDataset":"CSDB2","updateDate":"2016-01-27T15:25:46.072Z"},{"date":"1955 Q3","value":"56754","year":"1955","month":"","quarter":"Q3","sourceDataset":"CSDB2","updateDate":"2016-01-27T15:25:46.072Z"},{"date":"1955 Q4","value":"56377","year":"1955","month":"","quarter":"Q4","sourceDataset":"CSDB2","updateDate":"2016-01-27T15:25:46.072Z"},{"date":"1956 Q1","value":"56551","year":"1956","month":"","quarter":"Q1","sourceDataset":"CSDB2","updateDate":"2016-01-27T15:25:46.072Z"},{"date":"1956 Q2","value":"56469","year":"1956","month":"","quarter":"Q2","sourceDataset":"CSDB2","updateDate":"2016-01-27T15:25:46.072Z"},{"date":"1956 Q3","value":"56565","year":"1956","month":"","quarter":"Q3","sourceDataset":"CSDB2","updateDate":"2016-01-27T15:25:46.072Z"},{"date":"1956 Q4","value":"56720","year":"1956","month":"","quarter":"Q4","sourceDataset":"CSDB2","updateDate":"2016-01-27T15:25:46.072Z"},{"date":"1957 Q1","value":"57094","year":"1957","month":"","quarter":"Q1","sourceDataset":"CSDB2","updateDate":"2016-01-27T15:25:46.072Z"},{"date":"1957 Q2","value":"57593","year":"1957","month":"","quarter":"Q2","sourceDataset":"CSDB2","updateDate":"2016-01-27T15:25:46.072Z"},{"date":"1957 Q3","value":"58225","year":"1957","month":"","quarter":"Q3","sourceDataset":"CSDB2","updateDate":"2016-01-27T15:25:46.072Z"},{"date":"1957 Q4","value":"58563","year":"1957","month":"","quarter":"Q4","sourceDataset":"CSDB2","updateDate":"2016-01-27T15:25:46.072Z"},{"date":"1958 Q1","value":"58960","year":"1958","month":"","quarter":"Q1","sourceDataset":"CSDB2","updateDate":"2016-01-27T15:25:46.072Z"},{"date":"1958 Q2","value":"58935","year":"1958","month":"","quarter":"Q2","sourceDataset":"CSDB2","updateDate":"2016-01-27T15:25:46.072Z"},{"date":"1958 Q3","value":"59646","year":"1958","month":"","quarter":"Q3","sourceDataset":"CSDB2","updateDate":"2016-01-27T15:25:46.072Z"},{"date":"1958 Q4","value":"60771","year":"1958","month":"","quarter":"Q4","sourceDataset":"CSDB2","updateDate":"2016-01-27T15:25:46.072Z"},{"date":"1959 Q1","value":"60807","year":"1959","month":"","quarter":"Q1","sourceDataset":"CSDB2","updateDate":"2016-01-27T15:25:46.072Z"},{"date":"1959 Q2","value":"61970","year":"1959","month":"","quarter":"Q2","sourceDataset":"CSDB2","updateDate":"2016-01-27T15:25:46.072Z"},{"date":"1959 Q3","value":"62279","year":"1959","month":"","quarter":"Q3","sourceDataset":"CSDB2","updateDate":"2016-01-27T15:25:46.072Z"},{"date":"1959 Q4","value":"63867","year":"1959","month":"","quarter":"Q4","sourceDataset":"CSDB2","updateDate":"2016-01-27T15:25:46.072Z"},{"date":"1960 Q1","value":"64630","year":"1960","month":"","quarter":"Q1","sourceDataset":"CSDB2","updateDate":"2016-01-27T15:25:46.072Z"},{"date":"1960 Q2","value":"64406","year":"1960","month":"","quarter":"Q2","sourceDataset":"CSDB2","updateDate":"2016-01-27T15:25:46.072Z"},{"date":"1960 Q3","value":"64840","year":"1960","month":"","quarter":"Q3","sourceDataset":"CSDB2","updateDate":"2016-01-27T15:25:46.072Z"},{"date":"1960 Q4","value":"64852","year":"1960","month":"","quarter":"Q4","sourceDataset":"CSDB2","updateDate":"2016-01-27T15:25:46.072Z"},{"date":"1961 Q1","value":"65999","year":"1961","month":"","quarter":"Q1","sourceDataset":"CSDB2","updateDate":"2016-01-27T15:25:46.072Z"},{"date":"1961 Q2","value":"66033","year":"1961","month":"","quarter":"Q2","sourceDataset":"CSDB2","updateDate":"2016-01-27T15:25:46.072Z"},{"date":"1961 Q3","value":"66347","year":"1961","month":"","quarter":"Q3","sourceDataset":"CSDB2","updateDate":"2016-01-27T15:25:46.072Z"},{"date":"1961 Q4","value":"66387","year":"1961","month":"","quarter":"Q4","sourceDataset":"CSDB2","updateDate":"2016-01-27T15:25:46.072Z"},{"date":"1962 Q1","value":"66912","year":"1962","month":"","quarter":"Q1","sourceDataset":"CSDB2","updateDate":"2016-01-27T15:25:46.072Z"},{"date":"1962 Q2","value":"68045","year":"1962","month":"","quarter":"Q2","sourceDataset":"CSDB2","updateDate":"2016-01-27T15:25:46.072Z"},{"date":"1962 Q3","value":"67589","year":"1962","month":"","quarter":"Q3","sourceDataset":"CSDB2","updateDate":"2016-01-27T15:25:46.072Z"},{"date":"1962 Q4","value":"68381","year":"1962","month":"","quarter":"Q4","sourceDataset":"CSDB2","updateDate":"2016-01-27T15:25:46.072Z"},{"date":"1963 Q1","value":"68755","year":"1963","month":"","quarter":"Q1","sourceDataset":"CSDB2","updateDate":"2016-01-27T15:25:46.072Z"},{"date":"1963 Q2","value":"70874","year":"1963","month":"","quarter":"Q2","sourceDataset":"CSDB2","updateDate":"2016-01-27T15:25:46.072Z"},{"date":"1963 Q3","value":"71681","year":"1963","month":"","quarter":"Q3","sourceDataset":"CSDB2","updateDate":"2016-01-27T15:25:46.072Z"},{"date":"1963 Q4","value":"71488","year":"1963","month":"","quarter":"Q4","sourceDataset":"CSDB2","updateDate":"2016-01-27T15:25:46.072Z"},{"date":"1964 Q1","value":"72560","year":"1964","month":"","quarter":"Q1","sourceDataset":"CSDB2","updateDate":"2016-01-27T15:25:46.072Z"},{"date":"1964 Q2","value":"72817","year":"1964","month":"","quarter":"Q2","sourceDataset":"CSDB2","updateDate":"2016-01-27T15:25:46.072Z"},{"date":"1964 Q3","value":"73203","year":"1964","month":"","quarter":"Q3","sourceDataset":"CSDB2","updateDate":"2016-01-27T15:25:46.072Z"},{"date":"1964 Q4","value":"73944","year":"1964","month":"","quarter":"Q4","sourceDataset":"CSDB2","updateDate":"2016-01-27T15:25:46.072Z"},{"date":"1965 Q1","value":"73819","year":"1965","month":"","quarter":"Q1","sourceDataset":"CSDB2","updateDate":"2016-01-27T15:25:46.072Z"},{"date":"1965 Q2","value":"73562","year":"1965","month":"","quarter":"Q2","sourceDataset":"CSDB2","updateDate":"2016-01-27T15:25:46.072Z"},{"date":"1965 Q3","value":"74368","year":"1965","month":"","quarter":"Q3","sourceDataset":"CSDB2","updateDate":"2016-01-27T15:25:46.072Z"},{"date":"1965 Q4","value":"74600","year":"1965","month":"","quarter":"Q4","sourceDataset":"CSDB2","updateDate":"2016-01-27T15:25:46.072Z"},{"date":"1966 Q1","value":"75630","year":"1966","month":"","quarter":"Q1","sourceDataset":"CSDB2","updateDate":"2016-01-27T15:25:46.072Z"},{"date":"1966 Q2","value":"76343","year":"1966","month":"","quarter":"Q2","sourceDataset":"CSDB2","updateDate":"2016-01-27T15:25:46.072Z"},{"date":"1966 Q3","value":"75043","year":"1966","month":"","quarter":"Q3","sourceDataset":"CSDB2","updateDate":"2016-01-27T15:25:46.072Z"},{"date":"1966 Q4","value":"75037","year":"1966","month":"","quarter":"Q4","sourceDataset":"CSDB2","updateDate":"2016-01-27T15:25:46.072Z"},{"date":"1967 Q1","value":"75798","year":"1967","month":"","quarter":"Q1","sourceDataset":"CSDB2","updateDate":"2016-01-27T15:25:46.072Z"},{"date":"1967 Q2","value":"76789","year":"1967","month":"","quarter":"Q2","sourceDataset":"CSDB2","updateDate":"2016-01-27T15:25:46.072Z"},{"date":"1967 Q3","value":"78428","year":"1967","month":"","quarter":"Q3","sourceDataset":"CSDB2","updateDate":"2016-01-27T15:25:46.072Z"},{"date":"1967 Q4","value":"79030","year":"1967","month":"","quarter":"Q4","sourceDataset":"CSDB2","updateDate":"2016-01-27T15:25:46.072Z"},{"date":"1968 Q1","value":"81498","year":"1968","month":"","quarter":"Q1","sourceDataset":"CSDB2","updateDate":"2016-01-27T15:25:46.072Z"},{"date":"1968 Q2","value":"78375","year":"1968","month":"","quarter":"Q2","sourceDataset":"CSDB2","updateDate":"2016-01-27T15:25:46.072Z"},{"date":"1968 Q3","value":"79761","year":"1968","month":"","quarter":"Q3","sourceDataset":"CSDB2","updateDate":"2016-01-27T15:25:46.072Z"},{"date":"1968 Q4","value":"79855","year":"1968","month":"","quarter":"Q4","sourceDataset":"CSDB2","updateDate":"2016-01-27T15:25:46.072Z"},{"date":"1969 Q1","value":"79736","year":"1969","month":"","quarter":"Q1","sourceDataset":"CSDB2","updateDate":"2016-01-27T15:25:46.072Z"},{"date":"1969 Q2","value":"80454","year":"1969","month":"","quarter":"Q2","sourceDataset":"CSDB2","updateDate":"2016-01-27T15:25:46.072Z"},{"date":"1969 Q3","value":"80559","year":"1969","month":"","quarter":"Q3","sourceDataset":"CSDB2","updateDate":"2016-01-27T15:25:46.072Z"},{"date":"1969 Q4","value":"81094","year":"1969","month":"","quarter":"Q4","sourceDataset":"CSDB2","updateDate":"2016-01-27T15:25:46.072Z"},{"date":"1970 Q1","value":"81331","year":"1970","month":"","quarter":"Q1","sourceDataset":"CSDB2","updateDate":"2016-01-27T15:25:46.072Z"},{"date":"1970 Q2","value":"82631","year":"1970","month":"","quarter":"Q2","sourceDataset":"CSDB2","updateDate":"2016-01-27T15:25:46.072Z"},{"date":"1970 Q3","value":"83898","year":"1970","month":"","quarter":"Q3","sourceDataset":"CSDB2","updateDate":"2016-01-27T15:25:46.072Z"},{"date":"1970 Q4","value":"83548","year":"1970","month":"","quarter":"Q4","sourceDataset":"CSDB2","updateDate":"2016-01-27T15:25:46.072Z"},{"date":"1971 Q1","value":"83350","year":"1971","month":"","quarter":"Q1","sourceDataset":"CSDB2","updateDate":"2016-01-27T15:25:46.072Z"},{"date":"1971 Q2","value":"85205","year":"1971","month":"","quarter":"Q2","sourceDataset":"CSDB2","updateDate":"2016-01-27T15:25:46.072Z"},{"date":"1971 Q3","value":"86728","year":"1971","month":"","quarter":"Q3","sourceDataset":"CSDB2","updateDate":"2016-01-27T15:25:46.072Z"},{"date":"1971 Q4","value":"87423","year":"1971","month":"","quarter":"Q4","sourceDataset":"CSDB2","updateDate":"2016-01-27T15:25:46.072Z"},{"date":"1972 Q1","value":"88915","year":"1972","month":"","quarter":"Q1","sourceDataset":"CSDB2","updateDate":"2016-01-27T15:25:46.072Z"},{"date":"1972 Q2","value":"90931","year":"1972","month":"","quarter":"Q2","sourceDataset":"CSDB2","updateDate":"2016-01-27T15:25:46.072Z"},{"date":"1972 Q3","value":"92319","year":"1972","month":"","quarter":"Q3","sourceDataset":"CSDB2","updateDate":"2016-01-27T15:25:46.072Z"},{"date":"1972 Q4","value":"93084","year":"1972","month":"","quarter":"Q4","sourceDataset":"CSDB2","updateDate":"2016-01-27T15:25:46.072Z"},{"date":"1973 Q1","value":"96749","year":"1973","month":"","quarter":"Q1","sourceDataset":"CSDB2","updateDate":"2016-01-27T15:25:46.072Z"},{"date":"1973 Q2","value":"96083","year":"1973","month":"","quarter":"Q2","sourceDataset":"CSDB2","updateDate":"2016-01-27T15:25:46.072Z"},{"date":"1973 Q3","value":"96810","year":"1973","month":"","quarter":"Q3","sourceDataset":"CSDB2","updateDate":"2016-01-27T15:25:46.072Z"},{"date":"1973 Q4","value":"96042","year":"1973","month":"","quarter":"Q4","sourceDataset":"CSDB2","updateDate":"2016-01-27T15:25:46.072Z"},{"date":"1974 Q1","value":"94317","year":"1974","month":"","quarter":"Q1","sourceDataset":"CSDB2","updateDate":"2016-01-27T15:25:46.072Z"},{"date":"1974 Q2","value":"94780","year":"1974","month":"","quarter":"Q2","sourceDataset":"CSDB2","updateDate":"2016-01-27T15:25:46.072Z"},{"date":"1974 Q3","value":"95699","year":"1974","month":"","quarter":"Q3","sourceDataset":"CSDB2","updateDate":"2016-01-27T15:25:46.072Z"},{"date":"1974 Q4","value":"95938","year":"1974","month":"","quarter":"Q4","sourceDataset":"CSDB2","updateDate":"2016-01-27T15:25:46.072Z"},{"date":"1975 Q1","value":"95612","year":"1975","month":"","quarter":"Q1","sourceDataset":"CSDB2","updateDate":"2016-01-27T15:25:46.072Z"},{"date":"1975 Q2","value":"95805","year":"1975","month":"","quarter":"Q2","sourceDataset":"CSDB2","updateDate":"2016-01-27T15:25:46.072Z"},{"date":"1975 Q3","value":"94793","year":"1975","month":"","quarter":"Q3","sourceDataset":"CSDB2","updateDate":"2016-01-27T15:25:46.072Z"},{"date":"1975 Q4","value":"93980","year":"1975","month":"","quarter":"Q4","sourceDataset":"CSDB2","updateDate":"2016-01-27T15:25:46.072Z"},{"date":"1976 Q1","value":"94606","year":"1976","month":"","quarter":"Q1","sourceDataset":"CSDB2","updateDate":"2016-01-27T15:25:46.072Z"},{"date":"1976 Q2","value":"95229","year":"1976","month":"","quarter":"Q2","sourceDataset":"CSDB2","updateDate":"2016-01-27T15:25:46.072Z"},{"date":"1976 Q3","value":"96134","year":"1976","month":"","quarter":"Q3","sourceDataset":"CSDB2","updateDate":"2016-01-27T15:25:46.072Z"},{"date":"1976 Q4","value":"96328","year":"1976","month":"","quarter":"Q4","sourceDataset":"CSDB2","updateDate":"2016-01-27T15:25:46.072Z"},{"date":"1977 Q1","value":"94378","year":"1977","month":"","quarter":"Q1","sourceDataset":"CSDB2","updateDate":"2016-01-27T15:25:46.072Z"},{"date":"1977 Q2","value":"94252","year":"1977","month":"","quarter":"Q2","sourceDataset":"CSDB2","updateDate":"2016-01-27T15:25:46.072Z"},{"date":"1977 Q3","value":"95415","year":"1977","month":"","quarter":"Q3","sourceDataset":"CSDB2","updateDate":"2016-01-27T15:25:46.072Z"},{"date":"1977 Q4","value":"97391","year":"1977","month":"","quarter":"Q4","sourceDataset":"CSDB2","updateDate":"2016-01-27T15:25:46.072Z"},{"date":"1978 Q1","value":"99760","year":"1978","month":"","quarter":"Q1","sourceDataset":"CSDB2","updateDate":"2016-01-27T15:25:46.072Z"},{"date":"1978 Q2","value":"99479","year":"1978","month":"","quarter":"Q2","sourceDataset":"CSDB2","updateDate":"2016-01-27T15:25:46.072Z"},{"date":"1978 Q3","value":"101730","year":"1978","month":"","quarter":"Q3","sourceDataset":"CSDB2","updateDate":"2016-01-27T15:25:46.072Z"},{"date":"1978 Q4","value":"101058","year":"1978","month":"","quarter":"Q4","sourceDataset":"CSDB2","updateDate":"2016-01-27T15:25:46.072Z"},{"date":"1979 Q1","value":"102849","year":"1979","month":"","quarter":"Q1","sourceDataset":"CSDB2","updateDate":"2016-01-27T15:25:46.072Z"},{"date":"1979 Q2","value":"108641","year":"1979","month":"","quarter":"Q2","sourceDataset":"CSDB2","updateDate":"2016-01-27T15:25:46.072Z"},{"date":"1979 Q3","value":"104108","year":"1979","month":"","quarter":"Q3","sourceDataset":"CSDB2","updateDate":"2016-01-27T15:25:46.072Z"},{"date":"1979 Q4","value":"105526","year":"1979","month":"","quarter":"Q4","sourceDataset":"CSDB2","updateDate":"2016-01-27T15:25:46.072Z"},{"date":"1980 Q1","value":"107328","year":"1980","month":"","quarter":"Q1","sourceDataset":"CSDB2","updateDate":"2016-01-27T15:25:46.072Z"},{"date":"1980 Q2","value":"104524","year":"1980","month":"","quarter":"Q2","sourceDataset":"CSDB2","updateDate":"2016-01-27T15:25:46.072Z"},{"date":"1980 Q3","value":"105905","year":"1980","month":"","quarter":"Q3","sourceDataset":"CSDB2","updateDate":"2016-01-27T15:25:46.072Z"},{"date":"1980 Q4","value":"103892","year":"1980","month":"","quarter":"Q4","sourceDataset":"CSDB2","updateDate":"2016-01-27T15:25:46.072Z"},{"date":"1981 Q1","value":"105786","year":"1981","month":"","quarter":"Q1","sourceDataset":"CSDB2","updateDate":"2016-01-27T15:25:46.072Z"},{"date":"1981 Q2","value":"105745","year":"1981","month":"","quarter":"Q2","sourceDataset":"CSDB2","updateDate":"2016-01-27T15:25:46.072Z"},{"date":"1981 Q3","value":"105821","year":"1981","month":"","quarter":"Q3","sourceDataset":"CSDB2","updateDate":"2016-01-27T15:25:46.072Z"},{"date":"1981 Q4","value":"105535","year":"1981","month":"","quarter":"Q4","sourceDataset":"CSDB2","updateDate":"2016-01-27T15:25:46.072Z"},{"date":"1982 Q1","value":"105899","year":"1982","month":"","quarter":"Q1","sourceDataset":"CSDB2","updateDate":"2016-01-27T15:25:46.072Z"},{"date":"1982 Q2","value":"105817","year":"1982","month":"","quarter":"Q2","sourceDataset":"CSDB2","updateDate":"2016-01-27T15:25:46.072Z"},{"date":"1982 Q3","value":"107614","year":"1982","month":"","quarter":"Q3","sourceDataset":"CSDB2","updateDate":"2016-01-27T15:25:46.072Z"},{"date":"1982 Q4","value":"108545","year":"1982","month":"","quarter":"Q4","sourceDataset":"CSDB2","updateDate":"2016-01-27T15:25:46.072Z"},{"date":"1983 Q1","value":"110208","year":"1983","month":"","quarter":"Q1","sourceDataset":"CSDB2","updateDate":"2016-01-27T15:25:46.072Z"},{"date":"1983 Q2","value":"110926","year":"1983","month":"","quarter":"Q2","sourceDataset":"CSDB2","updateDate":"2016-01-27T15:25:46.072Z"},{"date":"1983 Q3","value":"112744","year":"1983","month":"","quarter":"Q3","sourceDataset":"CSDB2","updateDate":"2016-01-27T15:25:46.072Z"},{"date":"1983 Q4","value":"112803","year":"1983","month":"","quarter":"Q4","sourceDataset":"CSDB2","updateDate":"2016-01-27T15:25:46.072Z"},{"date":"1984 Q1","value":"113508","year":"1984","month":"","quarter":"Q1","sourceDataset":"CSDB2","updateDate":"2016-01-27T15:25:46.072Z"},{"date":"1984 Q2","value":"114432","year":"1984","month":"","quarter":"Q2","sourceDataset":"CSDB2","updateDate":"2016-01-27T15:25:46.072Z"},{"date":"1984 Q3","value":"113840","year":"1984","month":"","quarter":"Q3","sourceDataset":"CSDB2","updateDate":"2016-01-27T15:25:46.072Z"},{"date":"1984 Q4","value":"116007","year":"1984","month":"","quarter":"Q4","sourceDataset":"CSDB2","updateDate":"2016-01-27T15:25:46.072Z"},{"date":"1985 Q1","value":"118555","year":"1985","month":"","quarter":"Q1","sourceDataset":"CSDB2","updateDate":"2016-01-27T15:25:46.072Z"},{"date":"1985 Q2","value":"119220","year":"1985","month":"","quarter":"Q2","sourceDataset":"CSDB2","updateDate":"2016-01-27T15:25:46.072Z"},{"date":"1985 Q3","value":"120872","year":"1985","month":"","quarter":"Q3","sourceDataset":"CSDB2","updateDate":"2016-01-27T15:25:46.072Z"},{"date":"1985 Q4","value":"122700","year":"1985","month":"","quarter":"Q4","sourceDataset":"CSDB2","updateDate":"2016-01-27T15:25:46.072Z"},{"date":"1986 Q1","value":"125723","year":"1986","month":"","quarter":"Q1","sourceDataset":"CSDB2","updateDate":"2016-01-27T15:25:46.072Z"},{"date":"1986 Q2","value":"128186","year":"1986","month":"","quarter":"Q2","sourceDataset":"CSDB2","updateDate":"2016-01-27T15:25:46.072Z"},{"date":"1986 Q3","value":"128982","year":"1986","month":"","quarter":"Q3","sourceDataset":"CSDB2","updateDate":"2016-01-27T15:25:46.072Z"},{"date":"1986 Q4","value":"129707","year":"1986","month":"","quarter":"Q4","sourceDataset":"CSDB2","updateDate":"2016-01-27T15:25:46.072Z"},{"date":"1987 Q1","value":"131099","year":"1987","month":"","quarter":"Q1","sourceDataset":"CSDB2","updateDate":"2016-01-27T15:25:46.072Z"},{"date":"1987 Q2","value":"133459","year":"1987","month":"","quarter":"Q2","sourceDataset":"CSDB2","updateDate":"2016-01-27T15:25:46.072Z"},{"date":"1987 Q3","value":"136589","year":"1987","month":"","quarter":"Q3","sourceDataset":"CSDB2","updateDate":"2016-01-27T15:25:46.072Z"},{"date":"1987 Q4","value":"138936","year":"1987","month":"","quarter":"Q4","sourceDataset":"CSDB2","updateDate":"2016-01-27T15:25:46.072Z"},{"date":"1988 Q1","value":"142028","year":"1988","month":"","quarter":"Q1","sourceDataset":"CSDB2","updateDate":"2016-01-27T15:25:46.072Z"},{"date":"1988 Q2","value":"143772","year":"1988","month":"","quarter":"Q2","sourceDataset":"CSDB2","updateDate":"2016-01-27T15:25:46.072Z"},{"date":"1988 Q3","value":"147755","year":"1988","month":"","quarter":"Q3","sourceDataset":"CSDB2","updateDate":"2016-01-27T15:25:46.072Z"},{"date":"1988 Q4","value":"148631","year":"1988","month":"","quarter":"Q4","sourceDataset":"CSDB2","updateDate":"2016-01-27T15:25:46.072Z"},{"date":"1989 Q1","value":"150533","year":"1989","month":"","quarter":"Q1","sourceDataset":"CSDB2","updateDate":"2016-01-27T15:25:46.072Z"},{"date":"1989 Q2","value":"151663","year":"1989","month":"","quarter":"Q2","sourceDataset":"CSDB2","updateDate":"2016-01-27T15:25:46.072Z"},{"date":"1989 Q3","value":"151544","year":"1989","month":"","quarter":"Q3","sourceDataset":"CSDB2","updateDate":"2016-01-27T15:25:46.072Z"},{"date":"1989 Q4","value":"151426","year":"1989","month":"","quarter":"Q4","sourceDataset":"CSDB2","updateDate":"2016-01-27T15:25:46.072Z"},{"date":"1990 Q1","value":"152032","year":"1990","month":"","quarter":"Q1","sourceDataset":"CSDB2","updateDate":"2016-01-27T15:25:46.072Z"},{"date":"1990 Q2","value":"153320","year":"1990","month":"","quarter":"Q2","sourceDataset":"CSDB2","updateDate":"2016-01-27T15:25:46.072Z"},{"date":"1990 Q3","value":"152114","year":"1990","month":"","quarter":"Q3","sourceDataset":"CSDB2","updateDate":"2016-01-27T15:25:46.072Z"},{"date":"1990 Q4","value":"152067","year":"1990","month":"","quarter":"Q4","sourceDataset":"CSDB2","updateDate":"2016-01-27T15:25:46.072Z"},{"date":"1991 Q1","value":"151840","year":"1991","month":"","quarter":"Q1","sourceDataset":"CSDB2","updateDate":"2016-01-27T15:25:46.072Z"},{"date":"1991 Q2","value":"150738","year":"1991","month":"","quarter":"Q2","sourceDataset":"CSDB2","updateDate":"2016-01-27T15:25:46.072Z"},{"date":"1991 Q3","value":"150915","year":"1991","month":"","quarter":"Q3","sourceDataset":"CSDB2","updateDate":"2016-01-27T15:25:46.072Z"},{"date":"1991 Q4","value":"151451","year":"1991","month":"","quarter":"Q4","sourceDataset":"CSDB2","updateDate":"2016-01-27T15:25:46.072Z"},{"date":"1992 Q1","value":"150760","year":"1992","month":"","quarter":"Q1","sourceDataset":"CSDB2","updateDate":"2016-01-27T15:25:46.072Z"},{"date":"1992 Q2","value":"152989","year":"1992","month":"","quarter":"Q2","sourceDataset":"CSDB2","updateDate":"2016-01-27T15:25:46.072Z"},{"date":"1992 Q3","value":"153997","year":"1992","month":"","quarter":"Q3","sourceDataset":"CSDB2","updateDate":"2016-01-27T15:25:46.072Z"},{"date":"1992 Q4","value":"154197","year":"1992","month":"","quarter":"Q4","sourceDataset":"CSDB2","updateDate":"2016-01-27T15:25:46.072Z"},{"date":"1993 Q1","value":"155623","year":"1993","month":"","quarter":"Q1","sourceDataset":"CSDB2","updateDate":"2016-01-27T15:25:46.072Z"},{"date":"1993 Q2","value":"156075","year":"1993","month":"","quarter":"Q2","sourceDataset":"CSDB2","updateDate":"2016-01-27T15:25:46.072Z"},{"date":"1993 Q3","value":"159103","year":"1993","month":"","quarter":"Q3","sourceDataset":"CSDB2","updateDate":"2016-01-27T15:25:46.072Z"},{"date":"1993 Q4","value":"160094","year":"1993","month":"","quarter":"Q4","sourceDataset":"CSDB2","updateDate":"2016-01-27T15:25:46.072Z"},{"date":"1994 Q1","value":"161849","year":"1994","month":"","quarter":"Q1","sourceDataset":"CSDB2","updateDate":"2016-01-27T15:25:46.072Z"},{"date":"1994 Q2","value":"162051","year":"1994","month":"","quarter":"Q2","sourceDataset":"CSDB2","updateDate":"2016-01-27T15:25:46.072Z"},{"date":"1994 Q3","value":"163569","year":"1994","month":"","quarter":"Q3","sourceDataset":"CSDB2","updateDate":"2016-01-27T15:25:46.072Z"},{"date":"1994 Q4","value":"164373","year":"1994","month":"","quarter":"Q4","sourceDataset":"CSDB2","updateDate":"2016-01-27T15:25:46.072Z"},{"date":"1995 Q1","value":"164734","year":"1995","month":"","quarter":"Q1","sourceDataset":"CSDB2","updateDate":"2016-01-27T15:25:46.072Z"},{"date":"1995 Q2","value":"165624","year":"1995","month":"","quarter":"Q2","sourceDataset":"CSDB2","updateDate":"2016-01-27T15:25:46.072Z"},{"date":"1995 Q3","value":"166589","year":"1995","month":"","quarter":"Q3","sourceDataset":"CSDB2","updateDate":"2016-01-27T15:25:46.072Z"},{"date":"1995 Q4","value":"168382","year":"1995","month":"","quarter":"Q4","sourceDataset":"CSDB2","updateDate":"2016-01-27T15:25:46.072Z"},{"date":"1996 Q1","value":"170640","year":"1996","month":"","quarter":"Q1","sourceDataset":"CSDB2","updateDate":"2016-01-27T15:25:46.072Z"},{"date":"1996 Q2","value":"172185","year":"1996","month":"","quarter":"Q2","sourceDataset":"CSDB2","updateDate":"2016-01-27T15:25:46.072Z"},{"date":"1996 Q3","value":"174475","year":"1996","month":"","quarter":"Q3","sourceDataset":"CSDB2","updateDate":"2016-01-27T15:25:46.072Z"},{"date":"1996 Q4","value":"176215","year":"1996","month":"","quarter":"Q4","sourceDataset":"CSDB2","updateDate":"2016-01-27T15:25:46.072Z"},{"date":"1997 Q1","value":"179572","year":"1997","month":"","quarter":"Q1","sourceDataset":"CSDB2","updateDate":"2016-01-27T15:25:46.072Z"},{"date":"1997 Q2","value":"181293","year":"1997","month":"","quarter":"Q2","sourceDataset":"CSDB2","updateDate":"2016-01-27T15:25:46.072Z"},{"date":"1997 Q3","value":"182438","year":"1997","month":"","quarter":"Q3","sourceDataset":"CSDB2","updateDate":"2016-01-27T15:25:46.072Z"},{"date":"1997 Q4","value":"183859","year":"1997","month":"","quarter":"Q4","sourceDataset":"CSDB2","updateDate":"2016-01-27T15:25:46.072Z"},{"date":"1998 Q1","value":"186272","year":"1998","month":"","quarter":"Q1","sourceDataset":"CSDB2","updateDate":"2016-01-27T15:25:46.072Z"},{"date":"1998 Q2","value":"189047","year":"1998","month":"","quarter":"Q2","sourceDataset":"CSDB2","updateDate":"2016-01-27T15:25:46.072Z"},{"date":"1998 Q3","value":"191976","year":"1998","month":"","quarter":"Q3","sourceDataset":"CSDB2","updateDate":"2016-01-27T15:25:46.072Z"},{"date":"1998 Q4","value":"192223","year":"1998","month":"","quarter":"Q4","sourceDataset":"CSDB2","updateDate":"2016-01-27T15:25:46.072Z"},{"date":"1999 Q1","value":"195947","year":"1999","month":"","quarter":"Q1","sourceDataset":"CSDB2","updateDate":"2016-01-27T15:25:46.072Z"},{"date":"1999 Q2","value":"197693","year":"1999","month":"","quarter":"Q2","sourceDataset":"CSDB2","updateDate":"2016-01-27T15:25:46.072Z"},{"date":"1999 Q3","value":"200584","year":"1999","month":"","quarter":"Q3","sourceDataset":"CSDB2","updateDate":"2016-01-27T15:25:46.072Z"},{"date":"1999 Q4","value":"203244","year":"1999","month":"","quarter":"Q4","sourceDataset":"CSDB2","updateDate":"2016-01-27T15:25:46.072Z"},{"date":"2000 Q1","value":"207625","year":"2000","month":"","quarter":"Q1","sourceDataset":"CSDB2","updateDate":"2016-01-27T15:25:46.072Z"},{"date":"2000 Q2","value":"208410","year":"2000","month":"","quarter":"Q2","sourceDataset":"CSDB2","updateDate":"2016-01-27T15:25:46.072Z"},{"date":"2000 Q3","value":"210792","year":"2000","month":"","quarter":"Q3","sourceDataset":"CSDB2","updateDate":"2016-01-27T15:25:46.072Z"},{"date":"2000 Q4","value":"212770","year":"2000","month":"","quarter":"Q4","sourceDataset":"CSDB2","updateDate":"2016-01-27T15:25:46.072Z"},{"date":"2001 Q1","value":"213805","year":"2001","month":"","quarter":"Q1","sourceDataset":"CSDB2","updateDate":"2016-01-27T15:25:46.072Z"},{"date":"2001 Q2","value":"215925","year":"2001","month":"","quarter":"Q2","sourceDataset":"CSDB2","updateDate":"2016-01-27T15:25:46.072Z"},{"date":"2001 Q3","value":"219458","year":"2001","month":"","quarter":"Q3","sourceDataset":"CSDB2","updateDate":"2016-01-27T15:25:46.072Z"},{"date":"2001 Q4","value":"221127","year":"2001","month":"","quarter":"Q4","sourceDataset":"CSDB2","updateDate":"2016-01-27T15:25:46.072Z"},{"date":"2002 Q1","value":"223861","year":"2002","month":"","quarter":"Q1","sourceDataset":"CSDB2","updateDate":"2016-01-27T15:25:46.072Z"},{"date":"2002 Q2","value":"225833","year":"2002","month":"","quarter":"Q2","sourceDataset":"CSDB2","updateDate":"2016-01-27T15:25:46.072Z"},{"date":"2002 Q3","value":"226909","year":"2002","month":"","quarter":"Q3","sourceDataset":"CSDB2","updateDate":"2016-01-27T15:25:46.072Z"},{"date":"2002 Q4","value":"229100","year":"2002","month":"","quarter":"Q4","sourceDataset":"CSDB2","updateDate":"2016-01-27T15:25:46.072Z"},{"date":"2003 Q1","value":"230541","year":"2003","month":"","quarter":"Q1","sourceDataset":"CSDB2","updateDate":"2016-01-27T15:25:46.072Z"},{"date":"2003 Q2","value":"234562","year":"2003","month":"","quarter":"Q2","sourceDataset":"CSDB2","updateDate":"2016-01-27T15:25:46.072Z"},{"date":"2003 Q3","value":"236669","year":"2003","month":"","quarter":"Q3","sourceDataset":"CSDB2","updateDate":"2016-01-27T15:25:46.072Z"},{"date":"2003 Q4","value":"237143","year":"2003","month":"","quarter":"Q4","sourceDataset":"CSDB2","updateDate":"2016-01-27T15:25:46.072Z"},{"date":"2004 Q1","value":"239447","year":"2004","month":"","quarter":"Q1","sourceDataset":"CSDB2","updateDate":"2016-01-27T15:25:46.072Z"},{"date":"2004 Q2","value":"242403","year":"2004","month":"","quarter":"Q2","sourceDataset":"CSDB2","updateDate":"2016-01-27T15:25:46.072Z"},{"date":"2004 Q3","value":"243955","year":"2004","month":"","quarter":"Q3","sourceDataset":"CSDB2","updateDate":"2016-01-27T15:25:46.072Z"},{"date":"2004 Q4","value":"245524","year":"2004","month":"","quarter":"Q4","sourceDataset":"CSDB2","updateDate":"2016-01-27T15:25:46.072Z"},{"date":"2005 Q1","value":"248480","year":"2005","month":"","quarter":"Q1","sourceDataset":"CSDB2","updateDate":"2016-01-27T15:25:46.072Z"},{"date":"2005 Q2","value":"249065","year":"2005","month":"","quarter":"Q2","sourceDataset":"CSDB2","updateDate":"2016-01-27T15:25:46.072Z"},{"date":"2005 Q3","value":"250875","year":"2005","month":"","quarter":"Q3","sourceDataset":"CSDB2","updateDate":"2016-01-27T15:25:46.072Z"},{"date":"2005 Q4","value":"253361","year":"2005","month":"","quarter":"Q4","sourceDataset":"CSDB2","updateDate":"2016-01-27T15:25:46.072Z"},{"date":"2006 Q1","value":"252579","year":"2006","month":"","quarter":"Q1","sourceDataset":"CSDB2","updateDate":"2016-01-27T15:25:46.072Z"},{"date":"2006 Q2","value":"255809","year":"2006","month":"","quarter":"Q2","sourceDataset":"CSDB2","updateDate":"2016-01-27T15:25:46.072Z"},{"date":"2006 Q3","value":"256582","year":"2006","month":"","quarter":"Q3","sourceDataset":"CSDB2","updateDate":"2016-01-27T15:25:46.072Z"},{"date":"2006 Q4","value":"256607","year":"2006","month":"","quarter":"Q4","sourceDataset":"CSDB2","updateDate":"2016-01-27T15:25:46.072Z"},{"date":"2007 Q1","value":"259231","year":"2007","month":"","quarter":"Q1","sourceDataset":"CSDB2","updateDate":"2016-01-27T15:25:46.072Z"},{"date":"2007 Q2","value":"261247","year":"2007","month":"","quarter":"Q2","sourceDataset":"CSDB2","updateDate":"2016-01-27T15:25:46.072Z"},{"date":"2007 Q3","value":"265589","year":"2007","month":"","quarter":"Q3","sourceDataset":"CSDB2","updateDate":"2016-01-27T15:25:46.072Z"},{"date":"2007 Q4","value":"267385","year":"2007","month":"","quarter":"Q4","sourceDataset":"CSDB2","updateDate":"2016-01-27T15:25:46.072Z"},{"date":"2008 Q1","value":"266024","year":"2008","month":"","quarter":"Q1","sourceDataset":"CSDB2","updateDate":"2016-01-27T15:25:46.072Z"},{"date":"2008 Q2","value":"263989","year":"2008","month":"","quarter":"Q2","sourceDataset":"CSDB2","updateDate":"2016-01-27T15:25:46.072Z"},{"date":"2008 Q3","value":"260181","year":"2008","month":"","quarter":"Q3","sourceDataset":"CSDB2","updateDate":"2016-01-27T15:25:46.072Z"},{"date":"2008 Q4","value":"255615","year":"2008","month":"","quarter":"Q4","sourceDataset":"CSDB2","updateDate":"2016-01-27T15:25:46.072Z"},{"date":"2009 Q1","value":"253663","year":"2009","month":"","quarter":"Q1","sourceDataset":"CSDB2","updateDate":"2016-01-27T15:25:46.072Z"},{"date":"2009 Q2","value":"250766","year":"2009","month":"","quarter":"Q2","sourceDataset":"CSDB2","updateDate":"2016-01-27T15:25:46.072Z"},{"date":"2009 Q3","value":"251850","year":"2009","month":"","quarter":"Q3","sourceDataset":"CSDB2","updateDate":"2016-01-27T15:25:46.072Z"},{"date":"2009 Q4","value":"253686","year":"2009","month":"","quarter":"Q4","sourceDataset":"CSDB2","updateDate":"2016-01-27T15:25:46.072Z"},{"date":"2010 Q1","value":"250296","year":"2010","month":"","quarter":"Q1","sourceDataset":"CSDB2","updateDate":"2016-01-27T15:25:46.072Z"},{"date":"2010 Q2","value":"253601","year":"2010","month":"","quarter":"Q2","sourceDataset":"CSDB2","updateDate":"2016-01-27T15:25:46.072Z"},{"date":"2010 Q3","value":"253748","year":"2010","month":"","quarter":"Q3","sourceDataset":"CSDB2","updateDate":"2016-01-27T15:25:46.072Z"},{"date":"2010 Q4","value":"252783","year":"2010","month":"","quarter":"Q4","sourceDataset":"CSDB2","updateDate":"2016-01-27T15:25:46.072Z"},{"date":"2011 Q1","value":"251949","year":"2011","month":"","quarter":"Q1","sourceDataset":"CSDB2","updateDate":"2016-01-27T15:25:46.072Z"},{"date":"2011 Q2","value":"251595","year":"2011","month":"","quarter":"Q2","sourceDataset":"CSDB2","updateDate":"2016-01-27T15:25:46.072Z"},{"date":"2011 Q3","value":"251849","year":"2011","month":"","quarter":"Q3","sourceDataset":"CSDB2","updateDate":"2016-01-27T15:25:46.072Z"},{"date":"2011 Q4","value":"254128","year":"2011","month":"","quarter":"Q4","sourceDataset":"CSDB2","updateDate":"2016-01-27T15:25:46.072Z"},{"date":"2012 Q1","value":"256013","year":"2012","month":"","quarter":"Q1","sourceDataset":"CSDB2","updateDate":"2016-01-27T15:25:46.072Z"},{"date":"2012 Q2","value":"256513","year":"2012","month":"","quarter":"Q2","sourceDataset":"CSDB2","updateDate":"2016-01-27T15:25:46.072Z"},{"date":"2012 Q3","value":"257106","year":"2012","month":"","quarter":"Q3","sourceDataset":"CSDB2","updateDate":"2016-01-27T15:25:46.072Z"},{"date":"2012 Q4","value":"259746","year":"2012","month":"","quarter":"Q4","sourceDataset":"CSDB2","updateDate":"2016-01-27T15:25:46.072Z"},{"date":"2013 Q1","value":"260630","year":"2013","month":"","quarter":"Q1","sourceDataset":"CSDB2","updateDate":"2016-01-27T15:25:46.072Z"},{"date":"2013 Q2","value":"260664","year":"2013","month":"","quarter":"Q2","sourceDataset":"CSDB2","updateDate":"2016-01-27T15:25:46.072Z"},{"date":"2013 Q3","value":"262985","year":"2013","month":"","quarter":"Q3","sourceDataset":"CSDB2","updateDate":"2016-01-27T15:25:46.072Z"},{"date":"2013 Q4","value":"264925","year":"2013","month":"","quarter":"Q4","sourceDataset":"CSDB2","updateDate":"2016-01-27T15:25:46.072Z"},{"date":"2014 Q1","value":"266163","year":"2014","month":"","quarter":"Q1","sourceDataset":"CSDB2","updateDate":"2016-01-27T15:25:46.072Z"},{"date":"2014 Q2","value":"268257","year":"2014","month":"","quarter":"Q2","sourceDataset":"CSDB2","updateDate":"2016-01-27T15:25:46.072Z"},{"date":"2014 Q3","value":"269973","year":"2014","month":"","quarter":"Q3","sourceDataset":"CSDB2","updateDate":"2016-01-27T15:25:46.072Z"},{"date":"2014 Q4","value":"271672","year":"2014","month":"","quarter":"Q4","sourceDataset":"CSDB2","updateDate":"2016-01-27T15:25:46.072Z"},{"date":"2015 Q1","value":"273518","year":"2015","month":"","quarter":"Q1","sourceDataset":"CSDB2","updateDate":"2016-01-27T15:25:46.072Z"},{"date":"2015 Q2","value":"275726","year":"2015","month":"","quarter":"Q2","sourceDataset":"CSDB2","updateDate":"2016-01-27T15:25:46.072Z"},{"date":"2015 Q3","value":"278198","year":"2015","month":"","quarter":"Q3","sourceDataset":"CSDB2","updateDate":"2016-01-27T15:25:46.072Z"}],"months":[],"sourceDatasets":["CSDB2"],"relatedDatasets":[{"uri":"/economy/environmentalaccounts/datasets/asdasdasdasdsadqwdeqweqe/2046"}],"relatedDocuments":[],"type":"timeseries","description":{"title":"Household final consumption expenditure :National concept CVM SA - £m   ","contact":{"email":"","name":"","telephone":""},"releaseDate":"2016-01-27T00:00:00.000Z","nextRelease":"","cdid":"ABJR","unit":"","preUnit":"","source":"","seasonalAdjustment":"NSA","date":"2015 Q3","number":"278198"}}