{"years":[{"date":"1999","value":"29347","year":"1999","month":"","quarter":"","sourceDataset":"CSDB10","updateDate":"2016-01-28T09:29:34.829Z"},{"date":"2000","value":"30619","year":"2000","month":"","quarter":"","sourceDataset":"CSDB10","updateDate":"2016-01-28T09:29:34.829Z"},{"date":"2001","value":"31238","year":"2001","month":"","quarter":"","sourceDataset":"CSDB10","updateDate":"2016-01-28T09:29:34.829Z"},{"date":"2002","value":"27919","year":"2002","month":"","quarter":"","sourceDataset":"CSDB10","updateDate":"2016-01-28T09:29:34.829Z"},{"date":"2003","value":"29172","year":"2003","month":"","quarter":"","sourceDataset":"CSDB10","updateDate":"2016-01-28T09:29:34.829Z"},{"date":"2004","value":"32947","year":"2004","month":"","quarter":"","sourceDataset":"CSDB10","updateDate":"2016-01-28T09:29:34.829Z"},{"date":"2005","value":"45462","year":"2005","month":"","quarter":"","sourceDataset":"CSDB10","updateDate":"2016-01-28T09:29:34.829Z"},{"date":"2006","value":"59293","year":"2006","month":"","quarter":"","sourceDataset":"CSDB10","updateDate":"2016-01-28T09:29:34.829Z"},{"date":"2007","value":"67297","year":"2007","month":"","quarter":"","sourceDataset":"CSDB10","updateDate":"2016-01-28T09:29:34.829Z"},{"date":"2008","value":"62800","year":"2008","month":"","quarter":"","sourceDataset":"CSDB10","updateDate":"2016-01-28T09:29:34.829Z"},{"date":"2009","value":"41355","year":"2009","month":"","quarter":"","sourceDataset":"CSDB10","updateDate":"2016-01-28T09:29:34.829Z"},{"date":"2010","value":"35941","year":"2010","month":"","quarter":"","sourceDataset":"CSDB10","updateDate":"2016-01-28T09:29:34.829Z"},{"date":"2011","value":"46977","year":"2011","month":"","quarter":"","sourceDataset":"CSDB10","updateDate":"2016-01-28T09:29:34.829Z"},{"date":"2012","value":"38832","year":"2012","month":"","quarter":"","sourceDataset":"CSDB10","updateDate":"2016-01-28T09:29:34.829Z"},{"date":"2013","value":"37930","year":"2013","month":"","quarter":"","sourceDataset":"CSDB10","updateDate":"2016-01-28T09:29:34.829Z"},{"date":"2014","value":"34503","year":"2014","month":"","quarter":"","sourceDataset":"CSDB10","updateDate":"2016-01-28T09:29:34.829Z"}],"quarters":[{"date":"1999 Q1","value":"6480","year":"1999","month":"","quarter":"Q1","sourceDataset":"CSDB10","updateDate":"2016-01-28T09:29:34.829Z"},{"date":"1999 Q2","value":"7599","year":"1999","month":"","quarter":"Q2","sourceDataset":"CSDB10","updateDate":"2016-01-28T09:29:34.829Z"},{"date":"1999 Q3","value":"7780","year":"1999","month":"","quarter":"Q3","sourceDataset":"CSDB10","updateDate":"2016-01-28T09:29:34.829Z"},{"date":"1999 Q4","value":"7488","year":"1999","month":"","quarter":"Q4","sourceDataset":"CSDB10","updateDate":"2016-01-28T09:29:34.829Z"},{"date":"2000 Q1","value":"7393","year":"2000","month":"","quarter":"Q1","sourceDataset":"CSDB10","updateDate":"2016-01-28T09:29:34.829Z"},{"date":"2000 Q2","value":"7928","year":"2000","month":"","quarter":"Q2","sourceDataset":"CSDB10","updateDate":"2016-01-28T09:29:34.829Z"},{"date":"2000 Q3","value":"8047","year":"2000","month":"","quarter":"Q3","sourceDataset":"CSDB10","updateDate":"2016-01-28T09:29:34.829Z"},{"date":"2000 Q4","value":"7251","year":"2000","month":"","quarter":"Q4","sourceDataset":"CSDB10","updateDate":"2016-01-28T09:29:34.829Z"},{"date":"2001 Q1","value":"8682","year":"2001","month":"","quarter":"Q1","sourceDataset":"CSDB10","updateDate":"2016-01-28T09:29:34.829Z"},{"date":"2001 Q2","value":"7947","year":"2001","month":"","quarter":"Q2","sourceDataset":"CSDB10","updateDate":"2016-01-28T09:29:34.829Z"},{"date":"2001 Q3","value":"7552","year":"2001","month":"","quarter":"Q3","sourceDataset":"CSDB10","updateDate":"2016-01-28T09:29:34.829Z"},{"date":"2001 Q4","value":"7057","year":"2001","month":"","quarter":"Q4","sourceDataset":"CSDB10","updateDate":"2016-01-28T09:29:34.829Z"},{"date":"2002 Q1","value":"6692","year":"2002","month":"","quarter":"Q1","sourceDataset":"CSDB10","updateDate":"2016-01-28T09:29:34.829Z"},{"date":"2002 Q2","value":"7066","year":"2002","month":"","quarter":"Q2","sourceDataset":"CSDB10","updateDate":"2016-01-28T09:29:34.829Z"},{"date":"2002 Q3","value":"7276","year":"2002","month":"","quarter":"Q3","sourceDataset":"CSDB10","updateDate":"2016-01-28T09:29:34.829Z"},{"date":"2002 Q4","value":"6885","year":"2002","month":"","quarter":"Q4","sourceDataset":"CSDB10","updateDate":"2016-01-28T09:29:34.829Z"},{"date":"2003 Q1","value":"7150","year":"2003","month":"","quarter":"Q1","sourceDataset":"CSDB10","updateDate":"2016-01-28T09:29:34.829Z"},{"date":"2003 Q2","value":"7388","year":"2003","month":"","quarter":"Q2","sourceDataset":"CSDB10","updateDate":"2016-01-28T09:29:34.829Z"},{"date":"2003 Q3","value":"7394","year":"2003","month":"","quarter":"Q3","sourceDataset":"CSDB10","updateDate":"2016-01-28T09:29:34.829Z"},{"date":"2003 Q4","value":"7240","year":"2003","month":"","quarter":"Q4","sourceDataset":"CSDB10","updateDate":"2016-01-28T09:29:34.829Z"},{"date":"2004 Q1","value":"7163","year":"2004","month":"","quarter":"Q1","sourceDataset":"CSDB10","updateDate":"2016-01-28T09:29:34.829Z"},{"date":"2004 Q2","value":"7867","year":"2004","month":"","quarter":"Q2","sourceDataset":"CSDB10","updateDate":"2016-01-28T09:29:34.829Z"},{"date":"2004 Q3","value":"8403","year":"2004","month":"","quarter":"Q3","sourceDataset":"CSDB10","updateDate":"2016-01-28T09:29:34.829Z"},{"date":"2004 Q4","value":"9514","year":"2004","month":"","quarter":"Q4","sourceDataset":"CSDB10","updateDate":"2016-01-28T09:29:34.829Z"},{"date":"2005 Q1","value":"9383","year":"2005","month":"","quarter":"Q1","sourceDataset":"CSDB10","updateDate":"2016-01-28T09:29:34.829Z"},{"date":"2005 Q2","value":"10991","year":"2005","month":"","quarter":"Q2","sourceDataset":"CSDB10","updateDate":"2016-01-28T09:29:34.829Z"},{"date":"2005 Q3","value":"12426","year":"2005","month":"","quarter":"Q3","sourceDataset":"CSDB10","updateDate":"2016-01-28T09:29:34.829Z"},{"date":"2005 Q4","value":"12662","year":"2005","month":"","quarter":"Q4","sourceDataset":"CSDB10","updateDate":"2016-01-28T09:29:34.829Z"},{"date":"2006 Q1","value":"14670","year":"2006","month":"","quarter":"Q1","sourceDataset":"CSDB10","updateDate":"2016-01-28T09:29:34.829Z"},{"date":"2006 Q2","value":"15412","year":"2006","month":"","quarter":"Q2","sourceDataset":"CSDB10","updateDate":"2016-01-28T09:29:34.829Z"},{"date":"2006 Q3","value":"16910","year":"2006","month":"","quarter":"Q3","sourceDataset":"CSDB10","updateDate":"2016-01-28T09:29:34.829Z"},{"date":"2006 Q4","value":"12301","year":"2006","month":"","quarter":"Q4","sourceDataset":"CSDB10","updateDate":"2016-01-28T09:29:34.829Z"},{"date":"2007 Q1","value":"15032","year":"2007","month":"","quarter":"Q1","sourceDataset":"CSDB10","updateDate":"2016-01-28T09:29:34.829Z"},{"date":"2007 Q2","value":"19388","year":"2007","month":"","quarter":"Q2","sourceDataset":"CSDB10","updateDate":"2016-01-28T09:29:34.829Z"},{"date":"2007 Q3","value":"17657","year":"2007","month":"","quarter":"Q3","sourceDataset":"CSDB10","updateDate":"2016-01-28T09:29:34.829Z"},{"date":"2007 Q4","value":"15220","year":"2007","month":"","quarter":"Q4","sourceDataset":"CSDB10","updateDate":"2016-01-28T09:29:34.829Z"},{"date":"2008 Q1","value":"18031","year":"2008","month":"","quarter":"Q1","sourceDataset":"CSDB10","updateDate":"2016-01-28T09:29:34.829Z"},{"date":"2008 Q2","value":"16857","year":"2008","month":"","quarter":"Q2","sourceDataset":"CSDB10","updateDate":"2016-01-28T09:29:34.829Z"},{"date":"2008 Q3","value":"13331","year":"2008","month":"","quarter":"Q3","sourceDataset":"CSDB10","updateDate":"2016-01-28T09:29:34.829Z"},{"date":"2008 Q4","value":"14581","year":"2008","month":"","quarter":"Q4","sourceDataset":"CSDB10","updateDate":"2016-01-28T09:29:34.829Z"},{"date":"2009 Q1","value":"10524","year":"2009","month":"","quarter":"Q1","sourceDataset":"CSDB10","updateDate":"2016-01-28T09:29:34.829Z"},{"date":"2009 Q2","value":"8384","year":"2009","month":"","quarter":"Q2","sourceDataset":"CSDB10","updateDate":"2016-01-28T09:29:34.829Z"},{"date":"2009 Q3","value":"11469","year":"2009","month":"","quarter":"Q3","sourceDataset":"CSDB10","updateDate":"2016-01-28T09:29:34.829Z"},{"date":"2009 Q4","value":"10978","year":"2009","month":"","quarter":"Q4","sourceDataset":"CSDB10","updateDate":"2016-01-28T09:29:34.829Z"},{"date":"2010 Q1","value":"9646","year":"2010","month":"","quarter":"Q1","sourceDataset":"CSDB10","updateDate":"2016-01-28T09:29:34.829Z"},{"date":"2010 Q2","value":"8456","year":"2010","month":"","quarter":"Q2","sourceDataset":"CSDB10","updateDate":"2016-01-28T09:29:34.829Z"},{"date":"2010 Q3","value":"8569","year":"2010","month":"","quarter":"Q3","sourceDataset":"CSDB10","updateDate":"2016-01-28T09:29:34.829Z"},{"date":"2010 Q4","value":"9270","year":"2010","month":"","quarter":"Q4","sourceDataset":"CSDB10","updateDate":"2016-01-28T09:29:34.830Z"},{"date":"2011 Q1","value":"10387","year":"2011","month":"","quarter":"Q1","sourceDataset":"CSDB10","updateDate":"2016-01-28T09:29:34.830Z"},{"date":"2011 Q2","value":"12696","year":"2011","month":"","quarter":"Q2","sourceDataset":"CSDB10","updateDate":"2016-01-28T09:29:34.830Z"},{"date":"2011 Q3","value":"11132","year":"2011","month":"","quarter":"Q3","sourceDataset":"CSDB10","updateDate":"2016-01-28T09:29:34.830Z"},{"date":"2011 Q4","value":"12762","year":"2011","month":"","quarter":"Q4","sourceDataset":"CSDB10","updateDate":"2016-01-28T09:29:34.830Z"},{"date":"2012 Q1","value":"11319","year":"2012","month":"","quarter":"Q1","sourceDataset":"CSDB10","updateDate":"2016-01-28T09:29:34.830Z"},{"date":"2012 Q2","value":"10859","year":"2012","month":"","quarter":"Q2","sourceDataset":"CSDB10","updateDate":"2016-01-28T09:29:34.830Z"},{"date":"2012 Q3","value":"9584","year":"2012","month":"","quarter":"Q3","sourceDataset":"CSDB10","updateDate":"2016-01-28T09:29:34.830Z"},{"date":"2012 Q4","value":"7070","year":"2012","month":"","quarter":"Q4","sourceDataset":"CSDB10","updateDate":"2016-01-28T09:29:34.830Z"},{"date":"2013 Q1","value":"8979","year":"2013","month":"","quarter":"Q1","sourceDataset":"CSDB10","updateDate":"2016-01-28T09:29:34.830Z"},{"date":"2013 Q2","value":"10735","year":"2013","month":"","quarter":"Q2","sourceDataset":"CSDB10","updateDate":"2016-01-28T09:29:34.830Z"},{"date":"2013 Q3","value":"9308","year":"2013","month":"","quarter":"Q3","sourceDataset":"CSDB10","updateDate":"2016-01-28T09:29:34.830Z"},{"date":"2013 Q4","value":"8908","year":"2013","month":"","quarter":"Q4","sourceDataset":"CSDB10","updateDate":"2016-01-28T09:29:34.830Z"},{"date":"2014 Q1","value":"8320","year":"2014","month":"","quarter":"Q1","sourceDataset":"CSDB10","updateDate":"2016-01-28T09:29:34.830Z"},{"date":"2014 Q2","value":"9956","year":"2014","month":"","quarter":"Q2","sourceDataset":"CSDB10","updateDate":"2016-01-28T09:29:34.830Z"},{"date":"2014 Q3","value":"7906","year":"2014","month":"","quarter":"Q3","sourceDataset":"CSDB10","updateDate":"2016-01-28T09:29:34.830Z"},{"date":"2014 Q4","value":"8321","year":"2014","month":"","quarter":"Q4","sourceDataset":"CSDB10","updateDate":"2016-01-28T09:29:34.830Z"},{"date":"2015 Q1","value":"9665","year":"2015","month":"","quarter":"Q1","sourceDataset":"CSDB10","updateDate":"2016-01-28T09:29:34.830Z"},{"date":"2015 Q2","value":"9240","year":"2015","month":"","quarter":"Q2","sourceDataset":"CSDB10","updateDate":"2016-01-28T09:29:34.830Z"},{"date":"2015 Q3","value":"8065","year":"2015","month":"","quarter":"Q3","sourceDataset":"CSDB10","updateDate":"2016-01-28T09:29:34.830Z"}],"months":[],"sourceDatasets":["CSDB10"],"relatedDatasets":[{"uri":"/economy/environmentalaccounts/datasets/werwerwerwerwerwr/2015"}],"relatedDocuments":[],"type":"timeseries","description":{"title":"Total Primary Income Credits United States : SA:£m                      ","contact":{"email":"","name":"","telephone":""},"releaseDate":"2016-01-27T00:00:00.000Z","nextRelease":"","cdid":"ARFG","unit":"","preUnit":"","source":"","seasonalAdjustment":"NSA","date":"2015 Q3","number":"8065"}}