{"years":[],"quarters":[],"months":[{"date":"1993 JAN","value":"0.40","year":"1993","month":"January","quarter":"","sourceDataset":"CSDB","updateDate":"2016-01-14T16:25:16.144Z"},{"date":"1993 FEB","value":"0.39","year":"1993","month":"February","quarter":"","sourceDataset":"CSDB","updateDate":"2016-01-14T16:25:16.144Z"},{"date":"1993 MAR","value":"0.39","year":"1993","month":"March","quarter":"","sourceDataset":"CSDB","updateDate":"2016-01-14T16:25:16.144Z"},{"date":"1993 APR","value":"0.38","year":"1993","month":"April","quarter":"","sourceDataset":"CSDB","updateDate":"2016-01-14T16:25:16.144Z"},{"date":"1993 MAY","value":"0.36","year":"1993","month":"May","quarter":"","sourceDataset":"CSDB","updateDate":"2016-01-14T16:25:16.144Z"},{"date":"1993 JUN","value":"0.35","year":"1993","month":"June","quarter":"","sourceDataset":"CSDB","updateDate":"2016-01-14T16:25:16.144Z"},{"date":"1993 JUL","value":"0.34","year":"1993","month":"July","quarter":"","sourceDataset":"CSDB","updateDate":"2016-01-14T16:25:16.144Z"},{"date":"1993 AUG","value":"0.33","year":"1993","month":"August","quarter":"","sourceDataset":"CSDB","updateDate":"2016-01-14T16:25:16.144Z"},{"date":"1993 SEP","value":"0.33","year":"1993","month":"September","quarter":"","sourceDataset":"CSDB","updateDate":"2016-01-14T16:25:16.144Z"},{"date":"1993 OCT","value":"0.31","year":"1993","month":"October","quarter":"","sourceDataset":"CSDB","updateDate":"2016-01-14T16:25:16.144Z"},{"date":"1993 NOV","value":"0.28","year":"1993","month":"November","quarter":"","sourceDataset":"CSDB","updateDate":"2016-01-14T16:25:16.144Z"},{"date":"1993 DEC","value":"0.29","year":"1993","month":"December","quarter":"","sourceDataset":"CSDB","updateDate":"2016-01-14T16:25:16.144Z"},{"date":"1994 JAN","value":"0.30","year":"1994","month":"January","quarter":"","sourceDataset":"CSDB","updateDate":"2016-01-14T16:25:16.144Z"},{"date":"1994 FEB","value":"0.29","year":"1994","month":"February","quarter":"","sourceDataset":"CSDB","updateDate":"2016-01-14T16:25:16.144Z"},{"date":"1994 MAR","value":"0.24","year":"1994","month":"March","quarter":"","sourceDataset":"CSDB","updateDate":"2016-01-14T16:25:16.144Z"},{"date":"1994 APR","value":"0.16","year":"1994","month":"April","quarter":"","sourceDataset":"CSDB","updateDate":"2016-01-14T16:25:16.144Z"},{"date":"1994 MAY","value":"0.15","year":"1994","month":"May","quarter":"","sourceDataset":"CSDB","updateDate":"2016-01-14T16:25:16.144Z"},{"date":"1994 JUN","value":"0.17","year":"1994","month":"June","quarter":"","sourceDataset":"CSDB","updateDate":"2016-01-14T16:25:16.144Z"},{"date":"1994 JUL","value":"0.17","year":"1994","month":"July","quarter":"","sourceDataset":"CSDB","updateDate":"2016-01-14T16:25:16.144Z"},{"date":"1994 AUG","value":"0.16","year":"1994","month":"August","quarter":"","sourceDataset":"CSDB","updateDate":"2016-01-14T16:25:16.144Z"},{"date":"1994 SEP","value":"0.16","year":"1994","month":"September","quarter":"","sourceDataset":"CSDB","updateDate":"2016-01-14T16:25:16.144Z"},{"date":"1994 OCT","value":"0.14","year":"1994","month":"October","quarter":"","sourceDataset":"CSDB","updateDate":"2016-01-14T16:25:16.144Z"},{"date":"1994 NOV","value":"0.16","year":"1994","month":"November","quarter":"","sourceDataset":"CSDB","updateDate":"2016-01-14T16:25:16.144Z"},{"date":"1994 DEC","value":"0.16","year":"1994","month":"December","quarter":"","sourceDataset":"CSDB","updateDate":"2016-01-14T16:25:16.144Z"},{"date":"1995 JAN","value":"0.21","year":"1995","month":"January","quarter":"","sourceDataset":"CSDB","updateDate":"2016-01-14T16:25:16.144Z"},{"date":"1995 FEB","value":"0.25","year":"1995","month":"February","quarter":"","sourceDataset":"CSDB","updateDate":"2016-01-14T16:25:16.144Z"},{"date":"1995 MAR","value":"0.29","year":"1995","month":"March","quarter":"","sourceDataset":"CSDB","updateDate":"2016-01-14T16:25:16.144Z"},{"date":"1995 APR","value":"0.26","year":"1995","month":"April","quarter":"","sourceDataset":"CSDB","updateDate":"2016-01-14T16:25:16.144Z"},{"date":"1995 MAY","value":"0.30","year":"1995","month":"May","quarter":"","sourceDataset":"CSDB","updateDate":"2016-01-14T16:25:16.144Z"},{"date":"1995 JUN","value":"0.30","year":"1995","month":"June","quarter":"","sourceDataset":"CSDB","updateDate":"2016-01-14T16:25:16.144Z"},{"date":"1995 JUL","value":"0.31","year":"1995","month":"July","quarter":"","sourceDataset":"CSDB","updateDate":"2016-01-14T16:25:16.144Z"},{"date":"1995 AUG","value":"0.30","year":"1995","month":"August","quarter":"","sourceDataset":"CSDB","updateDate":"2016-01-14T16:25:16.144Z"},{"date":"1995 SEP","value":"0.30","year":"1995","month":"September","quarter":"","sourceDataset":"CSDB","updateDate":"2016-01-14T16:25:16.144Z"},{"date":"1995 OCT","value":"0.34","year":"1995","month":"October","quarter":"","sourceDataset":"CSDB","updateDate":"2016-01-14T16:25:16.144Z"},{"date":"1995 NOV","value":"0.31","year":"1995","month":"November","quarter":"","sourceDataset":"CSDB","updateDate":"2016-01-14T16:25:16.144Z"},{"date":"1995 DEC","value":"0.27","year":"1995","month":"December","quarter":"","sourceDataset":"CSDB","updateDate":"2016-01-14T16:25:16.144Z"},{"date":"1996 JAN","value":"0.23","year":"1996","month":"January","quarter":"","sourceDataset":"CSDB","updateDate":"2016-01-14T16:25:16.144Z"},{"date":"1996 FEB","value":"0.22","year":"1996","month":"February","quarter":"","sourceDataset":"CSDB","updateDate":"2016-01-14T16:25:16.144Z"},{"date":"1996 MAR","value":"0.21","year":"1996","month":"March","quarter":"","sourceDataset":"CSDB","updateDate":"2016-01-14T16:25:16.144Z"},{"date":"1996 APR","value":"0.23","year":"1996","month":"April","quarter":"","sourceDataset":"CSDB","updateDate":"2016-01-14T16:25:16.144Z"},{"date":"1996 MAY","value":"0.21","year":"1996","month":"May","quarter":"","sourceDataset":"CSDB","updateDate":"2016-01-14T16:25:16.144Z"},{"date":"1996 JUN","value":"0.23","year":"1996","month":"June","quarter":"","sourceDataset":"CSDB","updateDate":"2016-01-14T16:25:16.144Z"},{"date":"1996 JUL","value":"0.23","year":"1996","month":"July","quarter":"","sourceDataset":"CSDB","updateDate":"2016-01-14T16:25:16.144Z"},{"date":"1996 AUG","value":"0.23","year":"1996","month":"August","quarter":"","sourceDataset":"CSDB","updateDate":"2016-01-14T16:25:16.144Z"},{"date":"1996 SEP","value":"0.22","year":"1996","month":"September","quarter":"","sourceDataset":"CSDB","updateDate":"2016-01-14T16:25:16.144Z"},{"date":"1996 OCT","value":"0.20","year":"1996","month":"October","quarter":"","sourceDataset":"CSDB","updateDate":"2016-01-14T16:25:16.144Z"},{"date":"1996 NOV","value":"0.23","year":"1996","month":"November","quarter":"","sourceDataset":"CSDB","updateDate":"2016-01-14T16:25:16.144Z"},{"date":"1996 DEC","value":"0.26","year":"1996","month":"December","quarter":"","sourceDataset":"CSDB","updateDate":"2016-01-14T16:25:16.144Z"},{"date":"1997 JAN","value":"0.24","year":"1997","month":"January","quarter":"","sourceDataset":"CSDB","updateDate":"2016-01-14T16:25:16.144Z"},{"date":"1997 FEB","value":"0.24","year":"1997","month":"February","quarter":"","sourceDataset":"CSDB","updateDate":"2016-01-14T16:25:16.144Z"},{"date":"1997 MAR","value":"0.22","year":"1997","month":"March","quarter":"","sourceDataset":"CSDB","updateDate":"2016-01-14T16:25:16.144Z"},{"date":"1997 APR","value":"0.22","year":"1997","month":"April","quarter":"","sourceDataset":"CSDB","updateDate":"2016-01-14T16:25:16.144Z"},{"date":"1997 MAY","value":"0.24","year":"1997","month":"May","quarter":"","sourceDataset":"CSDB","updateDate":"2016-01-14T16:25:16.144Z"},{"date":"1997 JUN","value":"0.21","year":"1997","month":"June","quarter":"","sourceDataset":"CSDB","updateDate":"2016-01-14T16:25:16.144Z"},{"date":"1997 JUL","value":"0.21","year":"1997","month":"July","quarter":"","sourceDataset":"CSDB","updateDate":"2016-01-14T16:25:16.144Z"},{"date":"1997 AUG","value":"0.22","year":"1997","month":"August","quarter":"","sourceDataset":"CSDB","updateDate":"2016-01-14T16:25:16.144Z"},{"date":"1997 SEP","value":"0.22","year":"1997","month":"September","quarter":"","sourceDataset":"CSDB","updateDate":"2016-01-14T16:25:16.144Z"},{"date":"1997 OCT","value":"0.22","year":"1997","month":"October","quarter":"","sourceDataset":"CSDB","updateDate":"2016-01-14T16:25:16.144Z"},{"date":"1997 NOV","value":"0.21","year":"1997","month":"November","quarter":"","sourceDataset":"CSDB","updateDate":"2016-01-14T16:25:16.144Z"},{"date":"1997 DEC","value":"0.20","year":"1997","month":"December","quarter":"","sourceDataset":"CSDB","updateDate":"2016-01-14T16:25:16.144Z"},{"date":"1998 JAN","value":"0.25","year":"1998","month":"January","quarter":"","sourceDataset":"CSDB","updateDate":"2016-01-14T16:25:16.144Z"},{"date":"1998 FEB","value":"0.26","year":"1998","month":"February","quarter":"","sourceDataset":"CSDB","updateDate":"2016-01-14T16:25:16.144Z"},{"date":"1998 MAR","value":"0.29","year":"1998","month":"March","quarter":"","sourceDataset":"CSDB","updateDate":"2016-01-14T16:25:16.144Z"},{"date":"1998 APR","value":"0.27","year":"1998","month":"April","quarter":"","sourceDataset":"CSDB","updateDate":"2016-01-14T16:25:16.144Z"},{"date":"1998 MAY","value":"0.27","year":"1998","month":"May","quarter":"","sourceDataset":"CSDB","updateDate":"2016-01-14T16:25:16.144Z"},{"date":"1998 JUN","value":"0.25","year":"1998","month":"June","quarter":"","sourceDataset":"CSDB","updateDate":"2016-01-14T16:25:16.144Z"},{"date":"1998 JUL","value":"0.24","year":"1998","month":"July","quarter":"","sourceDataset":"CSDB","updateDate":"2016-01-14T16:25:16.144Z"},{"date":"1998 AUG","value":"0.24","year":"1998","month":"August","quarter":"","sourceDataset":"CSDB","updateDate":"2016-01-14T16:25:16.144Z"},{"date":"1998 SEP","value":"0.24","year":"1998","month":"September","quarter":"","sourceDataset":"CSDB","updateDate":"2016-01-14T16:25:16.144Z"},{"date":"1998 OCT","value":"0.24","year":"1998","month":"October","quarter":"","sourceDataset":"CSDB","updateDate":"2016-01-14T16:25:16.144Z"},{"date":"1998 NOV","value":"0.24","year":"1998","month":"November","quarter":"","sourceDataset":"CSDB","updateDate":"2016-01-14T16:25:16.144Z"},{"date":"1998 DEC","value":"0.27","year":"1998","month":"December","quarter":"","sourceDataset":"CSDB","updateDate":"2016-01-14T16:25:16.144Z"},{"date":"1999 JAN","value":"0.26","year":"1999","month":"January","quarter":"","sourceDataset":"CSDB","updateDate":"2016-01-14T16:25:16.144Z"},{"date":"1999 FEB","value":"0.22","year":"1999","month":"February","quarter":"","sourceDataset":"CSDB","updateDate":"2016-01-14T16:25:16.144Z"},{"date":"1999 MAR","value":"0.19","year":"1999","month":"March","quarter":"","sourceDataset":"CSDB","updateDate":"2016-01-14T16:25:16.144Z"},{"date":"1999 APR","value":"0.19","year":"1999","month":"April","quarter":"","sourceDataset":"CSDB","updateDate":"2016-01-14T16:25:16.144Z"},{"date":"1999 MAY","value":"0.17","year":"1999","month":"May","quarter":"","sourceDataset":"CSDB","updateDate":"2016-01-14T16:25:16.144Z"},{"date":"1999 JUN","value":"0.21","year":"1999","month":"June","quarter":"","sourceDataset":"CSDB","updateDate":"2016-01-14T16:25:16.144Z"},{"date":"1999 JUL","value":"0.17","year":"1999","month":"July","quarter":"","sourceDataset":"CSDB","updateDate":"2016-01-14T16:25:16.144Z"},{"date":"1999 AUG","value":"0.16","year":"1999","month":"August","quarter":"","sourceDataset":"CSDB","updateDate":"2016-01-14T16:25:16.144Z"},{"date":"1999 SEP","value":"0.15","year":"1999","month":"September","quarter":"","sourceDataset":"CSDB","updateDate":"2016-01-14T16:25:16.144Z"},{"date":"1999 OCT","value":"0.15","year":"1999","month":"October","quarter":"","sourceDataset":"CSDB","updateDate":"2016-01-14T16:25:16.144Z"},{"date":"1999 NOV","value":"0.15","year":"1999","month":"November","quarter":"","sourceDataset":"CSDB","updateDate":"2016-01-14T16:25:16.144Z"},{"date":"1999 DEC","value":"0.14","year":"1999","month":"December","quarter":"","sourceDataset":"CSDB","updateDate":"2016-01-14T16:25:16.144Z"},{"date":"2000 JAN","value":"0.11","year":"2000","month":"January","quarter":"","sourceDataset":"CSDB","updateDate":"2016-01-14T16:25:16.144Z"},{"date":"2000 FEB","value":"0.09","year":"2000","month":"February","quarter":"","sourceDataset":"CSDB","updateDate":"2016-01-14T16:25:16.144Z"},{"date":"2000 MAR","value":"0.11","year":"2000","month":"March","quarter":"","sourceDataset":"CSDB","updateDate":"2016-01-14T16:25:16.144Z"},{"date":"2000 APR","value":"0.11","year":"2000","month":"April","quarter":"","sourceDataset":"CSDB","updateDate":"2016-01-14T16:25:16.144Z"},{"date":"2000 MAY","value":"0.11","year":"2000","month":"May","quarter":"","sourceDataset":"CSDB","updateDate":"2016-01-14T16:25:16.144Z"},{"date":"2000 JUN","value":"0.09","year":"2000","month":"June","quarter":"","sourceDataset":"CSDB","updateDate":"2016-01-14T16:25:16.144Z"},{"date":"2000 JUL","value":"0.10","year":"2000","month":"July","quarter":"","sourceDataset":"CSDB","updateDate":"2016-01-14T16:25:16.144Z"},{"date":"2000 AUG","value":"0.10","year":"2000","month":"August","quarter":"","sourceDataset":"CSDB","updateDate":"2016-01-14T16:25:16.144Z"},{"date":"2000 SEP","value":"0.11","year":"2000","month":"September","quarter":"","sourceDataset":"CSDB","updateDate":"2016-01-14T16:25:16.144Z"},{"date":"2000 OCT","value":"0.10","year":"2000","month":"October","quarter":"","sourceDataset":"CSDB","updateDate":"2016-01-14T16:25:16.144Z"},{"date":"2000 NOV","value":"0.12","year":"2000","month":"November","quarter":"","sourceDataset":"CSDB","updateDate":"2016-01-14T16:25:16.144Z"},{"date":"2000 DEC","value":"0.12","year":"2000","month":"December","quarter":"","sourceDataset":"CSDB","updateDate":"2016-01-14T16:25:16.144Z"},{"date":"2001 JAN","value":"0.11","year":"2001","month":"January","quarter":"","sourceDataset":"CSDB","updateDate":"2016-01-14T16:25:16.144Z"},{"date":"2001 FEB","value":"0.12","year":"2001","month":"February","quarter":"","sourceDataset":"CSDB","updateDate":"2016-01-14T16:25:16.144Z"},{"date":"2001 MAR","value":"0.12","year":"2001","month":"March","quarter":"","sourceDataset":"CSDB","updateDate":"2016-01-14T16:25:16.144Z"},{"date":"2001 APR","value":"0.15","year":"2001","month":"April","quarter":"","sourceDataset":"CSDB","updateDate":"2016-01-14T16:25:16.144Z"},{"date":"2001 MAY","value":"0.13","year":"2001","month":"May","quarter":"","sourceDataset":"CSDB","updateDate":"2016-01-14T16:25:16.144Z"},{"date":"2001 JUN","value":"0.14","year":"2001","month":"June","quarter":"","sourceDataset":"CSDB","updateDate":"2016-01-14T16:25:16.144Z"},{"date":"2001 JUL","value":"0.15","year":"2001","month":"July","quarter":"","sourceDataset":"CSDB","updateDate":"2016-01-14T16:25:16.144Z"},{"date":"2001 AUG","value":"0.15","year":"2001","month":"August","quarter":"","sourceDataset":"CSDB","updateDate":"2016-01-14T16:25:16.144Z"},{"date":"2001 SEP","value":"0.13","year":"2001","month":"September","quarter":"","sourceDataset":"CSDB","updateDate":"2016-01-14T16:25:16.144Z"},{"date":"2001 OCT","value":"0.16","year":"2001","month":"October","quarter":"","sourceDataset":"CSDB","updateDate":"2016-01-14T16:25:16.144Z"},{"date":"2001 NOV","value":"0.15","year":"2001","month":"November","quarter":"","sourceDataset":"CSDB","updateDate":"2016-01-14T16:25:16.144Z"},{"date":"2001 DEC","value":"0.14","year":"2001","month":"December","quarter":"","sourceDataset":"CSDB","updateDate":"2016-01-14T16:25:16.144Z"},{"date":"2002 JAN","value":"0.14","year":"2002","month":"January","quarter":"","sourceDataset":"CSDB","updateDate":"2016-01-14T16:25:16.144Z"},{"date":"2002 FEB","value":"0.15","year":"2002","month":"February","quarter":"","sourceDataset":"CSDB","updateDate":"2016-01-14T16:25:16.144Z"},{"date":"2002 MAR","value":"0.16","year":"2002","month":"March","quarter":"","sourceDataset":"CSDB","updateDate":"2016-01-14T16:25:16.144Z"},{"date":"2002 APR","value":"0.15","year":"2002","month":"April","quarter":"","sourceDataset":"CSDB","updateDate":"2016-01-14T16:25:16.144Z"},{"date":"2002 MAY","value":"0.15","year":"2002","month":"May","quarter":"","sourceDataset":"CSDB","updateDate":"2016-01-14T16:25:16.144Z"},{"date":"2002 JUN","value":"0.15","year":"2002","month":"June","quarter":"","sourceDataset":"CSDB","updateDate":"2016-01-14T16:25:16.144Z"},{"date":"2002 JUL","value":"0.17","year":"2002","month":"July","quarter":"","sourceDataset":"CSDB","updateDate":"2016-01-14T16:25:16.144Z"},{"date":"2002 AUG","value":"0.15","year":"2002","month":"August","quarter":"","sourceDataset":"CSDB","updateDate":"2016-01-14T16:25:16.144Z"},{"date":"2002 SEP","value":"0.17","year":"2002","month":"September","quarter":"","sourceDataset":"CSDB","updateDate":"2016-01-14T16:25:16.144Z"},{"date":"2002 OCT","value":"0.15","year":"2002","month":"October","quarter":"","sourceDataset":"CSDB","updateDate":"2016-01-14T16:25:16.144Z"},{"date":"2002 NOV","value":"0.14","year":"2002","month":"November","quarter":"","sourceDataset":"CSDB","updateDate":"2016-01-14T16:25:16.144Z"},{"date":"2002 DEC","value":"0.15","year":"2002","month":"December","quarter":"","sourceDataset":"CSDB","updateDate":"2016-01-14T16:25:16.144Z"},{"date":"2003 JAN","value":"0.15","year":"2003","month":"January","quarter":"","sourceDataset":"CSDB","updateDate":"2016-01-14T16:25:16.144Z"},{"date":"2003 FEB","value":"0.15","year":"2003","month":"February","quarter":"","sourceDataset":"CSDB","updateDate":"2016-01-14T16:25:16.144Z"},{"date":"2003 MAR","value":"0.15","year":"2003","month":"March","quarter":"","sourceDataset":"CSDB","updateDate":"2016-01-14T16:25:16.144Z"},{"date":"2003 APR","value":"0.15","year":"2003","month":"April","quarter":"","sourceDataset":"CSDB","updateDate":"2016-01-14T16:25:16.144Z"},{"date":"2003 MAY","value":"0.17","year":"2003","month":"May","quarter":"","sourceDataset":"CSDB","updateDate":"2016-01-14T16:25:16.144Z"},{"date":"2003 JUN","value":"0.17","year":"2003","month":"June","quarter":"","sourceDataset":"CSDB","updateDate":"2016-01-14T16:25:16.144Z"},{"date":"2003 JUL","value":"0.11","year":"2003","month":"July","quarter":"","sourceDataset":"CSDB","updateDate":"2016-01-14T16:25:16.144Z"},{"date":"2003 AUG","value":"0.14","year":"2003","month":"August","quarter":"","sourceDataset":"CSDB","updateDate":"2016-01-14T16:25:16.144Z"},{"date":"2003 SEP","value":"0.13","year":"2003","month":"September","quarter":"","sourceDataset":"CSDB","updateDate":"2016-01-14T16:25:16.144Z"},{"date":"2003 OCT","value":"0.14","year":"2003","month":"October","quarter":"","sourceDataset":"CSDB","updateDate":"2016-01-14T16:25:16.144Z"},{"date":"2003 NOV","value":"0.13","year":"2003","month":"November","quarter":"","sourceDataset":"CSDB","updateDate":"2016-01-14T16:25:16.144Z"},{"date":"2003 DEC","value":"0.14","year":"2003","month":"December","quarter":"","sourceDataset":"CSDB","updateDate":"2016-01-14T16:25:16.144Z"},{"date":"2004 JAN","value":"0.13","year":"2004","month":"January","quarter":"","sourceDataset":"CSDB","updateDate":"2016-01-14T16:25:16.144Z"},{"date":"2004 FEB","value":"0.13","year":"2004","month":"February","quarter":"","sourceDataset":"CSDB","updateDate":"2016-01-14T16:25:16.144Z"},{"date":"2004 MAR","value":"0.15","year":"2004","month":"March","quarter":"","sourceDataset":"CSDB","updateDate":"2016-01-14T16:25:16.144Z"},{"date":"2004 APR","value":"0.15","year":"2004","month":"April","quarter":"","sourceDataset":"CSDB","updateDate":"2016-01-14T16:25:16.144Z"},{"date":"2004 MAY","value":"0.13","year":"2004","month":"May","quarter":"","sourceDataset":"CSDB","updateDate":"2016-01-14T16:25:16.144Z"},{"date":"2004 JUN","value":"0.12","year":"2004","month":"June","quarter":"","sourceDataset":"CSDB","updateDate":"2016-01-14T16:25:16.144Z"},{"date":"2004 JUL","value":"0.14","year":"2004","month":"July","quarter":"","sourceDataset":"CSDB","updateDate":"2016-01-14T16:25:16.144Z"},{"date":"2004 AUG","value":"0.13","year":"2004","month":"August","quarter":"","sourceDataset":"CSDB","updateDate":"2016-01-14T16:25:16.144Z"},{"date":"2004 SEP","value":"0.13","year":"2004","month":"September","quarter":"","sourceDataset":"CSDB","updateDate":"2016-01-14T16:25:16.144Z"},{"date":"2004 OCT","value":"0.12","year":"2004","month":"October","quarter":"","sourceDataset":"CSDB","updateDate":"2016-01-14T16:25:16.144Z"},{"date":"2004 NOV","value":"0.13","year":"2004","month":"November","quarter":"","sourceDataset":"CSDB","updateDate":"2016-01-14T16:25:16.144Z"},{"date":"2004 DEC","value":"0.12","year":"2004","month":"December","quarter":"","sourceDataset":"CSDB","updateDate":"2016-01-14T16:25:16.144Z"},{"date":"2005 JAN","value":"0.12","year":"2005","month":"January","quarter":"","sourceDataset":"CSDB","updateDate":"2016-01-14T16:25:16.144Z"},{"date":"2005 FEB","value":"0.14","year":"2005","month":"February","quarter":"","sourceDataset":"CSDB","updateDate":"2016-01-14T16:25:16.144Z"},{"date":"2005 MAR","value":"0.09","year":"2005","month":"March","quarter":"","sourceDataset":"CSDB","updateDate":"2016-01-14T16:25:16.144Z"},{"date":"2005 APR","value":"0.11","year":"2005","month":"April","quarter":"","sourceDataset":"CSDB","updateDate":"2016-01-14T16:25:16.144Z"},{"date":"2005 MAY","value":"0.13","year":"2005","month":"May","quarter":"","sourceDataset":"CSDB","updateDate":"2016-01-14T16:25:16.144Z"},{"date":"2005 JUN","value":"0.14","year":"2005","month":"June","quarter":"","sourceDataset":"CSDB","updateDate":"2016-01-14T16:25:16.144Z"},{"date":"2005 JUL","value":"0.16","year":"2005","month":"July","quarter":"","sourceDataset":"CSDB","updateDate":"2016-01-14T16:25:16.144Z"},{"date":"2005 AUG","value":"0.14","year":"2005","month":"August","quarter":"","sourceDataset":"CSDB","updateDate":"2016-01-14T16:25:16.144Z"},{"date":"2005 SEP","value":"0.14","year":"2005","month":"September","quarter":"","sourceDataset":"CSDB","updateDate":"2016-01-14T16:25:16.144Z"},{"date":"2005 OCT","value":"0.14","year":"2005","month":"October","quarter":"","sourceDataset":"CSDB","updateDate":"2016-01-14T16:25:16.144Z"},{"date":"2005 NOV","value":"0.15","year":"2005","month":"November","quarter":"","sourceDataset":"CSDB","updateDate":"2016-01-14T16:25:16.144Z"},{"date":"2005 DEC","value":"0.14","year":"2005","month":"December","quarter":"","sourceDataset":"CSDB","updateDate":"2016-01-14T16:25:16.144Z"},{"date":"2006 JAN","value":"0.15","year":"2006","month":"January","quarter":"","sourceDataset":"CSDB","updateDate":"2016-01-14T16:25:16.144Z"},{"date":"2006 FEB","value":"0.14","year":"2006","month":"February","quarter":"","sourceDataset":"CSDB","updateDate":"2016-01-14T16:25:16.144Z"},{"date":"2006 MAR","value":"0.18","year":"2006","month":"March","quarter":"","sourceDataset":"CSDB","updateDate":"2016-01-14T16:25:16.144Z"},{"date":"2006 APR","value":"0.15","year":"2006","month":"April","quarter":"","sourceDataset":"CSDB","updateDate":"2016-01-14T16:25:16.144Z"},{"date":"2006 MAY","value":"0.15","year":"2006","month":"May","quarter":"","sourceDataset":"CSDB","updateDate":"2016-01-14T16:25:16.144Z"},{"date":"2006 JUN","value":"0.16","year":"2006","month":"June","quarter":"","sourceDataset":"CSDB","updateDate":"2016-01-14T16:25:16.144Z"},{"date":"2006 JUL","value":"0.14","year":"2006","month":"July","quarter":"","sourceDataset":"CSDB","updateDate":"2016-01-14T16:25:16.145Z"},{"date":"2006 AUG","value":"0.16","year":"2006","month":"August","quarter":"","sourceDataset":"CSDB","updateDate":"2016-01-14T16:25:16.145Z"},{"date":"2006 SEP","value":"0.16","year":"2006","month":"September","quarter":"","sourceDataset":"CSDB","updateDate":"2016-01-14T16:25:16.145Z"},{"date":"2006 OCT","value":"0.18","year":"2006","month":"October","quarter":"","sourceDataset":"CSDB","updateDate":"2016-01-14T16:25:16.145Z"},{"date":"2006 NOV","value":"0.18","year":"2006","month":"November","quarter":"","sourceDataset":"CSDB","updateDate":"2016-01-14T16:25:16.145Z"},{"date":"2006 DEC","value":"0.19","year":"2006","month":"December","quarter":"","sourceDataset":"CSDB","updateDate":"2016-01-14T16:25:16.145Z"},{"date":"2007 JAN","value":"0.18","year":"2007","month":"January","quarter":"","sourceDataset":"CSDB","updateDate":"2016-01-14T16:25:16.145Z"},{"date":"2007 FEB","value":"0.20","year":"2007","month":"February","quarter":"","sourceDataset":"CSDB","updateDate":"2016-01-14T16:25:16.145Z"},{"date":"2007 MAR","value":"0.21","year":"2007","month":"March","quarter":"","sourceDataset":"CSDB","updateDate":"2016-01-14T16:25:16.145Z"},{"date":"2007 APR","value":"0.24","year":"2007","month":"April","quarter":"","sourceDataset":"CSDB","updateDate":"2016-01-14T16:25:16.145Z"},{"date":"2007 MAY","value":"0.21","year":"2007","month":"May","quarter":"","sourceDataset":"CSDB","updateDate":"2016-01-14T16:25:16.145Z"},{"date":"2007 JUN","value":"0.21","year":"2007","month":"June","quarter":"","sourceDataset":"CSDB","updateDate":"2016-01-14T16:25:16.145Z"},{"date":"2007 JUL","value":"0.22","year":"2007","month":"July","quarter":"","sourceDataset":"CSDB","updateDate":"2016-01-14T16:25:16.145Z"},{"date":"2007 AUG","value":"0.20","year":"2007","month":"August","quarter":"","sourceDataset":"CSDB","updateDate":"2016-01-14T16:25:16.145Z"},{"date":"2007 SEP","value":"0.20","year":"2007","month":"September","quarter":"","sourceDataset":"CSDB","updateDate":"2016-01-14T16:25:16.145Z"},{"date":"2007 OCT","value":"0.17","year":"2007","month":"October","quarter":"","sourceDataset":"CSDB","updateDate":"2016-01-14T16:25:16.145Z"},{"date":"2007 NOV","value":"0.16","year":"2007","month":"November","quarter":"","sourceDataset":"CSDB","updateDate":"2016-01-14T16:25:16.145Z"},{"date":"2007 DEC","value":"0.15","year":"2007","month":"December","quarter":"","sourceDataset":"CSDB","updateDate":"2016-01-14T16:25:16.145Z"},{"date":"2008 JAN","value":"0.15","year":"2008","month":"January","quarter":"","sourceDataset":"CSDB","updateDate":"2016-01-14T16:25:16.145Z"},{"date":"2008 FEB","value":"0.17","year":"2008","month":"February","quarter":"","sourceDataset":"CSDB","updateDate":"2016-01-14T16:25:16.145Z"},{"date":"2008 MAR","value":"0.14","year":"2008","month":"March","quarter":"","sourceDataset":"CSDB","updateDate":"2016-01-14T16:25:16.145Z"},{"date":"2008 APR","value":"0.26","year":"2008","month":"April","quarter":"","sourceDataset":"CSDB","updateDate":"2016-01-14T16:25:16.145Z"},{"date":"2008 MAY","value":"0.28","year":"2008","month":"May","quarter":"","sourceDataset":"CSDB","updateDate":"2016-01-14T16:25:16.145Z"},{"date":"2008 JUN","value":"0.27","year":"2008","month":"June","quarter":"","sourceDataset":"CSDB","updateDate":"2016-01-14T16:25:16.145Z"},{"date":"2008 JUL","value":"0.25","year":"2008","month":"July","quarter":"","sourceDataset":"CSDB","updateDate":"2016-01-14T16:25:16.145Z"},{"date":"2008 AUG","value":"0.26","year":"2008","month":"August","quarter":"","sourceDataset":"CSDB","updateDate":"2016-01-14T16:25:16.145Z"},{"date":"2008 SEP","value":"0.26","year":"2008","month":"September","quarter":"","sourceDataset":"CSDB","updateDate":"2016-01-14T16:25:16.145Z"},{"date":"2008 OCT","value":"0.28","year":"2008","month":"October","quarter":"","sourceDataset":"CSDB","updateDate":"2016-01-14T16:25:16.145Z"},{"date":"2008 NOV","value":"0.26","year":"2008","month":"November","quarter":"","sourceDataset":"CSDB","updateDate":"2016-01-14T16:25:16.145Z"},{"date":"2008 DEC","value":"0.26","year":"2008","month":"December","quarter":"","sourceDataset":"CSDB","updateDate":"2016-01-14T16:25:16.145Z"},{"date":"2009 JAN","value":"0.30","year":"2009","month":"January","quarter":"","sourceDataset":"CSDB","updateDate":"2016-01-14T16:25:16.145Z"},{"date":"2009 FEB","value":"0.32","year":"2009","month":"February","quarter":"","sourceDataset":"CSDB","updateDate":"2016-01-14T16:25:16.145Z"},{"date":"2009 MAR","value":"0.31","year":"2009","month":"March","quarter":"","sourceDataset":"CSDB","updateDate":"2016-01-14T16:25:16.145Z"},{"date":"2009 APR","value":"0.16","year":"2009","month":"April","quarter":"","sourceDataset":"CSDB","updateDate":"2016-01-14T16:25:16.145Z"},{"date":"2009 MAY","value":"0.20","year":"2009","month":"May","quarter":"","sourceDataset":"CSDB","updateDate":"2016-01-14T16:25:16.145Z"},{"date":"2009 JUN","value":"0.18","year":"2009","month":"June","quarter":"","sourceDataset":"CSDB","updateDate":"2016-01-14T16:25:16.145Z"},{"date":"2009 JUL","value":"0.20","year":"2009","month":"July","quarter":"","sourceDataset":"CSDB","updateDate":"2016-01-14T16:25:16.145Z"},{"date":"2009 AUG","value":"0.21","year":"2009","month":"August","quarter":"","sourceDataset":"CSDB","updateDate":"2016-01-14T16:25:16.145Z"},{"date":"2009 SEP","value":"0.19","year":"2009","month":"September","quarter":"","sourceDataset":"CSDB","updateDate":"2016-01-14T16:25:16.145Z"},{"date":"2009 OCT","value":"0.20","year":"2009","month":"October","quarter":"","sourceDataset":"CSDB","updateDate":"2016-01-14T16:25:16.145Z"},{"date":"2009 NOV","value":"0.20","year":"2009","month":"November","quarter":"","sourceDataset":"CSDB","updateDate":"2016-01-14T16:25:16.145Z"},{"date":"2009 DEC","value":"0.19","year":"2009","month":"December","quarter":"","sourceDataset":"CSDB","updateDate":"2016-01-14T16:25:16.145Z"},{"date":"2010 JAN","value":"0.24","year":"2010","month":"January","quarter":"","sourceDataset":"CSDB","updateDate":"2016-01-14T16:25:16.145Z"},{"date":"2010 FEB","value":"0.17","year":"2010","month":"February","quarter":"","sourceDataset":"CSDB","updateDate":"2016-01-14T16:25:16.145Z"},{"date":"2010 MAR","value":"0.22","year":"2010","month":"March","quarter":"","sourceDataset":"CSDB","updateDate":"2016-01-14T16:25:16.145Z"},{"date":"2010 APR","value":"0.28","year":"2010","month":"April","quarter":"","sourceDataset":"CSDB","updateDate":"2016-01-14T16:25:16.145Z"},{"date":"2010 MAY","value":"0.21","year":"2010","month":"May","quarter":"","sourceDataset":"CSDB","updateDate":"2016-01-14T16:25:16.145Z"},{"date":"2010 JUN","value":"0.22","year":"2010","month":"June","quarter":"","sourceDataset":"CSDB","updateDate":"2016-01-14T16:25:16.145Z"},{"date":"2010 JUL","value":"0.21","year":"2010","month":"July","quarter":"","sourceDataset":"CSDB","updateDate":"2016-01-14T16:25:16.145Z"},{"date":"2010 AUG","value":"0.19","year":"2010","month":"August","quarter":"","sourceDataset":"CSDB","updateDate":"2016-01-14T16:25:16.145Z"},{"date":"2010 SEP","value":"0.23","year":"2010","month":"September","quarter":"","sourceDataset":"CSDB","updateDate":"2016-01-14T16:25:16.145Z"},{"date":"2010 OCT","value":"0.25","year":"2010","month":"October","quarter":"","sourceDataset":"CSDB","updateDate":"2016-01-14T16:25:16.145Z"},{"date":"2010 NOV","value":"0.25","year":"2010","month":"November","quarter":"","sourceDataset":"CSDB","updateDate":"2016-01-14T16:25:16.145Z"},{"date":"2010 DEC","value":"0.23","year":"2010","month":"December","quarter":"","sourceDataset":"CSDB","updateDate":"2016-01-14T16:25:16.145Z"},{"date":"2011 JAN","value":"0.35","year":"2011","month":"January","quarter":"","sourceDataset":"CSDB","updateDate":"2016-01-14T16:25:16.145Z"},{"date":"2011 FEB","value":"0.33","year":"2011","month":"February","quarter":"","sourceDataset":"CSDB","updateDate":"2016-01-14T16:25:16.145Z"},{"date":"2011 MAR","value":"0.30","year":"2011","month":"March","quarter":"","sourceDataset":"CSDB","updateDate":"2016-01-14T16:25:16.145Z"},{"date":"2011 APR","value":"0.36","year":"2011","month":"April","quarter":"","sourceDataset":"CSDB","updateDate":"2016-01-14T16:25:16.145Z"},{"date":"2011 MAY","value":"0.40","year":"2011","month":"May","quarter":"","sourceDataset":"CSDB","updateDate":"2016-01-14T16:25:16.145Z"},{"date":"2011 JUN","value":"0.38","year":"2011","month":"June","quarter":"","sourceDataset":"CSDB","updateDate":"2016-01-14T16:25:16.145Z"},{"date":"2011 JUL","value":"0.40","year":"2011","month":"July","quarter":"","sourceDataset":"CSDB","updateDate":"2016-01-14T16:25:16.145Z"},{"date":"2011 AUG","value":"0.38","year":"2011","month":"August","quarter":"","sourceDataset":"CSDB","updateDate":"2016-01-14T16:25:16.145Z"},{"date":"2011 SEP","value":"0.38","year":"2011","month":"September","quarter":"","sourceDataset":"CSDB","updateDate":"2016-01-14T16:25:16.145Z"},{"date":"2011 OCT","value":"0.32","year":"2011","month":"October","quarter":"","sourceDataset":"CSDB","updateDate":"2016-01-14T16:25:16.145Z"},{"date":"2011 NOV","value":"0.36","year":"2011","month":"November","quarter":"","sourceDataset":"CSDB","updateDate":"2016-01-14T16:25:16.145Z"},{"date":"2011 DEC","value":"0.34","year":"2011","month":"December","quarter":"","sourceDataset":"CSDB","updateDate":"2016-01-14T16:25:16.145Z"},{"date":"2012 JAN","value":"0.21","year":"2012","month":"January","quarter":"","sourceDataset":"CSDB","updateDate":"2016-01-14T16:25:16.145Z"},{"date":"2012 FEB","value":"0.28","year":"2012","month":"February","quarter":"","sourceDataset":"CSDB","updateDate":"2016-01-14T16:25:16.145Z"},{"date":"2012 MAR","value":"0.28","year":"2012","month":"March","quarter":"","sourceDataset":"CSDB","updateDate":"2016-01-14T16:25:16.145Z"},{"date":"2012 APR","value":"0.20","year":"2012","month":"April","quarter":"","sourceDataset":"CSDB","updateDate":"2016-01-14T16:25:16.145Z"},{"date":"2012 MAY","value":"0.17","year":"2012","month":"May","quarter":"","sourceDataset":"CSDB","updateDate":"2016-01-14T16:25:16.145Z"},{"date":"2012 JUN","value":"0.16","year":"2012","month":"June","quarter":"","sourceDataset":"CSDB","updateDate":"2016-01-14T16:25:16.145Z"},{"date":"2012 JUL","value":"0.16","year":"2012","month":"July","quarter":"","sourceDataset":"CSDB","updateDate":"2016-01-14T16:25:16.145Z"},{"date":"2012 AUG","value":"0.18","year":"2012","month":"August","quarter":"","sourceDataset":"CSDB","updateDate":"2016-01-14T16:25:16.145Z"},{"date":"2012 SEP","value":"0.17","year":"2012","month":"September","quarter":"","sourceDataset":"CSDB","updateDate":"2016-01-14T16:25:16.145Z"},{"date":"2012 OCT","value":"0.18","year":"2012","month":"October","quarter":"","sourceDataset":"CSDB","updateDate":"2016-01-14T16:25:16.145Z"},{"date":"2012 NOV","value":"0.15","year":"2012","month":"November","quarter":"","sourceDataset":"CSDB","updateDate":"2016-01-14T16:25:16.145Z"},{"date":"2012 DEC","value":"0.14","year":"2012","month":"December","quarter":"","sourceDataset":"CSDB","updateDate":"2016-01-14T16:25:16.145Z"},{"date":"2013 JAN","value":"0.23","year":"2013","month":"January","quarter":"","sourceDataset":"CSDB","updateDate":"2016-01-14T16:25:16.145Z"},{"date":"2013 FEB","value":"0.16","year":"2013","month":"February","quarter":"","sourceDataset":"CSDB","updateDate":"2016-01-14T16:25:16.145Z"},{"date":"2013 MAR","value":"0.12","year":"2013","month":"March","quarter":"","sourceDataset":"CSDB","updateDate":"2016-01-14T16:25:16.145Z"},{"date":"2013 APR","value":"0.15","year":"2013","month":"April","quarter":"","sourceDataset":"CSDB","updateDate":"2016-01-14T16:25:16.145Z"},{"date":"2013 MAY","value":"0.16","year":"2013","month":"May","quarter":"","sourceDataset":"CSDB","updateDate":"2016-01-14T16:25:16.145Z"},{"date":"2013 JUN","value":"0.17","year":"2013","month":"June","quarter":"","sourceDataset":"CSDB","updateDate":"2016-01-14T16:25:16.145Z"},{"date":"2013 JUL","value":"0.18","year":"2013","month":"July","quarter":"","sourceDataset":"CSDB","updateDate":"2016-01-14T16:25:16.145Z"},{"date":"2013 AUG","value":"0.17","year":"2013","month":"August","quarter":"","sourceDataset":"CSDB","updateDate":"2016-01-14T16:25:16.145Z"},{"date":"2013 SEP","value":"0.16","year":"2013","month":"September","quarter":"","sourceDataset":"CSDB","updateDate":"2016-01-14T16:25:16.145Z"},{"date":"2013 OCT","value":"0.18","year":"2013","month":"October","quarter":"","sourceDataset":"CSDB","updateDate":"2016-01-14T16:25:16.145Z"},{"date":"2013 NOV","value":"0.17","year":"2013","month":"November","quarter":"","sourceDataset":"CSDB","updateDate":"2016-01-14T16:25:16.145Z"},{"date":"2013 DEC","value":"0.17","year":"2013","month":"December","quarter":"","sourceDataset":"CSDB","updateDate":"2016-01-14T16:25:16.145Z"},{"date":"2014 JAN","value":"0.15","year":"2014","month":"January","quarter":"","sourceDataset":"CSDB","updateDate":"2016-01-14T16:25:16.145Z"},{"date":"2014 FEB","value":"0.14","year":"2014","month":"February","quarter":"","sourceDataset":"CSDB","updateDate":"2016-01-14T16:25:16.145Z"},{"date":"2014 MAR","value":"0.18","year":"2014","month":"March","quarter":"","sourceDataset":"CSDB","updateDate":"2016-01-14T16:25:16.145Z"},{"date":"2014 APR","value":"0.08","year":"2014","month":"April","quarter":"","sourceDataset":"CSDB","updateDate":"2016-01-14T16:25:16.145Z"},{"date":"2014 MAY","value":"0.12","year":"2014","month":"May","quarter":"","sourceDataset":"CSDB","updateDate":"2016-01-14T16:25:16.145Z"},{"date":"2014 JUN","value":"0.13","year":"2014","month":"June","quarter":"","sourceDataset":"CSDB","updateDate":"2016-01-14T16:25:16.145Z"},{"date":"2014 JUL","value":"0.06","year":"2014","month":"July","quarter":"","sourceDataset":"CSDB","updateDate":"2016-01-14T16:25:16.145Z"},{"date":"2014 AUG","value":"0.11","year":"2014","month":"August","quarter":"","sourceDataset":"CSDB","updateDate":"2016-01-14T16:25:16.145Z"},{"date":"2014 SEP","value":"0.10","year":"2014","month":"September","quarter":"","sourceDataset":"CSDB","updateDate":"2016-01-14T16:25:16.145Z"},{"date":"2014 OCT","value":"0.12","year":"2014","month":"October","quarter":"","sourceDataset":"CSDB","updateDate":"2016-01-14T16:25:16.145Z"},{"date":"2014 NOV","value":"0.08","year":"2014","month":"November","quarter":"","sourceDataset":"CSDB","updateDate":"2016-01-14T16:25:16.145Z"},{"date":"2014 DEC","value":"0.12","year":"2014","month":"December","quarter":"","sourceDataset":"CSDB","updateDate":"2016-01-14T16:25:16.145Z"},{"date":"2015 JAN","value":"0.06","year":"2015","month":"January","quarter":"","sourceDataset":"CSDB","updateDate":"2016-01-14T16:25:16.145Z"},{"date":"2015 FEB","value":"0.08","year":"2015","month":"February","quarter":"","sourceDataset":"CSDB","updateDate":"2016-01-14T16:25:16.145Z"},{"date":"2015 MAR","value":"0.06","year":"2015","month":"March","quarter":"","sourceDataset":"CSDB","updateDate":"2016-01-14T16:25:16.145Z"},{"date":"2015 APR","value":"0.06","year":"2015","month":"April","quarter":"","sourceDataset":"CSDB","updateDate":"2016-01-14T16:25:16.145Z"},{"date":"2015 MAY","value":"0.02","year":"2015","month":"May","quarter":"","sourceDataset":"CSDB","updateDate":"2016-01-14T16:25:16.145Z"},{"date":"2015 JUN","value":"0.04","year":"2015","month":"June","quarter":"","sourceDataset":"CSDB","updateDate":"2016-01-14T16:25:16.145Z"},{"date":"2015 JUL","value":"0.03","year":"2015","month":"July","quarter":"","sourceDataset":"CSDB","updateDate":"2016-01-14T16:25:16.145Z"},{"date":"2015 AUG","value":"0.04","year":"2015","month":"August","quarter":"","sourceDataset":"CSDB","updateDate":"2016-01-22T20:07:52.724Z"}],"sourceDatasets":["CSDB"],"relatedDatasets":[{"uri":"/businessindustryandtrade/changestobusiness/bankruptcyinsolvency/datasets/carlsxmasrelease/2015"},{"uri":"/businessindustryandtrade/changestobusiness/bankruptcyinsolvency/datasets/wahasaqewqeqwe/2015"},{"uri":"/businessindustryandtrade/changestobusiness/bankruptcyinsolvency/datasets/releaseisreleaseygyug/2015"},{"uri":"/businessindustryandtrade/changestobusiness/bankruptcyinsolvency/datasets/releaseisreleaseadffd/2015"},{"uri":"/businessindustryandtrade/changestobusiness/bankruptcyinsolvency/datasets/pageunencrypted/2015"}],"relatedDocuments":[],"versions":[{"uri":"/businessindustryandtrade/changestobusiness/bankruptcyinsolvency/timeseries/czgh/previous/v1","updateDate":"2016-01-26T00:00:00.000Z","correctionNotice":"","label":"v1"}],"type":"timeseries","description":{"title":"RPI:Contribution to all items annual rate: - Alcoholic drink            ","contact":{"email":"","name":"","telephone":""},"releaseDate":"2016-01-28T00:00:00.000Z","nextRelease":"","cdid":"CZGH","unit":"","preUnit":"","source":"","seasonalAdjustment":"NSA","date":"2015 AUG","number":"0.04"}}