{"years":[{"date":"1985","value":"4240","year":"1985","month":"","quarter":"","sourceDataset":"CSDB10","updateDate":"2016-01-28T09:29:39.683Z"},{"date":"1986","value":"4574","year":"1986","month":"","quarter":"","sourceDataset":"CSDB10","updateDate":"2016-01-28T09:29:39.683Z"},{"date":"1987","value":"4846","year":"1987","month":"","quarter":"","sourceDataset":"CSDB10","updateDate":"2016-01-28T09:29:39.683Z"},{"date":"1988","value":"5248","year":"1988","month":"","quarter":"","sourceDataset":"CSDB10","updateDate":"2016-01-28T09:29:39.683Z"},{"date":"1989","value":"5578","year":"1989","month":"","quarter":"","sourceDataset":"CSDB10","updateDate":"2016-01-28T09:29:39.683Z"},{"date":"1990","value":"5828","year":"1990","month":"","quarter":"","sourceDataset":"CSDB10","updateDate":"2016-01-28T09:29:39.683Z"},{"date":"1991","value":"5850","year":"1991","month":"","quarter":"","sourceDataset":"CSDB10","updateDate":"2016-01-28T09:29:39.683Z"},{"date":"1992","value":"5979","year":"1992","month":"","quarter":"","sourceDataset":"CSDB10","updateDate":"2016-01-28T09:29:39.683Z"},{"date":"1993","value":"6515","year":"1993","month":"","quarter":"","sourceDataset":"CSDB10","updateDate":"2016-01-28T09:29:39.683Z"},{"date":"1994","value":"7276","year":"1994","month":"","quarter":"","sourceDataset":"CSDB10","updateDate":"2016-01-28T09:29:39.683Z"},{"date":"1995","value":"7898","year":"1995","month":"","quarter":"","sourceDataset":"CSDB10","updateDate":"2016-01-28T09:29:39.683Z"},{"date":"1996","value":"8303","year":"1996","month":"","quarter":"","sourceDataset":"CSDB10","updateDate":"2016-01-28T09:29:39.683Z"},{"date":"1997","value":"9297","year":"1997","month":"","quarter":"","sourceDataset":"CSDB10","updateDate":"2016-01-28T09:29:39.683Z"},{"date":"1998","value":"10064","year":"1998","month":"","quarter":"","sourceDataset":"CSDB10","updateDate":"2016-01-28T09:29:39.683Z"},{"date":"1999","value":"11405","year":"1999","month":"","quarter":"","sourceDataset":"CSDB10","updateDate":"2016-01-28T09:29:39.683Z"},{"date":"2000","value":"13408","year":"2000","month":"","quarter":"","sourceDataset":"CSDB10","updateDate":"2016-01-28T09:29:39.683Z"},{"date":"2001","value":"15446","year":"2001","month":"","quarter":"","sourceDataset":"CSDB10","updateDate":"2016-01-28T09:29:39.683Z"},{"date":"2002","value":"15804","year":"2002","month":"","quarter":"","sourceDataset":"CSDB10","updateDate":"2016-01-28T09:29:39.683Z"},{"date":"2003","value":"16997","year":"2003","month":"","quarter":"","sourceDataset":"CSDB10","updateDate":"2016-01-28T09:29:39.683Z"},{"date":"2004","value":"18314","year":"2004","month":"","quarter":"","sourceDataset":"CSDB10","updateDate":"2016-01-28T09:29:39.683Z"},{"date":"2005","value":"19796","year":"2005","month":"","quarter":"","sourceDataset":"CSDB10","updateDate":"2016-01-28T09:29:39.683Z"},{"date":"2006","value":"19819","year":"2006","month":"","quarter":"","sourceDataset":"CSDB10","updateDate":"2016-01-28T09:29:39.683Z"},{"date":"2007","value":"21186","year":"2007","month":"","quarter":"","sourceDataset":"CSDB10","updateDate":"2016-01-28T09:29:39.683Z"},{"date":"2008","value":"21751","year":"2008","month":"","quarter":"","sourceDataset":"CSDB10","updateDate":"2016-01-28T09:29:39.683Z"},{"date":"2009","value":"21095","year":"2009","month":"","quarter":"","sourceDataset":"CSDB10","updateDate":"2016-01-28T09:29:39.683Z"},{"date":"2010","value":"21079","year":"2010","month":"","quarter":"","sourceDataset":"CSDB10","updateDate":"2016-01-28T09:29:39.683Z"},{"date":"2011","value":"20805","year":"2011","month":"","quarter":"","sourceDataset":"CSDB10","updateDate":"2016-01-28T09:29:39.683Z"},{"date":"2012","value":"20420","year":"2012","month":"","quarter":"","sourceDataset":"CSDB10","updateDate":"2016-01-28T09:29:39.683Z"},{"date":"2013","value":"21322","year":"2013","month":"","quarter":"","sourceDataset":"CSDB10","updateDate":"2016-01-28T09:29:39.683Z"},{"date":"2014","value":"21801","year":"2014","month":"","quarter":"","sourceDataset":"CSDB10","updateDate":"2016-01-28T09:29:39.683Z"}],"quarters":[{"date":"1985 Q1","value":"1051","year":"1985","month":"","quarter":"Q1","sourceDataset":"CSDB10","updateDate":"2016-01-28T09:29:39.683Z"},{"date":"1985 Q2","value":"1011","year":"1985","month":"","quarter":"Q2","sourceDataset":"CSDB10","updateDate":"2016-01-28T09:29:39.683Z"},{"date":"1985 Q3","value":"1032","year":"1985","month":"","quarter":"Q3","sourceDataset":"CSDB10","updateDate":"2016-01-28T09:29:39.683Z"},{"date":"1985 Q4","value":"1146","year":"1985","month":"","quarter":"Q4","sourceDataset":"CSDB10","updateDate":"2016-01-28T09:29:39.683Z"},{"date":"1986 Q1","value":"1093","year":"1986","month":"","quarter":"Q1","sourceDataset":"CSDB10","updateDate":"2016-01-28T09:29:39.683Z"},{"date":"1986 Q2","value":"1153","year":"1986","month":"","quarter":"Q2","sourceDataset":"CSDB10","updateDate":"2016-01-28T09:29:39.683Z"},{"date":"1986 Q3","value":"1100","year":"1986","month":"","quarter":"Q3","sourceDataset":"CSDB10","updateDate":"2016-01-28T09:29:39.683Z"},{"date":"1986 Q4","value":"1228","year":"1986","month":"","quarter":"Q4","sourceDataset":"CSDB10","updateDate":"2016-01-28T09:29:39.683Z"},{"date":"1987 Q1","value":"1159","year":"1987","month":"","quarter":"Q1","sourceDataset":"CSDB10","updateDate":"2016-01-28T09:29:39.683Z"},{"date":"1987 Q2","value":"1190","year":"1987","month":"","quarter":"Q2","sourceDataset":"CSDB10","updateDate":"2016-01-28T09:29:39.683Z"},{"date":"1987 Q3","value":"1177","year":"1987","month":"","quarter":"Q3","sourceDataset":"CSDB10","updateDate":"2016-01-28T09:29:39.683Z"},{"date":"1987 Q4","value":"1320","year":"1987","month":"","quarter":"Q4","sourceDataset":"CSDB10","updateDate":"2016-01-28T09:29:39.683Z"},{"date":"1988 Q1","value":"1215","year":"1988","month":"","quarter":"Q1","sourceDataset":"CSDB10","updateDate":"2016-01-28T09:29:39.683Z"},{"date":"1988 Q2","value":"1273","year":"1988","month":"","quarter":"Q2","sourceDataset":"CSDB10","updateDate":"2016-01-28T09:29:39.683Z"},{"date":"1988 Q3","value":"1324","year":"1988","month":"","quarter":"Q3","sourceDataset":"CSDB10","updateDate":"2016-01-28T09:29:39.683Z"},{"date":"1988 Q4","value":"1436","year":"1988","month":"","quarter":"Q4","sourceDataset":"CSDB10","updateDate":"2016-01-28T09:29:39.683Z"},{"date":"1989 Q1","value":"1330","year":"1989","month":"","quarter":"Q1","sourceDataset":"CSDB10","updateDate":"2016-01-28T09:29:39.683Z"},{"date":"1989 Q2","value":"1361","year":"1989","month":"","quarter":"Q2","sourceDataset":"CSDB10","updateDate":"2016-01-28T09:29:39.683Z"},{"date":"1989 Q3","value":"1387","year":"1989","month":"","quarter":"Q3","sourceDataset":"CSDB10","updateDate":"2016-01-28T09:29:39.683Z"},{"date":"1989 Q4","value":"1500","year":"1989","month":"","quarter":"Q4","sourceDataset":"CSDB10","updateDate":"2016-01-28T09:29:39.683Z"},{"date":"1990 Q1","value":"1409","year":"1990","month":"","quarter":"Q1","sourceDataset":"CSDB10","updateDate":"2016-01-28T09:29:39.683Z"},{"date":"1990 Q2","value":"1453","year":"1990","month":"","quarter":"Q2","sourceDataset":"CSDB10","updateDate":"2016-01-28T09:29:39.683Z"},{"date":"1990 Q3","value":"1426","year":"1990","month":"","quarter":"Q3","sourceDataset":"CSDB10","updateDate":"2016-01-28T09:29:39.683Z"},{"date":"1990 Q4","value":"1540","year":"1990","month":"","quarter":"Q4","sourceDataset":"CSDB10","updateDate":"2016-01-28T09:29:39.683Z"},{"date":"1991 Q1","value":"1439","year":"1991","month":"","quarter":"Q1","sourceDataset":"CSDB10","updateDate":"2016-01-28T09:29:39.683Z"},{"date":"1991 Q2","value":"1434","year":"1991","month":"","quarter":"Q2","sourceDataset":"CSDB10","updateDate":"2016-01-28T09:29:39.683Z"},{"date":"1991 Q3","value":"1411","year":"1991","month":"","quarter":"Q3","sourceDataset":"CSDB10","updateDate":"2016-01-28T09:29:39.683Z"},{"date":"1991 Q4","value":"1566","year":"1991","month":"","quarter":"Q4","sourceDataset":"CSDB10","updateDate":"2016-01-28T09:29:39.683Z"},{"date":"1992 Q1","value":"1433","year":"1992","month":"","quarter":"Q1","sourceDataset":"CSDB10","updateDate":"2016-01-28T09:29:39.683Z"},{"date":"1992 Q2","value":"1436","year":"1992","month":"","quarter":"Q2","sourceDataset":"CSDB10","updateDate":"2016-01-28T09:29:39.683Z"},{"date":"1992 Q3","value":"1464","year":"1992","month":"","quarter":"Q3","sourceDataset":"CSDB10","updateDate":"2016-01-28T09:29:39.683Z"},{"date":"1992 Q4","value":"1646","year":"1992","month":"","quarter":"Q4","sourceDataset":"CSDB10","updateDate":"2016-01-28T09:29:39.683Z"},{"date":"1993 Q1","value":"1530","year":"1993","month":"","quarter":"Q1","sourceDataset":"CSDB10","updateDate":"2016-01-28T09:29:39.683Z"},{"date":"1993 Q2","value":"1554","year":"1993","month":"","quarter":"Q2","sourceDataset":"CSDB10","updateDate":"2016-01-28T09:29:39.683Z"},{"date":"1993 Q3","value":"1615","year":"1993","month":"","quarter":"Q3","sourceDataset":"CSDB10","updateDate":"2016-01-28T09:29:39.683Z"},{"date":"1993 Q4","value":"1816","year":"1993","month":"","quarter":"Q4","sourceDataset":"CSDB10","updateDate":"2016-01-28T09:29:39.683Z"},{"date":"1994 Q1","value":"1702","year":"1994","month":"","quarter":"Q1","sourceDataset":"CSDB10","updateDate":"2016-01-28T09:29:39.683Z"},{"date":"1994 Q2","value":"1731","year":"1994","month":"","quarter":"Q2","sourceDataset":"CSDB10","updateDate":"2016-01-28T09:29:39.683Z"},{"date":"1994 Q3","value":"1790","year":"1994","month":"","quarter":"Q3","sourceDataset":"CSDB10","updateDate":"2016-01-28T09:29:39.683Z"},{"date":"1994 Q4","value":"2053","year":"1994","month":"","quarter":"Q4","sourceDataset":"CSDB10","updateDate":"2016-01-28T09:29:39.683Z"},{"date":"1995 Q1","value":"1845","year":"1995","month":"","quarter":"Q1","sourceDataset":"CSDB10","updateDate":"2016-01-28T09:29:39.683Z"},{"date":"1995 Q2","value":"1888","year":"1995","month":"","quarter":"Q2","sourceDataset":"CSDB10","updateDate":"2016-01-28T09:29:39.683Z"},{"date":"1995 Q3","value":"1961","year":"1995","month":"","quarter":"Q3","sourceDataset":"CSDB10","updateDate":"2016-01-28T09:29:39.683Z"},{"date":"1995 Q4","value":"2204","year":"1995","month":"","quarter":"Q4","sourceDataset":"CSDB10","updateDate":"2016-01-28T09:29:39.683Z"},{"date":"1996 Q1","value":"2005","year":"1996","month":"","quarter":"Q1","sourceDataset":"CSDB10","updateDate":"2016-01-28T09:29:39.683Z"},{"date":"1996 Q2","value":"2002","year":"1996","month":"","quarter":"Q2","sourceDataset":"CSDB10","updateDate":"2016-01-28T09:29:39.683Z"},{"date":"1996 Q3","value":"2014","year":"1996","month":"","quarter":"Q3","sourceDataset":"CSDB10","updateDate":"2016-01-28T09:29:39.683Z"},{"date":"1996 Q4","value":"2282","year":"1996","month":"","quarter":"Q4","sourceDataset":"CSDB10","updateDate":"2016-01-28T09:29:39.683Z"},{"date":"1997 Q1","value":"2212","year":"1997","month":"","quarter":"Q1","sourceDataset":"CSDB10","updateDate":"2016-01-28T09:29:39.683Z"},{"date":"1997 Q2","value":"2281","year":"1997","month":"","quarter":"Q2","sourceDataset":"CSDB10","updateDate":"2016-01-28T09:29:39.683Z"},{"date":"1997 Q3","value":"2221","year":"1997","month":"","quarter":"Q3","sourceDataset":"CSDB10","updateDate":"2016-01-28T09:29:39.683Z"},{"date":"1997 Q4","value":"2583","year":"1997","month":"","quarter":"Q4","sourceDataset":"CSDB10","updateDate":"2016-01-28T09:29:39.683Z"},{"date":"1998 Q1","value":"2373","year":"1998","month":"","quarter":"Q1","sourceDataset":"CSDB10","updateDate":"2016-01-28T09:29:39.683Z"},{"date":"1998 Q2","value":"2438","year":"1998","month":"","quarter":"Q2","sourceDataset":"CSDB10","updateDate":"2016-01-28T09:29:39.683Z"},{"date":"1998 Q3","value":"2486","year":"1998","month":"","quarter":"Q3","sourceDataset":"CSDB10","updateDate":"2016-01-28T09:29:39.683Z"},{"date":"1998 Q4","value":"2767","year":"1998","month":"","quarter":"Q4","sourceDataset":"CSDB10","updateDate":"2016-01-28T09:29:39.683Z"},{"date":"1999 Q1","value":"2654","year":"1999","month":"","quarter":"Q1","sourceDataset":"CSDB10","updateDate":"2016-01-28T09:29:39.683Z"},{"date":"1999 Q2","value":"2703","year":"1999","month":"","quarter":"Q2","sourceDataset":"CSDB10","updateDate":"2016-01-28T09:29:39.683Z"},{"date":"1999 Q3","value":"2856","year":"1999","month":"","quarter":"Q3","sourceDataset":"CSDB10","updateDate":"2016-01-28T09:29:39.683Z"},{"date":"1999 Q4","value":"3192","year":"1999","month":"","quarter":"Q4","sourceDataset":"CSDB10","updateDate":"2016-01-28T09:29:39.683Z"},{"date":"2000 Q1","value":"3171","year":"2000","month":"","quarter":"Q1","sourceDataset":"CSDB10","updateDate":"2016-01-28T09:29:39.683Z"},{"date":"2000 Q2","value":"3213","year":"2000","month":"","quarter":"Q2","sourceDataset":"CSDB10","updateDate":"2016-01-28T09:29:39.683Z"},{"date":"2000 Q3","value":"3354","year":"2000","month":"","quarter":"Q3","sourceDataset":"CSDB10","updateDate":"2016-01-28T09:29:39.683Z"},{"date":"2000 Q4","value":"3670","year":"2000","month":"","quarter":"Q4","sourceDataset":"CSDB10","updateDate":"2016-01-28T09:29:39.683Z"},{"date":"2001 Q1","value":"3742","year":"2001","month":"","quarter":"Q1","sourceDataset":"CSDB10","updateDate":"2016-01-28T09:29:39.683Z"},{"date":"2001 Q2","value":"3801","year":"2001","month":"","quarter":"Q2","sourceDataset":"CSDB10","updateDate":"2016-01-28T09:29:39.683Z"},{"date":"2001 Q3","value":"3821","year":"2001","month":"","quarter":"Q3","sourceDataset":"CSDB10","updateDate":"2016-01-28T09:29:39.683Z"},{"date":"2001 Q4","value":"4082","year":"2001","month":"","quarter":"Q4","sourceDataset":"CSDB10","updateDate":"2016-01-28T09:29:39.683Z"},{"date":"2002 Q1","value":"3829","year":"2002","month":"","quarter":"Q1","sourceDataset":"CSDB10","updateDate":"2016-01-28T09:29:39.683Z"},{"date":"2002 Q2","value":"3863","year":"2002","month":"","quarter":"Q2","sourceDataset":"CSDB10","updateDate":"2016-01-28T09:29:39.683Z"},{"date":"2002 Q3","value":"3877","year":"2002","month":"","quarter":"Q3","sourceDataset":"CSDB10","updateDate":"2016-01-28T09:29:39.683Z"},{"date":"2002 Q4","value":"4235","year":"2002","month":"","quarter":"Q4","sourceDataset":"CSDB10","updateDate":"2016-01-28T09:29:39.683Z"},{"date":"2003 Q1","value":"4074","year":"2003","month":"","quarter":"Q1","sourceDataset":"CSDB10","updateDate":"2016-01-28T09:29:39.683Z"},{"date":"2003 Q2","value":"4173","year":"2003","month":"","quarter":"Q2","sourceDataset":"CSDB10","updateDate":"2016-01-28T09:29:39.683Z"},{"date":"2003 Q3","value":"4223","year":"2003","month":"","quarter":"Q3","sourceDataset":"CSDB10","updateDate":"2016-01-28T09:29:39.683Z"},{"date":"2003 Q4","value":"4527","year":"2003","month":"","quarter":"Q4","sourceDataset":"CSDB10","updateDate":"2016-01-28T09:29:39.683Z"},{"date":"2004 Q1","value":"4425","year":"2004","month":"","quarter":"Q1","sourceDataset":"CSDB10","updateDate":"2016-01-28T09:29:39.683Z"},{"date":"2004 Q2","value":"4453","year":"2004","month":"","quarter":"Q2","sourceDataset":"CSDB10","updateDate":"2016-01-28T09:29:39.683Z"},{"date":"2004 Q3","value":"4560","year":"2004","month":"","quarter":"Q3","sourceDataset":"CSDB10","updateDate":"2016-01-28T09:29:39.683Z"},{"date":"2004 Q4","value":"4876","year":"2004","month":"","quarter":"Q4","sourceDataset":"CSDB10","updateDate":"2016-01-28T09:29:39.683Z"},{"date":"2005 Q1","value":"4785","year":"2005","month":"","quarter":"Q1","sourceDataset":"CSDB10","updateDate":"2016-01-28T09:29:39.683Z"},{"date":"2005 Q2","value":"4824","year":"2005","month":"","quarter":"Q2","sourceDataset":"CSDB10","updateDate":"2016-01-28T09:29:39.683Z"},{"date":"2005 Q3","value":"4938","year":"2005","month":"","quarter":"Q3","sourceDataset":"CSDB10","updateDate":"2016-01-28T09:29:39.683Z"},{"date":"2005 Q4","value":"5249","year":"2005","month":"","quarter":"Q4","sourceDataset":"CSDB10","updateDate":"2016-01-28T09:29:39.683Z"},{"date":"2006 Q1","value":"4939","year":"2006","month":"","quarter":"Q1","sourceDataset":"CSDB10","updateDate":"2016-01-28T09:29:39.683Z"},{"date":"2006 Q2","value":"4864","year":"2006","month":"","quarter":"Q2","sourceDataset":"CSDB10","updateDate":"2016-01-28T09:29:39.683Z"},{"date":"2006 Q3","value":"4852","year":"2006","month":"","quarter":"Q3","sourceDataset":"CSDB10","updateDate":"2016-01-28T09:29:39.683Z"},{"date":"2006 Q4","value":"5164","year":"2006","month":"","quarter":"Q4","sourceDataset":"CSDB10","updateDate":"2016-01-28T09:29:39.683Z"},{"date":"2007 Q1","value":"5044","year":"2007","month":"","quarter":"Q1","sourceDataset":"CSDB10","updateDate":"2016-01-28T09:29:39.683Z"},{"date":"2007 Q2","value":"5121","year":"2007","month":"","quarter":"Q2","sourceDataset":"CSDB10","updateDate":"2016-01-28T09:29:39.683Z"},{"date":"2007 Q3","value":"5280","year":"2007","month":"","quarter":"Q3","sourceDataset":"CSDB10","updateDate":"2016-01-28T09:29:39.683Z"},{"date":"2007 Q4","value":"5741","year":"2007","month":"","quarter":"Q4","sourceDataset":"CSDB10","updateDate":"2016-01-28T09:29:39.683Z"},{"date":"2008 Q1","value":"5394","year":"2008","month":"","quarter":"Q1","sourceDataset":"CSDB10","updateDate":"2016-01-28T09:29:39.683Z"},{"date":"2008 Q2","value":"5427","year":"2008","month":"","quarter":"Q2","sourceDataset":"CSDB10","updateDate":"2016-01-28T09:29:39.683Z"},{"date":"2008 Q3","value":"5266","year":"2008","month":"","quarter":"Q3","sourceDataset":"CSDB10","updateDate":"2016-01-28T09:29:39.683Z"},{"date":"2008 Q4","value":"5664","year":"2008","month":"","quarter":"Q4","sourceDataset":"CSDB10","updateDate":"2016-01-28T09:29:39.683Z"},{"date":"2009 Q1","value":"5232","year":"2009","month":"","quarter":"Q1","sourceDataset":"CSDB10","updateDate":"2016-01-28T09:29:39.683Z"},{"date":"2009 Q2","value":"5249","year":"2009","month":"","quarter":"Q2","sourceDataset":"CSDB10","updateDate":"2016-01-28T09:29:39.683Z"},{"date":"2009 Q3","value":"5190","year":"2009","month":"","quarter":"Q3","sourceDataset":"CSDB10","updateDate":"2016-01-28T09:29:39.683Z"},{"date":"2009 Q4","value":"5424","year":"2009","month":"","quarter":"Q4","sourceDataset":"CSDB10","updateDate":"2016-01-28T09:29:39.683Z"},{"date":"2010 Q1","value":"5184","year":"2010","month":"","quarter":"Q1","sourceDataset":"CSDB10","updateDate":"2016-01-28T09:29:39.683Z"},{"date":"2010 Q2","value":"5110","year":"2010","month":"","quarter":"Q2","sourceDataset":"CSDB10","updateDate":"2016-01-28T09:29:39.683Z"},{"date":"2010 Q3","value":"5166","year":"2010","month":"","quarter":"Q3","sourceDataset":"CSDB10","updateDate":"2016-01-28T09:29:39.683Z"},{"date":"2010 Q4","value":"5619","year":"2010","month":"","quarter":"Q4","sourceDataset":"CSDB10","updateDate":"2016-01-28T09:29:39.683Z"},{"date":"2011 Q1","value":"5191","year":"2011","month":"","quarter":"Q1","sourceDataset":"CSDB10","updateDate":"2016-01-28T09:29:39.683Z"},{"date":"2011 Q2","value":"5044","year":"2011","month":"","quarter":"Q2","sourceDataset":"CSDB10","updateDate":"2016-01-28T09:29:39.683Z"},{"date":"2011 Q3","value":"5065","year":"2011","month":"","quarter":"Q3","sourceDataset":"CSDB10","updateDate":"2016-01-28T09:29:39.683Z"},{"date":"2011 Q4","value":"5505","year":"2011","month":"","quarter":"Q4","sourceDataset":"CSDB10","updateDate":"2016-01-28T09:29:39.683Z"},{"date":"2012 Q1","value":"5052","year":"2012","month":"","quarter":"Q1","sourceDataset":"CSDB10","updateDate":"2016-01-28T09:29:39.683Z"},{"date":"2012 Q2","value":"4927","year":"2012","month":"","quarter":"Q2","sourceDataset":"CSDB10","updateDate":"2016-01-28T09:29:39.683Z"},{"date":"2012 Q3","value":"4982","year":"2012","month":"","quarter":"Q3","sourceDataset":"CSDB10","updateDate":"2016-01-28T09:29:39.683Z"},{"date":"2012 Q4","value":"5459","year":"2012","month":"","quarter":"Q4","sourceDataset":"CSDB10","updateDate":"2016-01-28T09:29:39.683Z"},{"date":"2013 Q1","value":"5216","year":"2013","month":"","quarter":"Q1","sourceDataset":"CSDB10","updateDate":"2016-01-28T09:29:39.683Z"},{"date":"2013 Q2","value":"5175","year":"2013","month":"","quarter":"Q2","sourceDataset":"CSDB10","updateDate":"2016-01-28T09:29:39.683Z"},{"date":"2013 Q3","value":"5219","year":"2013","month":"","quarter":"Q3","sourceDataset":"CSDB10","updateDate":"2016-01-28T09:29:39.683Z"},{"date":"2013 Q4","value":"5712","year":"2013","month":"","quarter":"Q4","sourceDataset":"CSDB10","updateDate":"2016-01-28T09:29:39.683Z"},{"date":"2014 Q1","value":"5298","year":"2014","month":"","quarter":"Q1","sourceDataset":"CSDB10","updateDate":"2016-01-28T09:29:39.683Z"},{"date":"2014 Q2","value":"5259","year":"2014","month":"","quarter":"Q2","sourceDataset":"CSDB10","updateDate":"2016-01-28T09:29:39.683Z"},{"date":"2014 Q3","value":"5412","year":"2014","month":"","quarter":"Q3","sourceDataset":"CSDB10","updateDate":"2016-01-28T09:29:39.683Z"},{"date":"2014 Q4","value":"5832","year":"2014","month":"","quarter":"Q4","sourceDataset":"CSDB10","updateDate":"2016-01-28T09:29:39.683Z"},{"date":"2015 Q1","value":"5508","year":"2015","month":"","quarter":"Q1","sourceDataset":"CSDB10","updateDate":"2016-01-28T09:29:39.683Z"},{"date":"2015 Q2","value":"5541","year":"2015","month":"","quarter":"Q2","sourceDataset":"CSDB10","updateDate":"2016-01-28T09:29:39.683Z"},{"date":"2015 Q3","value":"5655","year":"2015","month":"","quarter":"Q3","sourceDataset":"CSDB10","updateDate":"2016-01-28T09:29:39.683Z"}],"months":[],"sourceDatasets":["CSDB10"],"relatedDatasets":[{"uri":"/economy/environmentalaccounts/datasets/werwerwerwerwerwr/2015"}],"relatedDocuments":[],"type":"timeseries","description":{"title":"08 Communication CVM NAYear NSA                                         ","contact":{"email":"","name":"","telephone":""},"releaseDate":"2016-01-27T00:00:00.000Z","nextRelease":"","cdid":"ADJU","unit":"","preUnit":"","source":"","seasonalAdjustment":"NSA","date":"2015 Q3","number":"5655"}}