{"years":[{"date":"1987","value":"102.9","year":"1987","month":"","quarter":"","sourceDataset":"CSDB","updateDate":"2016-01-14T16:25:13.625Z"},{"date":"1988","value":"109.3","year":"1988","month":"","quarter":"","sourceDataset":"CSDB","updateDate":"2016-01-14T16:25:13.625Z"},{"date":"1989","value":"116.1","year":"1989","month":"","quarter":"","sourceDataset":"CSDB","updateDate":"2016-01-14T16:25:13.625Z"},{"date":"1990","value":"127.9","year":"1990","month":"","quarter":"","sourceDataset":"CSDB","updateDate":"2016-01-14T16:25:13.625Z"},{"date":"1991","value":"142.2","year":"1991","month":"","quarter":"","sourceDataset":"CSDB","updateDate":"2016-01-14T16:25:13.625Z"},{"date":"1992","value":"153.4","year":"1992","month":"","quarter":"","sourceDataset":"CSDB","updateDate":"2016-01-14T16:25:13.625Z"},{"date":"1993","value":"162.4","year":"1993","month":"","quarter":"","sourceDataset":"CSDB","updateDate":"2016-01-14T16:25:13.625Z"},{"date":"1994","value":"166.4","year":"1994","month":"","quarter":"","sourceDataset":"CSDB","updateDate":"2016-01-14T16:25:13.625Z"},{"date":"1995","value":"169.6","year":"1995","month":"","quarter":"","sourceDataset":"CSDB","updateDate":"2016-01-14T16:25:13.625Z"},{"date":"1996","value":"177.3","year":"1996","month":"","quarter":"","sourceDataset":"CSDB","updateDate":"2016-01-14T16:25:13.625Z"},{"date":"1997","value":"186.9","year":"1997","month":"","quarter":"","sourceDataset":"CSDB","updateDate":"2016-01-14T16:25:13.625Z"},{"date":"1998","value":"194.6","year":"1998","month":"","quarter":"","sourceDataset":"CSDB","updateDate":"2016-01-14T16:25:13.625Z"},{"date":"1999","value":"202.2","year":"1999","month":"","quarter":"","sourceDataset":"CSDB","updateDate":"2016-01-14T16:25:13.625Z"},{"date":"2000","value":"210.6","year":"2000","month":"","quarter":"","sourceDataset":"CSDB","updateDate":"2016-01-14T16:25:13.625Z"},{"date":"2001","value":"220.9","year":"2001","month":"","quarter":"","sourceDataset":"CSDB","updateDate":"2016-01-14T16:25:13.625Z"},{"date":"2002","value":"232.3","year":"2002","month":"","quarter":"","sourceDataset":"CSDB","updateDate":"2016-01-14T16:25:13.625Z"},{"date":"2003","value":"246.2","year":"2003","month":"","quarter":"","sourceDataset":"CSDB","updateDate":"2016-01-14T16:25:13.625Z"},{"date":"2004","value":"261.1","year":"2004","month":"","quarter":"","sourceDataset":"CSDB","updateDate":"2016-01-14T16:25:13.625Z"},{"date":"2005","value":"277.0","year":"2005","month":"","quarter":"","sourceDataset":"CSDB","updateDate":"2016-01-14T16:25:13.625Z"},{"date":"2006","value":"293.9","year":"2006","month":"","quarter":"","sourceDataset":"CSDB","updateDate":"2016-01-14T16:25:13.625Z"},{"date":"2007","value":"309.0","year":"2007","month":"","quarter":"","sourceDataset":"CSDB","updateDate":"2016-01-14T16:25:13.625Z"},{"date":"2008","value":"327.2","year":"2008","month":"","quarter":"","sourceDataset":"CSDB","updateDate":"2016-01-14T16:25:13.625Z"},{"date":"2009","value":"340.6","year":"2009","month":"","quarter":"","sourceDataset":"CSDB","updateDate":"2016-01-14T16:25:13.625Z"},{"date":"2010","value":"356.6","year":"2010","month":"","quarter":"","sourceDataset":"CSDB","updateDate":"2016-01-14T16:25:13.625Z"},{"date":"2011","value":"374.2","year":"2011","month":"","quarter":"","sourceDataset":"CSDB","updateDate":"2016-01-14T16:25:13.625Z"},{"date":"2012","value":"381.1","year":"2012","month":"","quarter":"","sourceDataset":"CSDB","updateDate":"2016-01-14T16:25:13.625Z"},{"date":"2013","value":"390.4","year":"2013","month":"","quarter":"","sourceDataset":"CSDB","updateDate":"2016-01-14T16:25:13.625Z"},{"date":"2014","value":"400.8","year":"2014","month":"","quarter":"","sourceDataset":"CSDB","updateDate":"2016-01-14T16:25:13.625Z"}],"quarters":[{"date":"1987 Q1","value":"100.9","year":"1987","month":"","quarter":"Q1","sourceDataset":"CSDB","updateDate":"2016-01-14T16:25:13.625Z"},{"date":"1987 Q2","value":"102.4","year":"1987","month":"","quarter":"Q2","sourceDataset":"CSDB","updateDate":"2016-01-14T16:25:13.625Z"},{"date":"1987 Q3","value":"103.6","year":"1987","month":"","quarter":"Q3","sourceDataset":"CSDB","updateDate":"2016-01-14T16:25:13.625Z"},{"date":"1987 Q4","value":"104.8","year":"1987","month":"","quarter":"Q4","sourceDataset":"CSDB","updateDate":"2016-01-14T16:25:13.625Z"},{"date":"1988 Q1","value":"107.1","year":"1988","month":"","quarter":"Q1","sourceDataset":"CSDB","updateDate":"2016-01-14T16:25:13.625Z"},{"date":"1988 Q2","value":"109.0","year":"1988","month":"","quarter":"Q2","sourceDataset":"CSDB","updateDate":"2016-01-14T16:25:13.625Z"},{"date":"1988 Q3","value":"110.1","year":"1988","month":"","quarter":"Q3","sourceDataset":"CSDB","updateDate":"2016-01-14T16:25:13.625Z"},{"date":"1988 Q4","value":"110.9","year":"1988","month":"","quarter":"Q4","sourceDataset":"CSDB","updateDate":"2016-01-14T16:25:13.625Z"},{"date":"1989 Q1","value":"113.4","year":"1989","month":"","quarter":"Q1","sourceDataset":"CSDB","updateDate":"2016-01-14T16:25:13.625Z"},{"date":"1989 Q2","value":"115.0","year":"1989","month":"","quarter":"Q2","sourceDataset":"CSDB","updateDate":"2016-01-14T16:25:13.625Z"},{"date":"1989 Q3","value":"117.5","year":"1989","month":"","quarter":"Q3","sourceDataset":"CSDB","updateDate":"2016-01-14T16:25:13.625Z"},{"date":"1989 Q4","value":"118.3","year":"1989","month":"","quarter":"Q4","sourceDataset":"CSDB","updateDate":"2016-01-14T16:25:13.625Z"},{"date":"1990 Q1","value":"122.9","year":"1990","month":"","quarter":"Q1","sourceDataset":"CSDB","updateDate":"2016-01-14T16:25:13.625Z"},{"date":"1990 Q2","value":"126.6","year":"1990","month":"","quarter":"Q2","sourceDataset":"CSDB","updateDate":"2016-01-14T16:25:13.625Z"},{"date":"1990 Q3","value":"130.0","year":"1990","month":"","quarter":"Q3","sourceDataset":"CSDB","updateDate":"2016-01-14T16:25:13.625Z"},{"date":"1990 Q4","value":"132.1","year":"1990","month":"","quarter":"Q4","sourceDataset":"CSDB","updateDate":"2016-01-14T16:25:13.625Z"},{"date":"1991 Q1","value":"136.6","year":"1991","month":"","quarter":"Q1","sourceDataset":"CSDB","updateDate":"2016-01-14T16:25:13.625Z"},{"date":"1991 Q2","value":"141.7","year":"1991","month":"","quarter":"Q2","sourceDataset":"CSDB","updateDate":"2016-01-14T16:25:13.625Z"},{"date":"1991 Q3","value":"143.3","year":"1991","month":"","quarter":"Q3","sourceDataset":"CSDB","updateDate":"2016-01-14T16:25:13.625Z"},{"date":"1991 Q4","value":"147.2","year":"1991","month":"","quarter":"Q4","sourceDataset":"CSDB","updateDate":"2016-01-14T16:25:13.625Z"},{"date":"1992 Q1","value":"150.5","year":"1992","month":"","quarter":"Q1","sourceDataset":"CSDB","updateDate":"2016-01-14T16:25:13.625Z"},{"date":"1992 Q2","value":"152.6","year":"1992","month":"","quarter":"Q2","sourceDataset":"CSDB","updateDate":"2016-01-14T16:25:13.625Z"},{"date":"1992 Q3","value":"154.4","year":"1992","month":"","quarter":"Q3","sourceDataset":"CSDB","updateDate":"2016-01-14T16:25:13.625Z"},{"date":"1992 Q4","value":"156.1","year":"1992","month":"","quarter":"Q4","sourceDataset":"CSDB","updateDate":"2016-01-14T16:25:13.625Z"},{"date":"1993 Q1","value":"160.1","year":"1993","month":"","quarter":"Q1","sourceDataset":"CSDB","updateDate":"2016-01-14T16:25:13.625Z"},{"date":"1993 Q2","value":"162.5","year":"1993","month":"","quarter":"Q2","sourceDataset":"CSDB","updateDate":"2016-01-14T16:25:13.625Z"},{"date":"1993 Q3","value":"163.3","year":"1993","month":"","quarter":"Q3","sourceDataset":"CSDB","updateDate":"2016-01-14T16:25:13.625Z"},{"date":"1993 Q4","value":"163.9","year":"1993","month":"","quarter":"Q4","sourceDataset":"CSDB","updateDate":"2016-01-14T16:25:13.625Z"},{"date":"1994 Q1","value":"164.9","year":"1994","month":"","quarter":"Q1","sourceDataset":"CSDB","updateDate":"2016-01-14T16:25:13.625Z"},{"date":"1994 Q2","value":"166.0","year":"1994","month":"","quarter":"Q2","sourceDataset":"CSDB","updateDate":"2016-01-14T16:25:13.625Z"},{"date":"1994 Q3","value":"167.0","year":"1994","month":"","quarter":"Q3","sourceDataset":"CSDB","updateDate":"2016-01-14T16:25:13.625Z"},{"date":"1994 Q4","value":"167.9","year":"1994","month":"","quarter":"Q4","sourceDataset":"CSDB","updateDate":"2016-01-14T16:25:13.625Z"},{"date":"1995 Q1","value":"167.4","year":"1995","month":"","quarter":"Q1","sourceDataset":"CSDB","updateDate":"2016-01-14T16:25:13.625Z"},{"date":"1995 Q2","value":"168.6","year":"1995","month":"","quarter":"Q2","sourceDataset":"CSDB","updateDate":"2016-01-14T16:25:13.625Z"},{"date":"1995 Q3","value":"170.5","year":"1995","month":"","quarter":"Q3","sourceDataset":"CSDB","updateDate":"2016-01-14T16:25:13.625Z"},{"date":"1995 Q4","value":"171.8","year":"1995","month":"","quarter":"Q4","sourceDataset":"CSDB","updateDate":"2016-01-14T16:25:13.625Z"},{"date":"1996 Q1","value":"174.2","year":"1996","month":"","quarter":"Q1","sourceDataset":"CSDB","updateDate":"2016-01-14T16:25:13.625Z"},{"date":"1996 Q2","value":"175.7","year":"1996","month":"","quarter":"Q2","sourceDataset":"CSDB","updateDate":"2016-01-14T16:25:13.625Z"},{"date":"1996 Q3","value":"178.5","year":"1996","month":"","quarter":"Q3","sourceDataset":"CSDB","updateDate":"2016-01-14T16:25:13.625Z"},{"date":"1996 Q4","value":"180.9","year":"1996","month":"","quarter":"Q4","sourceDataset":"CSDB","updateDate":"2016-01-14T16:25:13.625Z"},{"date":"1997 Q1","value":"184.3","year":"1997","month":"","quarter":"Q1","sourceDataset":"CSDB","updateDate":"2016-01-14T16:25:13.625Z"},{"date":"1997 Q2","value":"186.2","year":"1997","month":"","quarter":"Q2","sourceDataset":"CSDB","updateDate":"2016-01-14T16:25:13.625Z"},{"date":"1997 Q3","value":"188.0","year":"1997","month":"","quarter":"Q3","sourceDataset":"CSDB","updateDate":"2016-01-14T16:25:13.625Z"},{"date":"1997 Q4","value":"189.1","year":"1997","month":"","quarter":"Q4","sourceDataset":"CSDB","updateDate":"2016-01-14T16:25:13.625Z"},{"date":"1998 Q1","value":"191.6","year":"1998","month":"","quarter":"Q1","sourceDataset":"CSDB","updateDate":"2016-01-14T16:25:13.625Z"},{"date":"1998 Q2","value":"193.6","year":"1998","month":"","quarter":"Q2","sourceDataset":"CSDB","updateDate":"2016-01-14T16:25:13.625Z"},{"date":"1998 Q3","value":"196.0","year":"1998","month":"","quarter":"Q3","sourceDataset":"CSDB","updateDate":"2016-01-14T16:25:13.625Z"},{"date":"1998 Q4","value":"197.1","year":"1998","month":"","quarter":"Q4","sourceDataset":"CSDB","updateDate":"2016-01-14T16:25:13.625Z"},{"date":"1999 Q1","value":"198.9","year":"1999","month":"","quarter":"Q1","sourceDataset":"CSDB","updateDate":"2016-01-14T16:25:13.625Z"},{"date":"1999 Q2","value":"201.4","year":"1999","month":"","quarter":"Q2","sourceDataset":"CSDB","updateDate":"2016-01-14T16:25:13.625Z"},{"date":"1999 Q3","value":"203.1","year":"1999","month":"","quarter":"Q3","sourceDataset":"CSDB","updateDate":"2016-01-14T16:25:13.625Z"},{"date":"1999 Q4","value":"205.4","year":"1999","month":"","quarter":"Q4","sourceDataset":"CSDB","updateDate":"2016-01-14T16:25:13.625Z"},{"date":"2000 Q1","value":"207.3","year":"2000","month":"","quarter":"Q1","sourceDataset":"CSDB","updateDate":"2016-01-14T16:25:13.625Z"},{"date":"2000 Q2","value":"209.8","year":"2000","month":"","quarter":"Q2","sourceDataset":"CSDB","updateDate":"2016-01-14T16:25:13.625Z"},{"date":"2000 Q3","value":"211.6","year":"2000","month":"","quarter":"Q3","sourceDataset":"CSDB","updateDate":"2016-01-14T16:25:13.625Z"},{"date":"2000 Q4","value":"213.7","year":"2000","month":"","quarter":"Q4","sourceDataset":"CSDB","updateDate":"2016-01-14T16:25:13.625Z"},{"date":"2001 Q1","value":"216.5","year":"2001","month":"","quarter":"Q1","sourceDataset":"CSDB","updateDate":"2016-01-14T16:25:13.625Z"},{"date":"2001 Q2","value":"220.0","year":"2001","month":"","quarter":"Q2","sourceDataset":"CSDB","updateDate":"2016-01-14T16:25:13.625Z"},{"date":"2001 Q3","value":"222.9","year":"2001","month":"","quarter":"Q3","sourceDataset":"CSDB","updateDate":"2016-01-14T16:25:13.625Z"},{"date":"2001 Q4","value":"224.1","year":"2001","month":"","quarter":"Q4","sourceDataset":"CSDB","updateDate":"2016-01-14T16:25:13.625Z"},{"date":"2002 Q1","value":"228.5","year":"2002","month":"","quarter":"Q1","sourceDataset":"CSDB","updateDate":"2016-01-14T16:25:13.625Z"},{"date":"2002 Q2","value":"230.7","year":"2002","month":"","quarter":"Q2","sourceDataset":"CSDB","updateDate":"2016-01-14T16:25:13.625Z"},{"date":"2002 Q3","value":"233.4","year":"2002","month":"","quarter":"Q3","sourceDataset":"CSDB","updateDate":"2016-01-14T16:25:13.625Z"},{"date":"2002 Q4","value":"236.7","year":"2002","month":"","quarter":"Q4","sourceDataset":"CSDB","updateDate":"2016-01-14T16:25:13.625Z"},{"date":"2003 Q1","value":"242.3","year":"2003","month":"","quarter":"Q1","sourceDataset":"CSDB","updateDate":"2016-01-14T16:25:13.625Z"},{"date":"2003 Q2","value":"244.3","year":"2003","month":"","quarter":"Q2","sourceDataset":"CSDB","updateDate":"2016-01-14T16:25:13.625Z"},{"date":"2003 Q3","value":"247.4","year":"2003","month":"","quarter":"Q3","sourceDataset":"CSDB","updateDate":"2016-01-14T16:25:13.625Z"},{"date":"2003 Q4","value":"250.9","year":"2003","month":"","quarter":"Q4","sourceDataset":"CSDB","updateDate":"2016-01-14T16:25:13.625Z"},{"date":"2004 Q1","value":"256.1","year":"2004","month":"","quarter":"Q1","sourceDataset":"CSDB","updateDate":"2016-01-14T16:25:13.625Z"},{"date":"2004 Q2","value":"259.1","year":"2004","month":"","quarter":"Q2","sourceDataset":"CSDB","updateDate":"2016-01-14T16:25:13.625Z"},{"date":"2004 Q3","value":"262.9","year":"2004","month":"","quarter":"Q3","sourceDataset":"CSDB","updateDate":"2016-01-14T16:25:13.625Z"},{"date":"2004 Q4","value":"266.2","year":"2004","month":"","quarter":"Q4","sourceDataset":"CSDB","updateDate":"2016-01-14T16:25:13.625Z"},{"date":"2005 Q1","value":"271.8","year":"2005","month":"","quarter":"Q1","sourceDataset":"CSDB","updateDate":"2016-01-14T16:25:13.625Z"},{"date":"2005 Q2","value":"274.7","year":"2005","month":"","quarter":"Q2","sourceDataset":"CSDB","updateDate":"2016-01-14T16:25:13.625Z"},{"date":"2005 Q3","value":"278.6","year":"2005","month":"","quarter":"Q3","sourceDataset":"CSDB","updateDate":"2016-01-14T16:25:13.625Z"},{"date":"2005 Q4","value":"282.9","year":"2005","month":"","quarter":"Q4","sourceDataset":"CSDB","updateDate":"2016-01-14T16:25:13.625Z"},{"date":"2006 Q1","value":"288.8","year":"2006","month":"","quarter":"Q1","sourceDataset":"CSDB","updateDate":"2016-01-14T16:25:13.625Z"},{"date":"2006 Q2","value":"291.6","year":"2006","month":"","quarter":"Q2","sourceDataset":"CSDB","updateDate":"2016-01-14T16:25:13.625Z"},{"date":"2006 Q3","value":"295.3","year":"2006","month":"","quarter":"Q3","sourceDataset":"CSDB","updateDate":"2016-01-14T16:25:13.625Z"},{"date":"2006 Q4","value":"299.9","year":"2006","month":"","quarter":"Q4","sourceDataset":"CSDB","updateDate":"2016-01-14T16:25:13.625Z"},{"date":"2007 Q1","value":"304.2","year":"2007","month":"","quarter":"Q1","sourceDataset":"CSDB","updateDate":"2016-01-14T16:25:13.625Z"},{"date":"2007 Q2","value":"307.6","year":"2007","month":"","quarter":"Q2","sourceDataset":"CSDB","updateDate":"2016-01-14T16:25:13.625Z"},{"date":"2007 Q3","value":"311.0","year":"2007","month":"","quarter":"Q3","sourceDataset":"CSDB","updateDate":"2016-01-14T16:25:13.625Z"},{"date":"2007 Q4","value":"313.3","year":"2007","month":"","quarter":"Q4","sourceDataset":"CSDB","updateDate":"2016-01-14T16:25:13.625Z"},{"date":"2008 Q1","value":"320.6","year":"2008","month":"","quarter":"Q1","sourceDataset":"CSDB","updateDate":"2016-01-14T16:25:13.625Z"},{"date":"2008 Q2","value":"324.5","year":"2008","month":"","quarter":"Q2","sourceDataset":"CSDB","updateDate":"2016-01-14T16:25:13.625Z"},{"date":"2008 Q3","value":"329.5","year":"2008","month":"","quarter":"Q3","sourceDataset":"CSDB","updateDate":"2016-01-14T16:25:13.625Z"},{"date":"2008 Q4","value":"334.2","year":"2008","month":"","quarter":"Q4","sourceDataset":"CSDB","updateDate":"2016-01-14T16:25:13.625Z"},{"date":"2009 Q1","value":"336.2","year":"2009","month":"","quarter":"Q1","sourceDataset":"CSDB","updateDate":"2016-01-14T16:25:13.625Z"},{"date":"2009 Q2","value":"339.6","year":"2009","month":"","quarter":"Q2","sourceDataset":"CSDB","updateDate":"2016-01-14T16:25:13.625Z"},{"date":"2009 Q3","value":"342.7","year":"2009","month":"","quarter":"Q3","sourceDataset":"CSDB","updateDate":"2016-01-14T16:25:13.625Z"},{"date":"2009 Q4","value":"344.0","year":"2009","month":"","quarter":"Q4","sourceDataset":"CSDB","updateDate":"2016-01-14T16:25:13.625Z"},{"date":"2010 Q1","value":"352.6","year":"2010","month":"","quarter":"Q1","sourceDataset":"CSDB","updateDate":"2016-01-14T16:25:13.625Z"},{"date":"2010 Q2","value":"355.4","year":"2010","month":"","quarter":"Q2","sourceDataset":"CSDB","updateDate":"2016-01-14T16:25:13.625Z"},{"date":"2010 Q3","value":"358.4","year":"2010","month":"","quarter":"Q3","sourceDataset":"CSDB","updateDate":"2016-01-14T16:25:13.625Z"},{"date":"2010 Q4","value":"360.0","year":"2010","month":"","quarter":"Q4","sourceDataset":"CSDB","updateDate":"2016-01-14T16:25:13.625Z"},{"date":"2011 Q1","value":"371.0","year":"2011","month":"","quarter":"Q1","sourceDataset":"CSDB","updateDate":"2016-01-14T16:25:13.625Z"},{"date":"2011 Q2","value":"373.0","year":"2011","month":"","quarter":"Q2","sourceDataset":"CSDB","updateDate":"2016-01-14T16:25:13.625Z"},{"date":"2011 Q3","value":"376.2","year":"2011","month":"","quarter":"Q3","sourceDataset":"CSDB","updateDate":"2016-01-14T16:25:13.625Z"},{"date":"2011 Q4","value":"376.7","year":"2011","month":"","quarter":"Q4","sourceDataset":"CSDB","updateDate":"2016-01-14T16:25:13.625Z"},{"date":"2012 Q1","value":"377.7","year":"2012","month":"","quarter":"Q1","sourceDataset":"CSDB","updateDate":"2016-01-14T16:25:13.625Z"},{"date":"2012 Q2","value":"380.7","year":"2012","month":"","quarter":"Q2","sourceDataset":"CSDB","updateDate":"2016-01-14T16:25:13.625Z"},{"date":"2012 Q3","value":"382.7","year":"2012","month":"","quarter":"Q3","sourceDataset":"CSDB","updateDate":"2016-01-14T16:25:13.625Z"},{"date":"2012 Q4","value":"383.4","year":"2012","month":"","quarter":"Q4","sourceDataset":"CSDB","updateDate":"2016-01-14T16:25:13.625Z"},{"date":"2013 Q1","value":"387.0","year":"2013","month":"","quarter":"Q1","sourceDataset":"CSDB","updateDate":"2016-01-14T16:25:13.625Z"},{"date":"2013 Q2","value":"389.8","year":"2013","month":"","quarter":"Q2","sourceDataset":"CSDB","updateDate":"2016-01-14T16:25:13.625Z"},{"date":"2013 Q3","value":"391.0","year":"2013","month":"","quarter":"Q3","sourceDataset":"CSDB","updateDate":"2016-01-14T16:25:13.625Z"},{"date":"2013 Q4","value":"394.0","year":"2013","month":"","quarter":"Q4","sourceDataset":"CSDB","updateDate":"2016-01-14T16:25:13.625Z"},{"date":"2014 Q1","value":"399.1","year":"2014","month":"","quarter":"Q1","sourceDataset":"CSDB","updateDate":"2016-01-14T16:25:13.625Z"},{"date":"2014 Q2","value":"399.9","year":"2014","month":"","quarter":"Q2","sourceDataset":"CSDB","updateDate":"2016-01-14T16:25:13.625Z"},{"date":"2014 Q3","value":"401.5","year":"2014","month":"","quarter":"Q3","sourceDataset":"CSDB","updateDate":"2016-01-14T16:25:13.625Z"},{"date":"2014 Q4","value":"402.9","year":"2014","month":"","quarter":"Q4","sourceDataset":"CSDB","updateDate":"2016-01-14T16:25:13.625Z"},{"date":"2015 Q1","value":"405.8","year":"2015","month":"","quarter":"Q1","sourceDataset":"CSDB","updateDate":"2016-01-14T16:25:13.625Z"},{"date":"2015 Q2","value":"407.9","year":"2015","month":"","quarter":"Q2","sourceDataset":"CSDB","updateDate":"2016-01-14T16:25:13.625Z"}],"months":[{"date":"1987 JAN","value":"100.0","year":"1987","month":"January","quarter":"","sourceDataset":"CSDB","updateDate":"2016-01-14T16:25:13.625Z"},{"date":"1987 FEB","value":"101.4","year":"1987","month":"February","quarter":"","sourceDataset":"CSDB","updateDate":"2016-01-14T16:25:13.625Z"},{"date":"1987 MAR","value":"101.2","year":"1987","month":"March","quarter":"","sourceDataset":"CSDB","updateDate":"2016-01-14T16:25:13.625Z"},{"date":"1987 APR","value":"101.6","year":"1987","month":"April","quarter":"","sourceDataset":"CSDB","updateDate":"2016-01-14T16:25:13.625Z"},{"date":"1987 MAY","value":"102.7","year":"1987","month":"May","quarter":"","sourceDataset":"CSDB","updateDate":"2016-01-14T16:25:13.625Z"},{"date":"1987 JUN","value":"102.9","year":"1987","month":"June","quarter":"","sourceDataset":"CSDB","updateDate":"2016-01-14T16:25:13.625Z"},{"date":"1987 JUL","value":"103.1","year":"1987","month":"July","quarter":"","sourceDataset":"CSDB","updateDate":"2016-01-14T16:25:13.625Z"},{"date":"1987 AUG","value":"103.9","year":"1987","month":"August","quarter":"","sourceDataset":"CSDB","updateDate":"2016-01-14T16:25:13.625Z"},{"date":"1987 SEP","value":"103.9","year":"1987","month":"September","quarter":"","sourceDataset":"CSDB","updateDate":"2016-01-14T16:25:13.625Z"},{"date":"1987 OCT","value":"104.2","year":"1987","month":"October","quarter":"","sourceDataset":"CSDB","updateDate":"2016-01-14T16:25:13.625Z"},{"date":"1987 NOV","value":"104.9","year":"1987","month":"November","quarter":"","sourceDataset":"CSDB","updateDate":"2016-01-14T16:25:13.625Z"},{"date":"1987 DEC","value":"105.3","year":"1987","month":"December","quarter":"","sourceDataset":"CSDB","updateDate":"2016-01-14T16:25:13.625Z"},{"date":"1988 JAN","value":"105.8","year":"1988","month":"January","quarter":"","sourceDataset":"CSDB","updateDate":"2016-01-14T16:25:13.625Z"},{"date":"1988 FEB","value":"107.5","year":"1988","month":"February","quarter":"","sourceDataset":"CSDB","updateDate":"2016-01-14T16:25:13.625Z"},{"date":"1988 MAR","value":"108.0","year":"1988","month":"March","quarter":"","sourceDataset":"CSDB","updateDate":"2016-01-14T16:25:13.625Z"},{"date":"1988 APR","value":"108.6","year":"1988","month":"April","quarter":"","sourceDataset":"CSDB","updateDate":"2016-01-14T16:25:13.625Z"},{"date":"1988 MAY","value":"108.8","year":"1988","month":"May","quarter":"","sourceDataset":"CSDB","updateDate":"2016-01-14T16:25:13.625Z"},{"date":"1988 JUN","value":"109.6","year":"1988","month":"June","quarter":"","sourceDataset":"CSDB","updateDate":"2016-01-14T16:25:13.625Z"},{"date":"1988 JUL","value":"110.1","year":"1988","month":"July","quarter":"","sourceDataset":"CSDB","updateDate":"2016-01-14T16:25:13.625Z"},{"date":"1988 AUG","value":"109.9","year":"1988","month":"August","quarter":"","sourceDataset":"CSDB","updateDate":"2016-01-14T16:25:13.625Z"},{"date":"1988 SEP","value":"110.4","year":"1988","month":"September","quarter":"","sourceDataset":"CSDB","updateDate":"2016-01-14T16:25:13.625Z"},{"date":"1988 OCT","value":"110.6","year":"1988","month":"October","quarter":"","sourceDataset":"CSDB","updateDate":"2016-01-14T16:25:13.625Z"},{"date":"1988 NOV","value":"111.1","year":"1988","month":"November","quarter":"","sourceDataset":"CSDB","updateDate":"2016-01-14T16:25:13.625Z"},{"date":"1988 DEC","value":"111.0","year":"1988","month":"December","quarter":"","sourceDataset":"CSDB","updateDate":"2016-01-14T16:25:13.625Z"},{"date":"1989 JAN","value":"113.1","year":"1989","month":"January","quarter":"","sourceDataset":"CSDB","updateDate":"2016-01-14T16:25:13.625Z"},{"date":"1989 FEB","value":"113.3","year":"1989","month":"February","quarter":"","sourceDataset":"CSDB","updateDate":"2016-01-14T16:25:13.625Z"},{"date":"1989 MAR","value":"113.8","year":"1989","month":"March","quarter":"","sourceDataset":"CSDB","updateDate":"2016-01-14T16:25:13.625Z"},{"date":"1989 APR","value":"114.4","year":"1989","month":"April","quarter":"","sourceDataset":"CSDB","updateDate":"2016-01-14T16:25:13.625Z"},{"date":"1989 MAY","value":"115.1","year":"1989","month":"May","quarter":"","sourceDataset":"CSDB","updateDate":"2016-01-14T16:25:13.625Z"},{"date":"1989 JUN","value":"115.4","year":"1989","month":"June","quarter":"","sourceDataset":"CSDB","updateDate":"2016-01-14T16:25:13.625Z"},{"date":"1989 JUL","value":"117.0","year":"1989","month":"July","quarter":"","sourceDataset":"CSDB","updateDate":"2016-01-14T16:25:13.625Z"},{"date":"1989 AUG","value":"117.5","year":"1989","month":"August","quarter":"","sourceDataset":"CSDB","updateDate":"2016-01-14T16:25:13.625Z"},{"date":"1989 SEP","value":"118.0","year":"1989","month":"September","quarter":"","sourceDataset":"CSDB","updateDate":"2016-01-14T16:25:13.625Z"},{"date":"1989 OCT","value":"118.3","year":"1989","month":"October","quarter":"","sourceDataset":"CSDB","updateDate":"2016-01-14T16:25:13.625Z"},{"date":"1989 NOV","value":"118.3","year":"1989","month":"November","quarter":"","sourceDataset":"CSDB","updateDate":"2016-01-14T16:25:13.625Z"},{"date":"1989 DEC","value":"118.4","year":"1989","month":"December","quarter":"","sourceDataset":"CSDB","updateDate":"2016-01-14T16:25:13.625Z"},{"date":"1990 JAN","value":"121.9","year":"1990","month":"January","quarter":"","sourceDataset":"CSDB","updateDate":"2016-01-14T16:25:13.625Z"},{"date":"1990 FEB","value":"123.0","year":"1990","month":"February","quarter":"","sourceDataset":"CSDB","updateDate":"2016-01-14T16:25:13.625Z"},{"date":"1990 MAR","value":"123.7","year":"1990","month":"March","quarter":"","sourceDataset":"CSDB","updateDate":"2016-01-14T16:25:13.625Z"},{"date":"1990 APR","value":"125.1","year":"1990","month":"April","quarter":"","sourceDataset":"CSDB","updateDate":"2016-01-14T16:25:13.625Z"},{"date":"1990 MAY","value":"126.8","year":"1990","month":"May","quarter":"","sourceDataset":"CSDB","updateDate":"2016-01-14T16:25:13.625Z"},{"date":"1990 JUN","value":"127.8","year":"1990","month":"June","quarter":"","sourceDataset":"CSDB","updateDate":"2016-01-14T16:25:13.625Z"},{"date":"1990 JUL","value":"129.1","year":"1990","month":"July","quarter":"","sourceDataset":"CSDB","updateDate":"2016-01-14T16:25:13.625Z"},{"date":"1990 AUG","value":"130.0","year":"1990","month":"August","quarter":"","sourceDataset":"CSDB","updateDate":"2016-01-14T16:25:13.625Z"},{"date":"1990 SEP","value":"130.8","year":"1990","month":"September","quarter":"","sourceDataset":"CSDB","updateDate":"2016-01-14T16:25:13.625Z"},{"date":"1990 OCT","value":"131.2","year":"1990","month":"October","quarter":"","sourceDataset":"CSDB","updateDate":"2016-01-14T16:25:13.625Z"},{"date":"1990 NOV","value":"132.4","year":"1990","month":"November","quarter":"","sourceDataset":"CSDB","updateDate":"2016-01-14T16:25:13.625Z"},{"date":"1990 DEC","value":"132.7","year":"1990","month":"December","quarter":"","sourceDataset":"CSDB","updateDate":"2016-01-14T16:25:13.625Z"},{"date":"1991 JAN","value":"135.0","year":"1991","month":"January","quarter":"","sourceDataset":"CSDB","updateDate":"2016-01-14T16:25:13.625Z"},{"date":"1991 FEB","value":"136.5","year":"1991","month":"February","quarter":"","sourceDataset":"CSDB","updateDate":"2016-01-14T16:25:13.625Z"},{"date":"1991 MAR","value":"138.2","year":"1991","month":"March","quarter":"","sourceDataset":"CSDB","updateDate":"2016-01-14T16:25:13.625Z"},{"date":"1991 APR","value":"141.1","year":"1991","month":"April","quarter":"","sourceDataset":"CSDB","updateDate":"2016-01-14T16:25:13.625Z"},{"date":"1991 MAY","value":"142.3","year":"1991","month":"May","quarter":"","sourceDataset":"CSDB","updateDate":"2016-01-14T16:25:13.625Z"},{"date":"1991 JUN","value":"141.8","year":"1991","month":"June","quarter":"","sourceDataset":"CSDB","updateDate":"2016-01-14T16:25:13.625Z"},{"date":"1991 JUL","value":"141.5","year":"1991","month":"July","quarter":"","sourceDataset":"CSDB","updateDate":"2016-01-14T16:25:13.625Z"},{"date":"1991 AUG","value":"143.1","year":"1991","month":"August","quarter":"","sourceDataset":"CSDB","updateDate":"2016-01-14T16:25:13.625Z"},{"date":"1991 SEP","value":"145.2","year":"1991","month":"September","quarter":"","sourceDataset":"CSDB","updateDate":"2016-01-14T16:25:13.625Z"},{"date":"1991 OCT","value":"146.0","year":"1991","month":"October","quarter":"","sourceDataset":"CSDB","updateDate":"2016-01-14T16:25:13.625Z"},{"date":"1991 NOV","value":"147.7","year":"1991","month":"November","quarter":"","sourceDataset":"CSDB","updateDate":"2016-01-14T16:25:13.625Z"},{"date":"1991 DEC","value":"148.0","year":"1991","month":"December","quarter":"","sourceDataset":"CSDB","updateDate":"2016-01-14T16:25:13.625Z"},{"date":"1992 JAN","value":"149.6","year":"1992","month":"January","quarter":"","sourceDataset":"CSDB","updateDate":"2016-01-14T16:25:13.625Z"},{"date":"1992 FEB","value":"150.8","year":"1992","month":"February","quarter":"","sourceDataset":"CSDB","updateDate":"2016-01-14T16:25:13.625Z"},{"date":"1992 MAR","value":"151.2","year":"1992","month":"March","quarter":"","sourceDataset":"CSDB","updateDate":"2016-01-14T16:25:13.625Z"},{"date":"1992 APR","value":"152.0","year":"1992","month":"April","quarter":"","sourceDataset":"CSDB","updateDate":"2016-01-14T16:25:13.625Z"},{"date":"1992 MAY","value":"152.6","year":"1992","month":"May","quarter":"","sourceDataset":"CSDB","updateDate":"2016-01-14T16:25:13.625Z"},{"date":"1992 JUN","value":"153.2","year":"1992","month":"June","quarter":"","sourceDataset":"CSDB","updateDate":"2016-01-14T16:25:13.625Z"},{"date":"1992 JUL","value":"153.6","year":"1992","month":"July","quarter":"","sourceDataset":"CSDB","updateDate":"2016-01-14T16:25:13.625Z"},{"date":"1992 AUG","value":"154.5","year":"1992","month":"August","quarter":"","sourceDataset":"CSDB","updateDate":"2016-01-14T16:25:13.625Z"},{"date":"1992 SEP","value":"155.0","year":"1992","month":"September","quarter":"","sourceDataset":"CSDB","updateDate":"2016-01-14T16:25:13.625Z"},{"date":"1992 OCT","value":"155.5","year":"1992","month":"October","quarter":"","sourceDataset":"CSDB","updateDate":"2016-01-14T16:25:13.625Z"},{"date":"1992 NOV","value":"156.0","year":"1992","month":"November","quarter":"","sourceDataset":"CSDB","updateDate":"2016-01-14T16:25:13.625Z"},{"date":"1992 DEC","value":"156.9","year":"1992","month":"December","quarter":"","sourceDataset":"CSDB","updateDate":"2016-01-14T16:25:13.625Z"},{"date":"1993 JAN","value":"159.2","year":"1993","month":"January","quarter":"","sourceDataset":"CSDB","updateDate":"2016-01-14T16:25:13.625Z"},{"date":"1993 FEB","value":"159.8","year":"1993","month":"February","quarter":"","sourceDataset":"CSDB","updateDate":"2016-01-14T16:25:13.625Z"},{"date":"1993 MAR","value":"161.3","year":"1993","month":"March","quarter":"","sourceDataset":"CSDB","updateDate":"2016-01-14T16:25:13.625Z"},{"date":"1993 APR","value":"162.1","year":"1993","month":"April","quarter":"","sourceDataset":"CSDB","updateDate":"2016-01-14T16:25:13.625Z"},{"date":"1993 MAY","value":"162.6","year":"1993","month":"May","quarter":"","sourceDataset":"CSDB","updateDate":"2016-01-14T16:25:13.625Z"},{"date":"1993 JUN","value":"162.7","year":"1993","month":"June","quarter":"","sourceDataset":"CSDB","updateDate":"2016-01-14T16:25:13.625Z"},{"date":"1993 JUL","value":"163.1","year":"1993","month":"July","quarter":"","sourceDataset":"CSDB","updateDate":"2016-01-14T16:25:13.625Z"},{"date":"1993 AUG","value":"163.2","year":"1993","month":"August","quarter":"","sourceDataset":"CSDB","updateDate":"2016-01-14T16:25:13.625Z"},{"date":"1993 SEP","value":"163.6","year":"1993","month":"September","quarter":"","sourceDataset":"CSDB","updateDate":"2016-01-14T16:25:13.625Z"},{"date":"1993 OCT","value":"163.9","year":"1993","month":"October","quarter":"","sourceDataset":"CSDB","updateDate":"2016-01-14T16:25:13.625Z"},{"date":"1993 NOV","value":"163.8","year":"1993","month":"November","quarter":"","sourceDataset":"CSDB","updateDate":"2016-01-14T16:25:13.625Z"},{"date":"1993 DEC","value":"163.9","year":"1993","month":"December","quarter":"","sourceDataset":"CSDB","updateDate":"2016-01-14T16:25:13.625Z"},{"date":"1994 JAN","value":"164.9","year":"1994","month":"January","quarter":"","sourceDataset":"CSDB","updateDate":"2016-01-14T16:25:13.625Z"},{"date":"1994 FEB","value":"164.7","year":"1994","month":"February","quarter":"","sourceDataset":"CSDB","updateDate":"2016-01-14T16:25:13.625Z"},{"date":"1994 MAR","value":"165.1","year":"1994","month":"March","quarter":"","sourceDataset":"CSDB","updateDate":"2016-01-14T16:25:13.625Z"},{"date":"1994 APR","value":"165.7","year":"1994","month":"April","quarter":"","sourceDataset":"CSDB","updateDate":"2016-01-14T16:25:13.625Z"},{"date":"1994 MAY","value":"166.0","year":"1994","month":"May","quarter":"","sourceDataset":"CSDB","updateDate":"2016-01-14T16:25:13.625Z"},{"date":"1994 JUN","value":"166.3","year":"1994","month":"June","quarter":"","sourceDataset":"CSDB","updateDate":"2016-01-14T16:25:13.625Z"},{"date":"1994 JUL","value":"166.6","year":"1994","month":"July","quarter":"","sourceDataset":"CSDB","updateDate":"2016-01-14T16:25:13.625Z"},{"date":"1994 AUG","value":"167.3","year":"1994","month":"August","quarter":"","sourceDataset":"CSDB","updateDate":"2016-01-14T16:25:13.625Z"},{"date":"1994 SEP","value":"167.0","year":"1994","month":"September","quarter":"","sourceDataset":"CSDB","updateDate":"2016-01-14T16:25:13.625Z"},{"date":"1994 OCT","value":"168.1","year":"1994","month":"October","quarter":"","sourceDataset":"CSDB","updateDate":"2016-01-14T16:25:13.625Z"},{"date":"1994 NOV","value":"168.0","year":"1994","month":"November","quarter":"","sourceDataset":"CSDB","updateDate":"2016-01-14T16:25:13.625Z"},{"date":"1994 DEC","value":"167.7","year":"1994","month":"December","quarter":"","sourceDataset":"CSDB","updateDate":"2016-01-14T16:25:13.625Z"},{"date":"1995 JAN","value":"166.9","year":"1995","month":"January","quarter":"","sourceDataset":"CSDB","updateDate":"2016-01-14T16:25:13.625Z"},{"date":"1995 FEB","value":"167.7","year":"1995","month":"February","quarter":"","sourceDataset":"CSDB","updateDate":"2016-01-14T16:25:13.625Z"},{"date":"1995 MAR","value":"167.7","year":"1995","month":"March","quarter":"","sourceDataset":"CSDB","updateDate":"2016-01-14T16:25:13.625Z"},{"date":"1995 APR","value":"168.0","year":"1995","month":"April","quarter":"","sourceDataset":"CSDB","updateDate":"2016-01-14T16:25:13.625Z"},{"date":"1995 MAY","value":"168.6","year":"1995","month":"May","quarter":"","sourceDataset":"CSDB","updateDate":"2016-01-14T16:25:13.625Z"},{"date":"1995 JUN","value":"169.2","year":"1995","month":"June","quarter":"","sourceDataset":"CSDB","updateDate":"2016-01-14T16:25:13.625Z"},{"date":"1995 JUL","value":"169.8","year":"1995","month":"July","quarter":"","sourceDataset":"CSDB","updateDate":"2016-01-14T16:25:13.625Z"},{"date":"1995 AUG","value":"170.5","year":"1995","month":"August","quarter":"","sourceDataset":"CSDB","updateDate":"2016-01-14T16:25:13.625Z"},{"date":"1995 SEP","value":"171.2","year":"1995","month":"September","quarter":"","sourceDataset":"CSDB","updateDate":"2016-01-14T16:25:13.625Z"},{"date":"1995 OCT","value":"171.5","year":"1995","month":"October","quarter":"","sourceDataset":"CSDB","updateDate":"2016-01-14T16:25:13.625Z"},{"date":"1995 NOV","value":"171.8","year":"1995","month":"November","quarter":"","sourceDataset":"CSDB","updateDate":"2016-01-14T16:25:13.625Z"},{"date":"1995 DEC","value":"172.0","year":"1995","month":"December","quarter":"","sourceDataset":"CSDB","updateDate":"2016-01-14T16:25:13.625Z"},{"date":"1996 JAN","value":"173.7","year":"1996","month":"January","quarter":"","sourceDataset":"CSDB","updateDate":"2016-01-14T16:25:13.625Z"},{"date":"1996 FEB","value":"174.2","year":"1996","month":"February","quarter":"","sourceDataset":"CSDB","updateDate":"2016-01-14T16:25:13.625Z"},{"date":"1996 MAR","value":"174.7","year":"1996","month":"March","quarter":"","sourceDataset":"CSDB","updateDate":"2016-01-14T16:25:13.625Z"},{"date":"1996 APR","value":"175.2","year":"1996","month":"April","quarter":"","sourceDataset":"CSDB","updateDate":"2016-01-14T16:25:13.625Z"},{"date":"1996 MAY","value":"175.7","year":"1996","month":"May","quarter":"","sourceDataset":"CSDB","updateDate":"2016-01-14T16:25:13.625Z"},{"date":"1996 JUN","value":"176.2","year":"1996","month":"June","quarter":"","sourceDataset":"CSDB","updateDate":"2016-01-14T16:25:13.625Z"},{"date":"1996 JUL","value":"177.3","year":"1996","month":"July","quarter":"","sourceDataset":"CSDB","updateDate":"2016-01-14T16:25:13.625Z"},{"date":"1996 AUG","value":"178.6","year":"1996","month":"August","quarter":"","sourceDataset":"CSDB","updateDate":"2016-01-14T16:25:13.625Z"},{"date":"1996 SEP","value":"179.5","year":"1996","month":"September","quarter":"","sourceDataset":"CSDB","updateDate":"2016-01-14T16:25:13.625Z"},{"date":"1996 OCT","value":"180.1","year":"1996","month":"October","quarter":"","sourceDataset":"CSDB","updateDate":"2016-01-14T16:25:13.625Z"},{"date":"1996 NOV","value":"180.8","year":"1996","month":"November","quarter":"","sourceDataset":"CSDB","updateDate":"2016-01-14T16:25:13.625Z"},{"date":"1996 DEC","value":"181.9","year":"1996","month":"December","quarter":"","sourceDataset":"CSDB","updateDate":"2016-01-14T16:25:13.625Z"},{"date":"1997 JAN","value":"183.4","year":"1997","month":"January","quarter":"","sourceDataset":"CSDB","updateDate":"2016-01-14T16:25:13.625Z"},{"date":"1997 FEB","value":"184.6","year":"1997","month":"February","quarter":"","sourceDataset":"CSDB","updateDate":"2016-01-14T16:25:13.625Z"},{"date":"1997 MAR","value":"184.9","year":"1997","month":"March","quarter":"","sourceDataset":"CSDB","updateDate":"2016-01-14T16:25:13.625Z"},{"date":"1997 APR","value":"185.6","year":"1997","month":"April","quarter":"","sourceDataset":"CSDB","updateDate":"2016-01-14T16:25:13.625Z"},{"date":"1997 MAY","value":"186.1","year":"1997","month":"May","quarter":"","sourceDataset":"CSDB","updateDate":"2016-01-14T16:25:13.625Z"},{"date":"1997 JUN","value":"186.8","year":"1997","month":"June","quarter":"","sourceDataset":"CSDB","updateDate":"2016-01-14T16:25:13.625Z"},{"date":"1997 JUL","value":"187.4","year":"1997","month":"July","quarter":"","sourceDataset":"CSDB","updateDate":"2016-01-14T16:25:13.625Z"},{"date":"1997 AUG","value":"188.3","year":"1997","month":"August","quarter":"","sourceDataset":"CSDB","updateDate":"2016-01-14T16:25:13.625Z"},{"date":"1997 SEP","value":"188.2","year":"1997","month":"September","quarter":"","sourceDataset":"CSDB","updateDate":"2016-01-14T16:25:13.625Z"},{"date":"1997 OCT","value":"188.7","year":"1997","month":"October","quarter":"","sourceDataset":"CSDB","updateDate":"2016-01-14T16:25:13.625Z"},{"date":"1997 NOV","value":"189.1","year":"1997","month":"November","quarter":"","sourceDataset":"CSDB","updateDate":"2016-01-14T16:25:13.625Z"},{"date":"1997 DEC","value":"189.5","year":"1997","month":"December","quarter":"","sourceDataset":"CSDB","updateDate":"2016-01-14T16:25:13.625Z"},{"date":"1998 JAN","value":"191.0","year":"1998","month":"January","quarter":"","sourceDataset":"CSDB","updateDate":"2016-01-14T16:25:13.625Z"},{"date":"1998 FEB","value":"191.8","year":"1998","month":"February","quarter":"","sourceDataset":"CSDB","updateDate":"2016-01-14T16:25:13.625Z"},{"date":"1998 MAR","value":"192.0","year":"1998","month":"March","quarter":"","sourceDataset":"CSDB","updateDate":"2016-01-14T16:25:13.625Z"},{"date":"1998 APR","value":"192.6","year":"1998","month":"April","quarter":"","sourceDataset":"CSDB","updateDate":"2016-01-14T16:25:13.625Z"},{"date":"1998 MAY","value":"193.7","year":"1998","month":"May","quarter":"","sourceDataset":"CSDB","updateDate":"2016-01-14T16:25:13.625Z"},{"date":"1998 JUN","value":"194.4","year":"1998","month":"June","quarter":"","sourceDataset":"CSDB","updateDate":"2016-01-14T16:25:13.625Z"},{"date":"1998 JUL","value":"194.8","year":"1998","month":"July","quarter":"","sourceDataset":"CSDB","updateDate":"2016-01-14T16:25:13.625Z"},{"date":"1998 AUG","value":"196.4","year":"1998","month":"August","quarter":"","sourceDataset":"CSDB","updateDate":"2016-01-14T16:25:13.625Z"},{"date":"1998 SEP","value":"196.8","year":"1998","month":"September","quarter":"","sourceDataset":"CSDB","updateDate":"2016-01-14T16:25:13.625Z"},{"date":"1998 OCT","value":"197.0","year":"1998","month":"October","quarter":"","sourceDataset":"CSDB","updateDate":"2016-01-14T16:25:13.625Z"},{"date":"1998 NOV","value":"197.0","year":"1998","month":"November","quarter":"","sourceDataset":"CSDB","updateDate":"2016-01-14T16:25:13.625Z"},{"date":"1998 DEC","value":"197.4","year":"1998","month":"December","quarter":"","sourceDataset":"CSDB","updateDate":"2016-01-14T16:25:13.625Z"},{"date":"1999 JAN","value":"198.4","year":"1999","month":"January","quarter":"","sourceDataset":"CSDB","updateDate":"2016-01-14T16:25:13.625Z"},{"date":"1999 FEB","value":"198.7","year":"1999","month":"February","quarter":"","sourceDataset":"CSDB","updateDate":"2016-01-14T16:25:13.625Z"},{"date":"1999 MAR","value":"199.6","year":"1999","month":"March","quarter":"","sourceDataset":"CSDB","updateDate":"2016-01-14T16:25:13.625Z"},{"date":"1999 APR","value":"200.7","year":"1999","month":"April","quarter":"","sourceDataset":"CSDB","updateDate":"2016-01-14T16:25:13.625Z"},{"date":"1999 MAY","value":"201.5","year":"1999","month":"May","quarter":"","sourceDataset":"CSDB","updateDate":"2016-01-14T16:25:13.625Z"},{"date":"1999 JUN","value":"202.1","year":"1999","month":"June","quarter":"","sourceDataset":"CSDB","updateDate":"2016-01-14T16:25:13.625Z"},{"date":"1999 JUL","value":"202.6","year":"1999","month":"July","quarter":"","sourceDataset":"CSDB","updateDate":"2016-01-14T16:25:13.625Z"},{"date":"1999 AUG","value":"203.0","year":"1999","month":"August","quarter":"","sourceDataset":"CSDB","updateDate":"2016-01-14T16:25:13.625Z"},{"date":"1999 SEP","value":"203.7","year":"1999","month":"September","quarter":"","sourceDataset":"CSDB","updateDate":"2016-01-14T16:25:13.625Z"},{"date":"1999 OCT","value":"204.6","year":"1999","month":"October","quarter":"","sourceDataset":"CSDB","updateDate":"2016-01-14T16:25:13.625Z"},{"date":"1999 NOV","value":"205.5","year":"1999","month":"November","quarter":"","sourceDataset":"CSDB","updateDate":"2016-01-14T16:25:13.625Z"},{"date":"1999 DEC","value":"206.0","year":"1999","month":"December","quarter":"","sourceDataset":"CSDB","updateDate":"2016-01-14T16:25:13.625Z"},{"date":"2000 JAN","value":"206.9","year":"2000","month":"January","quarter":"","sourceDataset":"CSDB","updateDate":"2016-01-14T16:25:13.625Z"},{"date":"2000 FEB","value":"207.1","year":"2000","month":"February","quarter":"","sourceDataset":"CSDB","updateDate":"2016-01-14T16:25:13.625Z"},{"date":"2000 MAR","value":"207.8","year":"2000","month":"March","quarter":"","sourceDataset":"CSDB","updateDate":"2016-01-14T16:25:13.625Z"},{"date":"2000 APR","value":"208.5","year":"2000","month":"April","quarter":"","sourceDataset":"CSDB","updateDate":"2016-01-14T16:25:13.625Z"},{"date":"2000 MAY","value":"210.3","year":"2000","month":"May","quarter":"","sourceDataset":"CSDB","updateDate":"2016-01-14T16:25:13.625Z"},{"date":"2000 JUN","value":"210.5","year":"2000","month":"June","quarter":"","sourceDataset":"CSDB","updateDate":"2016-01-14T16:25:13.625Z"},{"date":"2000 JUL","value":"210.9","year":"2000","month":"July","quarter":"","sourceDataset":"CSDB","updateDate":"2016-01-14T16:25:13.625Z"},{"date":"2000 AUG","value":"211.8","year":"2000","month":"August","quarter":"","sourceDataset":"CSDB","updateDate":"2016-01-14T16:25:13.625Z"},{"date":"2000 SEP","value":"212.1","year":"2000","month":"September","quarter":"","sourceDataset":"CSDB","updateDate":"2016-01-14T16:25:13.625Z"},{"date":"2000 OCT","value":"212.8","year":"2000","month":"October","quarter":"","sourceDataset":"CSDB","updateDate":"2016-01-14T16:25:13.625Z"},{"date":"2000 NOV","value":"213.8","year":"2000","month":"November","quarter":"","sourceDataset":"CSDB","updateDate":"2016-01-14T16:25:13.625Z"},{"date":"2000 DEC","value":"214.6","year":"2000","month":"December","quarter":"","sourceDataset":"CSDB","updateDate":"2016-01-14T16:25:13.625Z"},{"date":"2001 JAN","value":"216.0","year":"2001","month":"January","quarter":"","sourceDataset":"CSDB","updateDate":"2016-01-14T16:25:13.625Z"},{"date":"2001 FEB","value":"216.5","year":"2001","month":"February","quarter":"","sourceDataset":"CSDB","updateDate":"2016-01-14T16:25:13.625Z"},{"date":"2001 MAR","value":"217.1","year":"2001","month":"March","quarter":"","sourceDataset":"CSDB","updateDate":"2016-01-14T16:25:13.625Z"},{"date":"2001 APR","value":"218.6","year":"2001","month":"April","quarter":"","sourceDataset":"CSDB","updateDate":"2016-01-14T16:25:13.625Z"},{"date":"2001 MAY","value":"219.4","year":"2001","month":"May","quarter":"","sourceDataset":"CSDB","updateDate":"2016-01-14T16:25:13.625Z"},{"date":"2001 JUN","value":"222.1","year":"2001","month":"June","quarter":"","sourceDataset":"CSDB","updateDate":"2016-01-14T16:25:13.625Z"},{"date":"2001 JUL","value":"223.0","year":"2001","month":"July","quarter":"","sourceDataset":"CSDB","updateDate":"2016-01-14T16:25:13.625Z"},{"date":"2001 AUG","value":"223.1","year":"2001","month":"August","quarter":"","sourceDataset":"CSDB","updateDate":"2016-01-14T16:25:13.625Z"},{"date":"2001 SEP","value":"222.5","year":"2001","month":"September","quarter":"","sourceDataset":"CSDB","updateDate":"2016-01-14T16:25:13.625Z"},{"date":"2001 OCT","value":"223.2","year":"2001","month":"October","quarter":"","sourceDataset":"CSDB","updateDate":"2016-01-14T16:25:13.625Z"},{"date":"2001 NOV","value":"224.0","year":"2001","month":"November","quarter":"","sourceDataset":"CSDB","updateDate":"2016-01-14T16:25:13.625Z"},{"date":"2001 DEC","value":"225.0","year":"2001","month":"December","quarter":"","sourceDataset":"CSDB","updateDate":"2016-01-14T16:25:13.625Z"},{"date":"2002 JAN","value":"228.4","year":"2002","month":"January","quarter":"","sourceDataset":"CSDB","updateDate":"2016-01-14T16:25:13.625Z"},{"date":"2002 FEB","value":"228.4","year":"2002","month":"February","quarter":"","sourceDataset":"CSDB","updateDate":"2016-01-14T16:25:13.625Z"},{"date":"2002 MAR","value":"228.8","year":"2002","month":"March","quarter":"","sourceDataset":"CSDB","updateDate":"2016-01-14T16:25:13.625Z"},{"date":"2002 APR","value":"229.7","year":"2002","month":"April","quarter":"","sourceDataset":"CSDB","updateDate":"2016-01-14T16:25:13.625Z"},{"date":"2002 MAY","value":"230.7","year":"2002","month":"May","quarter":"","sourceDataset":"CSDB","updateDate":"2016-01-14T16:25:13.625Z"},{"date":"2002 JUN","value":"231.6","year":"2002","month":"June","quarter":"","sourceDataset":"CSDB","updateDate":"2016-01-14T16:25:13.625Z"},{"date":"2002 JUL","value":"232.1","year":"2002","month":"July","quarter":"","sourceDataset":"CSDB","updateDate":"2016-01-14T16:25:13.625Z"},{"date":"2002 AUG","value":"233.1","year":"2002","month":"August","quarter":"","sourceDataset":"CSDB","updateDate":"2016-01-14T16:25:13.625Z"},{"date":"2002 SEP","value":"235.0","year":"2002","month":"September","quarter":"","sourceDataset":"CSDB","updateDate":"2016-01-14T16:25:13.625Z"},{"date":"2002 OCT","value":"236.0","year":"2002","month":"October","quarter":"","sourceDataset":"CSDB","updateDate":"2016-01-14T16:25:13.625Z"},{"date":"2002 NOV","value":"236.7","year":"2002","month":"November","quarter":"","sourceDataset":"CSDB","updateDate":"2016-01-14T16:25:13.625Z"},{"date":"2002 DEC","value":"237.3","year":"2002","month":"December","quarter":"","sourceDataset":"CSDB","updateDate":"2016-01-14T16:25:13.625Z"},{"date":"2003 JAN","value":"242.2","year":"2003","month":"January","quarter":"","sourceDataset":"CSDB","updateDate":"2016-01-14T16:25:13.625Z"},{"date":"2003 FEB","value":"242.3","year":"2003","month":"February","quarter":"","sourceDataset":"CSDB","updateDate":"2016-01-14T16:25:13.625Z"},{"date":"2003 MAR","value":"242.3","year":"2003","month":"March","quarter":"","sourceDataset":"CSDB","updateDate":"2016-01-14T16:25:13.625Z"},{"date":"2003 APR","value":"242.9","year":"2003","month":"April","quarter":"","sourceDataset":"CSDB","updateDate":"2016-01-14T16:25:13.625Z"},{"date":"2003 MAY","value":"244.5","year":"2003","month":"May","quarter":"","sourceDataset":"CSDB","updateDate":"2016-01-14T16:25:13.625Z"},{"date":"2003 JUN","value":"245.5","year":"2003","month":"June","quarter":"","sourceDataset":"CSDB","updateDate":"2016-01-14T16:25:13.625Z"},{"date":"2003 JUL","value":"246.5","year":"2003","month":"July","quarter":"","sourceDataset":"CSDB","updateDate":"2016-01-14T16:25:13.625Z"},{"date":"2003 AUG","value":"247.1","year":"2003","month":"August","quarter":"","sourceDataset":"CSDB","updateDate":"2016-01-14T16:25:13.625Z"},{"date":"2003 SEP","value":"248.5","year":"2003","month":"September","quarter":"","sourceDataset":"CSDB","updateDate":"2016-01-14T16:25:13.625Z"},{"date":"2003 OCT","value":"250.0","year":"2003","month":"October","quarter":"","sourceDataset":"CSDB","updateDate":"2016-01-14T16:25:13.625Z"},{"date":"2003 NOV","value":"251.1","year":"2003","month":"November","quarter":"","sourceDataset":"CSDB","updateDate":"2016-01-14T16:25:13.625Z"},{"date":"2003 DEC","value":"251.6","year":"2003","month":"December","quarter":"","sourceDataset":"CSDB","updateDate":"2016-01-14T16:25:13.625Z"},{"date":"2004 JAN","value":"255.3","year":"2004","month":"January","quarter":"","sourceDataset":"CSDB","updateDate":"2016-01-14T16:25:13.625Z"},{"date":"2004 FEB","value":"256.2","year":"2004","month":"February","quarter":"","sourceDataset":"CSDB","updateDate":"2016-01-14T16:25:13.625Z"},{"date":"2004 MAR","value":"256.8","year":"2004","month":"March","quarter":"","sourceDataset":"CSDB","updateDate":"2016-01-14T16:25:13.625Z"},{"date":"2004 APR","value":"257.9","year":"2004","month":"April","quarter":"","sourceDataset":"CSDB","updateDate":"2016-01-14T16:25:13.625Z"},{"date":"2004 MAY","value":"259.2","year":"2004","month":"May","quarter":"","sourceDataset":"CSDB","updateDate":"2016-01-14T16:25:13.625Z"},{"date":"2004 JUN","value":"260.3","year":"2004","month":"June","quarter":"","sourceDataset":"CSDB","updateDate":"2016-01-14T16:25:13.625Z"},{"date":"2004 JUL","value":"261.7","year":"2004","month":"July","quarter":"","sourceDataset":"CSDB","updateDate":"2016-01-14T16:25:13.625Z"},{"date":"2004 AUG","value":"262.7","year":"2004","month":"August","quarter":"","sourceDataset":"CSDB","updateDate":"2016-01-14T16:25:13.625Z"},{"date":"2004 SEP","value":"264.3","year":"2004","month":"September","quarter":"","sourceDataset":"CSDB","updateDate":"2016-01-14T16:25:13.625Z"},{"date":"2004 OCT","value":"264.9","year":"2004","month":"October","quarter":"","sourceDataset":"CSDB","updateDate":"2016-01-14T16:25:13.626Z"},{"date":"2004 NOV","value":"266.2","year":"2004","month":"November","quarter":"","sourceDataset":"CSDB","updateDate":"2016-01-14T16:25:13.626Z"},{"date":"2004 DEC","value":"267.4","year":"2004","month":"December","quarter":"","sourceDataset":"CSDB","updateDate":"2016-01-14T16:25:13.626Z"},{"date":"2005 JAN","value":"271.5","year":"2005","month":"January","quarter":"","sourceDataset":"CSDB","updateDate":"2016-01-14T16:25:13.626Z"},{"date":"2005 FEB","value":"272.1","year":"2005","month":"February","quarter":"","sourceDataset":"CSDB","updateDate":"2016-01-14T16:25:13.626Z"},{"date":"2005 MAR","value":"271.9","year":"2005","month":"March","quarter":"","sourceDataset":"CSDB","updateDate":"2016-01-14T16:25:13.626Z"},{"date":"2005 APR","value":"273.3","year":"2005","month":"April","quarter":"","sourceDataset":"CSDB","updateDate":"2016-01-14T16:25:13.626Z"},{"date":"2005 MAY","value":"274.4","year":"2005","month":"May","quarter":"","sourceDataset":"CSDB","updateDate":"2016-01-14T16:25:13.626Z"},{"date":"2005 JUN","value":"276.5","year":"2005","month":"June","quarter":"","sourceDataset":"CSDB","updateDate":"2016-01-14T16:25:13.626Z"},{"date":"2005 JUL","value":"276.7","year":"2005","month":"July","quarter":"","sourceDataset":"CSDB","updateDate":"2016-01-14T16:25:13.626Z"},{"date":"2005 AUG","value":"279.0","year":"2005","month":"August","quarter":"","sourceDataset":"CSDB","updateDate":"2016-01-14T16:25:13.626Z"},{"date":"2005 SEP","value":"280.0","year":"2005","month":"September","quarter":"","sourceDataset":"CSDB","updateDate":"2016-01-14T16:25:13.626Z"},{"date":"2005 OCT","value":"281.3","year":"2005","month":"October","quarter":"","sourceDataset":"CSDB","updateDate":"2016-01-14T16:25:13.626Z"},{"date":"2005 NOV","value":"283.2","year":"2005","month":"November","quarter":"","sourceDataset":"CSDB","updateDate":"2016-01-14T16:25:13.626Z"},{"date":"2005 DEC","value":"284.3","year":"2005","month":"December","quarter":"","sourceDataset":"CSDB","updateDate":"2016-01-14T16:25:13.626Z"},{"date":"2006 JAN","value":"288.2","year":"2006","month":"January","quarter":"","sourceDataset":"CSDB","updateDate":"2016-01-14T16:25:13.626Z"},{"date":"2006 FEB","value":"288.6","year":"2006","month":"February","quarter":"","sourceDataset":"CSDB","updateDate":"2016-01-14T16:25:13.626Z"},{"date":"2006 MAR","value":"289.6","year":"2006","month":"March","quarter":"","sourceDataset":"CSDB","updateDate":"2016-01-14T16:25:13.626Z"},{"date":"2006 APR","value":"290.4","year":"2006","month":"April","quarter":"","sourceDataset":"CSDB","updateDate":"2016-01-14T16:25:13.626Z"},{"date":"2006 MAY","value":"291.5","year":"2006","month":"May","quarter":"","sourceDataset":"CSDB","updateDate":"2016-01-14T16:25:13.626Z"},{"date":"2006 JUN","value":"292.9","year":"2006","month":"June","quarter":"","sourceDataset":"CSDB","updateDate":"2016-01-14T16:25:13.626Z"},{"date":"2006 JUL","value":"294.4","year":"2006","month":"July","quarter":"","sourceDataset":"CSDB","updateDate":"2016-01-14T16:25:13.626Z"},{"date":"2006 AUG","value":"295.2","year":"2006","month":"August","quarter":"","sourceDataset":"CSDB","updateDate":"2016-01-14T16:25:13.626Z"},{"date":"2006 SEP","value":"296.4","year":"2006","month":"September","quarter":"","sourceDataset":"CSDB","updateDate":"2016-01-14T16:25:13.626Z"},{"date":"2006 OCT","value":"298.0","year":"2006","month":"October","quarter":"","sourceDataset":"CSDB","updateDate":"2016-01-14T16:25:13.626Z"},{"date":"2006 NOV","value":"300.3","year":"2006","month":"November","quarter":"","sourceDataset":"CSDB","updateDate":"2016-01-14T16:25:13.626Z"},{"date":"2006 DEC","value":"301.4","year":"2006","month":"December","quarter":"","sourceDataset":"CSDB","updateDate":"2016-01-14T16:25:13.626Z"},{"date":"2007 JAN","value":"303.8","year":"2007","month":"January","quarter":"","sourceDataset":"CSDB","updateDate":"2016-01-14T16:25:13.626Z"},{"date":"2007 FEB","value":"303.9","year":"2007","month":"February","quarter":"","sourceDataset":"CSDB","updateDate":"2016-01-14T16:25:13.626Z"},{"date":"2007 MAR","value":"304.8","year":"2007","month":"March","quarter":"","sourceDataset":"CSDB","updateDate":"2016-01-14T16:25:13.626Z"},{"date":"2007 APR","value":"306.2","year":"2007","month":"April","quarter":"","sourceDataset":"CSDB","updateDate":"2016-01-14T16:25:13.626Z"},{"date":"2007 MAY","value":"307.3","year":"2007","month":"May","quarter":"","sourceDataset":"CSDB","updateDate":"2016-01-14T16:25:13.626Z"},{"date":"2007 JUN","value":"309.4","year":"2007","month":"June","quarter":"","sourceDataset":"CSDB","updateDate":"2016-01-14T16:25:13.626Z"},{"date":"2007 JUL","value":"309.8","year":"2007","month":"July","quarter":"","sourceDataset":"CSDB","updateDate":"2016-01-14T16:25:13.626Z"},{"date":"2007 AUG","value":"311.4","year":"2007","month":"August","quarter":"","sourceDataset":"CSDB","updateDate":"2016-01-14T16:25:13.626Z"},{"date":"2007 SEP","value":"311.8","year":"2007","month":"September","quarter":"","sourceDataset":"CSDB","updateDate":"2016-01-14T16:25:13.626Z"},{"date":"2007 OCT","value":"312.4","year":"2007","month":"October","quarter":"","sourceDataset":"CSDB","updateDate":"2016-01-14T16:25:13.626Z"},{"date":"2007 NOV","value":"313.3","year":"2007","month":"November","quarter":"","sourceDataset":"CSDB","updateDate":"2016-01-14T16:25:13.626Z"},{"date":"2007 DEC","value":"314.3","year":"2007","month":"December","quarter":"","sourceDataset":"CSDB","updateDate":"2016-01-14T16:25:13.626Z"},{"date":"2008 JAN","value":"319.6","year":"2008","month":"January","quarter":"","sourceDataset":"CSDB","updateDate":"2016-01-14T16:25:13.626Z"},{"date":"2008 FEB","value":"320.4","year":"2008","month":"February","quarter":"","sourceDataset":"CSDB","updateDate":"2016-01-14T16:25:13.626Z"},{"date":"2008 MAR","value":"321.7","year":"2008","month":"March","quarter":"","sourceDataset":"CSDB","updateDate":"2016-01-14T16:25:13.626Z"},{"date":"2008 APR","value":"322.7","year":"2008","month":"April","quarter":"","sourceDataset":"CSDB","updateDate":"2016-01-14T16:25:13.626Z"},{"date":"2008 MAY","value":"324.5","year":"2008","month":"May","quarter":"","sourceDataset":"CSDB","updateDate":"2016-01-14T16:25:13.626Z"},{"date":"2008 JUN","value":"326.2","year":"2008","month":"June","quarter":"","sourceDataset":"CSDB","updateDate":"2016-01-14T16:25:13.626Z"},{"date":"2008 JUL","value":"327.6","year":"2008","month":"July","quarter":"","sourceDataset":"CSDB","updateDate":"2016-01-14T16:25:13.626Z"},{"date":"2008 AUG","value":"329.3","year":"2008","month":"August","quarter":"","sourceDataset":"CSDB","updateDate":"2016-01-14T16:25:13.626Z"},{"date":"2008 SEP","value":"331.5","year":"2008","month":"September","quarter":"","sourceDataset":"CSDB","updateDate":"2016-01-14T16:25:13.626Z"},{"date":"2008 OCT","value":"333.6","year":"2008","month":"October","quarter":"","sourceDataset":"CSDB","updateDate":"2016-01-14T16:25:13.626Z"},{"date":"2008 NOV","value":"335.0","year":"2008","month":"November","quarter":"","sourceDataset":"CSDB","updateDate":"2016-01-14T16:25:13.626Z"},{"date":"2008 DEC","value":"334.1","year":"2008","month":"December","quarter":"","sourceDataset":"CSDB","updateDate":"2016-01-14T16:25:13.626Z"},{"date":"2009 JAN","value":"336.0","year":"2009","month":"January","quarter":"","sourceDataset":"CSDB","updateDate":"2016-01-14T16:25:13.626Z"},{"date":"2009 FEB","value":"336.1","year":"2009","month":"February","quarter":"","sourceDataset":"CSDB","updateDate":"2016-01-14T16:25:13.626Z"},{"date":"2009 MAR","value":"336.6","year":"2009","month":"March","quarter":"","sourceDataset":"CSDB","updateDate":"2016-01-14T16:25:13.626Z"},{"date":"2009 APR","value":"338.4","year":"2009","month":"April","quarter":"","sourceDataset":"CSDB","updateDate":"2016-01-14T16:25:13.626Z"},{"date":"2009 MAY","value":"339.6","year":"2009","month":"May","quarter":"","sourceDataset":"CSDB","updateDate":"2016-01-14T16:25:13.626Z"},{"date":"2009 JUN","value":"340.8","year":"2009","month":"June","quarter":"","sourceDataset":"CSDB","updateDate":"2016-01-14T16:25:13.626Z"},{"date":"2009 JUL","value":"341.7","year":"2009","month":"July","quarter":"","sourceDataset":"CSDB","updateDate":"2016-01-14T16:25:13.626Z"},{"date":"2009 AUG","value":"342.9","year":"2009","month":"August","quarter":"","sourceDataset":"CSDB","updateDate":"2016-01-14T16:25:13.626Z"},{"date":"2009 SEP","value":"343.6","year":"2009","month":"September","quarter":"","sourceDataset":"CSDB","updateDate":"2016-01-14T16:25:13.626Z"},{"date":"2009 OCT","value":"343.9","year":"2009","month":"October","quarter":"","sourceDataset":"CSDB","updateDate":"2016-01-14T16:25:13.626Z"},{"date":"2009 NOV","value":"343.9","year":"2009","month":"November","quarter":"","sourceDataset":"CSDB","updateDate":"2016-01-14T16:25:13.626Z"},{"date":"2009 DEC","value":"344.1","year":"2009","month":"December","quarter":"","sourceDataset":"CSDB","updateDate":"2016-01-14T16:25:13.626Z"},{"date":"2010 JAN","value":"352.5","year":"2010","month":"January","quarter":"","sourceDataset":"CSDB","updateDate":"2016-01-14T16:25:13.626Z"},{"date":"2010 FEB","value":"352.2","year":"2010","month":"February","quarter":"","sourceDataset":"CSDB","updateDate":"2016-01-14T16:25:13.626Z"},{"date":"2010 MAR","value":"353.0","year":"2010","month":"March","quarter":"","sourceDataset":"CSDB","updateDate":"2016-01-14T16:25:13.626Z"},{"date":"2010 APR","value":"354.8","year":"2010","month":"April","quarter":"","sourceDataset":"CSDB","updateDate":"2016-01-14T16:25:13.626Z"},{"date":"2010 MAY","value":"355.5","year":"2010","month":"May","quarter":"","sourceDataset":"CSDB","updateDate":"2016-01-14T16:25:13.626Z"},{"date":"2010 JUN","value":"356.0","year":"2010","month":"June","quarter":"","sourceDataset":"CSDB","updateDate":"2016-01-14T16:25:13.626Z"},{"date":"2010 JUL","value":"357.1","year":"2010","month":"July","quarter":"","sourceDataset":"CSDB","updateDate":"2016-01-14T16:25:13.626Z"},{"date":"2010 AUG","value":"358.8","year":"2010","month":"August","quarter":"","sourceDataset":"CSDB","updateDate":"2016-01-14T16:25:13.626Z"},{"date":"2010 SEP","value":"359.4","year":"2010","month":"September","quarter":"","sourceDataset":"CSDB","updateDate":"2016-01-14T16:25:13.626Z"},{"date":"2010 OCT","value":"359.7","year":"2010","month":"October","quarter":"","sourceDataset":"CSDB","updateDate":"2016-01-14T16:25:13.626Z"},{"date":"2010 NOV","value":"360.1","year":"2010","month":"November","quarter":"","sourceDataset":"CSDB","updateDate":"2016-01-14T16:25:13.626Z"},{"date":"2010 DEC","value":"360.2","year":"2010","month":"December","quarter":"","sourceDataset":"CSDB","updateDate":"2016-01-14T16:25:13.626Z"},{"date":"2011 JAN","value":"370.5","year":"2011","month":"January","quarter":"","sourceDataset":"CSDB","updateDate":"2016-01-14T16:25:13.626Z"},{"date":"2011 FEB","value":"371.1","year":"2011","month":"February","quarter":"","sourceDataset":"CSDB","updateDate":"2016-01-14T16:25:13.626Z"},{"date":"2011 MAR","value":"371.5","year":"2011","month":"March","quarter":"","sourceDataset":"CSDB","updateDate":"2016-01-14T16:25:13.626Z"},{"date":"2011 APR","value":"372.0","year":"2011","month":"April","quarter":"","sourceDataset":"CSDB","updateDate":"2016-01-14T16:25:13.626Z"},{"date":"2011 MAY","value":"372.9","year":"2011","month":"May","quarter":"","sourceDataset":"CSDB","updateDate":"2016-01-14T16:25:13.626Z"},{"date":"2011 JUN","value":"374.2","year":"2011","month":"June","quarter":"","sourceDataset":"CSDB","updateDate":"2016-01-14T16:25:13.626Z"},{"date":"2011 JUL","value":"375.3","year":"2011","month":"July","quarter":"","sourceDataset":"CSDB","updateDate":"2016-01-14T16:25:13.626Z"},{"date":"2011 AUG","value":"376.6","year":"2011","month":"August","quarter":"","sourceDataset":"CSDB","updateDate":"2016-01-14T16:25:13.626Z"},{"date":"2011 SEP","value":"376.8","year":"2011","month":"September","quarter":"","sourceDataset":"CSDB","updateDate":"2016-01-14T16:25:13.626Z"},{"date":"2011 OCT","value":"376.6","year":"2011","month":"October","quarter":"","sourceDataset":"CSDB","updateDate":"2016-01-14T16:25:13.626Z"},{"date":"2011 NOV","value":"377.0","year":"2011","month":"November","quarter":"","sourceDataset":"CSDB","updateDate":"2016-01-14T16:25:13.626Z"},{"date":"2011 DEC","value":"376.5","year":"2011","month":"December","quarter":"","sourceDataset":"CSDB","updateDate":"2016-01-14T16:25:13.626Z"},{"date":"2012 JAN","value":"377.2","year":"2012","month":"January","quarter":"","sourceDataset":"CSDB","updateDate":"2016-01-14T16:25:13.626Z"},{"date":"2012 FEB","value":"377.6","year":"2012","month":"February","quarter":"","sourceDataset":"CSDB","updateDate":"2016-01-14T16:25:13.626Z"},{"date":"2012 MAR","value":"378.2","year":"2012","month":"March","quarter":"","sourceDataset":"CSDB","updateDate":"2016-01-14T16:25:13.626Z"},{"date":"2012 APR","value":"379.8","year":"2012","month":"April","quarter":"","sourceDataset":"CSDB","updateDate":"2016-01-14T16:25:13.626Z"},{"date":"2012 MAY","value":"380.8","year":"2012","month":"May","quarter":"","sourceDataset":"CSDB","updateDate":"2016-01-14T16:25:13.626Z"},{"date":"2012 JUN","value":"381.6","year":"2012","month":"June","quarter":"","sourceDataset":"CSDB","updateDate":"2016-01-14T16:25:13.626Z"},{"date":"2012 JUL","value":"382.4","year":"2012","month":"July","quarter":"","sourceDataset":"CSDB","updateDate":"2016-01-14T16:25:13.626Z"},{"date":"2012 AUG","value":"382.3","year":"2012","month":"August","quarter":"","sourceDataset":"CSDB","updateDate":"2016-01-14T16:25:13.626Z"},{"date":"2012 SEP","value":"383.4","year":"2012","month":"September","quarter":"","sourceDataset":"CSDB","updateDate":"2016-01-14T16:25:13.626Z"},{"date":"2012 OCT","value":"383.3","year":"2012","month":"October","quarter":"","sourceDataset":"CSDB","updateDate":"2016-01-14T16:25:13.626Z"},{"date":"2012 NOV","value":"383.3","year":"2012","month":"November","quarter":"","sourceDataset":"CSDB","updateDate":"2016-01-14T16:25:13.626Z"},{"date":"2012 DEC","value":"383.7","year":"2012","month":"December","quarter":"","sourceDataset":"CSDB","updateDate":"2016-01-14T16:25:13.626Z"},{"date":"2013 JAN","value":"386.3","year":"2013","month":"January","quarter":"","sourceDataset":"CSDB","updateDate":"2016-01-14T16:25:13.626Z"},{"date":"2013 FEB","value":"386.5","year":"2013","month":"February","quarter":"","sourceDataset":"CSDB","updateDate":"2016-01-14T16:25:13.626Z"},{"date":"2013 MAR","value":"388.1","year":"2013","month":"March","quarter":"","sourceDataset":"CSDB","updateDate":"2016-01-14T16:25:13.626Z"},{"date":"2013 APR","value":"389.2","year":"2013","month":"April","quarter":"","sourceDataset":"CSDB","updateDate":"2016-01-14T16:25:13.626Z"},{"date":"2013 MAY","value":"389.8","year":"2013","month":"May","quarter":"","sourceDataset":"CSDB","updateDate":"2016-01-14T16:25:13.626Z"},{"date":"2013 JUN","value":"390.5","year":"2013","month":"June","quarter":"","sourceDataset":"CSDB","updateDate":"2016-01-14T16:25:13.626Z"},{"date":"2013 JUL","value":"389.8","year":"2013","month":"July","quarter":"","sourceDataset":"CSDB","updateDate":"2016-01-14T16:25:13.626Z"},{"date":"2013 AUG","value":"390.6","year":"2013","month":"August","quarter":"","sourceDataset":"CSDB","updateDate":"2016-01-14T16:25:13.626Z"},{"date":"2013 SEP","value":"392.5","year":"2013","month":"September","quarter":"","sourceDataset":"CSDB","updateDate":"2016-01-14T16:25:13.626Z"},{"date":"2013 OCT","value":"393.6","year":"2013","month":"October","quarter":"","sourceDataset":"CSDB","updateDate":"2016-01-14T16:25:13.626Z"},{"date":"2013 NOV","value":"394.1","year":"2013","month":"November","quarter":"","sourceDataset":"CSDB","updateDate":"2016-01-14T16:25:13.626Z"},{"date":"2013 DEC","value":"394.3","year":"2013","month":"December","quarter":"","sourceDataset":"CSDB","updateDate":"2016-01-14T16:25:13.626Z"},{"date":"2014 JAN","value":"399.0","year":"2014","month":"January","quarter":"","sourceDataset":"CSDB","updateDate":"2016-01-14T16:25:13.626Z"},{"date":"2014 FEB","value":"399.2","year":"2014","month":"February","quarter":"","sourceDataset":"CSDB","updateDate":"2016-01-14T16:25:13.626Z"},{"date":"2014 MAR","value":"399.0","year":"2014","month":"March","quarter":"","sourceDataset":"CSDB","updateDate":"2016-01-14T16:25:13.626Z"},{"date":"2014 APR","value":"399.1","year":"2014","month":"April","quarter":"","sourceDataset":"CSDB","updateDate":"2016-01-14T16:25:13.626Z"},{"date":"2014 MAY","value":"399.8","year":"2014","month":"May","quarter":"","sourceDataset":"CSDB","updateDate":"2016-01-14T16:25:13.626Z"},{"date":"2014 JUN","value":"400.7","year":"2014","month":"June","quarter":"","sourceDataset":"CSDB","updateDate":"2016-01-14T16:25:13.626Z"},{"date":"2014 JUL","value":"400.7","year":"2014","month":"July","quarter":"","sourceDataset":"CSDB","updateDate":"2016-01-14T16:25:13.626Z"},{"date":"2014 AUG","value":"402.3","year":"2014","month":"August","quarter":"","sourceDataset":"CSDB","updateDate":"2016-01-14T16:25:13.626Z"},{"date":"2014 SEP","value":"401.4","year":"2014","month":"September","quarter":"","sourceDataset":"CSDB","updateDate":"2016-01-14T16:25:13.626Z"},{"date":"2014 OCT","value":"402.6","year":"2014","month":"October","quarter":"","sourceDataset":"CSDB","updateDate":"2016-01-14T16:25:13.626Z"},{"date":"2014 NOV","value":"402.9","year":"2014","month":"November","quarter":"","sourceDataset":"CSDB","updateDate":"2016-01-14T16:25:13.626Z"},{"date":"2014 DEC","value":"403.1","year":"2014","month":"December","quarter":"","sourceDataset":"CSDB","updateDate":"2016-01-14T16:25:13.626Z"},{"date":"2015 JAN","value":"405.1","year":"2015","month":"January","quarter":"","sourceDataset":"CSDB","updateDate":"2016-01-14T16:25:13.626Z"},{"date":"2015 FEB","value":"406.0","year":"2015","month":"February","quarter":"","sourceDataset":"CSDB","updateDate":"2016-01-14T16:25:13.626Z"},{"date":"2015 MAR","value":"406.4","year":"2015","month":"March","quarter":"","sourceDataset":"CSDB","updateDate":"2016-01-14T16:25:13.626Z"},{"date":"2015 APR","value":"407.1","year":"2015","month":"April","quarter":"","sourceDataset":"CSDB","updateDate":"2016-01-14T16:25:13.626Z"},{"date":"2015 MAY","value":"408.1","year":"2015","month":"May","quarter":"","sourceDataset":"CSDB","updateDate":"2016-01-14T16:25:13.626Z"},{"date":"2015 JUN","value":"408.6","year":"2015","month":"June","quarter":"","sourceDataset":"CSDB","updateDate":"2016-01-14T16:25:13.626Z"},{"date":"2015 JUL","value":"409.1","year":"2015","month":"July","quarter":"","sourceDataset":"CSDB","updateDate":"2016-01-14T16:25:13.626Z"},{"date":"2015 AUG","value":"409.2","year":"2015","month":"August","quarter":"","sourceDataset":"CSDB","updateDate":"2016-01-22T20:07:44.846Z"}],"sourceDatasets":["CSDB"],"relatedDatasets":[{"uri":"/businessindustryandtrade/changestobusiness/bankruptcyinsolvency/datasets/carlsxmasrelease/2015"},{"uri":"/businessindustryandtrade/changestobusiness/bankruptcyinsolvency/datasets/wahasaqewqeqwe/2015"},{"uri":"/businessindustryandtrade/changestobusiness/bankruptcyinsolvency/datasets/releaseisreleaseygyug/2015"},{"uri":"/businessindustryandtrade/changestobusiness/bankruptcyinsolvency/datasets/releaseisreleaseadffd/2015"},{"uri":"/businessindustryandtrade/changestobusiness/bankruptcyinsolvency/datasets/pageunencrypted/2015"}],"relatedDocuments":[],"versions":[{"uri":"/businessindustryandtrade/changestobusiness/bankruptcyinsolvency/timeseries/doct/previous/v1","updateDate":"2016-01-26T00:00:00.000Z","correctionNotice":"","label":"v1"}],"type":"timeseries","description":{"title":"RPI: motoring expenditure: maintenance of motor vehicles (Jan 1987\u003d100) ","contact":{"email":"","name":"","telephone":""},"releaseDate":"2016-01-28T00:00:00.000Z","nextRelease":"","cdid":"DOCT","unit":"","preUnit":"","source":"","seasonalAdjustment":"NSA","date":"2015 AUG","number":"409.2"}}