{"years":[{"date":"1987","value":"4465","year":"1987","month":"","quarter":"","sourceDataset":"CSDB2","updateDate":"2016-01-27T15:25:45.847Z"},{"date":"1988","value":"-3817","year":"1988","month":"","quarter":"","sourceDataset":"CSDB2","updateDate":"2016-01-27T15:25:45.847Z"},{"date":"1989","value":"-16891","year":"1989","month":"","quarter":"","sourceDataset":"CSDB2","updateDate":"2016-01-27T15:25:45.847Z"},{"date":"1990","value":"-18499","year":"1990","month":"","quarter":"","sourceDataset":"CSDB2","updateDate":"2016-01-27T15:25:45.847Z"},{"date":"1991","value":"-7805","year":"1991","month":"","quarter":"","sourceDataset":"CSDB2","updateDate":"2016-01-27T15:25:45.847Z"},{"date":"1992","value":"-4378","year":"1992","month":"","quarter":"","sourceDataset":"CSDB2","updateDate":"2016-01-27T15:25:45.847Z"},{"date":"1993","value":"5892","year":"1993","month":"","quarter":"","sourceDataset":"CSDB2","updateDate":"2016-01-27T15:25:45.847Z"},{"date":"1994","value":"16390","year":"1994","month":"","quarter":"","sourceDataset":"CSDB2","updateDate":"2016-01-27T15:25:45.847Z"},{"date":"1995","value":"5042","year":"1995","month":"","quarter":"","sourceDataset":"CSDB2","updateDate":"2016-01-27T15:25:45.847Z"},{"date":"1996","value":"5379","year":"1996","month":"","quarter":"","sourceDataset":"CSDB2","updateDate":"2016-01-27T15:25:45.847Z"},{"date":"1997","value":"5655","year":"1997","month":"","quarter":"","sourceDataset":"CSDB2","updateDate":"2016-01-27T15:25:45.847Z"},{"date":"1998","value":"-1503","year":"1998","month":"","quarter":"","sourceDataset":"CSDB2","updateDate":"2016-01-27T15:25:45.847Z"},{"date":"1999","value":"-5954","year":"1999","month":"","quarter":"","sourceDataset":"CSDB2","updateDate":"2016-01-27T15:25:45.847Z"},{"date":"2000","value":"-5501","year":"2000","month":"","quarter":"","sourceDataset":"CSDB2","updateDate":"2016-01-27T15:25:45.847Z"},{"date":"2001","value":"-8548","year":"2001","month":"","quarter":"","sourceDataset":"CSDB2","updateDate":"2016-01-27T15:25:45.847Z"},{"date":"2002","value":"16739","year":"2002","month":"","quarter":"","sourceDataset":"CSDB2","updateDate":"2016-01-27T15:25:45.847Z"},{"date":"2003","value":"29733","year":"2003","month":"","quarter":"","sourceDataset":"CSDB2","updateDate":"2016-01-27T15:25:45.847Z"},{"date":"2004","value":"39910","year":"2004","month":"","quarter":"","sourceDataset":"CSDB2","updateDate":"2016-01-27T15:25:45.847Z"},{"date":"2005","value":"45372","year":"2005","month":"","quarter":"","sourceDataset":"CSDB2","updateDate":"2016-01-27T15:25:45.847Z"},{"date":"2006","value":"30425","year":"2006","month":"","quarter":"","sourceDataset":"CSDB2","updateDate":"2016-01-27T15:25:45.847Z"},{"date":"2007","value":"24592","year":"2007","month":"","quarter":"","sourceDataset":"CSDB2","updateDate":"2016-01-27T15:25:45.847Z"},{"date":"2008","value":"38839","year":"2008","month":"","quarter":"","sourceDataset":"CSDB2","updateDate":"2016-01-27T15:25:45.847Z"},{"date":"2009","value":"56257","year":"2009","month":"","quarter":"","sourceDataset":"CSDB2","updateDate":"2016-01-27T15:25:45.847Z"},{"date":"2010","value":"54997","year":"2010","month":"","quarter":"","sourceDataset":"CSDB2","updateDate":"2016-01-27T15:25:45.847Z"},{"date":"2011","value":"69638","year":"2011","month":"","quarter":"","sourceDataset":"CSDB2","updateDate":"2016-01-27T15:25:45.847Z"},{"date":"2012","value":"39567","year":"2012","month":"","quarter":"","sourceDataset":"CSDB2","updateDate":"2016-01-27T15:25:45.847Z"},{"date":"2013","value":"23829","year":"2013","month":"","quarter":"","sourceDataset":"CSDB2","updateDate":"2016-01-27T15:25:45.847Z"},{"date":"2014","value":"28624","year":"2014","month":"","quarter":"","sourceDataset":"CSDB2","updateDate":"2016-01-27T15:25:45.847Z"}],"quarters":[{"date":"1987 Q1","value":"-234","year":"1987","month":"","quarter":"Q1","sourceDataset":"CSDB2","updateDate":"2016-01-27T15:25:45.847Z"},{"date":"1987 Q2","value":"2031","year":"1987","month":"","quarter":"Q2","sourceDataset":"CSDB2","updateDate":"2016-01-27T15:25:45.847Z"},{"date":"1987 Q3","value":"1847","year":"1987","month":"","quarter":"Q3","sourceDataset":"CSDB2","updateDate":"2016-01-27T15:25:45.847Z"},{"date":"1987 Q4","value":"821","year":"1987","month":"","quarter":"Q4","sourceDataset":"CSDB2","updateDate":"2016-01-27T15:25:45.847Z"},{"date":"1988 Q1","value":"-2716","year":"1988","month":"","quarter":"Q1","sourceDataset":"CSDB2","updateDate":"2016-01-27T15:25:45.847Z"},{"date":"1988 Q2","value":"-496","year":"1988","month":"","quarter":"Q2","sourceDataset":"CSDB2","updateDate":"2016-01-27T15:25:45.847Z"},{"date":"1988 Q3","value":"1158","year":"1988","month":"","quarter":"Q3","sourceDataset":"CSDB2","updateDate":"2016-01-27T15:25:45.847Z"},{"date":"1988 Q4","value":"-1763","year":"1988","month":"","quarter":"Q4","sourceDataset":"CSDB2","updateDate":"2016-01-27T15:25:45.847Z"},{"date":"1989 Q1","value":"-6153","year":"1989","month":"","quarter":"Q1","sourceDataset":"CSDB2","updateDate":"2016-01-27T15:25:45.847Z"},{"date":"1989 Q2","value":"-2621","year":"1989","month":"","quarter":"Q2","sourceDataset":"CSDB2","updateDate":"2016-01-27T15:25:45.847Z"},{"date":"1989 Q3","value":"-4128","year":"1989","month":"","quarter":"Q3","sourceDataset":"CSDB2","updateDate":"2016-01-27T15:25:45.847Z"},{"date":"1989 Q4","value":"-3989","year":"1989","month":"","quarter":"Q4","sourceDataset":"CSDB2","updateDate":"2016-01-27T15:25:45.847Z"},{"date":"1990 Q1","value":"-9163","year":"1990","month":"","quarter":"Q1","sourceDataset":"CSDB2","updateDate":"2016-01-27T15:25:45.847Z"},{"date":"1990 Q2","value":"-2979","year":"1990","month":"","quarter":"Q2","sourceDataset":"CSDB2","updateDate":"2016-01-27T15:25:45.847Z"},{"date":"1990 Q3","value":"-4010","year":"1990","month":"","quarter":"Q3","sourceDataset":"CSDB2","updateDate":"2016-01-27T15:25:45.847Z"},{"date":"1990 Q4","value":"-2347","year":"1990","month":"","quarter":"Q4","sourceDataset":"CSDB2","updateDate":"2016-01-27T15:25:45.847Z"},{"date":"1991 Q1","value":"-7881","year":"1991","month":"","quarter":"Q1","sourceDataset":"CSDB2","updateDate":"2016-01-27T15:25:45.847Z"},{"date":"1991 Q2","value":"600","year":"1991","month":"","quarter":"Q2","sourceDataset":"CSDB2","updateDate":"2016-01-27T15:25:45.847Z"},{"date":"1991 Q3","value":"-2174","year":"1991","month":"","quarter":"Q3","sourceDataset":"CSDB2","updateDate":"2016-01-27T15:25:45.847Z"},{"date":"1991 Q4","value":"1650","year":"1991","month":"","quarter":"Q4","sourceDataset":"CSDB2","updateDate":"2016-01-27T15:25:45.847Z"},{"date":"1992 Q1","value":"-7280","year":"1992","month":"","quarter":"Q1","sourceDataset":"CSDB2","updateDate":"2016-01-27T15:25:45.847Z"},{"date":"1992 Q2","value":"1055","year":"1992","month":"","quarter":"Q2","sourceDataset":"CSDB2","updateDate":"2016-01-27T15:25:45.847Z"},{"date":"1992 Q3","value":"-72","year":"1992","month":"","quarter":"Q3","sourceDataset":"CSDB2","updateDate":"2016-01-27T15:25:45.847Z"},{"date":"1992 Q4","value":"1919","year":"1992","month":"","quarter":"Q4","sourceDataset":"CSDB2","updateDate":"2016-01-27T15:25:45.847Z"},{"date":"1993 Q1","value":"-2020","year":"1993","month":"","quarter":"Q1","sourceDataset":"CSDB2","updateDate":"2016-01-27T15:25:45.847Z"},{"date":"1993 Q2","value":"1891","year":"1993","month":"","quarter":"Q2","sourceDataset":"CSDB2","updateDate":"2016-01-27T15:25:45.847Z"},{"date":"1993 Q3","value":"1932","year":"1993","month":"","quarter":"Q3","sourceDataset":"CSDB2","updateDate":"2016-01-27T15:25:45.847Z"},{"date":"1993 Q4","value":"4089","year":"1993","month":"","quarter":"Q4","sourceDataset":"CSDB2","updateDate":"2016-01-27T15:25:45.847Z"},{"date":"1994 Q1","value":"3541","year":"1994","month":"","quarter":"Q1","sourceDataset":"CSDB2","updateDate":"2016-01-27T15:25:45.847Z"},{"date":"1994 Q2","value":"4837","year":"1994","month":"","quarter":"Q2","sourceDataset":"CSDB2","updateDate":"2016-01-27T15:25:45.847Z"},{"date":"1994 Q3","value":"3230","year":"1994","month":"","quarter":"Q3","sourceDataset":"CSDB2","updateDate":"2016-01-27T15:25:45.847Z"},{"date":"1994 Q4","value":"4782","year":"1994","month":"","quarter":"Q4","sourceDataset":"CSDB2","updateDate":"2016-01-27T15:25:45.847Z"},{"date":"1995 Q1","value":"1435","year":"1995","month":"","quarter":"Q1","sourceDataset":"CSDB2","updateDate":"2016-01-27T15:25:45.847Z"},{"date":"1995 Q2","value":"1972","year":"1995","month":"","quarter":"Q2","sourceDataset":"CSDB2","updateDate":"2016-01-27T15:25:45.847Z"},{"date":"1995 Q3","value":"1300","year":"1995","month":"","quarter":"Q3","sourceDataset":"CSDB2","updateDate":"2016-01-27T15:25:45.847Z"},{"date":"1995 Q4","value":"335","year":"1995","month":"","quarter":"Q4","sourceDataset":"CSDB2","updateDate":"2016-01-27T15:25:45.847Z"},{"date":"1996 Q1","value":"-644","year":"1996","month":"","quarter":"Q1","sourceDataset":"CSDB2","updateDate":"2016-01-27T15:25:45.847Z"},{"date":"1996 Q2","value":"4446","year":"1996","month":"","quarter":"Q2","sourceDataset":"CSDB2","updateDate":"2016-01-27T15:25:45.847Z"},{"date":"1996 Q3","value":"1761","year":"1996","month":"","quarter":"Q3","sourceDataset":"CSDB2","updateDate":"2016-01-27T15:25:45.847Z"},{"date":"1996 Q4","value":"-184","year":"1996","month":"","quarter":"Q4","sourceDataset":"CSDB2","updateDate":"2016-01-27T15:25:45.847Z"},{"date":"1997 Q1","value":"1221","year":"1997","month":"","quarter":"Q1","sourceDataset":"CSDB2","updateDate":"2016-01-27T15:25:45.847Z"},{"date":"1997 Q2","value":"3001","year":"1997","month":"","quarter":"Q2","sourceDataset":"CSDB2","updateDate":"2016-01-27T15:25:45.847Z"},{"date":"1997 Q3","value":"3261","year":"1997","month":"","quarter":"Q3","sourceDataset":"CSDB2","updateDate":"2016-01-27T15:25:45.847Z"},{"date":"1997 Q4","value":"-1828","year":"1997","month":"","quarter":"Q4","sourceDataset":"CSDB2","updateDate":"2016-01-27T15:25:45.847Z"},{"date":"1998 Q1","value":"-3765","year":"1998","month":"","quarter":"Q1","sourceDataset":"CSDB2","updateDate":"2016-01-27T15:25:45.847Z"},{"date":"1998 Q2","value":"3243","year":"1998","month":"","quarter":"Q2","sourceDataset":"CSDB2","updateDate":"2016-01-27T15:25:45.847Z"},{"date":"1998 Q3","value":"1505","year":"1998","month":"","quarter":"Q3","sourceDataset":"CSDB2","updateDate":"2016-01-27T15:25:45.847Z"},{"date":"1998 Q4","value":"-2486","year":"1998","month":"","quarter":"Q4","sourceDataset":"CSDB2","updateDate":"2016-01-27T15:25:45.847Z"},{"date":"1999 Q1","value":"3535","year":"1999","month":"","quarter":"Q1","sourceDataset":"CSDB2","updateDate":"2016-01-27T15:25:45.847Z"},{"date":"1999 Q2","value":"-4815","year":"1999","month":"","quarter":"Q2","sourceDataset":"CSDB2","updateDate":"2016-01-27T15:25:45.847Z"},{"date":"1999 Q3","value":"-1158","year":"1999","month":"","quarter":"Q3","sourceDataset":"CSDB2","updateDate":"2016-01-27T15:25:45.847Z"},{"date":"1999 Q4","value":"-3516","year":"1999","month":"","quarter":"Q4","sourceDataset":"CSDB2","updateDate":"2016-01-27T15:25:45.847Z"},{"date":"2000 Q1","value":"-2968","year":"2000","month":"","quarter":"Q1","sourceDataset":"CSDB2","updateDate":"2016-01-27T15:25:45.847Z"},{"date":"2000 Q2","value":"-1288","year":"2000","month":"","quarter":"Q2","sourceDataset":"CSDB2","updateDate":"2016-01-27T15:25:45.847Z"},{"date":"2000 Q3","value":"923","year":"2000","month":"","quarter":"Q3","sourceDataset":"CSDB2","updateDate":"2016-01-27T15:25:45.847Z"},{"date":"2000 Q4","value":"-2168","year":"2000","month":"","quarter":"Q4","sourceDataset":"CSDB2","updateDate":"2016-01-27T15:25:45.847Z"},{"date":"2001 Q1","value":"-5156","year":"2001","month":"","quarter":"Q1","sourceDataset":"CSDB2","updateDate":"2016-01-27T15:25:45.847Z"},{"date":"2001 Q2","value":"-1909","year":"2001","month":"","quarter":"Q2","sourceDataset":"CSDB2","updateDate":"2016-01-27T15:25:45.847Z"},{"date":"2001 Q3","value":"-1352","year":"2001","month":"","quarter":"Q3","sourceDataset":"CSDB2","updateDate":"2016-01-27T15:25:45.847Z"},{"date":"2001 Q4","value":"-131","year":"2001","month":"","quarter":"Q4","sourceDataset":"CSDB2","updateDate":"2016-01-27T15:25:45.847Z"},{"date":"2002 Q1","value":"3313","year":"2002","month":"","quarter":"Q1","sourceDataset":"CSDB2","updateDate":"2016-01-27T15:25:45.847Z"},{"date":"2002 Q2","value":"1595","year":"2002","month":"","quarter":"Q2","sourceDataset":"CSDB2","updateDate":"2016-01-27T15:25:45.847Z"},{"date":"2002 Q3","value":"2665","year":"2002","month":"","quarter":"Q3","sourceDataset":"CSDB2","updateDate":"2016-01-27T15:25:45.847Z"},{"date":"2002 Q4","value":"9166","year":"2002","month":"","quarter":"Q4","sourceDataset":"CSDB2","updateDate":"2016-01-27T15:25:45.847Z"},{"date":"2003 Q1","value":"3237","year":"2003","month":"","quarter":"Q1","sourceDataset":"CSDB2","updateDate":"2016-01-27T15:25:45.847Z"},{"date":"2003 Q2","value":"8525","year":"2003","month":"","quarter":"Q2","sourceDataset":"CSDB2","updateDate":"2016-01-27T15:25:45.847Z"},{"date":"2003 Q3","value":"7777","year":"2003","month":"","quarter":"Q3","sourceDataset":"CSDB2","updateDate":"2016-01-27T15:25:45.847Z"},{"date":"2003 Q4","value":"10194","year":"2003","month":"","quarter":"Q4","sourceDataset":"CSDB2","updateDate":"2016-01-27T15:25:45.847Z"},{"date":"2004 Q1","value":"10122","year":"2004","month":"","quarter":"Q1","sourceDataset":"CSDB2","updateDate":"2016-01-27T15:25:45.847Z"},{"date":"2004 Q2","value":"12289","year":"2004","month":"","quarter":"Q2","sourceDataset":"CSDB2","updateDate":"2016-01-27T15:25:45.847Z"},{"date":"2004 Q3","value":"2294","year":"2004","month":"","quarter":"Q3","sourceDataset":"CSDB2","updateDate":"2016-01-27T15:25:45.847Z"},{"date":"2004 Q4","value":"15205","year":"2004","month":"","quarter":"Q4","sourceDataset":"CSDB2","updateDate":"2016-01-27T15:25:45.847Z"},{"date":"2005 Q1","value":"11427","year":"2005","month":"","quarter":"Q1","sourceDataset":"CSDB2","updateDate":"2016-01-27T15:25:45.847Z"},{"date":"2005 Q2","value":"15497","year":"2005","month":"","quarter":"Q2","sourceDataset":"CSDB2","updateDate":"2016-01-27T15:25:45.847Z"},{"date":"2005 Q3","value":"6714","year":"2005","month":"","quarter":"Q3","sourceDataset":"CSDB2","updateDate":"2016-01-27T15:25:45.847Z"},{"date":"2005 Q4","value":"11734","year":"2005","month":"","quarter":"Q4","sourceDataset":"CSDB2","updateDate":"2016-01-27T15:25:45.847Z"},{"date":"2006 Q1","value":"9042","year":"2006","month":"","quarter":"Q1","sourceDataset":"CSDB2","updateDate":"2016-01-27T15:25:45.847Z"},{"date":"2006 Q2","value":"11237","year":"2006","month":"","quarter":"Q2","sourceDataset":"CSDB2","updateDate":"2016-01-27T15:25:45.847Z"},{"date":"2006 Q3","value":"3620","year":"2006","month":"","quarter":"Q3","sourceDataset":"CSDB2","updateDate":"2016-01-27T15:25:45.847Z"},{"date":"2006 Q4","value":"6526","year":"2006","month":"","quarter":"Q4","sourceDataset":"CSDB2","updateDate":"2016-01-27T15:25:45.847Z"},{"date":"2007 Q1","value":"5849","year":"2007","month":"","quarter":"Q1","sourceDataset":"CSDB2","updateDate":"2016-01-27T15:25:45.847Z"},{"date":"2007 Q2","value":"6472","year":"2007","month":"","quarter":"Q2","sourceDataset":"CSDB2","updateDate":"2016-01-27T15:25:45.847Z"},{"date":"2007 Q3","value":"2006","year":"2007","month":"","quarter":"Q3","sourceDataset":"CSDB2","updateDate":"2016-01-27T15:25:45.847Z"},{"date":"2007 Q4","value":"10265","year":"2007","month":"","quarter":"Q4","sourceDataset":"CSDB2","updateDate":"2016-01-27T15:25:45.847Z"},{"date":"2008 Q1","value":"10100","year":"2008","month":"","quarter":"Q1","sourceDataset":"CSDB2","updateDate":"2016-01-27T15:25:45.847Z"},{"date":"2008 Q2","value":"14679","year":"2008","month":"","quarter":"Q2","sourceDataset":"CSDB2","updateDate":"2016-01-27T15:25:45.847Z"},{"date":"2008 Q3","value":"7660","year":"2008","month":"","quarter":"Q3","sourceDataset":"CSDB2","updateDate":"2016-01-27T15:25:45.847Z"},{"date":"2008 Q4","value":"6400","year":"2008","month":"","quarter":"Q4","sourceDataset":"CSDB2","updateDate":"2016-01-27T15:25:45.847Z"},{"date":"2009 Q1","value":"14229","year":"2009","month":"","quarter":"Q1","sourceDataset":"CSDB2","updateDate":"2016-01-27T15:25:45.847Z"},{"date":"2009 Q2","value":"13114","year":"2009","month":"","quarter":"Q2","sourceDataset":"CSDB2","updateDate":"2016-01-27T15:25:45.847Z"},{"date":"2009 Q3","value":"15261","year":"2009","month":"","quarter":"Q3","sourceDataset":"CSDB2","updateDate":"2016-01-27T15:25:45.847Z"},{"date":"2009 Q4","value":"13653","year":"2009","month":"","quarter":"Q4","sourceDataset":"CSDB2","updateDate":"2016-01-27T15:25:45.847Z"},{"date":"2010 Q1","value":"15023","year":"2010","month":"","quarter":"Q1","sourceDataset":"CSDB2","updateDate":"2016-01-27T15:25:45.847Z"},{"date":"2010 Q2","value":"15124","year":"2010","month":"","quarter":"Q2","sourceDataset":"CSDB2","updateDate":"2016-01-27T15:25:45.847Z"},{"date":"2010 Q3","value":"8017","year":"2010","month":"","quarter":"Q3","sourceDataset":"CSDB2","updateDate":"2016-01-27T15:25:45.847Z"},{"date":"2010 Q4","value":"16833","year":"2010","month":"","quarter":"Q4","sourceDataset":"CSDB2","updateDate":"2016-01-27T15:25:45.847Z"},{"date":"2011 Q1","value":"20309","year":"2011","month":"","quarter":"Q1","sourceDataset":"CSDB2","updateDate":"2016-01-27T15:25:45.847Z"},{"date":"2011 Q2","value":"21483","year":"2011","month":"","quarter":"Q2","sourceDataset":"CSDB2","updateDate":"2016-01-27T15:25:45.847Z"},{"date":"2011 Q3","value":"10549","year":"2011","month":"","quarter":"Q3","sourceDataset":"CSDB2","updateDate":"2016-01-27T15:25:45.847Z"},{"date":"2011 Q4","value":"17297","year":"2011","month":"","quarter":"Q4","sourceDataset":"CSDB2","updateDate":"2016-01-27T15:25:45.847Z"},{"date":"2012 Q1","value":"16478","year":"2012","month":"","quarter":"Q1","sourceDataset":"CSDB2","updateDate":"2016-01-27T15:25:45.847Z"},{"date":"2012 Q2","value":"10452","year":"2012","month":"","quarter":"Q2","sourceDataset":"CSDB2","updateDate":"2016-01-27T15:25:45.847Z"},{"date":"2012 Q3","value":"4726","year":"2012","month":"","quarter":"Q3","sourceDataset":"CSDB2","updateDate":"2016-01-27T15:25:45.847Z"},{"date":"2012 Q4","value":"7911","year":"2012","month":"","quarter":"Q4","sourceDataset":"CSDB2","updateDate":"2016-01-27T15:25:45.847Z"},{"date":"2013 Q1","value":"10838","year":"2013","month":"","quarter":"Q1","sourceDataset":"CSDB2","updateDate":"2016-01-27T15:25:45.847Z"},{"date":"2013 Q2","value":"6515","year":"2013","month":"","quarter":"Q2","sourceDataset":"CSDB2","updateDate":"2016-01-27T15:25:45.847Z"},{"date":"2013 Q3","value":"-2020","year":"2013","month":"","quarter":"Q3","sourceDataset":"CSDB2","updateDate":"2016-01-27T15:25:45.847Z"},{"date":"2013 Q4","value":"8496","year":"2013","month":"","quarter":"Q4","sourceDataset":"CSDB2","updateDate":"2016-01-27T15:25:45.847Z"},{"date":"2014 Q1","value":"13406","year":"2014","month":"","quarter":"Q1","sourceDataset":"CSDB2","updateDate":"2016-01-27T15:25:45.847Z"},{"date":"2014 Q2","value":"4887","year":"2014","month":"","quarter":"Q2","sourceDataset":"CSDB2","updateDate":"2016-01-27T15:25:45.847Z"},{"date":"2014 Q3","value":"2455","year":"2014","month":"","quarter":"Q3","sourceDataset":"CSDB2","updateDate":"2016-01-27T15:25:45.847Z"},{"date":"2014 Q4","value":"7876","year":"2014","month":"","quarter":"Q4","sourceDataset":"CSDB2","updateDate":"2016-01-27T15:25:45.847Z"},{"date":"2015 Q1","value":"9376","year":"2015","month":"","quarter":"Q1","sourceDataset":"CSDB2","updateDate":"2016-01-27T15:25:45.847Z"},{"date":"2015 Q2","value":"3672","year":"2015","month":"","quarter":"Q2","sourceDataset":"CSDB2","updateDate":"2016-01-27T15:25:45.847Z"},{"date":"2015 Q3","value":"8779","year":"2015","month":"","quarter":"Q3","sourceDataset":"CSDB2","updateDate":"2016-01-27T15:25:45.847Z"}],"months":[],"sourceDatasets":["CSDB2"],"relatedDatasets":[{"uri":"/economy/environmentalaccounts/datasets/asdasdasdasdsadqwdeqweqe/2046"}],"relatedDocuments":[],"type":"timeseries","description":{"title":"PNFC B9n Net lending (+) borrowing (-) £m cp nsa                        ","contact":{"email":"","name":"","telephone":""},"releaseDate":"2016-01-27T00:00:00.000Z","nextRelease":"","cdid":"DTAL","unit":"","preUnit":"","source":"","seasonalAdjustment":"NSA","date":"2015 Q3","number":"8779"}}