{"years":[{"date":"1987","value":"5523","year":"1987","month":"","quarter":"","sourceDataset":"CSDB10","updateDate":"2016-01-28T09:29:40.626Z"},{"date":"1988","value":"5450","year":"1988","month":"","quarter":"","sourceDataset":"CSDB10","updateDate":"2016-01-28T09:29:40.626Z"},{"date":"1989","value":"6454","year":"1989","month":"","quarter":"","sourceDataset":"CSDB10","updateDate":"2016-01-28T09:29:40.626Z"},{"date":"1990","value":"6995","year":"1990","month":"","quarter":"","sourceDataset":"CSDB10","updateDate":"2016-01-28T09:29:40.626Z"},{"date":"1991","value":"7654","year":"1991","month":"","quarter":"","sourceDataset":"CSDB10","updateDate":"2016-01-28T09:29:40.626Z"},{"date":"1992","value":"8677","year":"1992","month":"","quarter":"","sourceDataset":"CSDB10","updateDate":"2016-01-28T09:29:40.626Z"},{"date":"1993","value":"9173","year":"1993","month":"","quarter":"","sourceDataset":"CSDB10","updateDate":"2016-01-28T09:29:40.626Z"},{"date":"1994","value":"10039","year":"1994","month":"","quarter":"","sourceDataset":"CSDB10","updateDate":"2016-01-28T09:29:40.626Z"},{"date":"1995","value":"11192","year":"1995","month":"","quarter":"","sourceDataset":"CSDB10","updateDate":"2016-01-28T09:29:40.626Z"},{"date":"1996","value":"11328","year":"1996","month":"","quarter":"","sourceDataset":"CSDB10","updateDate":"2016-01-28T09:29:40.626Z"},{"date":"1997","value":"11044","year":"1997","month":"","quarter":"","sourceDataset":"CSDB10","updateDate":"2016-01-28T09:29:40.626Z"},{"date":"1998","value":"10492","year":"1998","month":"","quarter":"","sourceDataset":"CSDB10","updateDate":"2016-01-28T09:29:40.626Z"},{"date":"1999","value":"10322","year":"1999","month":"","quarter":"","sourceDataset":"CSDB10","updateDate":"2016-01-28T09:29:40.626Z"},{"date":"2000","value":"10198","year":"2000","month":"","quarter":"","sourceDataset":"CSDB10","updateDate":"2016-01-28T09:29:40.626Z"},{"date":"2001","value":"9985","year":"2001","month":"","quarter":"","sourceDataset":"CSDB10","updateDate":"2016-01-28T09:29:40.626Z"},{"date":"2002","value":"10311","year":"2002","month":"","quarter":"","sourceDataset":"CSDB10","updateDate":"2016-01-28T09:29:40.626Z"},{"date":"2003","value":"11175","year":"2003","month":"","quarter":"","sourceDataset":"CSDB10","updateDate":"2016-01-28T09:29:40.626Z"},{"date":"2004","value":"10877","year":"2004","month":"","quarter":"","sourceDataset":"CSDB10","updateDate":"2016-01-28T09:29:40.626Z"},{"date":"2005","value":"11062","year":"2005","month":"","quarter":"","sourceDataset":"CSDB10","updateDate":"2016-01-28T09:29:40.626Z"},{"date":"2006","value":"11076","year":"2006","month":"","quarter":"","sourceDataset":"CSDB10","updateDate":"2016-01-28T09:29:40.626Z"},{"date":"2007","value":"12179","year":"2007","month":"","quarter":"","sourceDataset":"CSDB10","updateDate":"2016-01-28T09:29:40.626Z"},{"date":"2008","value":"14135","year":"2008","month":"","quarter":"","sourceDataset":"CSDB10","updateDate":"2016-01-28T09:29:40.626Z"},{"date":"2009","value":"14864","year":"2009","month":"","quarter":"","sourceDataset":"CSDB10","updateDate":"2016-01-28T09:29:40.626Z"},{"date":"2010","value":"17598","year":"2010","month":"","quarter":"","sourceDataset":"CSDB10","updateDate":"2016-01-28T09:29:40.626Z"},{"date":"2011","value":"21120","year":"2011","month":"","quarter":"","sourceDataset":"CSDB10","updateDate":"2016-01-28T09:29:40.626Z"},{"date":"2012","value":"19033","year":"2012","month":"","quarter":"","sourceDataset":"CSDB10","updateDate":"2016-01-28T09:29:40.626Z"},{"date":"2013","value":"19709","year":"2013","month":"","quarter":"","sourceDataset":"CSDB10","updateDate":"2016-01-28T09:29:40.626Z"},{"date":"2014","value":"18737","year":"2014","month":"","quarter":"","sourceDataset":"CSDB10","updateDate":"2016-01-28T09:29:40.626Z"}],"quarters":[{"date":"1987 Q1","value":"1387","year":"1987","month":"","quarter":"Q1","sourceDataset":"CSDB10","updateDate":"2016-01-28T09:29:40.626Z"},{"date":"1987 Q2","value":"1245","year":"1987","month":"","quarter":"Q2","sourceDataset":"CSDB10","updateDate":"2016-01-28T09:29:40.626Z"},{"date":"1987 Q3","value":"1307","year":"1987","month":"","quarter":"Q3","sourceDataset":"CSDB10","updateDate":"2016-01-28T09:29:40.626Z"},{"date":"1987 Q4","value":"1584","year":"1987","month":"","quarter":"Q4","sourceDataset":"CSDB10","updateDate":"2016-01-28T09:29:40.626Z"},{"date":"1988 Q1","value":"1274","year":"1988","month":"","quarter":"Q1","sourceDataset":"CSDB10","updateDate":"2016-01-28T09:29:40.626Z"},{"date":"1988 Q2","value":"1301","year":"1988","month":"","quarter":"Q2","sourceDataset":"CSDB10","updateDate":"2016-01-28T09:29:40.626Z"},{"date":"1988 Q3","value":"1298","year":"1988","month":"","quarter":"Q3","sourceDataset":"CSDB10","updateDate":"2016-01-28T09:29:40.626Z"},{"date":"1988 Q4","value":"1577","year":"1988","month":"","quarter":"Q4","sourceDataset":"CSDB10","updateDate":"2016-01-28T09:29:40.626Z"},{"date":"1989 Q1","value":"1555","year":"1989","month":"","quarter":"Q1","sourceDataset":"CSDB10","updateDate":"2016-01-28T09:29:40.626Z"},{"date":"1989 Q2","value":"1493","year":"1989","month":"","quarter":"Q2","sourceDataset":"CSDB10","updateDate":"2016-01-28T09:29:40.626Z"},{"date":"1989 Q3","value":"1472","year":"1989","month":"","quarter":"Q3","sourceDataset":"CSDB10","updateDate":"2016-01-28T09:29:40.626Z"},{"date":"1989 Q4","value":"1934","year":"1989","month":"","quarter":"Q4","sourceDataset":"CSDB10","updateDate":"2016-01-28T09:29:40.626Z"},{"date":"1990 Q1","value":"1680","year":"1990","month":"","quarter":"Q1","sourceDataset":"CSDB10","updateDate":"2016-01-28T09:29:40.626Z"},{"date":"1990 Q2","value":"1614","year":"1990","month":"","quarter":"Q2","sourceDataset":"CSDB10","updateDate":"2016-01-28T09:29:40.626Z"},{"date":"1990 Q3","value":"1638","year":"1990","month":"","quarter":"Q3","sourceDataset":"CSDB10","updateDate":"2016-01-28T09:29:40.626Z"},{"date":"1990 Q4","value":"2063","year":"1990","month":"","quarter":"Q4","sourceDataset":"CSDB10","updateDate":"2016-01-28T09:29:40.626Z"},{"date":"1991 Q1","value":"1775","year":"1991","month":"","quarter":"Q1","sourceDataset":"CSDB10","updateDate":"2016-01-28T09:29:40.626Z"},{"date":"1991 Q2","value":"1709","year":"1991","month":"","quarter":"Q2","sourceDataset":"CSDB10","updateDate":"2016-01-28T09:29:40.626Z"},{"date":"1991 Q3","value":"1769","year":"1991","month":"","quarter":"Q3","sourceDataset":"CSDB10","updateDate":"2016-01-28T09:29:40.626Z"},{"date":"1991 Q4","value":"2401","year":"1991","month":"","quarter":"Q4","sourceDataset":"CSDB10","updateDate":"2016-01-28T09:29:40.626Z"},{"date":"1992 Q1","value":"1983","year":"1992","month":"","quarter":"Q1","sourceDataset":"CSDB10","updateDate":"2016-01-28T09:29:40.626Z"},{"date":"1992 Q2","value":"2016","year":"1992","month":"","quarter":"Q2","sourceDataset":"CSDB10","updateDate":"2016-01-28T09:29:40.626Z"},{"date":"1992 Q3","value":"2053","year":"1992","month":"","quarter":"Q3","sourceDataset":"CSDB10","updateDate":"2016-01-28T09:29:40.626Z"},{"date":"1992 Q4","value":"2625","year":"1992","month":"","quarter":"Q4","sourceDataset":"CSDB10","updateDate":"2016-01-28T09:29:40.626Z"},{"date":"1993 Q1","value":"2339","year":"1993","month":"","quarter":"Q1","sourceDataset":"CSDB10","updateDate":"2016-01-28T09:29:40.626Z"},{"date":"1993 Q2","value":"2087","year":"1993","month":"","quarter":"Q2","sourceDataset":"CSDB10","updateDate":"2016-01-28T09:29:40.626Z"},{"date":"1993 Q3","value":"2112","year":"1993","month":"","quarter":"Q3","sourceDataset":"CSDB10","updateDate":"2016-01-28T09:29:40.626Z"},{"date":"1993 Q4","value":"2635","year":"1993","month":"","quarter":"Q4","sourceDataset":"CSDB10","updateDate":"2016-01-28T09:29:40.626Z"},{"date":"1994 Q1","value":"2329","year":"1994","month":"","quarter":"Q1","sourceDataset":"CSDB10","updateDate":"2016-01-28T09:29:40.626Z"},{"date":"1994 Q2","value":"2307","year":"1994","month":"","quarter":"Q2","sourceDataset":"CSDB10","updateDate":"2016-01-28T09:29:40.626Z"},{"date":"1994 Q3","value":"2533","year":"1994","month":"","quarter":"Q3","sourceDataset":"CSDB10","updateDate":"2016-01-28T09:29:40.626Z"},{"date":"1994 Q4","value":"2870","year":"1994","month":"","quarter":"Q4","sourceDataset":"CSDB10","updateDate":"2016-01-28T09:29:40.626Z"},{"date":"1995 Q1","value":"2533","year":"1995","month":"","quarter":"Q1","sourceDataset":"CSDB10","updateDate":"2016-01-28T09:29:40.626Z"},{"date":"1995 Q2","value":"2642","year":"1995","month":"","quarter":"Q2","sourceDataset":"CSDB10","updateDate":"2016-01-28T09:29:40.626Z"},{"date":"1995 Q3","value":"2886","year":"1995","month":"","quarter":"Q3","sourceDataset":"CSDB10","updateDate":"2016-01-28T09:29:40.626Z"},{"date":"1995 Q4","value":"3131","year":"1995","month":"","quarter":"Q4","sourceDataset":"CSDB10","updateDate":"2016-01-28T09:29:40.626Z"},{"date":"1996 Q1","value":"2710","year":"1996","month":"","quarter":"Q1","sourceDataset":"CSDB10","updateDate":"2016-01-28T09:29:40.626Z"},{"date":"1996 Q2","value":"2615","year":"1996","month":"","quarter":"Q2","sourceDataset":"CSDB10","updateDate":"2016-01-28T09:29:40.626Z"},{"date":"1996 Q3","value":"2836","year":"1996","month":"","quarter":"Q3","sourceDataset":"CSDB10","updateDate":"2016-01-28T09:29:40.626Z"},{"date":"1996 Q4","value":"3167","year":"1996","month":"","quarter":"Q4","sourceDataset":"CSDB10","updateDate":"2016-01-28T09:29:40.626Z"},{"date":"1997 Q1","value":"2583","year":"1997","month":"","quarter":"Q1","sourceDataset":"CSDB10","updateDate":"2016-01-28T09:29:40.626Z"},{"date":"1997 Q2","value":"2653","year":"1997","month":"","quarter":"Q2","sourceDataset":"CSDB10","updateDate":"2016-01-28T09:29:40.626Z"},{"date":"1997 Q3","value":"2778","year":"1997","month":"","quarter":"Q3","sourceDataset":"CSDB10","updateDate":"2016-01-28T09:29:40.626Z"},{"date":"1997 Q4","value":"3030","year":"1997","month":"","quarter":"Q4","sourceDataset":"CSDB10","updateDate":"2016-01-28T09:29:40.626Z"},{"date":"1998 Q1","value":"2534","year":"1998","month":"","quarter":"Q1","sourceDataset":"CSDB10","updateDate":"2016-01-28T09:29:40.626Z"},{"date":"1998 Q2","value":"2526","year":"1998","month":"","quarter":"Q2","sourceDataset":"CSDB10","updateDate":"2016-01-28T09:29:40.626Z"},{"date":"1998 Q3","value":"2625","year":"1998","month":"","quarter":"Q3","sourceDataset":"CSDB10","updateDate":"2016-01-28T09:29:40.626Z"},{"date":"1998 Q4","value":"2807","year":"1998","month":"","quarter":"Q4","sourceDataset":"CSDB10","updateDate":"2016-01-28T09:29:40.626Z"},{"date":"1999 Q1","value":"2303","year":"1999","month":"","quarter":"Q1","sourceDataset":"CSDB10","updateDate":"2016-01-28T09:29:40.626Z"},{"date":"1999 Q2","value":"2428","year":"1999","month":"","quarter":"Q2","sourceDataset":"CSDB10","updateDate":"2016-01-28T09:29:40.626Z"},{"date":"1999 Q3","value":"2559","year":"1999","month":"","quarter":"Q3","sourceDataset":"CSDB10","updateDate":"2016-01-28T09:29:40.626Z"},{"date":"1999 Q4","value":"3032","year":"1999","month":"","quarter":"Q4","sourceDataset":"CSDB10","updateDate":"2016-01-28T09:29:40.626Z"},{"date":"2000 Q1","value":"2295","year":"2000","month":"","quarter":"Q1","sourceDataset":"CSDB10","updateDate":"2016-01-28T09:29:40.626Z"},{"date":"2000 Q2","value":"2413","year":"2000","month":"","quarter":"Q2","sourceDataset":"CSDB10","updateDate":"2016-01-28T09:29:40.626Z"},{"date":"2000 Q3","value":"2544","year":"2000","month":"","quarter":"Q3","sourceDataset":"CSDB10","updateDate":"2016-01-28T09:29:40.626Z"},{"date":"2000 Q4","value":"2946","year":"2000","month":"","quarter":"Q4","sourceDataset":"CSDB10","updateDate":"2016-01-28T09:29:40.626Z"},{"date":"2001 Q1","value":"2402","year":"2001","month":"","quarter":"Q1","sourceDataset":"CSDB10","updateDate":"2016-01-28T09:29:40.626Z"},{"date":"2001 Q2","value":"2308","year":"2001","month":"","quarter":"Q2","sourceDataset":"CSDB10","updateDate":"2016-01-28T09:29:40.626Z"},{"date":"2001 Q3","value":"2466","year":"2001","month":"","quarter":"Q3","sourceDataset":"CSDB10","updateDate":"2016-01-28T09:29:40.626Z"},{"date":"2001 Q4","value":"2809","year":"2001","month":"","quarter":"Q4","sourceDataset":"CSDB10","updateDate":"2016-01-28T09:29:40.626Z"},{"date":"2002 Q1","value":"2202","year":"2002","month":"","quarter":"Q1","sourceDataset":"CSDB10","updateDate":"2016-01-28T09:29:40.626Z"},{"date":"2002 Q2","value":"2405","year":"2002","month":"","quarter":"Q2","sourceDataset":"CSDB10","updateDate":"2016-01-28T09:29:40.626Z"},{"date":"2002 Q3","value":"2755","year":"2002","month":"","quarter":"Q3","sourceDataset":"CSDB10","updateDate":"2016-01-28T09:29:40.626Z"},{"date":"2002 Q4","value":"2949","year":"2002","month":"","quarter":"Q4","sourceDataset":"CSDB10","updateDate":"2016-01-28T09:29:40.626Z"},{"date":"2003 Q1","value":"2627","year":"2003","month":"","quarter":"Q1","sourceDataset":"CSDB10","updateDate":"2016-01-28T09:29:40.626Z"},{"date":"2003 Q2","value":"2547","year":"2003","month":"","quarter":"Q2","sourceDataset":"CSDB10","updateDate":"2016-01-28T09:29:40.626Z"},{"date":"2003 Q3","value":"2818","year":"2003","month":"","quarter":"Q3","sourceDataset":"CSDB10","updateDate":"2016-01-28T09:29:40.626Z"},{"date":"2003 Q4","value":"3183","year":"2003","month":"","quarter":"Q4","sourceDataset":"CSDB10","updateDate":"2016-01-28T09:29:40.626Z"},{"date":"2004 Q1","value":"2428","year":"2004","month":"","quarter":"Q1","sourceDataset":"CSDB10","updateDate":"2016-01-28T09:29:40.626Z"},{"date":"2004 Q2","value":"2633","year":"2004","month":"","quarter":"Q2","sourceDataset":"CSDB10","updateDate":"2016-01-28T09:29:40.626Z"},{"date":"2004 Q3","value":"2639","year":"2004","month":"","quarter":"Q3","sourceDataset":"CSDB10","updateDate":"2016-01-28T09:29:40.626Z"},{"date":"2004 Q4","value":"3177","year":"2004","month":"","quarter":"Q4","sourceDataset":"CSDB10","updateDate":"2016-01-28T09:29:40.626Z"},{"date":"2005 Q1","value":"2486","year":"2005","month":"","quarter":"Q1","sourceDataset":"CSDB10","updateDate":"2016-01-28T09:29:40.626Z"},{"date":"2005 Q2","value":"2691","year":"2005","month":"","quarter":"Q2","sourceDataset":"CSDB10","updateDate":"2016-01-28T09:29:40.626Z"},{"date":"2005 Q3","value":"2753","year":"2005","month":"","quarter":"Q3","sourceDataset":"CSDB10","updateDate":"2016-01-28T09:29:40.626Z"},{"date":"2005 Q4","value":"3132","year":"2005","month":"","quarter":"Q4","sourceDataset":"CSDB10","updateDate":"2016-01-28T09:29:40.626Z"},{"date":"2006 Q1","value":"2466","year":"2006","month":"","quarter":"Q1","sourceDataset":"CSDB10","updateDate":"2016-01-28T09:29:40.626Z"},{"date":"2006 Q2","value":"2619","year":"2006","month":"","quarter":"Q2","sourceDataset":"CSDB10","updateDate":"2016-01-28T09:29:40.626Z"},{"date":"2006 Q3","value":"2732","year":"2006","month":"","quarter":"Q3","sourceDataset":"CSDB10","updateDate":"2016-01-28T09:29:40.626Z"},{"date":"2006 Q4","value":"3259","year":"2006","month":"","quarter":"Q4","sourceDataset":"CSDB10","updateDate":"2016-01-28T09:29:40.626Z"},{"date":"2007 Q1","value":"2772","year":"2007","month":"","quarter":"Q1","sourceDataset":"CSDB10","updateDate":"2016-01-28T09:29:40.626Z"},{"date":"2007 Q2","value":"2815","year":"2007","month":"","quarter":"Q2","sourceDataset":"CSDB10","updateDate":"2016-01-28T09:29:40.626Z"},{"date":"2007 Q3","value":"3056","year":"2007","month":"","quarter":"Q3","sourceDataset":"CSDB10","updateDate":"2016-01-28T09:29:40.626Z"},{"date":"2007 Q4","value":"3536","year":"2007","month":"","quarter":"Q4","sourceDataset":"CSDB10","updateDate":"2016-01-28T09:29:40.626Z"},{"date":"2008 Q1","value":"3096","year":"2008","month":"","quarter":"Q1","sourceDataset":"CSDB10","updateDate":"2016-01-28T09:29:40.626Z"},{"date":"2008 Q2","value":"3377","year":"2008","month":"","quarter":"Q2","sourceDataset":"CSDB10","updateDate":"2016-01-28T09:29:40.626Z"},{"date":"2008 Q3","value":"3626","year":"2008","month":"","quarter":"Q3","sourceDataset":"CSDB10","updateDate":"2016-01-28T09:29:40.626Z"},{"date":"2008 Q4","value":"4036","year":"2008","month":"","quarter":"Q4","sourceDataset":"CSDB10","updateDate":"2016-01-28T09:29:40.626Z"},{"date":"2009 Q1","value":"3340","year":"2009","month":"","quarter":"Q1","sourceDataset":"CSDB10","updateDate":"2016-01-28T09:29:40.626Z"},{"date":"2009 Q2","value":"3562","year":"2009","month":"","quarter":"Q2","sourceDataset":"CSDB10","updateDate":"2016-01-28T09:29:40.626Z"},{"date":"2009 Q3","value":"3630","year":"2009","month":"","quarter":"Q3","sourceDataset":"CSDB10","updateDate":"2016-01-28T09:29:40.626Z"},{"date":"2009 Q4","value":"4332","year":"2009","month":"","quarter":"Q4","sourceDataset":"CSDB10","updateDate":"2016-01-28T09:29:40.626Z"},{"date":"2010 Q1","value":"3881","year":"2010","month":"","quarter":"Q1","sourceDataset":"CSDB10","updateDate":"2016-01-28T09:29:40.626Z"},{"date":"2010 Q2","value":"4278","year":"2010","month":"","quarter":"Q2","sourceDataset":"CSDB10","updateDate":"2016-01-28T09:29:40.626Z"},{"date":"2010 Q3","value":"4424","year":"2010","month":"","quarter":"Q3","sourceDataset":"CSDB10","updateDate":"2016-01-28T09:29:40.626Z"},{"date":"2010 Q4","value":"5015","year":"2010","month":"","quarter":"Q4","sourceDataset":"CSDB10","updateDate":"2016-01-28T09:29:40.626Z"},{"date":"2011 Q1","value":"5096","year":"2011","month":"","quarter":"Q1","sourceDataset":"CSDB10","updateDate":"2016-01-28T09:29:40.626Z"},{"date":"2011 Q2","value":"5242","year":"2011","month":"","quarter":"Q2","sourceDataset":"CSDB10","updateDate":"2016-01-28T09:29:40.626Z"},{"date":"2011 Q3","value":"5150","year":"2011","month":"","quarter":"Q3","sourceDataset":"CSDB10","updateDate":"2016-01-28T09:29:40.626Z"},{"date":"2011 Q4","value":"5632","year":"2011","month":"","quarter":"Q4","sourceDataset":"CSDB10","updateDate":"2016-01-28T09:29:40.626Z"},{"date":"2012 Q1","value":"4582","year":"2012","month":"","quarter":"Q1","sourceDataset":"CSDB10","updateDate":"2016-01-28T09:29:40.626Z"},{"date":"2012 Q2","value":"4458","year":"2012","month":"","quarter":"Q2","sourceDataset":"CSDB10","updateDate":"2016-01-28T09:29:40.626Z"},{"date":"2012 Q3","value":"4830","year":"2012","month":"","quarter":"Q3","sourceDataset":"CSDB10","updateDate":"2016-01-28T09:29:40.626Z"},{"date":"2012 Q4","value":"5163","year":"2012","month":"","quarter":"Q4","sourceDataset":"CSDB10","updateDate":"2016-01-28T09:29:40.626Z"},{"date":"2013 Q1","value":"4379","year":"2013","month":"","quarter":"Q1","sourceDataset":"CSDB10","updateDate":"2016-01-28T09:29:40.626Z"},{"date":"2013 Q2","value":"4804","year":"2013","month":"","quarter":"Q2","sourceDataset":"CSDB10","updateDate":"2016-01-28T09:29:40.626Z"},{"date":"2013 Q3","value":"5309","year":"2013","month":"","quarter":"Q3","sourceDataset":"CSDB10","updateDate":"2016-01-28T09:29:40.626Z"},{"date":"2013 Q4","value":"5217","year":"2013","month":"","quarter":"Q4","sourceDataset":"CSDB10","updateDate":"2016-01-28T09:29:40.626Z"},{"date":"2014 Q1","value":"4302","year":"2014","month":"","quarter":"Q1","sourceDataset":"CSDB10","updateDate":"2016-01-28T09:29:40.626Z"},{"date":"2014 Q2","value":"4563","year":"2014","month":"","quarter":"Q2","sourceDataset":"CSDB10","updateDate":"2016-01-28T09:29:40.626Z"},{"date":"2014 Q3","value":"4710","year":"2014","month":"","quarter":"Q3","sourceDataset":"CSDB10","updateDate":"2016-01-28T09:29:40.626Z"},{"date":"2014 Q4","value":"5162","year":"2014","month":"","quarter":"Q4","sourceDataset":"CSDB10","updateDate":"2016-01-28T09:29:40.626Z"},{"date":"2015 Q1","value":"4122","year":"2015","month":"","quarter":"Q1","sourceDataset":"CSDB10","updateDate":"2016-01-28T09:29:40.626Z"},{"date":"2015 Q2","value":"4523","year":"2015","month":"","quarter":"Q2","sourceDataset":"CSDB10","updateDate":"2016-01-28T09:29:40.626Z"},{"date":"2015 Q3","value":"4560","year":"2015","month":"","quarter":"Q3","sourceDataset":"CSDB10","updateDate":"2016-01-28T09:29:40.626Z"}],"months":[],"sourceDatasets":["CSDB10"],"relatedDatasets":[{"uri":"/economy/environmentalaccounts/datasets/werwerwerwerwerwr/2015"}],"relatedDocuments":[],"type":"timeseries","description":{"title":"BOP:EX:NSA:Food, beverages and tobacco: SITC 0+1                        ","contact":{"email":"","name":"","telephone":""},"releaseDate":"2016-01-27T00:00:00.000Z","nextRelease":"","cdid":"BQMV","unit":"","preUnit":"","source":"","seasonalAdjustment":"NSA","date":"2015 Q3","number":"4560"}}