{"years":[{"date":"1955","value":"50946","year":"1955","month":"","quarter":"","sourceDataset":"CSDB2","updateDate":"2016-01-27T15:25:46.210Z"},{"date":"1956","value":"51184","year":"1956","month":"","quarter":"","sourceDataset":"CSDB2","updateDate":"2016-01-27T15:25:46.210Z"},{"date":"1957","value":"51430","year":"1957","month":"","quarter":"","sourceDataset":"CSDB2","updateDate":"2016-01-27T15:25:46.210Z"},{"date":"1958","value":"51653","year":"1958","month":"","quarter":"","sourceDataset":"CSDB2","updateDate":"2016-01-27T15:25:46.210Z"},{"date":"1959","value":"51956","year":"1959","month":"","quarter":"","sourceDataset":"CSDB2","updateDate":"2016-01-27T15:25:46.210Z"},{"date":"1960","value":"52373","year":"1960","month":"","quarter":"","sourceDataset":"CSDB2","updateDate":"2016-01-27T15:25:46.210Z"},{"date":"1961","value":"52807","year":"1961","month":"","quarter":"","sourceDataset":"CSDB2","updateDate":"2016-01-27T15:25:46.210Z"},{"date":"1962","value":"53292","year":"1962","month":"","quarter":"","sourceDataset":"CSDB2","updateDate":"2016-01-27T15:25:46.210Z"},{"date":"1963","value":"53625","year":"1963","month":"","quarter":"","sourceDataset":"CSDB2","updateDate":"2016-01-27T15:25:46.210Z"},{"date":"1964","value":"53991","year":"1964","month":"","quarter":"","sourceDataset":"CSDB2","updateDate":"2016-01-27T15:25:46.210Z"},{"date":"1965","value":"54350","year":"1965","month":"","quarter":"","sourceDataset":"CSDB2","updateDate":"2016-01-27T15:25:46.210Z"},{"date":"1966","value":"54643","year":"1966","month":"","quarter":"","sourceDataset":"CSDB2","updateDate":"2016-01-27T15:25:46.210Z"},{"date":"1967","value":"54959","year":"1967","month":"","quarter":"","sourceDataset":"CSDB2","updateDate":"2016-01-27T15:25:46.210Z"},{"date":"1968","value":"55214","year":"1968","month":"","quarter":"","sourceDataset":"CSDB2","updateDate":"2016-01-27T15:25:46.210Z"},{"date":"1969","value":"55461","year":"1969","month":"","quarter":"","sourceDataset":"CSDB2","updateDate":"2016-01-27T15:25:46.210Z"},{"date":"1970","value":"55632","year":"1970","month":"","quarter":"","sourceDataset":"CSDB2","updateDate":"2016-01-27T15:25:46.210Z"},{"date":"1971","value":"55928","year":"1971","month":"","quarter":"","sourceDataset":"CSDB2","updateDate":"2016-01-27T15:25:46.210Z"},{"date":"1972","value":"56097","year":"1972","month":"","quarter":"","sourceDataset":"CSDB2","updateDate":"2016-01-27T15:25:46.210Z"},{"date":"1973","value":"56223","year":"1973","month":"","quarter":"","sourceDataset":"CSDB2","updateDate":"2016-01-27T15:25:46.210Z"},{"date":"1974","value":"56236","year":"1974","month":"","quarter":"","sourceDataset":"CSDB2","updateDate":"2016-01-27T15:25:46.210Z"},{"date":"1975","value":"56226","year":"1975","month":"","quarter":"","sourceDataset":"CSDB2","updateDate":"2016-01-27T15:25:46.210Z"},{"date":"1976","value":"56216","year":"1976","month":"","quarter":"","sourceDataset":"CSDB2","updateDate":"2016-01-27T15:25:46.210Z"},{"date":"1977","value":"56190","year":"1977","month":"","quarter":"","sourceDataset":"CSDB2","updateDate":"2016-01-27T15:25:46.210Z"},{"date":"1978","value":"56178","year":"1978","month":"","quarter":"","sourceDataset":"CSDB2","updateDate":"2016-01-27T15:25:46.210Z"},{"date":"1979","value":"56240","year":"1979","month":"","quarter":"","sourceDataset":"CSDB2","updateDate":"2016-01-27T15:25:46.210Z"},{"date":"1980","value":"56330","year":"1980","month":"","quarter":"","sourceDataset":"CSDB2","updateDate":"2016-01-27T15:25:46.210Z"},{"date":"1981","value":"56358","year":"1981","month":"","quarter":"","sourceDataset":"CSDB2","updateDate":"2016-01-27T15:25:46.210Z"},{"date":"1982","value":"56291","year":"1982","month":"","quarter":"","sourceDataset":"CSDB2","updateDate":"2016-01-27T15:25:46.210Z"},{"date":"1983","value":"56316","year":"1983","month":"","quarter":"","sourceDataset":"CSDB2","updateDate":"2016-01-27T15:25:46.210Z"},{"date":"1984","value":"56409","year":"1984","month":"","quarter":"","sourceDataset":"CSDB2","updateDate":"2016-01-27T15:25:46.210Z"},{"date":"1985","value":"56554","year":"1985","month":"","quarter":"","sourceDataset":"CSDB2","updateDate":"2016-01-27T15:25:46.210Z"},{"date":"1986","value":"56684","year":"1986","month":"","quarter":"","sourceDataset":"CSDB2","updateDate":"2016-01-27T15:25:46.210Z"},{"date":"1987","value":"56804","year":"1987","month":"","quarter":"","sourceDataset":"CSDB2","updateDate":"2016-01-27T15:25:46.210Z"},{"date":"1988","value":"56916","year":"1988","month":"","quarter":"","sourceDataset":"CSDB2","updateDate":"2016-01-27T15:25:46.210Z"},{"date":"1989","value":"57077","year":"1989","month":"","quarter":"","sourceDataset":"CSDB2","updateDate":"2016-01-27T15:25:46.210Z"},{"date":"1990","value":"57238","year":"1990","month":"","quarter":"","sourceDataset":"CSDB2","updateDate":"2016-01-27T15:25:46.210Z"},{"date":"1991","value":"57439","year":"1991","month":"","quarter":"","sourceDataset":"CSDB2","updateDate":"2016-01-27T15:25:46.210Z"},{"date":"1992","value":"57585","year":"1992","month":"","quarter":"","sourceDataset":"CSDB2","updateDate":"2016-01-27T15:25:46.210Z"},{"date":"1993","value":"57714","year":"1993","month":"","quarter":"","sourceDataset":"CSDB2","updateDate":"2016-01-27T15:25:46.210Z"},{"date":"1994","value":"57862","year":"1994","month":"","quarter":"","sourceDataset":"CSDB2","updateDate":"2016-01-27T15:25:46.210Z"},{"date":"1995","value":"58025","year":"1995","month":"","quarter":"","sourceDataset":"CSDB2","updateDate":"2016-01-27T15:25:46.210Z"},{"date":"1996","value":"58164","year":"1996","month":"","quarter":"","sourceDataset":"CSDB2","updateDate":"2016-01-27T15:25:46.210Z"},{"date":"1997","value":"58314","year":"1997","month":"","quarter":"","sourceDataset":"CSDB2","updateDate":"2016-01-27T15:25:46.210Z"},{"date":"1998","value":"58475","year":"1998","month":"","quarter":"","sourceDataset":"CSDB2","updateDate":"2016-01-27T15:25:46.210Z"},{"date":"1999","value":"58684","year":"1999","month":"","quarter":"","sourceDataset":"CSDB2","updateDate":"2016-01-27T15:25:46.210Z"},{"date":"2000","value":"58886","year":"2000","month":"","quarter":"","sourceDataset":"CSDB2","updateDate":"2016-01-27T15:25:46.210Z"},{"date":"2001","value":"59113","year":"2001","month":"","quarter":"","sourceDataset":"CSDB2","updateDate":"2016-01-27T15:25:46.210Z"},{"date":"2002","value":"59366","year":"2002","month":"","quarter":"","sourceDataset":"CSDB2","updateDate":"2016-01-27T15:25:46.210Z"},{"date":"2003","value":"59637","year":"2003","month":"","quarter":"","sourceDataset":"CSDB2","updateDate":"2016-01-27T15:25:46.210Z"},{"date":"2004","value":"59950","year":"2004","month":"","quarter":"","sourceDataset":"CSDB2","updateDate":"2016-01-27T15:25:46.210Z"},{"date":"2005","value":"60413","year":"2005","month":"","quarter":"","sourceDataset":"CSDB2","updateDate":"2016-01-27T15:25:46.210Z"},{"date":"2006","value":"60827","year":"2006","month":"","quarter":"","sourceDataset":"CSDB2","updateDate":"2016-01-27T15:25:46.210Z"},{"date":"2007","value":"61319","year":"2007","month":"","quarter":"","sourceDataset":"CSDB2","updateDate":"2016-01-27T15:25:46.210Z"},{"date":"2008","value":"61824","year":"2008","month":"","quarter":"","sourceDataset":"CSDB2","updateDate":"2016-01-27T15:25:46.210Z"},{"date":"2009","value":"62260","year":"2009","month":"","quarter":"","sourceDataset":"CSDB2","updateDate":"2016-01-27T15:25:46.210Z"},{"date":"2010","value":"62759","year":"2010","month":"","quarter":"","sourceDataset":"CSDB2","updateDate":"2016-01-27T15:25:46.210Z"},{"date":"2011","value":"63285","year":"2011","month":"","quarter":"","sourceDataset":"CSDB2","updateDate":"2016-01-27T15:25:46.210Z"},{"date":"2012","value":"63705","year":"2012","month":"","quarter":"","sourceDataset":"CSDB2","updateDate":"2016-01-27T15:25:46.210Z"},{"date":"2013","value":"64106","year":"2013","month":"","quarter":"","sourceDataset":"CSDB2","updateDate":"2016-01-27T15:25:46.210Z"},{"date":"2014","value":"64597","year":"2014","month":"","quarter":"","sourceDataset":"CSDB2","updateDate":"2016-01-27T15:25:46.210Z"}],"quarters":[{"date":"1955 Q1","value":"50901","year":"1955","month":"","quarter":"Q1","sourceDataset":"CSDB2","updateDate":"2016-01-27T15:25:46.210Z"},{"date":"1955 Q2","value":"50946","year":"1955","month":"","quarter":"Q2","sourceDataset":"CSDB2","updateDate":"2016-01-27T15:25:46.210Z"},{"date":"1955 Q3","value":"51005","year":"1955","month":"","quarter":"Q3","sourceDataset":"CSDB2","updateDate":"2016-01-27T15:25:46.210Z"},{"date":"1955 Q4","value":"51065","year":"1955","month":"","quarter":"Q4","sourceDataset":"CSDB2","updateDate":"2016-01-27T15:25:46.210Z"},{"date":"1956 Q1","value":"51124","year":"1956","month":"","quarter":"Q1","sourceDataset":"CSDB2","updateDate":"2016-01-27T15:25:46.210Z"},{"date":"1956 Q2","value":"51184","year":"1956","month":"","quarter":"Q2","sourceDataset":"CSDB2","updateDate":"2016-01-27T15:25:46.210Z"},{"date":"1956 Q3","value":"51245","year":"1956","month":"","quarter":"Q3","sourceDataset":"CSDB2","updateDate":"2016-01-27T15:25:46.210Z"},{"date":"1956 Q4","value":"51307","year":"1956","month":"","quarter":"Q4","sourceDataset":"CSDB2","updateDate":"2016-01-27T15:25:46.210Z"},{"date":"1957 Q1","value":"51369","year":"1957","month":"","quarter":"Q1","sourceDataset":"CSDB2","updateDate":"2016-01-27T15:25:46.210Z"},{"date":"1957 Q2","value":"51430","year":"1957","month":"","quarter":"Q2","sourceDataset":"CSDB2","updateDate":"2016-01-27T15:25:46.210Z"},{"date":"1957 Q3","value":"51486","year":"1957","month":"","quarter":"Q3","sourceDataset":"CSDB2","updateDate":"2016-01-27T15:25:46.210Z"},{"date":"1957 Q4","value":"51541","year":"1957","month":"","quarter":"Q4","sourceDataset":"CSDB2","updateDate":"2016-01-27T15:25:46.210Z"},{"date":"1958 Q1","value":"51597","year":"1958","month":"","quarter":"Q1","sourceDataset":"CSDB2","updateDate":"2016-01-27T15:25:46.210Z"},{"date":"1958 Q2","value":"51653","year":"1958","month":"","quarter":"Q2","sourceDataset":"CSDB2","updateDate":"2016-01-27T15:25:46.210Z"},{"date":"1958 Q3","value":"51728","year":"1958","month":"","quarter":"Q3","sourceDataset":"CSDB2","updateDate":"2016-01-27T15:25:46.210Z"},{"date":"1958 Q4","value":"51804","year":"1958","month":"","quarter":"Q4","sourceDataset":"CSDB2","updateDate":"2016-01-27T15:25:46.210Z"},{"date":"1959 Q1","value":"51880","year":"1959","month":"","quarter":"Q1","sourceDataset":"CSDB2","updateDate":"2016-01-27T15:25:46.210Z"},{"date":"1959 Q2","value":"51956","year":"1959","month":"","quarter":"Q2","sourceDataset":"CSDB2","updateDate":"2016-01-27T15:25:46.210Z"},{"date":"1959 Q3","value":"52060","year":"1959","month":"","quarter":"Q3","sourceDataset":"CSDB2","updateDate":"2016-01-27T15:25:46.210Z"},{"date":"1959 Q4","value":"52164","year":"1959","month":"","quarter":"Q4","sourceDataset":"CSDB2","updateDate":"2016-01-27T15:25:46.210Z"},{"date":"1960 Q1","value":"52268","year":"1960","month":"","quarter":"Q1","sourceDataset":"CSDB2","updateDate":"2016-01-27T15:25:46.210Z"},{"date":"1960 Q2","value":"52373","year":"1960","month":"","quarter":"Q2","sourceDataset":"CSDB2","updateDate":"2016-01-27T15:25:46.210Z"},{"date":"1960 Q3","value":"52481","year":"1960","month":"","quarter":"Q3","sourceDataset":"CSDB2","updateDate":"2016-01-27T15:25:46.210Z"},{"date":"1960 Q4","value":"52590","year":"1960","month":"","quarter":"Q4","sourceDataset":"CSDB2","updateDate":"2016-01-27T15:25:46.210Z"},{"date":"1961 Q1","value":"52699","year":"1961","month":"","quarter":"Q1","sourceDataset":"CSDB2","updateDate":"2016-01-27T15:25:46.210Z"},{"date":"1961 Q2","value":"52807","year":"1961","month":"","quarter":"Q2","sourceDataset":"CSDB2","updateDate":"2016-01-27T15:25:46.210Z"},{"date":"1961 Q3","value":"52929","year":"1961","month":"","quarter":"Q3","sourceDataset":"CSDB2","updateDate":"2016-01-27T15:25:46.210Z"},{"date":"1961 Q4","value":"53050","year":"1961","month":"","quarter":"Q4","sourceDataset":"CSDB2","updateDate":"2016-01-27T15:25:46.210Z"},{"date":"1962 Q1","value":"53171","year":"1962","month":"","quarter":"Q1","sourceDataset":"CSDB2","updateDate":"2016-01-27T15:25:46.210Z"},{"date":"1962 Q2","value":"53292","year":"1962","month":"","quarter":"Q2","sourceDataset":"CSDB2","updateDate":"2016-01-27T15:25:46.210Z"},{"date":"1962 Q3","value":"53375","year":"1962","month":"","quarter":"Q3","sourceDataset":"CSDB2","updateDate":"2016-01-27T15:25:46.210Z"},{"date":"1962 Q4","value":"53458","year":"1962","month":"","quarter":"Q4","sourceDataset":"CSDB2","updateDate":"2016-01-27T15:25:46.210Z"},{"date":"1963 Q1","value":"53542","year":"1963","month":"","quarter":"Q1","sourceDataset":"CSDB2","updateDate":"2016-01-27T15:25:46.210Z"},{"date":"1963 Q2","value":"53625","year":"1963","month":"","quarter":"Q2","sourceDataset":"CSDB2","updateDate":"2016-01-27T15:25:46.210Z"},{"date":"1963 Q3","value":"53716","year":"1963","month":"","quarter":"Q3","sourceDataset":"CSDB2","updateDate":"2016-01-27T15:25:46.210Z"},{"date":"1963 Q4","value":"53808","year":"1963","month":"","quarter":"Q4","sourceDataset":"CSDB2","updateDate":"2016-01-27T15:25:46.210Z"},{"date":"1964 Q1","value":"53899","year":"1964","month":"","quarter":"Q1","sourceDataset":"CSDB2","updateDate":"2016-01-27T15:25:46.210Z"},{"date":"1964 Q2","value":"53991","year":"1964","month":"","quarter":"Q2","sourceDataset":"CSDB2","updateDate":"2016-01-27T15:25:46.210Z"},{"date":"1964 Q3","value":"54080","year":"1964","month":"","quarter":"Q3","sourceDataset":"CSDB2","updateDate":"2016-01-27T15:25:46.210Z"},{"date":"1964 Q4","value":"54170","year":"1964","month":"","quarter":"Q4","sourceDataset":"CSDB2","updateDate":"2016-01-27T15:25:46.210Z"},{"date":"1965 Q1","value":"54260","year":"1965","month":"","quarter":"Q1","sourceDataset":"CSDB2","updateDate":"2016-01-27T15:25:46.210Z"},{"date":"1965 Q2","value":"54350","year":"1965","month":"","quarter":"Q2","sourceDataset":"CSDB2","updateDate":"2016-01-27T15:25:46.210Z"},{"date":"1965 Q3","value":"54423","year":"1965","month":"","quarter":"Q3","sourceDataset":"CSDB2","updateDate":"2016-01-27T15:25:46.210Z"},{"date":"1965 Q4","value":"54496","year":"1965","month":"","quarter":"Q4","sourceDataset":"CSDB2","updateDate":"2016-01-27T15:25:46.210Z"},{"date":"1966 Q1","value":"54569","year":"1966","month":"","quarter":"Q1","sourceDataset":"CSDB2","updateDate":"2016-01-27T15:25:46.210Z"},{"date":"1966 Q2","value":"54643","year":"1966","month":"","quarter":"Q2","sourceDataset":"CSDB2","updateDate":"2016-01-27T15:25:46.210Z"},{"date":"1966 Q3","value":"54722","year":"1966","month":"","quarter":"Q3","sourceDataset":"CSDB2","updateDate":"2016-01-27T15:25:46.210Z"},{"date":"1966 Q4","value":"54801","year":"1966","month":"","quarter":"Q4","sourceDataset":"CSDB2","updateDate":"2016-01-27T15:25:46.210Z"},{"date":"1967 Q1","value":"54880","year":"1967","month":"","quarter":"Q1","sourceDataset":"CSDB2","updateDate":"2016-01-27T15:25:46.210Z"},{"date":"1967 Q2","value":"54959","year":"1967","month":"","quarter":"Q2","sourceDataset":"CSDB2","updateDate":"2016-01-27T15:25:46.210Z"},{"date":"1967 Q3","value":"55023","year":"1967","month":"","quarter":"Q3","sourceDataset":"CSDB2","updateDate":"2016-01-27T15:25:46.210Z"},{"date":"1967 Q4","value":"55086","year":"1967","month":"","quarter":"Q4","sourceDataset":"CSDB2","updateDate":"2016-01-27T15:25:46.210Z"},{"date":"1968 Q1","value":"55150","year":"1968","month":"","quarter":"Q1","sourceDataset":"CSDB2","updateDate":"2016-01-27T15:25:46.210Z"},{"date":"1968 Q2","value":"55214","year":"1968","month":"","quarter":"Q2","sourceDataset":"CSDB2","updateDate":"2016-01-27T15:25:46.210Z"},{"date":"1968 Q3","value":"55275","year":"1968","month":"","quarter":"Q3","sourceDataset":"CSDB2","updateDate":"2016-01-27T15:25:46.210Z"},{"date":"1968 Q4","value":"55337","year":"1968","month":"","quarter":"Q4","sourceDataset":"CSDB2","updateDate":"2016-01-27T15:25:46.210Z"},{"date":"1969 Q1","value":"55399","year":"1969","month":"","quarter":"Q1","sourceDataset":"CSDB2","updateDate":"2016-01-27T15:25:46.210Z"},{"date":"1969 Q2","value":"55461","year":"1969","month":"","quarter":"Q2","sourceDataset":"CSDB2","updateDate":"2016-01-27T15:25:46.210Z"},{"date":"1969 Q3","value":"55504","year":"1969","month":"","quarter":"Q3","sourceDataset":"CSDB2","updateDate":"2016-01-27T15:25:46.210Z"},{"date":"1969 Q4","value":"55546","year":"1969","month":"","quarter":"Q4","sourceDataset":"CSDB2","updateDate":"2016-01-27T15:25:46.210Z"},{"date":"1970 Q1","value":"55589","year":"1970","month":"","quarter":"Q1","sourceDataset":"CSDB2","updateDate":"2016-01-27T15:25:46.210Z"},{"date":"1970 Q2","value":"55632","year":"1970","month":"","quarter":"Q2","sourceDataset":"CSDB2","updateDate":"2016-01-27T15:25:46.210Z"},{"date":"1970 Q3","value":"55706","year":"1970","month":"","quarter":"Q3","sourceDataset":"CSDB2","updateDate":"2016-01-27T15:25:46.210Z"},{"date":"1970 Q4","value":"55780","year":"1970","month":"","quarter":"Q4","sourceDataset":"CSDB2","updateDate":"2016-01-27T15:25:46.210Z"},{"date":"1971 Q1","value":"55854","year":"1971","month":"","quarter":"Q1","sourceDataset":"CSDB2","updateDate":"2016-01-27T15:25:46.210Z"},{"date":"1971 Q2","value":"55928","year":"1971","month":"","quarter":"Q2","sourceDataset":"CSDB2","updateDate":"2016-01-27T15:25:46.210Z"},{"date":"1971 Q3","value":"55970","year":"1971","month":"","quarter":"Q3","sourceDataset":"CSDB2","updateDate":"2016-01-27T15:25:46.210Z"},{"date":"1971 Q4","value":"56012","year":"1971","month":"","quarter":"Q4","sourceDataset":"CSDB2","updateDate":"2016-01-27T15:25:46.210Z"},{"date":"1972 Q1","value":"56055","year":"1972","month":"","quarter":"Q1","sourceDataset":"CSDB2","updateDate":"2016-01-27T15:25:46.210Z"},{"date":"1972 Q2","value":"56097","year":"1972","month":"","quarter":"Q2","sourceDataset":"CSDB2","updateDate":"2016-01-27T15:25:46.210Z"},{"date":"1972 Q3","value":"56128","year":"1972","month":"","quarter":"Q3","sourceDataset":"CSDB2","updateDate":"2016-01-27T15:25:46.210Z"},{"date":"1972 Q4","value":"56160","year":"1972","month":"","quarter":"Q4","sourceDataset":"CSDB2","updateDate":"2016-01-27T15:25:46.210Z"},{"date":"1973 Q1","value":"56191","year":"1973","month":"","quarter":"Q1","sourceDataset":"CSDB2","updateDate":"2016-01-27T15:25:46.210Z"},{"date":"1973 Q2","value":"56223","year":"1973","month":"","quarter":"Q2","sourceDataset":"CSDB2","updateDate":"2016-01-27T15:25:46.210Z"},{"date":"1973 Q3","value":"56226","year":"1973","month":"","quarter":"Q3","sourceDataset":"CSDB2","updateDate":"2016-01-27T15:25:46.210Z"},{"date":"1973 Q4","value":"56229","year":"1973","month":"","quarter":"Q4","sourceDataset":"CSDB2","updateDate":"2016-01-27T15:25:46.210Z"},{"date":"1974 Q1","value":"56232","year":"1974","month":"","quarter":"Q1","sourceDataset":"CSDB2","updateDate":"2016-01-27T15:25:46.210Z"},{"date":"1974 Q2","value":"56236","year":"1974","month":"","quarter":"Q2","sourceDataset":"CSDB2","updateDate":"2016-01-27T15:25:46.210Z"},{"date":"1974 Q3","value":"56233","year":"1974","month":"","quarter":"Q3","sourceDataset":"CSDB2","updateDate":"2016-01-27T15:25:46.210Z"},{"date":"1974 Q4","value":"56231","year":"1974","month":"","quarter":"Q4","sourceDataset":"CSDB2","updateDate":"2016-01-27T15:25:46.210Z"},{"date":"1975 Q1","value":"56228","year":"1975","month":"","quarter":"Q1","sourceDataset":"CSDB2","updateDate":"2016-01-27T15:25:46.210Z"},{"date":"1975 Q2","value":"56226","year":"1975","month":"","quarter":"Q2","sourceDataset":"CSDB2","updateDate":"2016-01-27T15:25:46.210Z"},{"date":"1975 Q3","value":"56223","year":"1975","month":"","quarter":"Q3","sourceDataset":"CSDB2","updateDate":"2016-01-27T15:25:46.210Z"},{"date":"1975 Q4","value":"56221","year":"1975","month":"","quarter":"Q4","sourceDataset":"CSDB2","updateDate":"2016-01-27T15:25:46.210Z"},{"date":"1976 Q1","value":"56219","year":"1976","month":"","quarter":"Q1","sourceDataset":"CSDB2","updateDate":"2016-01-27T15:25:46.210Z"},{"date":"1976 Q2","value":"56216","year":"1976","month":"","quarter":"Q2","sourceDataset":"CSDB2","updateDate":"2016-01-27T15:25:46.210Z"},{"date":"1976 Q3","value":"56210","year":"1976","month":"","quarter":"Q3","sourceDataset":"CSDB2","updateDate":"2016-01-27T15:25:46.210Z"},{"date":"1976 Q4","value":"56203","year":"1976","month":"","quarter":"Q4","sourceDataset":"CSDB2","updateDate":"2016-01-27T15:25:46.210Z"},{"date":"1977 Q1","value":"56196","year":"1977","month":"","quarter":"Q1","sourceDataset":"CSDB2","updateDate":"2016-01-27T15:25:46.210Z"},{"date":"1977 Q2","value":"56190","year":"1977","month":"","quarter":"Q2","sourceDataset":"CSDB2","updateDate":"2016-01-27T15:25:46.210Z"},{"date":"1977 Q3","value":"56187","year":"1977","month":"","quarter":"Q3","sourceDataset":"CSDB2","updateDate":"2016-01-27T15:25:46.210Z"},{"date":"1977 Q4","value":"56184","year":"1977","month":"","quarter":"Q4","sourceDataset":"CSDB2","updateDate":"2016-01-27T15:25:46.210Z"},{"date":"1978 Q1","value":"56181","year":"1978","month":"","quarter":"Q1","sourceDataset":"CSDB2","updateDate":"2016-01-27T15:25:46.210Z"},{"date":"1978 Q2","value":"56178","year":"1978","month":"","quarter":"Q2","sourceDataset":"CSDB2","updateDate":"2016-01-27T15:25:46.210Z"},{"date":"1978 Q3","value":"56194","year":"1978","month":"","quarter":"Q3","sourceDataset":"CSDB2","updateDate":"2016-01-27T15:25:46.210Z"},{"date":"1978 Q4","value":"56209","year":"1978","month":"","quarter":"Q4","sourceDataset":"CSDB2","updateDate":"2016-01-27T15:25:46.210Z"},{"date":"1979 Q1","value":"56225","year":"1979","month":"","quarter":"Q1","sourceDataset":"CSDB2","updateDate":"2016-01-27T15:25:46.210Z"},{"date":"1979 Q2","value":"56240","year":"1979","month":"","quarter":"Q2","sourceDataset":"CSDB2","updateDate":"2016-01-27T15:25:46.210Z"},{"date":"1979 Q3","value":"56263","year":"1979","month":"","quarter":"Q3","sourceDataset":"CSDB2","updateDate":"2016-01-27T15:25:46.210Z"},{"date":"1979 Q4","value":"56285","year":"1979","month":"","quarter":"Q4","sourceDataset":"CSDB2","updateDate":"2016-01-27T15:25:46.210Z"},{"date":"1980 Q1","value":"56307","year":"1980","month":"","quarter":"Q1","sourceDataset":"CSDB2","updateDate":"2016-01-27T15:25:46.210Z"},{"date":"1980 Q2","value":"56330","year":"1980","month":"","quarter":"Q2","sourceDataset":"CSDB2","updateDate":"2016-01-27T15:25:46.210Z"},{"date":"1980 Q3","value":"56337","year":"1980","month":"","quarter":"Q3","sourceDataset":"CSDB2","updateDate":"2016-01-27T15:25:46.210Z"},{"date":"1980 Q4","value":"56344","year":"1980","month":"","quarter":"Q4","sourceDataset":"CSDB2","updateDate":"2016-01-27T15:25:46.210Z"},{"date":"1981 Q1","value":"56351","year":"1981","month":"","quarter":"Q1","sourceDataset":"CSDB2","updateDate":"2016-01-27T15:25:46.210Z"},{"date":"1981 Q2","value":"56358","year":"1981","month":"","quarter":"Q2","sourceDataset":"CSDB2","updateDate":"2016-01-27T15:25:46.210Z"},{"date":"1981 Q3","value":"56341","year":"1981","month":"","quarter":"Q3","sourceDataset":"CSDB2","updateDate":"2016-01-27T15:25:46.210Z"},{"date":"1981 Q4","value":"56324","year":"1981","month":"","quarter":"Q4","sourceDataset":"CSDB2","updateDate":"2016-01-27T15:25:46.210Z"},{"date":"1982 Q1","value":"56307","year":"1982","month":"","quarter":"Q1","sourceDataset":"CSDB2","updateDate":"2016-01-27T15:25:46.210Z"},{"date":"1982 Q2","value":"56291","year":"1982","month":"","quarter":"Q2","sourceDataset":"CSDB2","updateDate":"2016-01-27T15:25:46.210Z"},{"date":"1982 Q3","value":"56297","year":"1982","month":"","quarter":"Q3","sourceDataset":"CSDB2","updateDate":"2016-01-27T15:25:46.210Z"},{"date":"1982 Q4","value":"56303","year":"1982","month":"","quarter":"Q4","sourceDataset":"CSDB2","updateDate":"2016-01-27T15:25:46.210Z"},{"date":"1983 Q1","value":"56309","year":"1983","month":"","quarter":"Q1","sourceDataset":"CSDB2","updateDate":"2016-01-27T15:25:46.210Z"},{"date":"1983 Q2","value":"56316","year":"1983","month":"","quarter":"Q2","sourceDataset":"CSDB2","updateDate":"2016-01-27T15:25:46.210Z"},{"date":"1983 Q3","value":"56339","year":"1983","month":"","quarter":"Q3","sourceDataset":"CSDB2","updateDate":"2016-01-27T15:25:46.210Z"},{"date":"1983 Q4","value":"56363","year":"1983","month":"","quarter":"Q4","sourceDataset":"CSDB2","updateDate":"2016-01-27T15:25:46.210Z"},{"date":"1984 Q1","value":"56386","year":"1984","month":"","quarter":"Q1","sourceDataset":"CSDB2","updateDate":"2016-01-27T15:25:46.210Z"},{"date":"1984 Q2","value":"56409","year":"1984","month":"","quarter":"Q2","sourceDataset":"CSDB2","updateDate":"2016-01-27T15:25:46.210Z"},{"date":"1984 Q3","value":"56445","year":"1984","month":"","quarter":"Q3","sourceDataset":"CSDB2","updateDate":"2016-01-27T15:25:46.210Z"},{"date":"1984 Q4","value":"56482","year":"1984","month":"","quarter":"Q4","sourceDataset":"CSDB2","updateDate":"2016-01-27T15:25:46.210Z"},{"date":"1985 Q1","value":"56518","year":"1985","month":"","quarter":"Q1","sourceDataset":"CSDB2","updateDate":"2016-01-27T15:25:46.210Z"},{"date":"1985 Q2","value":"56554","year":"1985","month":"","quarter":"Q2","sourceDataset":"CSDB2","updateDate":"2016-01-27T15:25:46.210Z"},{"date":"1985 Q3","value":"56586","year":"1985","month":"","quarter":"Q3","sourceDataset":"CSDB2","updateDate":"2016-01-27T15:25:46.210Z"},{"date":"1985 Q4","value":"56619","year":"1985","month":"","quarter":"Q4","sourceDataset":"CSDB2","updateDate":"2016-01-27T15:25:46.210Z"},{"date":"1986 Q1","value":"56651","year":"1986","month":"","quarter":"Q1","sourceDataset":"CSDB2","updateDate":"2016-01-27T15:25:46.210Z"},{"date":"1986 Q2","value":"56684","year":"1986","month":"","quarter":"Q2","sourceDataset":"CSDB2","updateDate":"2016-01-27T15:25:46.210Z"},{"date":"1986 Q3","value":"56714","year":"1986","month":"","quarter":"Q3","sourceDataset":"CSDB2","updateDate":"2016-01-27T15:25:46.210Z"},{"date":"1986 Q4","value":"56744","year":"1986","month":"","quarter":"Q4","sourceDataset":"CSDB2","updateDate":"2016-01-27T15:25:46.210Z"},{"date":"1987 Q1","value":"56774","year":"1987","month":"","quarter":"Q1","sourceDataset":"CSDB2","updateDate":"2016-01-27T15:25:46.210Z"},{"date":"1987 Q2","value":"56804","year":"1987","month":"","quarter":"Q2","sourceDataset":"CSDB2","updateDate":"2016-01-27T15:25:46.210Z"},{"date":"1987 Q3","value":"56832","year":"1987","month":"","quarter":"Q3","sourceDataset":"CSDB2","updateDate":"2016-01-27T15:25:46.210Z"},{"date":"1987 Q4","value":"56860","year":"1987","month":"","quarter":"Q4","sourceDataset":"CSDB2","updateDate":"2016-01-27T15:25:46.210Z"},{"date":"1988 Q1","value":"56888","year":"1988","month":"","quarter":"Q1","sourceDataset":"CSDB2","updateDate":"2016-01-27T15:25:46.210Z"},{"date":"1988 Q2","value":"56916","year":"1988","month":"","quarter":"Q2","sourceDataset":"CSDB2","updateDate":"2016-01-27T15:25:46.210Z"},{"date":"1988 Q3","value":"56956","year":"1988","month":"","quarter":"Q3","sourceDataset":"CSDB2","updateDate":"2016-01-27T15:25:46.210Z"},{"date":"1988 Q4","value":"56996","year":"1988","month":"","quarter":"Q4","sourceDataset":"CSDB2","updateDate":"2016-01-27T15:25:46.210Z"},{"date":"1989 Q1","value":"57036","year":"1989","month":"","quarter":"Q1","sourceDataset":"CSDB2","updateDate":"2016-01-27T15:25:46.210Z"},{"date":"1989 Q2","value":"57077","year":"1989","month":"","quarter":"Q2","sourceDataset":"CSDB2","updateDate":"2016-01-27T15:25:46.210Z"},{"date":"1989 Q3","value":"57117","year":"1989","month":"","quarter":"Q3","sourceDataset":"CSDB2","updateDate":"2016-01-27T15:25:46.210Z"},{"date":"1989 Q4","value":"57157","year":"1989","month":"","quarter":"Q4","sourceDataset":"CSDB2","updateDate":"2016-01-27T15:25:46.210Z"},{"date":"1990 Q1","value":"57197","year":"1990","month":"","quarter":"Q1","sourceDataset":"CSDB2","updateDate":"2016-01-27T15:25:46.210Z"},{"date":"1990 Q2","value":"57238","year":"1990","month":"","quarter":"Q2","sourceDataset":"CSDB2","updateDate":"2016-01-27T15:25:46.210Z"},{"date":"1990 Q3","value":"57288","year":"1990","month":"","quarter":"Q3","sourceDataset":"CSDB2","updateDate":"2016-01-27T15:25:46.210Z"},{"date":"1990 Q4","value":"57338","year":"1990","month":"","quarter":"Q4","sourceDataset":"CSDB2","updateDate":"2016-01-27T15:25:46.210Z"},{"date":"1991 Q1","value":"57388","year":"1991","month":"","quarter":"Q1","sourceDataset":"CSDB2","updateDate":"2016-01-27T15:25:46.210Z"},{"date":"1991 Q2","value":"57439","year":"1991","month":"","quarter":"Q2","sourceDataset":"CSDB2","updateDate":"2016-01-27T15:25:46.210Z"},{"date":"1991 Q3","value":"57475","year":"1991","month":"","quarter":"Q3","sourceDataset":"CSDB2","updateDate":"2016-01-27T15:25:46.210Z"},{"date":"1991 Q4","value":"57512","year":"1991","month":"","quarter":"Q4","sourceDataset":"CSDB2","updateDate":"2016-01-27T15:25:46.210Z"},{"date":"1992 Q1","value":"57548","year":"1992","month":"","quarter":"Q1","sourceDataset":"CSDB2","updateDate":"2016-01-27T15:25:46.210Z"},{"date":"1992 Q2","value":"57585","year":"1992","month":"","quarter":"Q2","sourceDataset":"CSDB2","updateDate":"2016-01-27T15:25:46.210Z"},{"date":"1992 Q3","value":"57617","year":"1992","month":"","quarter":"Q3","sourceDataset":"CSDB2","updateDate":"2016-01-27T15:25:46.210Z"},{"date":"1992 Q4","value":"57649","year":"1992","month":"","quarter":"Q4","sourceDataset":"CSDB2","updateDate":"2016-01-27T15:25:46.210Z"},{"date":"1993 Q1","value":"57682","year":"1993","month":"","quarter":"Q1","sourceDataset":"CSDB2","updateDate":"2016-01-27T15:25:46.210Z"},{"date":"1993 Q2","value":"57714","year":"1993","month":"","quarter":"Q2","sourceDataset":"CSDB2","updateDate":"2016-01-27T15:25:46.210Z"},{"date":"1993 Q3","value":"57751","year":"1993","month":"","quarter":"Q3","sourceDataset":"CSDB2","updateDate":"2016-01-27T15:25:46.210Z"},{"date":"1993 Q4","value":"57788","year":"1993","month":"","quarter":"Q4","sourceDataset":"CSDB2","updateDate":"2016-01-27T15:25:46.210Z"},{"date":"1994 Q1","value":"57825","year":"1994","month":"","quarter":"Q1","sourceDataset":"CSDB2","updateDate":"2016-01-27T15:25:46.210Z"},{"date":"1994 Q2","value":"57862","year":"1994","month":"","quarter":"Q2","sourceDataset":"CSDB2","updateDate":"2016-01-27T15:25:46.210Z"},{"date":"1994 Q3","value":"57903","year":"1994","month":"","quarter":"Q3","sourceDataset":"CSDB2","updateDate":"2016-01-27T15:25:46.210Z"},{"date":"1994 Q4","value":"57943","year":"1994","month":"","quarter":"Q4","sourceDataset":"CSDB2","updateDate":"2016-01-27T15:25:46.210Z"},{"date":"1995 Q1","value":"57984","year":"1995","month":"","quarter":"Q1","sourceDataset":"CSDB2","updateDate":"2016-01-27T15:25:46.210Z"},{"date":"1995 Q2","value":"58025","year":"1995","month":"","quarter":"Q2","sourceDataset":"CSDB2","updateDate":"2016-01-27T15:25:46.210Z"},{"date":"1995 Q3","value":"58060","year":"1995","month":"","quarter":"Q3","sourceDataset":"CSDB2","updateDate":"2016-01-27T15:25:46.210Z"},{"date":"1995 Q4","value":"58095","year":"1995","month":"","quarter":"Q4","sourceDataset":"CSDB2","updateDate":"2016-01-27T15:25:46.210Z"},{"date":"1996 Q1","value":"58130","year":"1996","month":"","quarter":"Q1","sourceDataset":"CSDB2","updateDate":"2016-01-27T15:25:46.210Z"},{"date":"1996 Q2","value":"58164","year":"1996","month":"","quarter":"Q2","sourceDataset":"CSDB2","updateDate":"2016-01-27T15:25:46.210Z"},{"date":"1996 Q3","value":"58202","year":"1996","month":"","quarter":"Q3","sourceDataset":"CSDB2","updateDate":"2016-01-27T15:25:46.210Z"},{"date":"1996 Q4","value":"58239","year":"1996","month":"","quarter":"Q4","sourceDataset":"CSDB2","updateDate":"2016-01-27T15:25:46.210Z"},{"date":"1997 Q1","value":"58277","year":"1997","month":"","quarter":"Q1","sourceDataset":"CSDB2","updateDate":"2016-01-27T15:25:46.210Z"},{"date":"1997 Q2","value":"58314","year":"1997","month":"","quarter":"Q2","sourceDataset":"CSDB2","updateDate":"2016-01-27T15:25:46.210Z"},{"date":"1997 Q3","value":"58354","year":"1997","month":"","quarter":"Q3","sourceDataset":"CSDB2","updateDate":"2016-01-27T15:25:46.210Z"},{"date":"1997 Q4","value":"58395","year":"1997","month":"","quarter":"Q4","sourceDataset":"CSDB2","updateDate":"2016-01-27T15:25:46.210Z"},{"date":"1998 Q1","value":"58435","year":"1998","month":"","quarter":"Q1","sourceDataset":"CSDB2","updateDate":"2016-01-27T15:25:46.210Z"},{"date":"1998 Q2","value":"58475","year":"1998","month":"","quarter":"Q2","sourceDataset":"CSDB2","updateDate":"2016-01-27T15:25:46.210Z"},{"date":"1998 Q3","value":"58527","year":"1998","month":"","quarter":"Q3","sourceDataset":"CSDB2","updateDate":"2016-01-27T15:25:46.210Z"},{"date":"1998 Q4","value":"58580","year":"1998","month":"","quarter":"Q4","sourceDataset":"CSDB2","updateDate":"2016-01-27T15:25:46.210Z"},{"date":"1999 Q1","value":"58632","year":"1999","month":"","quarter":"Q1","sourceDataset":"CSDB2","updateDate":"2016-01-27T15:25:46.210Z"},{"date":"1999 Q2","value":"58684","year":"1999","month":"","quarter":"Q2","sourceDataset":"CSDB2","updateDate":"2016-01-27T15:25:46.210Z"},{"date":"1999 Q3","value":"58735","year":"1999","month":"","quarter":"Q3","sourceDataset":"CSDB2","updateDate":"2016-01-27T15:25:46.210Z"},{"date":"1999 Q4","value":"58785","year":"1999","month":"","quarter":"Q4","sourceDataset":"CSDB2","updateDate":"2016-01-27T15:25:46.210Z"},{"date":"2000 Q1","value":"58836","year":"2000","month":"","quarter":"Q1","sourceDataset":"CSDB2","updateDate":"2016-01-27T15:25:46.210Z"},{"date":"2000 Q2","value":"58886","year":"2000","month":"","quarter":"Q2","sourceDataset":"CSDB2","updateDate":"2016-01-27T15:25:46.210Z"},{"date":"2000 Q3","value":"58943","year":"2000","month":"","quarter":"Q3","sourceDataset":"CSDB2","updateDate":"2016-01-27T15:25:46.210Z"},{"date":"2000 Q4","value":"59000","year":"2000","month":"","quarter":"Q4","sourceDataset":"CSDB2","updateDate":"2016-01-27T15:25:46.211Z"},{"date":"2001 Q1","value":"59056","year":"2001","month":"","quarter":"Q1","sourceDataset":"CSDB2","updateDate":"2016-01-27T15:25:46.211Z"},{"date":"2001 Q2","value":"59113","year":"2001","month":"","quarter":"Q2","sourceDataset":"CSDB2","updateDate":"2016-01-27T15:25:46.211Z"},{"date":"2001 Q3","value":"59176","year":"2001","month":"","quarter":"Q3","sourceDataset":"CSDB2","updateDate":"2016-01-27T15:25:46.211Z"},{"date":"2001 Q4","value":"59239","year":"2001","month":"","quarter":"Q4","sourceDataset":"CSDB2","updateDate":"2016-01-27T15:25:46.211Z"},{"date":"2002 Q1","value":"59303","year":"2002","month":"","quarter":"Q1","sourceDataset":"CSDB2","updateDate":"2016-01-27T15:25:46.211Z"},{"date":"2002 Q2","value":"59366","year":"2002","month":"","quarter":"Q2","sourceDataset":"CSDB2","updateDate":"2016-01-27T15:25:46.211Z"},{"date":"2002 Q3","value":"59433","year":"2002","month":"","quarter":"Q3","sourceDataset":"CSDB2","updateDate":"2016-01-27T15:25:46.211Z"},{"date":"2002 Q4","value":"59501","year":"2002","month":"","quarter":"Q4","sourceDataset":"CSDB2","updateDate":"2016-01-27T15:25:46.211Z"},{"date":"2003 Q1","value":"59569","year":"2003","month":"","quarter":"Q1","sourceDataset":"CSDB2","updateDate":"2016-01-27T15:25:46.211Z"},{"date":"2003 Q2","value":"59637","year":"2003","month":"","quarter":"Q2","sourceDataset":"CSDB2","updateDate":"2016-01-27T15:25:46.211Z"},{"date":"2003 Q3","value":"59715","year":"2003","month":"","quarter":"Q3","sourceDataset":"CSDB2","updateDate":"2016-01-27T15:25:46.211Z"},{"date":"2003 Q4","value":"59794","year":"2003","month":"","quarter":"Q4","sourceDataset":"CSDB2","updateDate":"2016-01-27T15:25:46.211Z"},{"date":"2004 Q1","value":"59872","year":"2004","month":"","quarter":"Q1","sourceDataset":"CSDB2","updateDate":"2016-01-27T15:25:46.211Z"},{"date":"2004 Q2","value":"59950","year":"2004","month":"","quarter":"Q2","sourceDataset":"CSDB2","updateDate":"2016-01-27T15:25:46.211Z"},{"date":"2004 Q3","value":"60066","year":"2004","month":"","quarter":"Q3","sourceDataset":"CSDB2","updateDate":"2016-01-27T15:25:46.211Z"},{"date":"2004 Q4","value":"60182","year":"2004","month":"","quarter":"Q4","sourceDataset":"CSDB2","updateDate":"2016-01-27T15:25:46.211Z"},{"date":"2005 Q1","value":"60298","year":"2005","month":"","quarter":"Q1","sourceDataset":"CSDB2","updateDate":"2016-01-27T15:25:46.211Z"},{"date":"2005 Q2","value":"60413","year":"2005","month":"","quarter":"Q2","sourceDataset":"CSDB2","updateDate":"2016-01-27T15:25:46.211Z"},{"date":"2005 Q3","value":"60517","year":"2005","month":"","quarter":"Q3","sourceDataset":"CSDB2","updateDate":"2016-01-27T15:25:46.211Z"},{"date":"2005 Q4","value":"60620","year":"2005","month":"","quarter":"Q4","sourceDataset":"CSDB2","updateDate":"2016-01-27T15:25:46.211Z"},{"date":"2006 Q1","value":"60724","year":"2006","month":"","quarter":"Q1","sourceDataset":"CSDB2","updateDate":"2016-01-27T15:25:46.211Z"},{"date":"2006 Q2","value":"60827","year":"2006","month":"","quarter":"Q2","sourceDataset":"CSDB2","updateDate":"2016-01-27T15:25:46.211Z"},{"date":"2006 Q3","value":"60950","year":"2006","month":"","quarter":"Q3","sourceDataset":"CSDB2","updateDate":"2016-01-27T15:25:46.211Z"},{"date":"2006 Q4","value":"61073","year":"2006","month":"","quarter":"Q4","sourceDataset":"CSDB2","updateDate":"2016-01-27T15:25:46.211Z"},{"date":"2007 Q1","value":"61196","year":"2007","month":"","quarter":"Q1","sourceDataset":"CSDB2","updateDate":"2016-01-27T15:25:46.211Z"},{"date":"2007 Q2","value":"61319","year":"2007","month":"","quarter":"Q2","sourceDataset":"CSDB2","updateDate":"2016-01-27T15:25:46.211Z"},{"date":"2007 Q3","value":"61445","year":"2007","month":"","quarter":"Q3","sourceDataset":"CSDB2","updateDate":"2016-01-27T15:25:46.211Z"},{"date":"2007 Q4","value":"61571","year":"2007","month":"","quarter":"Q4","sourceDataset":"CSDB2","updateDate":"2016-01-27T15:25:46.211Z"},{"date":"2008 Q1","value":"61698","year":"2008","month":"","quarter":"Q1","sourceDataset":"CSDB2","updateDate":"2016-01-27T15:25:46.211Z"},{"date":"2008 Q2","value":"61824","year":"2008","month":"","quarter":"Q2","sourceDataset":"CSDB2","updateDate":"2016-01-27T15:25:46.211Z"},{"date":"2008 Q3","value":"61933","year":"2008","month":"","quarter":"Q3","sourceDataset":"CSDB2","updateDate":"2016-01-27T15:25:46.211Z"},{"date":"2008 Q4","value":"62042","year":"2008","month":"","quarter":"Q4","sourceDataset":"CSDB2","updateDate":"2016-01-27T15:25:46.211Z"},{"date":"2009 Q1","value":"62151","year":"2009","month":"","quarter":"Q1","sourceDataset":"CSDB2","updateDate":"2016-01-27T15:25:46.211Z"},{"date":"2009 Q2","value":"62260","year":"2009","month":"","quarter":"Q2","sourceDataset":"CSDB2","updateDate":"2016-01-27T15:25:46.211Z"},{"date":"2009 Q3","value":"62385","year":"2009","month":"","quarter":"Q3","sourceDataset":"CSDB2","updateDate":"2016-01-27T15:25:46.211Z"},{"date":"2009 Q4","value":"62510","year":"2009","month":"","quarter":"Q4","sourceDataset":"CSDB2","updateDate":"2016-01-27T15:25:46.211Z"},{"date":"2010 Q1","value":"62635","year":"2010","month":"","quarter":"Q1","sourceDataset":"CSDB2","updateDate":"2016-01-27T15:25:46.211Z"},{"date":"2010 Q2","value":"62759","year":"2010","month":"","quarter":"Q2","sourceDataset":"CSDB2","updateDate":"2016-01-27T15:25:46.211Z"},{"date":"2010 Q3","value":"62891","year":"2010","month":"","quarter":"Q3","sourceDataset":"CSDB2","updateDate":"2016-01-27T15:25:46.211Z"},{"date":"2010 Q4","value":"63022","year":"2010","month":"","quarter":"Q4","sourceDataset":"CSDB2","updateDate":"2016-01-27T15:25:46.211Z"},{"date":"2011 Q1","value":"63154","year":"2011","month":"","quarter":"Q1","sourceDataset":"CSDB2","updateDate":"2016-01-27T15:25:46.211Z"},{"date":"2011 Q2","value":"63285","year":"2011","month":"","quarter":"Q2","sourceDataset":"CSDB2","updateDate":"2016-01-27T15:25:46.211Z"},{"date":"2011 Q3","value":"63390","year":"2011","month":"","quarter":"Q3","sourceDataset":"CSDB2","updateDate":"2016-01-27T15:25:46.211Z"},{"date":"2011 Q4","value":"63495","year":"2011","month":"","quarter":"Q4","sourceDataset":"CSDB2","updateDate":"2016-01-27T15:25:46.211Z"},{"date":"2012 Q1","value":"63600","year":"2012","month":"","quarter":"Q1","sourceDataset":"CSDB2","updateDate":"2016-01-27T15:25:46.211Z"},{"date":"2012 Q2","value":"63705","year":"2012","month":"","quarter":"Q2","sourceDataset":"CSDB2","updateDate":"2016-01-27T15:25:46.211Z"},{"date":"2012 Q3","value":"63805","year":"2012","month":"","quarter":"Q3","sourceDataset":"CSDB2","updateDate":"2016-01-27T15:25:46.211Z"},{"date":"2012 Q4","value":"63905","year":"2012","month":"","quarter":"Q4","sourceDataset":"CSDB2","updateDate":"2016-01-27T15:25:46.211Z"},{"date":"2013 Q1","value":"64005","year":"2013","month":"","quarter":"Q1","sourceDataset":"CSDB2","updateDate":"2016-01-27T15:25:46.211Z"},{"date":"2013 Q2","value":"64106","year":"2013","month":"","quarter":"Q2","sourceDataset":"CSDB2","updateDate":"2016-01-27T15:25:46.211Z"},{"date":"2013 Q3","value":"64228","year":"2013","month":"","quarter":"Q3","sourceDataset":"CSDB2","updateDate":"2016-01-27T15:25:46.211Z"},{"date":"2013 Q4","value":"64351","year":"2013","month":"","quarter":"Q4","sourceDataset":"CSDB2","updateDate":"2016-01-27T15:25:46.211Z"},{"date":"2014 Q1","value":"64474","year":"2014","month":"","quarter":"Q1","sourceDataset":"CSDB2","updateDate":"2016-01-27T15:25:46.211Z"},{"date":"2014 Q2","value":"64597","year":"2014","month":"","quarter":"Q2","sourceDataset":"CSDB2","updateDate":"2016-01-27T15:25:46.211Z"},{"date":"2014 Q3","value":"64722","year":"2014","month":"","quarter":"Q3","sourceDataset":"CSDB2","updateDate":"2016-01-27T15:25:46.211Z"},{"date":"2014 Q4","value":"64847","year":"2014","month":"","quarter":"Q4","sourceDataset":"CSDB2","updateDate":"2016-01-27T15:25:46.211Z"},{"date":"2015 Q1","value":"64972","year":"2015","month":"","quarter":"Q1","sourceDataset":"CSDB2","updateDate":"2016-01-27T15:25:46.211Z"},{"date":"2015 Q2","value":"65097","year":"2015","month":"","quarter":"Q2","sourceDataset":"CSDB2","updateDate":"2016-01-27T15:25:46.211Z"},{"date":"2015 Q3","value":"65216","year":"2015","month":"","quarter":"Q3","sourceDataset":"CSDB2","updateDate":"2016-01-27T15:25:46.211Z"}],"months":[],"sourceDatasets":["CSDB2"],"relatedDatasets":[{"uri":"/economy/environmentalaccounts/datasets/asdasdasdasdsadqwdeqweqe/2046"}],"relatedDocuments":[],"type":"timeseries","description":{"title":"UK resident population: mid-year estimates (Qtly data interpolated)     ","contact":{"email":"","name":"","telephone":""},"releaseDate":"2016-01-27T00:00:00.000Z","nextRelease":"","cdid":"EBAQ","unit":"","preUnit":"","source":"","seasonalAdjustment":"NSA","date":"2015 Q3","number":"65216"}}