{"years":[{"date":"1987","value":"4247","year":"1987","month":"","quarter":"","sourceDataset":"CSDB10","updateDate":"2016-01-28T09:29:36.644Z"},{"date":"1988","value":"3887","year":"1988","month":"","quarter":"","sourceDataset":"CSDB10","updateDate":"2016-01-28T09:29:36.644Z"},{"date":"1989","value":"7112","year":"1989","month":"","quarter":"","sourceDataset":"CSDB10","updateDate":"2016-01-28T09:29:36.644Z"},{"date":"1990","value":"11130","year":"1990","month":"","quarter":"","sourceDataset":"CSDB10","updateDate":"2016-01-28T09:29:36.644Z"},{"date":"1991","value":"6682","year":"1991","month":"","quarter":"","sourceDataset":"CSDB10","updateDate":"2016-01-28T09:29:36.645Z"},{"date":"1992","value":"7664","year":"1992","month":"","quarter":"","sourceDataset":"CSDB10","updateDate":"2016-01-28T09:29:36.645Z"},{"date":"1993","value":"6612","year":"1993","month":"","quarter":"","sourceDataset":"CSDB10","updateDate":"2016-01-28T09:29:36.645Z"},{"date":"1994","value":"4395","year":"1994","month":"","quarter":"","sourceDataset":"CSDB10","updateDate":"2016-01-28T09:29:36.645Z"},{"date":"1995","value":"11979","year":"1995","month":"","quarter":"","sourceDataset":"CSDB10","updateDate":"2016-01-28T09:29:36.645Z"},{"date":"1996","value":"3652","year":"1996","month":"","quarter":"","sourceDataset":"CSDB10","updateDate":"2016-01-28T09:29:36.645Z"},{"date":"1997","value":"5905","year":"1997","month":"","quarter":"","sourceDataset":"CSDB10","updateDate":"2016-01-28T09:29:36.645Z"},{"date":"1998","value":"7213","year":"1998","month":"","quarter":"","sourceDataset":"CSDB10","updateDate":"2016-01-28T09:29:36.645Z"},{"date":"1999","value":"20989","year":"1999","month":"","quarter":"","sourceDataset":"CSDB10","updateDate":"2016-01-28T09:29:36.645Z"},{"date":"2000","value":"48340","year":"2000","month":"","quarter":"","sourceDataset":"CSDB10","updateDate":"2016-01-28T09:29:36.645Z"},{"date":"2001","value":"20490","year":"2001","month":"","quarter":"","sourceDataset":"CSDB10","updateDate":"2016-01-28T09:29:36.645Z"},{"date":"2002","value":"11068","year":"2002","month":"","quarter":"","sourceDataset":"CSDB10","updateDate":"2016-01-28T09:29:36.645Z"},{"date":"2003","value":"4385","year":"2003","month":"","quarter":"","sourceDataset":"CSDB10","updateDate":"2016-01-28T09:29:36.645Z"},{"date":"2004","value":"6783","year":"2004","month":"","quarter":"","sourceDataset":"CSDB10","updateDate":"2016-01-28T09:29:36.645Z"},{"date":"2005","value":"21803","year":"2005","month":"","quarter":"","sourceDataset":"CSDB10","updateDate":"2016-01-28T09:29:36.645Z"},{"date":"2006","value":"16160","year":"2006","month":"","quarter":"","sourceDataset":"CSDB10","updateDate":"2016-01-28T09:29:36.645Z"},{"date":"2007","value":"41761","year":"2007","month":"","quarter":"","sourceDataset":"CSDB10","updateDate":"2016-01-28T09:29:36.645Z"},{"date":"2008","value":"32129","year":"2008","month":"","quarter":"","sourceDataset":"CSDB10","updateDate":"2016-01-28T09:29:36.645Z"},{"date":"2009","value":"32183","year":"2009","month":"","quarter":"","sourceDataset":"CSDB10","updateDate":"2016-01-28T09:29:36.645Z"},{"date":"2010","value":"20815","year":"2010","month":"","quarter":"","sourceDataset":"CSDB10","updateDate":"2016-01-28T09:29:36.645Z"},{"date":"2011","value":"23560","year":"2011","month":"","quarter":"","sourceDataset":"CSDB10","updateDate":"2016-01-28T09:29:36.645Z"},{"date":"2012","value":"36872","year":"2012","month":"","quarter":"","sourceDataset":"CSDB10","updateDate":"2016-01-28T09:29:36.645Z"},{"date":"2013","value":"26255","year":"2013","month":"","quarter":"","sourceDataset":"CSDB10","updateDate":"2016-01-28T09:29:36.645Z"},{"date":"2014","value":"17037","year":"2014","month":"","quarter":"","sourceDataset":"CSDB10","updateDate":"2016-01-28T09:29:36.645Z"}],"quarters":[{"date":"1987 Q1","value":"575","year":"1987","month":"","quarter":"Q1","sourceDataset":"CSDB10","updateDate":"2016-01-28T09:29:36.645Z"},{"date":"1987 Q2","value":"527","year":"1987","month":"","quarter":"Q2","sourceDataset":"CSDB10","updateDate":"2016-01-28T09:29:36.645Z"},{"date":"1987 Q3","value":"1002","year":"1987","month":"","quarter":"Q3","sourceDataset":"CSDB10","updateDate":"2016-01-28T09:29:36.645Z"},{"date":"1987 Q4","value":"2143","year":"1987","month":"","quarter":"Q4","sourceDataset":"CSDB10","updateDate":"2016-01-28T09:29:36.645Z"},{"date":"1988 Q1","value":"814","year":"1988","month":"","quarter":"Q1","sourceDataset":"CSDB10","updateDate":"2016-01-28T09:29:36.645Z"},{"date":"1988 Q2","value":"696","year":"1988","month":"","quarter":"Q2","sourceDataset":"CSDB10","updateDate":"2016-01-28T09:29:36.645Z"},{"date":"1988 Q3","value":"1180","year":"1988","month":"","quarter":"Q3","sourceDataset":"CSDB10","updateDate":"2016-01-28T09:29:36.645Z"},{"date":"1988 Q4","value":"1197","year":"1988","month":"","quarter":"Q4","sourceDataset":"CSDB10","updateDate":"2016-01-28T09:29:36.645Z"},{"date":"1989 Q1","value":"1194","year":"1989","month":"","quarter":"Q1","sourceDataset":"CSDB10","updateDate":"2016-01-28T09:29:36.645Z"},{"date":"1989 Q2","value":"1463","year":"1989","month":"","quarter":"Q2","sourceDataset":"CSDB10","updateDate":"2016-01-28T09:29:36.645Z"},{"date":"1989 Q3","value":"1629","year":"1989","month":"","quarter":"Q3","sourceDataset":"CSDB10","updateDate":"2016-01-28T09:29:36.645Z"},{"date":"1989 Q4","value":"2826","year":"1989","month":"","quarter":"Q4","sourceDataset":"CSDB10","updateDate":"2016-01-28T09:29:36.645Z"},{"date":"1990 Q1","value":"3594","year":"1990","month":"","quarter":"Q1","sourceDataset":"CSDB10","updateDate":"2016-01-28T09:29:36.645Z"},{"date":"1990 Q2","value":"1486","year":"1990","month":"","quarter":"Q2","sourceDataset":"CSDB10","updateDate":"2016-01-28T09:29:36.645Z"},{"date":"1990 Q3","value":"3278","year":"1990","month":"","quarter":"Q3","sourceDataset":"CSDB10","updateDate":"2016-01-28T09:29:36.645Z"},{"date":"1990 Q4","value":"2772","year":"1990","month":"","quarter":"Q4","sourceDataset":"CSDB10","updateDate":"2016-01-28T09:29:36.645Z"},{"date":"1991 Q1","value":"1384","year":"1991","month":"","quarter":"Q1","sourceDataset":"CSDB10","updateDate":"2016-01-28T09:29:36.645Z"},{"date":"1991 Q2","value":"2045","year":"1991","month":"","quarter":"Q2","sourceDataset":"CSDB10","updateDate":"2016-01-28T09:29:36.645Z"},{"date":"1991 Q3","value":"1741","year":"1991","month":"","quarter":"Q3","sourceDataset":"CSDB10","updateDate":"2016-01-28T09:29:36.645Z"},{"date":"1991 Q4","value":"1512","year":"1991","month":"","quarter":"Q4","sourceDataset":"CSDB10","updateDate":"2016-01-28T09:29:36.645Z"},{"date":"1992 Q1","value":"1577","year":"1992","month":"","quarter":"Q1","sourceDataset":"CSDB10","updateDate":"2016-01-28T09:29:36.645Z"},{"date":"1992 Q2","value":"678","year":"1992","month":"","quarter":"Q2","sourceDataset":"CSDB10","updateDate":"2016-01-28T09:29:36.645Z"},{"date":"1992 Q3","value":"2018","year":"1992","month":"","quarter":"Q3","sourceDataset":"CSDB10","updateDate":"2016-01-28T09:29:36.645Z"},{"date":"1992 Q4","value":"3391","year":"1992","month":"","quarter":"Q4","sourceDataset":"CSDB10","updateDate":"2016-01-28T09:29:36.645Z"},{"date":"1993 Q1","value":"2011","year":"1993","month":"","quarter":"Q1","sourceDataset":"CSDB10","updateDate":"2016-01-28T09:29:36.645Z"},{"date":"1993 Q2","value":"2139","year":"1993","month":"","quarter":"Q2","sourceDataset":"CSDB10","updateDate":"2016-01-28T09:29:36.645Z"},{"date":"1993 Q3","value":"1114","year":"1993","month":"","quarter":"Q3","sourceDataset":"CSDB10","updateDate":"2016-01-28T09:29:36.645Z"},{"date":"1993 Q4","value":"1348","year":"1993","month":"","quarter":"Q4","sourceDataset":"CSDB10","updateDate":"2016-01-28T09:29:36.645Z"},{"date":"1994 Q1","value":"1907","year":"1994","month":"","quarter":"Q1","sourceDataset":"CSDB10","updateDate":"2016-01-28T09:29:36.645Z"},{"date":"1994 Q2","value":"586","year":"1994","month":"","quarter":"Q2","sourceDataset":"CSDB10","updateDate":"2016-01-28T09:29:36.645Z"},{"date":"1994 Q3","value":"768","year":"1994","month":"","quarter":"Q3","sourceDataset":"CSDB10","updateDate":"2016-01-28T09:29:36.645Z"},{"date":"1994 Q4","value":"1134","year":"1994","month":"","quarter":"Q4","sourceDataset":"CSDB10","updateDate":"2016-01-28T09:29:36.645Z"},{"date":"1995 Q1","value":"4246","year":"1995","month":"","quarter":"Q1","sourceDataset":"CSDB10","updateDate":"2016-01-28T09:29:36.645Z"},{"date":"1995 Q2","value":"1915","year":"1995","month":"","quarter":"Q2","sourceDataset":"CSDB10","updateDate":"2016-01-28T09:29:36.645Z"},{"date":"1995 Q3","value":"2594","year":"1995","month":"","quarter":"Q3","sourceDataset":"CSDB10","updateDate":"2016-01-28T09:29:36.645Z"},{"date":"1995 Q4","value":"3224","year":"1995","month":"","quarter":"Q4","sourceDataset":"CSDB10","updateDate":"2016-01-28T09:29:36.645Z"},{"date":"1996 Q1","value":"484","year":"1996","month":"","quarter":"Q1","sourceDataset":"CSDB10","updateDate":"2016-01-28T09:29:36.645Z"},{"date":"1996 Q2","value":"469","year":"1996","month":"","quarter":"Q2","sourceDataset":"CSDB10","updateDate":"2016-01-28T09:29:36.645Z"},{"date":"1996 Q3","value":"1202","year":"1996","month":"","quarter":"Q3","sourceDataset":"CSDB10","updateDate":"2016-01-28T09:29:36.645Z"},{"date":"1996 Q4","value":"1497","year":"1996","month":"","quarter":"Q4","sourceDataset":"CSDB10","updateDate":"2016-01-28T09:29:36.645Z"},{"date":"1997 Q1","value":"1662","year":"1997","month":"","quarter":"Q1","sourceDataset":"CSDB10","updateDate":"2016-01-28T09:29:36.645Z"},{"date":"1997 Q2","value":"1077","year":"1997","month":"","quarter":"Q2","sourceDataset":"CSDB10","updateDate":"2016-01-28T09:29:36.645Z"},{"date":"1997 Q3","value":"1632","year":"1997","month":"","quarter":"Q3","sourceDataset":"CSDB10","updateDate":"2016-01-28T09:29:36.645Z"},{"date":"1997 Q4","value":"1534","year":"1997","month":"","quarter":"Q4","sourceDataset":"CSDB10","updateDate":"2016-01-28T09:29:36.645Z"},{"date":"1998 Q1","value":"1131","year":"1998","month":"","quarter":"Q1","sourceDataset":"CSDB10","updateDate":"2016-01-28T09:29:36.645Z"},{"date":"1998 Q2","value":"1427","year":"1998","month":"","quarter":"Q2","sourceDataset":"CSDB10","updateDate":"2016-01-28T09:29:36.645Z"},{"date":"1998 Q3","value":"2659","year":"1998","month":"","quarter":"Q3","sourceDataset":"CSDB10","updateDate":"2016-01-28T09:29:36.645Z"},{"date":"1998 Q4","value":"1996","year":"1998","month":"","quarter":"Q4","sourceDataset":"CSDB10","updateDate":"2016-01-28T09:29:36.645Z"},{"date":"1999 Q1","value":"3278","year":"1999","month":"","quarter":"Q1","sourceDataset":"CSDB10","updateDate":"2016-01-28T09:29:36.645Z"},{"date":"1999 Q2","value":"945","year":"1999","month":"","quarter":"Q2","sourceDataset":"CSDB10","updateDate":"2016-01-28T09:29:36.645Z"},{"date":"1999 Q3","value":"2257","year":"1999","month":"","quarter":"Q3","sourceDataset":"CSDB10","updateDate":"2016-01-28T09:29:36.645Z"},{"date":"1999 Q4","value":"14509","year":"1999","month":"","quarter":"Q4","sourceDataset":"CSDB10","updateDate":"2016-01-28T09:29:36.645Z"},{"date":"2000 Q1","value":"4772","year":"2000","month":"","quarter":"Q1","sourceDataset":"CSDB10","updateDate":"2016-01-28T09:29:36.645Z"},{"date":"2000 Q2","value":"5599","year":"2000","month":"","quarter":"Q2","sourceDataset":"CSDB10","updateDate":"2016-01-28T09:29:36.645Z"},{"date":"2000 Q3","value":"35706","year":"2000","month":"","quarter":"Q3","sourceDataset":"CSDB10","updateDate":"2016-01-28T09:29:36.645Z"},{"date":"2000 Q4","value":"2263","year":"2000","month":"","quarter":"Q4","sourceDataset":"CSDB10","updateDate":"2016-01-28T09:29:36.645Z"},{"date":"2001 Q1","value":"8133","year":"2001","month":"","quarter":"Q1","sourceDataset":"CSDB10","updateDate":"2016-01-28T09:29:36.645Z"},{"date":"2001 Q2","value":"6251","year":"2001","month":"","quarter":"Q2","sourceDataset":"CSDB10","updateDate":"2016-01-28T09:29:36.645Z"},{"date":"2001 Q3","value":"2426","year":"2001","month":"","quarter":"Q3","sourceDataset":"CSDB10","updateDate":"2016-01-28T09:29:36.645Z"},{"date":"2001 Q4","value":"3680","year":"2001","month":"","quarter":"Q4","sourceDataset":"CSDB10","updateDate":"2016-01-28T09:29:36.645Z"},{"date":"2002 Q1","value":"1784","year":"2002","month":"","quarter":"Q1","sourceDataset":"CSDB10","updateDate":"2016-01-28T09:29:36.645Z"},{"date":"2002 Q2","value":"4947","year":"2002","month":"","quarter":"Q2","sourceDataset":"CSDB10","updateDate":"2016-01-28T09:29:36.645Z"},{"date":"2002 Q3","value":"2235","year":"2002","month":"","quarter":"Q3","sourceDataset":"CSDB10","updateDate":"2016-01-28T09:29:36.645Z"},{"date":"2002 Q4","value":"2102","year":"2002","month":"","quarter":"Q4","sourceDataset":"CSDB10","updateDate":"2016-01-28T09:29:36.645Z"},{"date":"2003 Q1","value":"823","year":"2003","month":"","quarter":"Q1","sourceDataset":"CSDB10","updateDate":"2016-01-28T09:29:36.645Z"},{"date":"2003 Q2","value":"1301","year":"2003","month":"","quarter":"Q2","sourceDataset":"CSDB10","updateDate":"2016-01-28T09:29:36.645Z"},{"date":"2003 Q3","value":"460","year":"2003","month":"","quarter":"Q3","sourceDataset":"CSDB10","updateDate":"2016-01-28T09:29:36.645Z"},{"date":"2003 Q4","value":"1801","year":"2003","month":"","quarter":"Q4","sourceDataset":"CSDB10","updateDate":"2016-01-28T09:29:36.645Z"},{"date":"2004 Q1","value":"1133","year":"2004","month":"","quarter":"Q1","sourceDataset":"CSDB10","updateDate":"2016-01-28T09:29:36.645Z"},{"date":"2004 Q2","value":"1510","year":"2004","month":"","quarter":"Q2","sourceDataset":"CSDB10","updateDate":"2016-01-28T09:29:36.645Z"},{"date":"2004 Q3","value":"1463","year":"2004","month":"","quarter":"Q3","sourceDataset":"CSDB10","updateDate":"2016-01-28T09:29:36.645Z"},{"date":"2004 Q4","value":"2677","year":"2004","month":"","quarter":"Q4","sourceDataset":"CSDB10","updateDate":"2016-01-28T09:29:36.645Z"},{"date":"2005 Q1","value":"4306","year":"2005","month":"","quarter":"Q1","sourceDataset":"CSDB10","updateDate":"2016-01-28T09:29:36.645Z"},{"date":"2005 Q2","value":"2388","year":"2005","month":"","quarter":"Q2","sourceDataset":"CSDB10","updateDate":"2016-01-28T09:29:36.645Z"},{"date":"2005 Q3","value":"12516","year":"2005","month":"","quarter":"Q3","sourceDataset":"CSDB10","updateDate":"2016-01-28T09:29:36.645Z"},{"date":"2005 Q4","value":"2593","year":"2005","month":"","quarter":"Q4","sourceDataset":"CSDB10","updateDate":"2016-01-28T09:29:36.645Z"},{"date":"2006 Q1","value":"2805","year":"2006","month":"","quarter":"Q1","sourceDataset":"CSDB10","updateDate":"2016-01-28T09:29:36.645Z"},{"date":"2006 Q2","value":"3875","year":"2006","month":"","quarter":"Q2","sourceDataset":"CSDB10","updateDate":"2016-01-28T09:29:36.645Z"},{"date":"2006 Q3","value":"2702","year":"2006","month":"","quarter":"Q3","sourceDataset":"CSDB10","updateDate":"2016-01-28T09:29:36.645Z"},{"date":"2006 Q4","value":"6778","year":"2006","month":"","quarter":"Q4","sourceDataset":"CSDB10","updateDate":"2016-01-28T09:29:36.645Z"},{"date":"2007 Q1","value":"5781","year":"2007","month":"","quarter":"Q1","sourceDataset":"CSDB10","updateDate":"2016-01-28T09:29:36.645Z"},{"date":"2007 Q2","value":"1395","year":"2007","month":"","quarter":"Q2","sourceDataset":"CSDB10","updateDate":"2016-01-28T09:29:36.645Z"},{"date":"2007 Q3","value":"5032","year":"2007","month":"","quarter":"Q3","sourceDataset":"CSDB10","updateDate":"2016-01-28T09:29:36.645Z"},{"date":"2007 Q4","value":"29553","year":"2007","month":"","quarter":"Q4","sourceDataset":"CSDB10","updateDate":"2016-01-28T09:29:36.645Z"},{"date":"2008 Q1","value":"20449","year":"2008","month":"","quarter":"Q1","sourceDataset":"CSDB10","updateDate":"2016-01-28T09:29:36.645Z"},{"date":"2008 Q2","value":"4036","year":"2008","month":"","quarter":"Q2","sourceDataset":"CSDB10","updateDate":"2016-01-28T09:29:36.645Z"},{"date":"2008 Q3","value":"3120","year":"2008","month":"","quarter":"Q3","sourceDataset":"CSDB10","updateDate":"2016-01-28T09:29:36.645Z"},{"date":"2008 Q4","value":"4524","year":"2008","month":"","quarter":"Q4","sourceDataset":"CSDB10","updateDate":"2016-01-28T09:29:36.645Z"},{"date":"2009 Q1","value":"5350","year":"2009","month":"","quarter":"Q1","sourceDataset":"CSDB10","updateDate":"2016-01-28T09:29:36.645Z"},{"date":"2009 Q2","value":"3022","year":"2009","month":"","quarter":"Q2","sourceDataset":"CSDB10","updateDate":"2016-01-28T09:29:36.645Z"},{"date":"2009 Q3","value":"6625","year":"2009","month":"","quarter":"Q3","sourceDataset":"CSDB10","updateDate":"2016-01-28T09:29:36.645Z"},{"date":"2009 Q4","value":"17186","year":"2009","month":"","quarter":"Q4","sourceDataset":"CSDB10","updateDate":"2016-01-28T09:29:36.645Z"},{"date":"2010 Q1","value":"2412","year":"2010","month":"","quarter":"Q1","sourceDataset":"CSDB10","updateDate":"2016-01-28T09:29:36.645Z"},{"date":"2010 Q2","value":"2656","year":"2010","month":"","quarter":"Q2","sourceDataset":"CSDB10","updateDate":"2016-01-28T09:29:36.645Z"},{"date":"2010 Q3","value":"7172","year":"2010","month":"","quarter":"Q3","sourceDataset":"CSDB10","updateDate":"2016-01-28T09:29:36.645Z"},{"date":"2010 Q4","value":"8575","year":"2010","month":"","quarter":"Q4","sourceDataset":"CSDB10","updateDate":"2016-01-28T09:29:36.645Z"},{"date":"2011 Q1","value":"10482","year":"2011","month":"","quarter":"Q1","sourceDataset":"CSDB10","updateDate":"2016-01-28T09:29:36.645Z"},{"date":"2011 Q2","value":"3081","year":"2011","month":"","quarter":"Q2","sourceDataset":"CSDB10","updateDate":"2016-01-28T09:29:36.645Z"},{"date":"2011 Q3","value":"3297","year":"2011","month":"","quarter":"Q3","sourceDataset":"CSDB10","updateDate":"2016-01-28T09:29:36.645Z"},{"date":"2011 Q4","value":"6700","year":"2011","month":"","quarter":"Q4","sourceDataset":"CSDB10","updateDate":"2016-01-28T09:29:36.645Z"},{"date":"2012 Q1","value":"13406","year":"2012","month":"","quarter":"Q1","sourceDataset":"CSDB10","updateDate":"2016-01-28T09:29:36.645Z"},{"date":"2012 Q2","value":"5370","year":"2012","month":"","quarter":"Q2","sourceDataset":"CSDB10","updateDate":"2016-01-28T09:29:36.645Z"},{"date":"2012 Q3","value":"10133","year":"2012","month":"","quarter":"Q3","sourceDataset":"CSDB10","updateDate":"2016-01-28T09:29:36.645Z"},{"date":"2012 Q4","value":"7963","year":"2012","month":"","quarter":"Q4","sourceDataset":"CSDB10","updateDate":"2016-01-28T09:29:36.645Z"},{"date":"2013 Q1","value":"3624","year":"2013","month":"","quarter":"Q1","sourceDataset":"CSDB10","updateDate":"2016-01-28T09:29:36.645Z"},{"date":"2013 Q2","value":"4386","year":"2013","month":"","quarter":"Q2","sourceDataset":"CSDB10","updateDate":"2016-01-28T09:29:36.645Z"},{"date":"2013 Q3","value":"6276","year":"2013","month":"","quarter":"Q3","sourceDataset":"CSDB10","updateDate":"2016-01-28T09:29:36.645Z"},{"date":"2013 Q4","value":"11969","year":"2013","month":"","quarter":"Q4","sourceDataset":"CSDB10","updateDate":"2016-01-28T09:29:36.645Z"},{"date":"2014 Q1","value":"5929","year":"2014","month":"","quarter":"Q1","sourceDataset":"CSDB10","updateDate":"2016-01-28T09:29:36.645Z"},{"date":"2014 Q2","value":"2679","year":"2014","month":"","quarter":"Q2","sourceDataset":"CSDB10","updateDate":"2016-01-28T09:29:36.645Z"},{"date":"2014 Q3","value":"3096","year":"2014","month":"","quarter":"Q3","sourceDataset":"CSDB10","updateDate":"2016-01-28T09:29:36.645Z"},{"date":"2014 Q4","value":"5333","year":"2014","month":"","quarter":"Q4","sourceDataset":"CSDB10","updateDate":"2016-01-28T09:29:36.645Z"},{"date":"2015 Q1","value":"5381","year":"2015","month":"","quarter":"Q1","sourceDataset":"CSDB10","updateDate":"2016-01-28T09:29:36.645Z"},{"date":"2015 Q2","value":"6649","year":"2015","month":"","quarter":"Q2","sourceDataset":"CSDB10","updateDate":"2016-01-28T09:29:36.645Z"},{"date":"2015 Q3","value":"9674","year":"2015","month":"","quarter":"Q3","sourceDataset":"CSDB10","updateDate":"2016-01-28T09:29:36.645Z"}],"months":[],"sourceDatasets":["CSDB10"],"relatedDatasets":[{"uri":"/economy/environmentalaccounts/datasets/werwerwerwerwerwr/2015"}],"relatedDocuments":[],"type":"timeseries","description":{"title":"FDI : Inward : Total NFC \u0026 FCs : Purchases of Unquoted Ordinary Shares : nsa: £m","contact":{"email":"","name":"","telephone":""},"releaseDate":"2016-01-27T00:00:00.000Z","nextRelease":"","cdid":"CYGA","unit":"","preUnit":"","source":"","seasonalAdjustment":"NSA","date":"2015 Q3","number":"9674"}}