{"years":[{"date":"1948","value":"2463","year":"1948","month":"","quarter":"","sourceDataset":"CSDB10","updateDate":"2016-01-28T09:29:38.226Z"},{"date":"1949","value":"2752","year":"1949","month":"","quarter":"","sourceDataset":"CSDB10","updateDate":"2016-01-28T09:29:38.226Z"},{"date":"1950","value":"2796","year":"1950","month":"","quarter":"","sourceDataset":"CSDB10","updateDate":"2016-01-28T09:29:38.226Z"},{"date":"1951","value":"3237","year":"1951","month":"","quarter":"","sourceDataset":"CSDB10","updateDate":"2016-01-28T09:29:38.226Z"},{"date":"1952","value":"3764","year":"1952","month":"","quarter":"","sourceDataset":"CSDB10","updateDate":"2016-01-28T09:29:38.226Z"},{"date":"1953","value":"4091","year":"1953","month":"","quarter":"","sourceDataset":"CSDB10","updateDate":"2016-01-28T09:29:38.226Z"},{"date":"1954","value":"4317","year":"1954","month":"","quarter":"","sourceDataset":"CSDB10","updateDate":"2016-01-28T09:29:38.226Z"},{"date":"1955","value":"4635","year":"1955","month":"","quarter":"","sourceDataset":"CSDB10","updateDate":"2016-01-28T09:29:38.226Z"},{"date":"1956","value":"4967","year":"1956","month":"","quarter":"","sourceDataset":"CSDB10","updateDate":"2016-01-28T09:29:38.226Z"},{"date":"1957","value":"5290","year":"1957","month":"","quarter":"","sourceDataset":"CSDB10","updateDate":"2016-01-28T09:29:38.226Z"},{"date":"1958","value":"5783","year":"1958","month":"","quarter":"","sourceDataset":"CSDB10","updateDate":"2016-01-28T09:29:38.226Z"},{"date":"1959","value":"6139","year":"1959","month":"","quarter":"","sourceDataset":"CSDB10","updateDate":"2016-01-28T09:29:38.226Z"},{"date":"1960","value":"7114","year":"1960","month":"","quarter":"","sourceDataset":"CSDB10","updateDate":"2016-01-28T09:29:38.226Z"},{"date":"1961","value":"7213","year":"1961","month":"","quarter":"","sourceDataset":"CSDB10","updateDate":"2016-01-28T09:29:38.226Z"},{"date":"1962","value":"7470","year":"1962","month":"","quarter":"","sourceDataset":"CSDB10","updateDate":"2016-01-28T09:29:38.226Z"},{"date":"1963","value":"7643","year":"1963","month":"","quarter":"","sourceDataset":"CSDB10","updateDate":"2016-01-28T09:29:38.226Z"},{"date":"1964","value":"8370","year":"1964","month":"","quarter":"","sourceDataset":"CSDB10","updateDate":"2016-01-28T09:29:38.226Z"},{"date":"1965","value":"8897","year":"1965","month":"","quarter":"","sourceDataset":"CSDB10","updateDate":"2016-01-28T09:29:38.227Z"},{"date":"1966","value":"9073","year":"1966","month":"","quarter":"","sourceDataset":"CSDB10","updateDate":"2016-01-28T09:29:38.227Z"},{"date":"1967","value":"9590","year":"1967","month":"","quarter":"","sourceDataset":"CSDB10","updateDate":"2016-01-28T09:29:38.227Z"},{"date":"1968","value":"10837","year":"1968","month":"","quarter":"","sourceDataset":"CSDB10","updateDate":"2016-01-28T09:29:38.227Z"},{"date":"1969","value":"12037","year":"1969","month":"","quarter":"","sourceDataset":"CSDB10","updateDate":"2016-01-28T09:29:38.227Z"},{"date":"1970","value":"13728","year":"1970","month":"","quarter":"","sourceDataset":"CSDB10","updateDate":"2016-01-28T09:29:38.227Z"},{"date":"1971","value":"15866","year":"1971","month":"","quarter":"","sourceDataset":"CSDB10","updateDate":"2016-01-28T09:29:38.227Z"},{"date":"1972","value":"18288","year":"1972","month":"","quarter":"","sourceDataset":"CSDB10","updateDate":"2016-01-28T09:29:38.227Z"},{"date":"1973","value":"21350","year":"1973","month":"","quarter":"","sourceDataset":"CSDB10","updateDate":"2016-01-28T09:29:38.227Z"},{"date":"1974","value":"21072","year":"1974","month":"","quarter":"","sourceDataset":"CSDB10","updateDate":"2016-01-28T09:29:38.227Z"},{"date":"1975","value":"23313","year":"1975","month":"","quarter":"","sourceDataset":"CSDB10","updateDate":"2016-01-28T09:29:38.227Z"},{"date":"1976","value":"28788","year":"1976","month":"","quarter":"","sourceDataset":"CSDB10","updateDate":"2016-01-28T09:29:38.227Z"},{"date":"1977","value":"39161","year":"1977","month":"","quarter":"","sourceDataset":"CSDB10","updateDate":"2016-01-28T09:29:38.227Z"},{"date":"1978","value":"47034","year":"1978","month":"","quarter":"","sourceDataset":"CSDB10","updateDate":"2016-01-28T09:29:38.227Z"},{"date":"1979","value":"55843","year":"1979","month":"","quarter":"","sourceDataset":"CSDB10","updateDate":"2016-01-28T09:29:38.227Z"},{"date":"1980","value":"63041","year":"1980","month":"","quarter":"","sourceDataset":"CSDB10","updateDate":"2016-01-28T09:29:38.227Z"},{"date":"1981","value":"70955","year":"1981","month":"","quarter":"","sourceDataset":"CSDB10","updateDate":"2016-01-28T09:29:38.227Z"},{"date":"1982","value":"82398","year":"1982","month":"","quarter":"","sourceDataset":"CSDB10","updateDate":"2016-01-28T09:29:38.227Z"},{"date":"1983","value":"96053","year":"1983","month":"","quarter":"","sourceDataset":"CSDB10","updateDate":"2016-01-28T09:29:38.227Z"},{"date":"1984","value":"103019","year":"1984","month":"","quarter":"","sourceDataset":"CSDB10","updateDate":"2016-01-28T09:29:38.227Z"},{"date":"1985","value":"118131","year":"1985","month":"","quarter":"","sourceDataset":"CSDB10","updateDate":"2016-01-28T09:29:38.227Z"},{"date":"1986","value":"123035","year":"1986","month":"","quarter":"","sourceDataset":"CSDB10","updateDate":"2016-01-28T09:29:38.227Z"},{"date":"1987","value":"142941","year":"1987","month":"","quarter":"","sourceDataset":"CSDB10","updateDate":"2016-01-28T09:29:38.227Z"},{"date":"1988","value":"163152","year":"1988","month":"","quarter":"","sourceDataset":"CSDB10","updateDate":"2016-01-28T09:29:38.227Z"},{"date":"1989","value":"181988","year":"1989","month":"","quarter":"","sourceDataset":"CSDB10","updateDate":"2016-01-28T09:29:38.227Z"},{"date":"1990","value":"192860","year":"1990","month":"","quarter":"","sourceDataset":"CSDB10","updateDate":"2016-01-28T09:29:38.227Z"},{"date":"1991","value":"196031","year":"1991","month":"","quarter":"","sourceDataset":"CSDB10","updateDate":"2016-01-28T09:29:38.227Z"},{"date":"1992","value":"201632","year":"1992","month":"","quarter":"","sourceDataset":"CSDB10","updateDate":"2016-01-28T09:29:38.227Z"},{"date":"1993","value":"222025","year":"1993","month":"","quarter":"","sourceDataset":"CSDB10","updateDate":"2016-01-28T09:29:38.227Z"},{"date":"1994","value":"240624","year":"1994","month":"","quarter":"","sourceDataset":"CSDB10","updateDate":"2016-01-28T09:29:38.227Z"},{"date":"1995","value":"251488","year":"1995","month":"","quarter":"","sourceDataset":"CSDB10","updateDate":"2016-01-28T09:29:38.227Z"},{"date":"1996","value":"277816","year":"1996","month":"","quarter":"","sourceDataset":"CSDB10","updateDate":"2016-01-28T09:29:38.227Z"},{"date":"1997","value":"288659","year":"1997","month":"","quarter":"","sourceDataset":"CSDB10","updateDate":"2016-01-28T09:29:38.227Z"},{"date":"1998","value":"289724","year":"1998","month":"","quarter":"","sourceDataset":"CSDB10","updateDate":"2016-01-28T09:29:38.227Z"},{"date":"1999","value":"286716","year":"1999","month":"","quarter":"","sourceDataset":"CSDB10","updateDate":"2016-01-28T09:29:38.227Z"},{"date":"2000","value":"297974","year":"2000","month":"","quarter":"","sourceDataset":"CSDB10","updateDate":"2016-01-28T09:29:38.227Z"},{"date":"2001","value":"295747","year":"2001","month":"","quarter":"","sourceDataset":"CSDB10","updateDate":"2016-01-28T09:29:38.227Z"},{"date":"2002","value":"319821","year":"2002","month":"","quarter":"","sourceDataset":"CSDB10","updateDate":"2016-01-28T09:29:38.227Z"},{"date":"2003","value":"347344","year":"2003","month":"","quarter":"","sourceDataset":"CSDB10","updateDate":"2016-01-28T09:29:38.227Z"},{"date":"2004","value":"368825","year":"2004","month":"","quarter":"","sourceDataset":"CSDB10","updateDate":"2016-01-28T09:29:38.227Z"},{"date":"2005","value":"403540","year":"2005","month":"","quarter":"","sourceDataset":"CSDB10","updateDate":"2016-01-28T09:29:38.227Z"},{"date":"2006","value":"420598","year":"2006","month":"","quarter":"","sourceDataset":"CSDB10","updateDate":"2016-01-28T09:29:38.227Z"},{"date":"2007","value":"445992","year":"2007","month":"","quarter":"","sourceDataset":"CSDB10","updateDate":"2016-01-28T09:29:38.227Z"},{"date":"2008","value":"464759","year":"2008","month":"","quarter":"","sourceDataset":"CSDB10","updateDate":"2016-01-28T09:29:38.227Z"},{"date":"2009","value":"438282","year":"2009","month":"","quarter":"","sourceDataset":"CSDB10","updateDate":"2016-01-28T09:29:38.227Z"},{"date":"2010","value":"458949","year":"2010","month":"","quarter":"","sourceDataset":"CSDB10","updateDate":"2016-01-28T09:29:38.227Z"},{"date":"2011","value":"491907","year":"2011","month":"","quarter":"","sourceDataset":"CSDB10","updateDate":"2016-01-28T09:29:38.227Z"},{"date":"2012","value":"504642","year":"2012","month":"","quarter":"","sourceDataset":"CSDB10","updateDate":"2016-01-28T09:29:38.227Z"},{"date":"2013","value":"539940","year":"2013","month":"","quarter":"","sourceDataset":"CSDB10","updateDate":"2016-01-28T09:29:38.227Z"},{"date":"2014","value":"577689","year":"2014","month":"","quarter":"","sourceDataset":"CSDB10","updateDate":"2016-01-28T09:29:38.227Z"}],"quarters":[{"date":"1955 Q1","value":"1119","year":"1955","month":"","quarter":"Q1","sourceDataset":"CSDB10","updateDate":"2016-01-28T09:29:38.227Z"},{"date":"1955 Q2","value":"1129","year":"1955","month":"","quarter":"Q2","sourceDataset":"CSDB10","updateDate":"2016-01-28T09:29:38.227Z"},{"date":"1955 Q3","value":"1182","year":"1955","month":"","quarter":"Q3","sourceDataset":"CSDB10","updateDate":"2016-01-28T09:29:38.227Z"},{"date":"1955 Q4","value":"1205","year":"1955","month":"","quarter":"Q4","sourceDataset":"CSDB10","updateDate":"2016-01-28T09:29:38.227Z"},{"date":"1956 Q1","value":"1242","year":"1956","month":"","quarter":"Q1","sourceDataset":"CSDB10","updateDate":"2016-01-28T09:29:38.227Z"},{"date":"1956 Q2","value":"1199","year":"1956","month":"","quarter":"Q2","sourceDataset":"CSDB10","updateDate":"2016-01-28T09:29:38.227Z"},{"date":"1956 Q3","value":"1241","year":"1956","month":"","quarter":"Q3","sourceDataset":"CSDB10","updateDate":"2016-01-28T09:29:38.227Z"},{"date":"1956 Q4","value":"1285","year":"1956","month":"","quarter":"Q4","sourceDataset":"CSDB10","updateDate":"2016-01-28T09:29:38.227Z"},{"date":"1957 Q1","value":"1224","year":"1957","month":"","quarter":"Q1","sourceDataset":"CSDB10","updateDate":"2016-01-28T09:29:38.227Z"},{"date":"1957 Q2","value":"1312","year":"1957","month":"","quarter":"Q2","sourceDataset":"CSDB10","updateDate":"2016-01-28T09:29:38.227Z"},{"date":"1957 Q3","value":"1327","year":"1957","month":"","quarter":"Q3","sourceDataset":"CSDB10","updateDate":"2016-01-28T09:29:38.227Z"},{"date":"1957 Q4","value":"1427","year":"1957","month":"","quarter":"Q4","sourceDataset":"CSDB10","updateDate":"2016-01-28T09:29:38.227Z"},{"date":"1958 Q1","value":"1464","year":"1958","month":"","quarter":"Q1","sourceDataset":"CSDB10","updateDate":"2016-01-28T09:29:38.227Z"},{"date":"1958 Q2","value":"1411","year":"1958","month":"","quarter":"Q2","sourceDataset":"CSDB10","updateDate":"2016-01-28T09:29:38.227Z"},{"date":"1958 Q3","value":"1450","year":"1958","month":"","quarter":"Q3","sourceDataset":"CSDB10","updateDate":"2016-01-28T09:29:38.227Z"},{"date":"1958 Q4","value":"1458","year":"1958","month":"","quarter":"Q4","sourceDataset":"CSDB10","updateDate":"2016-01-28T09:29:38.227Z"},{"date":"1959 Q1","value":"1463","year":"1959","month":"","quarter":"Q1","sourceDataset":"CSDB10","updateDate":"2016-01-28T09:29:38.227Z"},{"date":"1959 Q2","value":"1515","year":"1959","month":"","quarter":"Q2","sourceDataset":"CSDB10","updateDate":"2016-01-28T09:29:38.227Z"},{"date":"1959 Q3","value":"1544","year":"1959","month":"","quarter":"Q3","sourceDataset":"CSDB10","updateDate":"2016-01-28T09:29:38.227Z"},{"date":"1959 Q4","value":"1617","year":"1959","month":"","quarter":"Q4","sourceDataset":"CSDB10","updateDate":"2016-01-28T09:29:38.227Z"},{"date":"1960 Q1","value":"1781","year":"1960","month":"","quarter":"Q1","sourceDataset":"CSDB10","updateDate":"2016-01-28T09:29:38.227Z"},{"date":"1960 Q2","value":"1741","year":"1960","month":"","quarter":"Q2","sourceDataset":"CSDB10","updateDate":"2016-01-28T09:29:38.227Z"},{"date":"1960 Q3","value":"1773","year":"1960","month":"","quarter":"Q3","sourceDataset":"CSDB10","updateDate":"2016-01-28T09:29:38.227Z"},{"date":"1960 Q4","value":"1819","year":"1960","month":"","quarter":"Q4","sourceDataset":"CSDB10","updateDate":"2016-01-28T09:29:38.227Z"},{"date":"1961 Q1","value":"1849","year":"1961","month":"","quarter":"Q1","sourceDataset":"CSDB10","updateDate":"2016-01-28T09:29:38.227Z"},{"date":"1961 Q2","value":"1717","year":"1961","month":"","quarter":"Q2","sourceDataset":"CSDB10","updateDate":"2016-01-28T09:29:38.227Z"},{"date":"1961 Q3","value":"1939","year":"1961","month":"","quarter":"Q3","sourceDataset":"CSDB10","updateDate":"2016-01-28T09:29:38.227Z"},{"date":"1961 Q4","value":"1708","year":"1961","month":"","quarter":"Q4","sourceDataset":"CSDB10","updateDate":"2016-01-28T09:29:38.227Z"},{"date":"1962 Q1","value":"1829","year":"1962","month":"","quarter":"Q1","sourceDataset":"CSDB10","updateDate":"2016-01-28T09:29:38.227Z"},{"date":"1962 Q2","value":"1830","year":"1962","month":"","quarter":"Q2","sourceDataset":"CSDB10","updateDate":"2016-01-28T09:29:38.227Z"},{"date":"1962 Q3","value":"1890","year":"1962","month":"","quarter":"Q3","sourceDataset":"CSDB10","updateDate":"2016-01-28T09:29:38.227Z"},{"date":"1962 Q4","value":"1921","year":"1962","month":"","quarter":"Q4","sourceDataset":"CSDB10","updateDate":"2016-01-28T09:29:38.227Z"},{"date":"1963 Q1","value":"1693","year":"1963","month":"","quarter":"Q1","sourceDataset":"CSDB10","updateDate":"2016-01-28T09:29:38.227Z"},{"date":"1963 Q2","value":"1950","year":"1963","month":"","quarter":"Q2","sourceDataset":"CSDB10","updateDate":"2016-01-28T09:29:38.227Z"},{"date":"1963 Q3","value":"1943","year":"1963","month":"","quarter":"Q3","sourceDataset":"CSDB10","updateDate":"2016-01-28T09:29:38.227Z"},{"date":"1963 Q4","value":"2057","year":"1963","month":"","quarter":"Q4","sourceDataset":"CSDB10","updateDate":"2016-01-28T09:29:38.227Z"},{"date":"1964 Q1","value":"1993","year":"1964","month":"","quarter":"Q1","sourceDataset":"CSDB10","updateDate":"2016-01-28T09:29:38.227Z"},{"date":"1964 Q2","value":"2107","year":"1964","month":"","quarter":"Q2","sourceDataset":"CSDB10","updateDate":"2016-01-28T09:29:38.227Z"},{"date":"1964 Q3","value":"2142","year":"1964","month":"","quarter":"Q3","sourceDataset":"CSDB10","updateDate":"2016-01-28T09:29:38.227Z"},{"date":"1964 Q4","value":"2128","year":"1964","month":"","quarter":"Q4","sourceDataset":"CSDB10","updateDate":"2016-01-28T09:29:38.227Z"},{"date":"1965 Q1","value":"2210","year":"1965","month":"","quarter":"Q1","sourceDataset":"CSDB10","updateDate":"2016-01-28T09:29:38.227Z"},{"date":"1965 Q2","value":"2209","year":"1965","month":"","quarter":"Q2","sourceDataset":"CSDB10","updateDate":"2016-01-28T09:29:38.227Z"},{"date":"1965 Q3","value":"2240","year":"1965","month":"","quarter":"Q3","sourceDataset":"CSDB10","updateDate":"2016-01-28T09:29:38.227Z"},{"date":"1965 Q4","value":"2238","year":"1965","month":"","quarter":"Q4","sourceDataset":"CSDB10","updateDate":"2016-01-28T09:29:38.227Z"},{"date":"1966 Q1","value":"2208","year":"1966","month":"","quarter":"Q1","sourceDataset":"CSDB10","updateDate":"2016-01-28T09:29:38.227Z"},{"date":"1966 Q2","value":"2218","year":"1966","month":"","quarter":"Q2","sourceDataset":"CSDB10","updateDate":"2016-01-28T09:29:38.227Z"},{"date":"1966 Q3","value":"2351","year":"1966","month":"","quarter":"Q3","sourceDataset":"CSDB10","updateDate":"2016-01-28T09:29:38.227Z"},{"date":"1966 Q4","value":"2296","year":"1966","month":"","quarter":"Q4","sourceDataset":"CSDB10","updateDate":"2016-01-28T09:29:38.227Z"},{"date":"1967 Q1","value":"2367","year":"1967","month":"","quarter":"Q1","sourceDataset":"CSDB10","updateDate":"2016-01-28T09:29:38.227Z"},{"date":"1967 Q2","value":"2475","year":"1967","month":"","quarter":"Q2","sourceDataset":"CSDB10","updateDate":"2016-01-28T09:29:38.227Z"},{"date":"1967 Q3","value":"2325","year":"1967","month":"","quarter":"Q3","sourceDataset":"CSDB10","updateDate":"2016-01-28T09:29:38.227Z"},{"date":"1967 Q4","value":"2423","year":"1967","month":"","quarter":"Q4","sourceDataset":"CSDB10","updateDate":"2016-01-28T09:29:38.227Z"},{"date":"1968 Q1","value":"2517","year":"1968","month":"","quarter":"Q1","sourceDataset":"CSDB10","updateDate":"2016-01-28T09:29:38.227Z"},{"date":"1968 Q2","value":"2654","year":"1968","month":"","quarter":"Q2","sourceDataset":"CSDB10","updateDate":"2016-01-28T09:29:38.227Z"},{"date":"1968 Q3","value":"2835","year":"1968","month":"","quarter":"Q3","sourceDataset":"CSDB10","updateDate":"2016-01-28T09:29:38.227Z"},{"date":"1968 Q4","value":"2831","year":"1968","month":"","quarter":"Q4","sourceDataset":"CSDB10","updateDate":"2016-01-28T09:29:38.227Z"},{"date":"1969 Q1","value":"2946","year":"1969","month":"","quarter":"Q1","sourceDataset":"CSDB10","updateDate":"2016-01-28T09:29:38.227Z"},{"date":"1969 Q2","value":"2921","year":"1969","month":"","quarter":"Q2","sourceDataset":"CSDB10","updateDate":"2016-01-28T09:29:38.227Z"},{"date":"1969 Q3","value":"3025","year":"1969","month":"","quarter":"Q3","sourceDataset":"CSDB10","updateDate":"2016-01-28T09:29:38.227Z"},{"date":"1969 Q4","value":"3145","year":"1969","month":"","quarter":"Q4","sourceDataset":"CSDB10","updateDate":"2016-01-28T09:29:38.227Z"},{"date":"1970 Q1","value":"3169","year":"1970","month":"","quarter":"Q1","sourceDataset":"CSDB10","updateDate":"2016-01-28T09:29:38.227Z"},{"date":"1970 Q2","value":"3349","year":"1970","month":"","quarter":"Q2","sourceDataset":"CSDB10","updateDate":"2016-01-28T09:29:38.227Z"},{"date":"1970 Q3","value":"3455","year":"1970","month":"","quarter":"Q3","sourceDataset":"CSDB10","updateDate":"2016-01-28T09:29:38.227Z"},{"date":"1970 Q4","value":"3755","year":"1970","month":"","quarter":"Q4","sourceDataset":"CSDB10","updateDate":"2016-01-28T09:29:38.227Z"},{"date":"1971 Q1","value":"3761","year":"1971","month":"","quarter":"Q1","sourceDataset":"CSDB10","updateDate":"2016-01-28T09:29:38.227Z"},{"date":"1971 Q2","value":"3837","year":"1971","month":"","quarter":"Q2","sourceDataset":"CSDB10","updateDate":"2016-01-28T09:29:38.227Z"},{"date":"1971 Q3","value":"4055","year":"1971","month":"","quarter":"Q3","sourceDataset":"CSDB10","updateDate":"2016-01-28T09:29:38.227Z"},{"date":"1971 Q4","value":"4213","year":"1971","month":"","quarter":"Q4","sourceDataset":"CSDB10","updateDate":"2016-01-28T09:29:38.227Z"},{"date":"1972 Q1","value":"4244","year":"1972","month":"","quarter":"Q1","sourceDataset":"CSDB10","updateDate":"2016-01-28T09:29:38.227Z"},{"date":"1972 Q2","value":"4473","year":"1972","month":"","quarter":"Q2","sourceDataset":"CSDB10","updateDate":"2016-01-28T09:29:38.227Z"},{"date":"1972 Q3","value":"4614","year":"1972","month":"","quarter":"Q3","sourceDataset":"CSDB10","updateDate":"2016-01-28T09:29:38.227Z"},{"date":"1972 Q4","value":"4957","year":"1972","month":"","quarter":"Q4","sourceDataset":"CSDB10","updateDate":"2016-01-28T09:29:38.227Z"},{"date":"1973 Q1","value":"5503","year":"1973","month":"","quarter":"Q1","sourceDataset":"CSDB10","updateDate":"2016-01-28T09:29:38.227Z"},{"date":"1973 Q2","value":"5248","year":"1973","month":"","quarter":"Q2","sourceDataset":"CSDB10","updateDate":"2016-01-28T09:29:38.227Z"},{"date":"1973 Q3","value":"5176","year":"1973","month":"","quarter":"Q3","sourceDataset":"CSDB10","updateDate":"2016-01-28T09:29:38.227Z"},{"date":"1973 Q4","value":"5423","year":"1973","month":"","quarter":"Q4","sourceDataset":"CSDB10","updateDate":"2016-01-28T09:29:38.227Z"},{"date":"1974 Q1","value":"4806","year":"1974","month":"","quarter":"Q1","sourceDataset":"CSDB10","updateDate":"2016-01-28T09:29:38.227Z"},{"date":"1974 Q2","value":"5339","year":"1974","month":"","quarter":"Q2","sourceDataset":"CSDB10","updateDate":"2016-01-28T09:29:38.227Z"},{"date":"1974 Q3","value":"5471","year":"1974","month":"","quarter":"Q3","sourceDataset":"CSDB10","updateDate":"2016-01-28T09:29:38.227Z"},{"date":"1974 Q4","value":"5456","year":"1974","month":"","quarter":"Q4","sourceDataset":"CSDB10","updateDate":"2016-01-28T09:29:38.227Z"},{"date":"1975 Q1","value":"5512","year":"1975","month":"","quarter":"Q1","sourceDataset":"CSDB10","updateDate":"2016-01-28T09:29:38.227Z"},{"date":"1975 Q2","value":"5645","year":"1975","month":"","quarter":"Q2","sourceDataset":"CSDB10","updateDate":"2016-01-28T09:29:38.227Z"},{"date":"1975 Q3","value":"5686","year":"1975","month":"","quarter":"Q3","sourceDataset":"CSDB10","updateDate":"2016-01-28T09:29:38.227Z"},{"date":"1975 Q4","value":"6470","year":"1975","month":"","quarter":"Q4","sourceDataset":"CSDB10","updateDate":"2016-01-28T09:29:38.227Z"},{"date":"1976 Q1","value":"6670","year":"1976","month":"","quarter":"Q1","sourceDataset":"CSDB10","updateDate":"2016-01-28T09:29:38.227Z"},{"date":"1976 Q2","value":"6714","year":"1976","month":"","quarter":"Q2","sourceDataset":"CSDB10","updateDate":"2016-01-28T09:29:38.227Z"},{"date":"1976 Q3","value":"7142","year":"1976","month":"","quarter":"Q3","sourceDataset":"CSDB10","updateDate":"2016-01-28T09:29:38.227Z"},{"date":"1976 Q4","value":"8262","year":"1976","month":"","quarter":"Q4","sourceDataset":"CSDB10","updateDate":"2016-01-28T09:29:38.227Z"},{"date":"1977 Q1","value":"9072","year":"1977","month":"","quarter":"Q1","sourceDataset":"CSDB10","updateDate":"2016-01-28T09:29:38.227Z"},{"date":"1977 Q2","value":"9567","year":"1977","month":"","quarter":"Q2","sourceDataset":"CSDB10","updateDate":"2016-01-28T09:29:38.227Z"},{"date":"1977 Q3","value":"10002","year":"1977","month":"","quarter":"Q3","sourceDataset":"CSDB10","updateDate":"2016-01-28T09:29:38.227Z"},{"date":"1977 Q4","value":"10520","year":"1977","month":"","quarter":"Q4","sourceDataset":"CSDB10","updateDate":"2016-01-28T09:29:38.227Z"},{"date":"1978 Q1","value":"11305","year":"1978","month":"","quarter":"Q1","sourceDataset":"CSDB10","updateDate":"2016-01-28T09:29:38.227Z"},{"date":"1978 Q2","value":"11424","year":"1978","month":"","quarter":"Q2","sourceDataset":"CSDB10","updateDate":"2016-01-28T09:29:38.227Z"},{"date":"1978 Q3","value":"12020","year":"1978","month":"","quarter":"Q3","sourceDataset":"CSDB10","updateDate":"2016-01-28T09:29:38.227Z"},{"date":"1978 Q4","value":"12285","year":"1978","month":"","quarter":"Q4","sourceDataset":"CSDB10","updateDate":"2016-01-28T09:29:38.227Z"},{"date":"1979 Q1","value":"12656","year":"1979","month":"","quarter":"Q1","sourceDataset":"CSDB10","updateDate":"2016-01-28T09:29:38.227Z"},{"date":"1979 Q2","value":"13853","year":"1979","month":"","quarter":"Q2","sourceDataset":"CSDB10","updateDate":"2016-01-28T09:29:38.227Z"},{"date":"1979 Q3","value":"14293","year":"1979","month":"","quarter":"Q3","sourceDataset":"CSDB10","updateDate":"2016-01-28T09:29:38.227Z"},{"date":"1979 Q4","value":"15041","year":"1979","month":"","quarter":"Q4","sourceDataset":"CSDB10","updateDate":"2016-01-28T09:29:38.227Z"},{"date":"1980 Q1","value":"15632","year":"1980","month":"","quarter":"Q1","sourceDataset":"CSDB10","updateDate":"2016-01-28T09:29:38.227Z"},{"date":"1980 Q2","value":"15690","year":"1980","month":"","quarter":"Q2","sourceDataset":"CSDB10","updateDate":"2016-01-28T09:29:38.227Z"},{"date":"1980 Q3","value":"15286","year":"1980","month":"","quarter":"Q3","sourceDataset":"CSDB10","updateDate":"2016-01-28T09:29:38.227Z"},{"date":"1980 Q4","value":"16433","year":"1980","month":"","quarter":"Q4","sourceDataset":"CSDB10","updateDate":"2016-01-28T09:29:38.227Z"},{"date":"1981 Q1","value":"16297","year":"1981","month":"","quarter":"Q1","sourceDataset":"CSDB10","updateDate":"2016-01-28T09:29:38.227Z"},{"date":"1981 Q2","value":"17008","year":"1981","month":"","quarter":"Q2","sourceDataset":"CSDB10","updateDate":"2016-01-28T09:29:38.227Z"},{"date":"1981 Q3","value":"18448","year":"1981","month":"","quarter":"Q3","sourceDataset":"CSDB10","updateDate":"2016-01-28T09:29:38.227Z"},{"date":"1981 Q4","value":"19202","year":"1981","month":"","quarter":"Q4","sourceDataset":"CSDB10","updateDate":"2016-01-28T09:29:38.227Z"},{"date":"1982 Q1","value":"18710","year":"1982","month":"","quarter":"Q1","sourceDataset":"CSDB10","updateDate":"2016-01-28T09:29:38.227Z"},{"date":"1982 Q2","value":"20636","year":"1982","month":"","quarter":"Q2","sourceDataset":"CSDB10","updateDate":"2016-01-28T09:29:38.227Z"},{"date":"1982 Q3","value":"21079","year":"1982","month":"","quarter":"Q3","sourceDataset":"CSDB10","updateDate":"2016-01-28T09:29:38.227Z"},{"date":"1982 Q4","value":"21973","year":"1982","month":"","quarter":"Q4","sourceDataset":"CSDB10","updateDate":"2016-01-28T09:29:38.227Z"},{"date":"1983 Q1","value":"23206","year":"1983","month":"","quarter":"Q1","sourceDataset":"CSDB10","updateDate":"2016-01-28T09:29:38.227Z"},{"date":"1983 Q2","value":"23132","year":"1983","month":"","quarter":"Q2","sourceDataset":"CSDB10","updateDate":"2016-01-28T09:29:38.227Z"},{"date":"1983 Q3","value":"24386","year":"1983","month":"","quarter":"Q3","sourceDataset":"CSDB10","updateDate":"2016-01-28T09:29:38.227Z"},{"date":"1983 Q4","value":"25329","year":"1983","month":"","quarter":"Q4","sourceDataset":"CSDB10","updateDate":"2016-01-28T09:29:38.227Z"},{"date":"1984 Q1","value":"24878","year":"1984","month":"","quarter":"Q1","sourceDataset":"CSDB10","updateDate":"2016-01-28T09:29:38.227Z"},{"date":"1984 Q2","value":"25862","year":"1984","month":"","quarter":"Q2","sourceDataset":"CSDB10","updateDate":"2016-01-28T09:29:38.227Z"},{"date":"1984 Q3","value":"25462","year":"1984","month":"","quarter":"Q3","sourceDataset":"CSDB10","updateDate":"2016-01-28T09:29:38.227Z"},{"date":"1984 Q4","value":"26817","year":"1984","month":"","quarter":"Q4","sourceDataset":"CSDB10","updateDate":"2016-01-28T09:29:38.227Z"},{"date":"1985 Q1","value":"27331","year":"1985","month":"","quarter":"Q1","sourceDataset":"CSDB10","updateDate":"2016-01-28T09:29:38.227Z"},{"date":"1985 Q2","value":"30308","year":"1985","month":"","quarter":"Q2","sourceDataset":"CSDB10","updateDate":"2016-01-28T09:29:38.227Z"},{"date":"1985 Q3","value":"30003","year":"1985","month":"","quarter":"Q3","sourceDataset":"CSDB10","updateDate":"2016-01-28T09:29:38.227Z"},{"date":"1985 Q4","value":"30489","year":"1985","month":"","quarter":"Q4","sourceDataset":"CSDB10","updateDate":"2016-01-28T09:29:38.227Z"},{"date":"1986 Q1","value":"30439","year":"1986","month":"","quarter":"Q1","sourceDataset":"CSDB10","updateDate":"2016-01-28T09:29:38.227Z"},{"date":"1986 Q2","value":"29952","year":"1986","month":"","quarter":"Q2","sourceDataset":"CSDB10","updateDate":"2016-01-28T09:29:38.227Z"},{"date":"1986 Q3","value":"30455","year":"1986","month":"","quarter":"Q3","sourceDataset":"CSDB10","updateDate":"2016-01-28T09:29:38.227Z"},{"date":"1986 Q4","value":"32189","year":"1986","month":"","quarter":"Q4","sourceDataset":"CSDB10","updateDate":"2016-01-28T09:29:38.227Z"},{"date":"1987 Q1","value":"32924","year":"1987","month":"","quarter":"Q1","sourceDataset":"CSDB10","updateDate":"2016-01-28T09:29:38.227Z"},{"date":"1987 Q2","value":"35026","year":"1987","month":"","quarter":"Q2","sourceDataset":"CSDB10","updateDate":"2016-01-28T09:29:38.227Z"},{"date":"1987 Q3","value":"37512","year":"1987","month":"","quarter":"Q3","sourceDataset":"CSDB10","updateDate":"2016-01-28T09:29:38.227Z"},{"date":"1987 Q4","value":"37479","year":"1987","month":"","quarter":"Q4","sourceDataset":"CSDB10","updateDate":"2016-01-28T09:29:38.227Z"},{"date":"1988 Q1","value":"38904","year":"1988","month":"","quarter":"Q1","sourceDataset":"CSDB10","updateDate":"2016-01-28T09:29:38.227Z"},{"date":"1988 Q2","value":"39538","year":"1988","month":"","quarter":"Q2","sourceDataset":"CSDB10","updateDate":"2016-01-28T09:29:38.227Z"},{"date":"1988 Q3","value":"41390","year":"1988","month":"","quarter":"Q3","sourceDataset":"CSDB10","updateDate":"2016-01-28T09:29:38.227Z"},{"date":"1988 Q4","value":"43320","year":"1988","month":"","quarter":"Q4","sourceDataset":"CSDB10","updateDate":"2016-01-28T09:29:38.227Z"},{"date":"1989 Q1","value":"44450","year":"1989","month":"","quarter":"Q1","sourceDataset":"CSDB10","updateDate":"2016-01-28T09:29:38.227Z"},{"date":"1989 Q2","value":"44507","year":"1989","month":"","quarter":"Q2","sourceDataset":"CSDB10","updateDate":"2016-01-28T09:29:38.227Z"},{"date":"1989 Q3","value":"46312","year":"1989","month":"","quarter":"Q3","sourceDataset":"CSDB10","updateDate":"2016-01-28T09:29:38.227Z"},{"date":"1989 Q4","value":"46719","year":"1989","month":"","quarter":"Q4","sourceDataset":"CSDB10","updateDate":"2016-01-28T09:29:38.227Z"},{"date":"1990 Q1","value":"46286","year":"1990","month":"","quarter":"Q1","sourceDataset":"CSDB10","updateDate":"2016-01-28T09:29:38.227Z"},{"date":"1990 Q2","value":"48207","year":"1990","month":"","quarter":"Q2","sourceDataset":"CSDB10","updateDate":"2016-01-28T09:29:38.227Z"},{"date":"1990 Q3","value":"49410","year":"1990","month":"","quarter":"Q3","sourceDataset":"CSDB10","updateDate":"2016-01-28T09:29:38.227Z"},{"date":"1990 Q4","value":"48957","year":"1990","month":"","quarter":"Q4","sourceDataset":"CSDB10","updateDate":"2016-01-28T09:29:38.227Z"},{"date":"1991 Q1","value":"49477","year":"1991","month":"","quarter":"Q1","sourceDataset":"CSDB10","updateDate":"2016-01-28T09:29:38.227Z"},{"date":"1991 Q2","value":"49270","year":"1991","month":"","quarter":"Q2","sourceDataset":"CSDB10","updateDate":"2016-01-28T09:29:38.227Z"},{"date":"1991 Q3","value":"48490","year":"1991","month":"","quarter":"Q3","sourceDataset":"CSDB10","updateDate":"2016-01-28T09:29:38.227Z"},{"date":"1991 Q4","value":"48794","year":"1991","month":"","quarter":"Q4","sourceDataset":"CSDB10","updateDate":"2016-01-28T09:29:38.227Z"},{"date":"1992 Q1","value":"49634","year":"1992","month":"","quarter":"Q1","sourceDataset":"CSDB10","updateDate":"2016-01-28T09:29:38.227Z"},{"date":"1992 Q2","value":"50509","year":"1992","month":"","quarter":"Q2","sourceDataset":"CSDB10","updateDate":"2016-01-28T09:29:38.227Z"},{"date":"1992 Q3","value":"49894","year":"1992","month":"","quarter":"Q3","sourceDataset":"CSDB10","updateDate":"2016-01-28T09:29:38.227Z"},{"date":"1992 Q4","value":"51595","year":"1992","month":"","quarter":"Q4","sourceDataset":"CSDB10","updateDate":"2016-01-28T09:29:38.227Z"},{"date":"1993 Q1","value":"55060","year":"1993","month":"","quarter":"Q1","sourceDataset":"CSDB10","updateDate":"2016-01-28T09:29:38.227Z"},{"date":"1993 Q2","value":"54481","year":"1993","month":"","quarter":"Q2","sourceDataset":"CSDB10","updateDate":"2016-01-28T09:29:38.227Z"},{"date":"1993 Q3","value":"56204","year":"1993","month":"","quarter":"Q3","sourceDataset":"CSDB10","updateDate":"2016-01-28T09:29:38.227Z"},{"date":"1993 Q4","value":"56280","year":"1993","month":"","quarter":"Q4","sourceDataset":"CSDB10","updateDate":"2016-01-28T09:29:38.227Z"},{"date":"1994 Q1","value":"58785","year":"1994","month":"","quarter":"Q1","sourceDataset":"CSDB10","updateDate":"2016-01-28T09:29:38.227Z"},{"date":"1994 Q2","value":"60191","year":"1994","month":"","quarter":"Q2","sourceDataset":"CSDB10","updateDate":"2016-01-28T09:29:38.227Z"},{"date":"1994 Q3","value":"59569","year":"1994","month":"","quarter":"Q3","sourceDataset":"CSDB10","updateDate":"2016-01-28T09:29:38.227Z"},{"date":"1994 Q4","value":"62079","year":"1994","month":"","quarter":"Q4","sourceDataset":"CSDB10","updateDate":"2016-01-28T09:29:38.227Z"},{"date":"1995 Q1","value":"61526","year":"1995","month":"","quarter":"Q1","sourceDataset":"CSDB10","updateDate":"2016-01-28T09:29:38.227Z"},{"date":"1995 Q2","value":"61442","year":"1995","month":"","quarter":"Q2","sourceDataset":"CSDB10","updateDate":"2016-01-28T09:29:38.227Z"},{"date":"1995 Q3","value":"64018","year":"1995","month":"","quarter":"Q3","sourceDataset":"CSDB10","updateDate":"2016-01-28T09:29:38.227Z"},{"date":"1995 Q4","value":"64502","year":"1995","month":"","quarter":"Q4","sourceDataset":"CSDB10","updateDate":"2016-01-28T09:29:38.227Z"},{"date":"1996 Q1","value":"66717","year":"1996","month":"","quarter":"Q1","sourceDataset":"CSDB10","updateDate":"2016-01-28T09:29:38.227Z"},{"date":"1996 Q2","value":"69886","year":"1996","month":"","quarter":"Q2","sourceDataset":"CSDB10","updateDate":"2016-01-28T09:29:38.227Z"},{"date":"1996 Q3","value":"70562","year":"1996","month":"","quarter":"Q3","sourceDataset":"CSDB10","updateDate":"2016-01-28T09:29:38.227Z"},{"date":"1996 Q4","value":"70651","year":"1996","month":"","quarter":"Q4","sourceDataset":"CSDB10","updateDate":"2016-01-28T09:29:38.227Z"},{"date":"1997 Q1","value":"72766","year":"1997","month":"","quarter":"Q1","sourceDataset":"CSDB10","updateDate":"2016-01-28T09:29:38.227Z"},{"date":"1997 Q2","value":"72070","year":"1997","month":"","quarter":"Q2","sourceDataset":"CSDB10","updateDate":"2016-01-28T09:29:38.227Z"},{"date":"1997 Q3","value":"73991","year":"1997","month":"","quarter":"Q3","sourceDataset":"CSDB10","updateDate":"2016-01-28T09:29:38.227Z"},{"date":"1997 Q4","value":"69832","year":"1997","month":"","quarter":"Q4","sourceDataset":"CSDB10","updateDate":"2016-01-28T09:29:38.227Z"},{"date":"1998 Q1","value":"72921","year":"1998","month":"","quarter":"Q1","sourceDataset":"CSDB10","updateDate":"2016-01-28T09:29:38.227Z"},{"date":"1998 Q2","value":"72115","year":"1998","month":"","quarter":"Q2","sourceDataset":"CSDB10","updateDate":"2016-01-28T09:29:38.227Z"},{"date":"1998 Q3","value":"69897","year":"1998","month":"","quarter":"Q3","sourceDataset":"CSDB10","updateDate":"2016-01-28T09:29:38.227Z"},{"date":"1998 Q4","value":"74791","year":"1998","month":"","quarter":"Q4","sourceDataset":"CSDB10","updateDate":"2016-01-28T09:29:38.227Z"},{"date":"1999 Q1","value":"73820","year":"1999","month":"","quarter":"Q1","sourceDataset":"CSDB10","updateDate":"2016-01-28T09:29:38.227Z"},{"date":"1999 Q2","value":"70839","year":"1999","month":"","quarter":"Q2","sourceDataset":"CSDB10","updateDate":"2016-01-28T09:29:38.227Z"},{"date":"1999 Q3","value":"70936","year":"1999","month":"","quarter":"Q3","sourceDataset":"CSDB10","updateDate":"2016-01-28T09:29:38.227Z"},{"date":"1999 Q4","value":"71121","year":"1999","month":"","quarter":"Q4","sourceDataset":"CSDB10","updateDate":"2016-01-28T09:29:38.227Z"},{"date":"2000 Q1","value":"76398","year":"2000","month":"","quarter":"Q1","sourceDataset":"CSDB10","updateDate":"2016-01-28T09:29:38.227Z"},{"date":"2000 Q2","value":"75350","year":"2000","month":"","quarter":"Q2","sourceDataset":"CSDB10","updateDate":"2016-01-28T09:29:38.227Z"},{"date":"2000 Q3","value":"74123","year":"2000","month":"","quarter":"Q3","sourceDataset":"CSDB10","updateDate":"2016-01-28T09:29:38.227Z"},{"date":"2000 Q4","value":"72103","year":"2000","month":"","quarter":"Q4","sourceDataset":"CSDB10","updateDate":"2016-01-28T09:29:38.227Z"},{"date":"2001 Q1","value":"71158","year":"2001","month":"","quarter":"Q1","sourceDataset":"CSDB10","updateDate":"2016-01-28T09:29:38.227Z"},{"date":"2001 Q2","value":"75062","year":"2001","month":"","quarter":"Q2","sourceDataset":"CSDB10","updateDate":"2016-01-28T09:29:38.227Z"},{"date":"2001 Q3","value":"74323","year":"2001","month":"","quarter":"Q3","sourceDataset":"CSDB10","updateDate":"2016-01-28T09:29:38.227Z"},{"date":"2001 Q4","value":"75204","year":"2001","month":"","quarter":"Q4","sourceDataset":"CSDB10","updateDate":"2016-01-28T09:29:38.227Z"},{"date":"2002 Q1","value":"77469","year":"2002","month":"","quarter":"Q1","sourceDataset":"CSDB10","updateDate":"2016-01-28T09:29:38.227Z"},{"date":"2002 Q2","value":"79098","year":"2002","month":"","quarter":"Q2","sourceDataset":"CSDB10","updateDate":"2016-01-28T09:29:38.227Z"},{"date":"2002 Q3","value":"81319","year":"2002","month":"","quarter":"Q3","sourceDataset":"CSDB10","updateDate":"2016-01-28T09:29:38.227Z"},{"date":"2002 Q4","value":"81935","year":"2002","month":"","quarter":"Q4","sourceDataset":"CSDB10","updateDate":"2016-01-28T09:29:38.227Z"},{"date":"2003 Q1","value":"86086","year":"2003","month":"","quarter":"Q1","sourceDataset":"CSDB10","updateDate":"2016-01-28T09:29:38.227Z"},{"date":"2003 Q2","value":"86148","year":"2003","month":"","quarter":"Q2","sourceDataset":"CSDB10","updateDate":"2016-01-28T09:29:38.227Z"},{"date":"2003 Q3","value":"86681","year":"2003","month":"","quarter":"Q3","sourceDataset":"CSDB10","updateDate":"2016-01-28T09:29:38.227Z"},{"date":"2003 Q4","value":"88429","year":"2003","month":"","quarter":"Q4","sourceDataset":"CSDB10","updateDate":"2016-01-28T09:29:38.227Z"},{"date":"2004 Q1","value":"90361","year":"2004","month":"","quarter":"Q1","sourceDataset":"CSDB10","updateDate":"2016-01-28T09:29:38.227Z"},{"date":"2004 Q2","value":"93330","year":"2004","month":"","quarter":"Q2","sourceDataset":"CSDB10","updateDate":"2016-01-28T09:29:38.227Z"},{"date":"2004 Q3","value":"92376","year":"2004","month":"","quarter":"Q3","sourceDataset":"CSDB10","updateDate":"2016-01-28T09:29:38.227Z"},{"date":"2004 Q4","value":"92758","year":"2004","month":"","quarter":"Q4","sourceDataset":"CSDB10","updateDate":"2016-01-28T09:29:38.227Z"},{"date":"2005 Q1","value":"96763","year":"2005","month":"","quarter":"Q1","sourceDataset":"CSDB10","updateDate":"2016-01-28T09:29:38.227Z"},{"date":"2005 Q2","value":"101448","year":"2005","month":"","quarter":"Q2","sourceDataset":"CSDB10","updateDate":"2016-01-28T09:29:38.227Z"},{"date":"2005 Q3","value":"100095","year":"2005","month":"","quarter":"Q3","sourceDataset":"CSDB10","updateDate":"2016-01-28T09:29:38.227Z"},{"date":"2005 Q4","value":"105234","year":"2005","month":"","quarter":"Q4","sourceDataset":"CSDB10","updateDate":"2016-01-28T09:29:38.227Z"},{"date":"2006 Q1","value":"107652","year":"2006","month":"","quarter":"Q1","sourceDataset":"CSDB10","updateDate":"2016-01-28T09:29:38.227Z"},{"date":"2006 Q2","value":"106566","year":"2006","month":"","quarter":"Q2","sourceDataset":"CSDB10","updateDate":"2016-01-28T09:29:38.227Z"},{"date":"2006 Q3","value":"104375","year":"2006","month":"","quarter":"Q3","sourceDataset":"CSDB10","updateDate":"2016-01-28T09:29:38.227Z"},{"date":"2006 Q4","value":"102005","year":"2006","month":"","quarter":"Q4","sourceDataset":"CSDB10","updateDate":"2016-01-28T09:29:38.227Z"},{"date":"2007 Q1","value":"109260","year":"2007","month":"","quarter":"Q1","sourceDataset":"CSDB10","updateDate":"2016-01-28T09:29:38.227Z"},{"date":"2007 Q2","value":"109277","year":"2007","month":"","quarter":"Q2","sourceDataset":"CSDB10","updateDate":"2016-01-28T09:29:38.227Z"},{"date":"2007 Q3","value":"111970","year":"2007","month":"","quarter":"Q3","sourceDataset":"CSDB10","updateDate":"2016-01-28T09:29:38.227Z"},{"date":"2007 Q4","value":"115485","year":"2007","month":"","quarter":"Q4","sourceDataset":"CSDB10","updateDate":"2016-01-28T09:29:38.227Z"},{"date":"2008 Q1","value":"118217","year":"2008","month":"","quarter":"Q1","sourceDataset":"CSDB10","updateDate":"2016-01-28T09:29:38.227Z"},{"date":"2008 Q2","value":"116571","year":"2008","month":"","quarter":"Q2","sourceDataset":"CSDB10","updateDate":"2016-01-28T09:29:38.227Z"},{"date":"2008 Q3","value":"116777","year":"2008","month":"","quarter":"Q3","sourceDataset":"CSDB10","updateDate":"2016-01-28T09:29:38.227Z"},{"date":"2008 Q4","value":"113194","year":"2008","month":"","quarter":"Q4","sourceDataset":"CSDB10","updateDate":"2016-01-28T09:29:38.227Z"},{"date":"2009 Q1","value":"113664","year":"2009","month":"","quarter":"Q1","sourceDataset":"CSDB10","updateDate":"2016-01-28T09:29:38.227Z"},{"date":"2009 Q2","value":"107262","year":"2009","month":"","quarter":"Q2","sourceDataset":"CSDB10","updateDate":"2016-01-28T09:29:38.227Z"},{"date":"2009 Q3","value":"109273","year":"2009","month":"","quarter":"Q3","sourceDataset":"CSDB10","updateDate":"2016-01-28T09:29:38.227Z"},{"date":"2009 Q4","value":"108083","year":"2009","month":"","quarter":"Q4","sourceDataset":"CSDB10","updateDate":"2016-01-28T09:29:38.227Z"},{"date":"2010 Q1","value":"113888","year":"2010","month":"","quarter":"Q1","sourceDataset":"CSDB10","updateDate":"2016-01-28T09:29:38.227Z"},{"date":"2010 Q2","value":"112396","year":"2010","month":"","quarter":"Q2","sourceDataset":"CSDB10","updateDate":"2016-01-28T09:29:38.228Z"},{"date":"2010 Q3","value":"114735","year":"2010","month":"","quarter":"Q3","sourceDataset":"CSDB10","updateDate":"2016-01-28T09:29:38.228Z"},{"date":"2010 Q4","value":"117930","year":"2010","month":"","quarter":"Q4","sourceDataset":"CSDB10","updateDate":"2016-01-28T09:29:38.228Z"},{"date":"2011 Q1","value":"121087","year":"2011","month":"","quarter":"Q1","sourceDataset":"CSDB10","updateDate":"2016-01-28T09:29:38.228Z"},{"date":"2011 Q2","value":"121010","year":"2011","month":"","quarter":"Q2","sourceDataset":"CSDB10","updateDate":"2016-01-28T09:29:38.228Z"},{"date":"2011 Q3","value":"124910","year":"2011","month":"","quarter":"Q3","sourceDataset":"CSDB10","updateDate":"2016-01-28T09:29:38.228Z"},{"date":"2011 Q4","value":"124900","year":"2011","month":"","quarter":"Q4","sourceDataset":"CSDB10","updateDate":"2016-01-28T09:29:38.228Z"},{"date":"2012 Q1","value":"124926","year":"2012","month":"","quarter":"Q1","sourceDataset":"CSDB10","updateDate":"2016-01-28T09:29:38.228Z"},{"date":"2012 Q2","value":"124456","year":"2012","month":"","quarter":"Q2","sourceDataset":"CSDB10","updateDate":"2016-01-28T09:29:38.228Z"},{"date":"2012 Q3","value":"127469","year":"2012","month":"","quarter":"Q3","sourceDataset":"CSDB10","updateDate":"2016-01-28T09:29:38.228Z"},{"date":"2012 Q4","value":"127791","year":"2012","month":"","quarter":"Q4","sourceDataset":"CSDB10","updateDate":"2016-01-28T09:29:38.228Z"},{"date":"2013 Q1","value":"131832","year":"2013","month":"","quarter":"Q1","sourceDataset":"CSDB10","updateDate":"2016-01-28T09:29:38.228Z"},{"date":"2013 Q2","value":"131159","year":"2013","month":"","quarter":"Q2","sourceDataset":"CSDB10","updateDate":"2016-01-28T09:29:38.228Z"},{"date":"2013 Q3","value":"137763","year":"2013","month":"","quarter":"Q3","sourceDataset":"CSDB10","updateDate":"2016-01-28T09:29:38.228Z"},{"date":"2013 Q4","value":"139186","year":"2013","month":"","quarter":"Q4","sourceDataset":"CSDB10","updateDate":"2016-01-28T09:29:38.228Z"},{"date":"2014 Q1","value":"140143","year":"2014","month":"","quarter":"Q1","sourceDataset":"CSDB10","updateDate":"2016-01-28T09:29:38.228Z"},{"date":"2014 Q2","value":"145953","year":"2014","month":"","quarter":"Q2","sourceDataset":"CSDB10","updateDate":"2016-01-28T09:29:38.228Z"},{"date":"2014 Q3","value":"148163","year":"2014","month":"","quarter":"Q3","sourceDataset":"CSDB10","updateDate":"2016-01-28T09:29:38.228Z"},{"date":"2014 Q4","value":"143430","year":"2014","month":"","quarter":"Q4","sourceDataset":"CSDB10","updateDate":"2016-01-28T09:29:38.228Z"},{"date":"2015 Q1","value":"144830","year":"2015","month":"","quarter":"Q1","sourceDataset":"CSDB10","updateDate":"2016-01-28T09:29:38.228Z"},{"date":"2015 Q2","value":"144371","year":"2015","month":"","quarter":"Q2","sourceDataset":"CSDB10","updateDate":"2016-01-28T09:29:38.228Z"},{"date":"2015 Q3","value":"146284","year":"2015","month":"","quarter":"Q3","sourceDataset":"CSDB10","updateDate":"2016-01-28T09:29:38.228Z"}],"months":[],"sourceDatasets":["CSDB10"],"relatedDatasets":[{"uri":"/economy/environmentalaccounts/datasets/werwerwerwerwerwr/2015"}],"relatedDocuments":[],"type":"timeseries","description":{"title":"Income \u0026 Capital Accounts: Gross Operating surplus: B.2g: CP SA         ","contact":{"email":"","name":"","telephone":""},"releaseDate":"2016-01-27T00:00:00.000Z","nextRelease":"","cdid":"ABNG","unit":"","preUnit":"","source":"","seasonalAdjustment":"NSA","date":"2015 Q3","number":"146284"}}