{"years":[{"date":"1948","value":"1285","year":"1948","month":"","quarter":"","sourceDataset":"CSDB2","updateDate":"2016-01-27T15:25:45.904Z"},{"date":"1949","value":"1306","year":"1949","month":"","quarter":"","sourceDataset":"CSDB2","updateDate":"2016-01-27T15:25:45.904Z"},{"date":"1950","value":"1419","year":"1950","month":"","quarter":"","sourceDataset":"CSDB2","updateDate":"2016-01-27T15:25:45.904Z"},{"date":"1951","value":"1616","year":"1951","month":"","quarter":"","sourceDataset":"CSDB2","updateDate":"2016-01-27T15:25:45.904Z"},{"date":"1952","value":"1674","year":"1952","month":"","quarter":"","sourceDataset":"CSDB2","updateDate":"2016-01-27T15:25:45.904Z"},{"date":"1953","value":"1782","year":"1953","month":"","quarter":"","sourceDataset":"CSDB2","updateDate":"2016-01-27T15:25:45.904Z"},{"date":"1954","value":"1847","year":"1954","month":"","quarter":"","sourceDataset":"CSDB2","updateDate":"2016-01-27T15:25:45.904Z"},{"date":"1955","value":"2029","year":"1955","month":"","quarter":"","sourceDataset":"CSDB2","updateDate":"2016-01-27T15:25:45.904Z"},{"date":"1956","value":"2155","year":"1956","month":"","quarter":"","sourceDataset":"CSDB2","updateDate":"2016-01-27T15:25:45.904Z"},{"date":"1957","value":"2215","year":"1957","month":"","quarter":"","sourceDataset":"CSDB2","updateDate":"2016-01-27T15:25:45.904Z"},{"date":"1958","value":"2290","year":"1958","month":"","quarter":"","sourceDataset":"CSDB2","updateDate":"2016-01-27T15:25:45.904Z"},{"date":"1959","value":"2432","year":"1959","month":"","quarter":"","sourceDataset":"CSDB2","updateDate":"2016-01-27T15:25:45.904Z"},{"date":"1960","value":"2471","year":"1960","month":"","quarter":"","sourceDataset":"CSDB2","updateDate":"2016-01-27T15:25:45.904Z"},{"date":"1961","value":"2584","year":"1961","month":"","quarter":"","sourceDataset":"CSDB2","updateDate":"2016-01-27T15:25:45.904Z"},{"date":"1962","value":"2774","year":"1962","month":"","quarter":"","sourceDataset":"CSDB2","updateDate":"2016-01-27T15:25:45.904Z"},{"date":"1963","value":"2920","year":"1963","month":"","quarter":"","sourceDataset":"CSDB2","updateDate":"2016-01-27T15:25:45.904Z"},{"date":"1964","value":"3332","year":"1964","month":"","quarter":"","sourceDataset":"CSDB2","updateDate":"2016-01-27T15:25:45.904Z"},{"date":"1965","value":"3718","year":"1965","month":"","quarter":"","sourceDataset":"CSDB2","updateDate":"2016-01-27T15:25:45.904Z"},{"date":"1966","value":"4110","year":"1966","month":"","quarter":"","sourceDataset":"CSDB2","updateDate":"2016-01-27T15:25:45.904Z"},{"date":"1967","value":"4407","year":"1967","month":"","quarter":"","sourceDataset":"CSDB2","updateDate":"2016-01-27T15:25:45.904Z"},{"date":"1968","value":"5045","year":"1968","month":"","quarter":"","sourceDataset":"CSDB2","updateDate":"2016-01-27T15:25:45.904Z"},{"date":"1969","value":"6003","year":"1969","month":"","quarter":"","sourceDataset":"CSDB2","updateDate":"2016-01-27T15:25:45.904Z"},{"date":"1970","value":"6533","year":"1970","month":"","quarter":"","sourceDataset":"CSDB2","updateDate":"2016-01-27T15:25:45.904Z"},{"date":"1971","value":"6661","year":"1971","month":"","quarter":"","sourceDataset":"CSDB2","updateDate":"2016-01-27T15:25:45.904Z"},{"date":"1972","value":"6858","year":"1972","month":"","quarter":"","sourceDataset":"CSDB2","updateDate":"2016-01-27T15:25:45.904Z"},{"date":"1973","value":"6948","year":"1973","month":"","quarter":"","sourceDataset":"CSDB2","updateDate":"2016-01-27T15:25:45.904Z"},{"date":"1974","value":"6758","year":"1974","month":"","quarter":"","sourceDataset":"CSDB2","updateDate":"2016-01-27T15:25:45.904Z"},{"date":"1975","value":"8334","year":"1975","month":"","quarter":"","sourceDataset":"CSDB2","updateDate":"2016-01-27T15:25:45.904Z"},{"date":"1976","value":"10548","year":"1976","month":"","quarter":"","sourceDataset":"CSDB2","updateDate":"2016-01-27T15:25:45.904Z"},{"date":"1977","value":"13862","year":"1977","month":"","quarter":"","sourceDataset":"CSDB2","updateDate":"2016-01-27T15:25:45.904Z"},{"date":"1978","value":"15972","year":"1978","month":"","quarter":"","sourceDataset":"CSDB2","updateDate":"2016-01-27T15:25:45.904Z"},{"date":"1979","value":"20957","year":"1979","month":"","quarter":"","sourceDataset":"CSDB2","updateDate":"2016-01-27T15:25:45.904Z"},{"date":"1980","value":"26688","year":"1980","month":"","quarter":"","sourceDataset":"CSDB2","updateDate":"2016-01-27T15:25:45.904Z"},{"date":"1981","value":"30066","year":"1981","month":"","quarter":"","sourceDataset":"CSDB2","updateDate":"2016-01-27T15:25:45.904Z"},{"date":"1982","value":"35196","year":"1982","month":"","quarter":"","sourceDataset":"CSDB2","updateDate":"2016-01-27T15:25:45.904Z"},{"date":"1983","value":"37023","year":"1983","month":"","quarter":"","sourceDataset":"CSDB2","updateDate":"2016-01-27T15:25:45.904Z"},{"date":"1984","value":"39851","year":"1984","month":"","quarter":"","sourceDataset":"CSDB2","updateDate":"2016-01-27T15:25:45.904Z"},{"date":"1985","value":"42546","year":"1985","month":"","quarter":"","sourceDataset":"CSDB2","updateDate":"2016-01-27T15:25:45.904Z"},{"date":"1986","value":"48419","year":"1986","month":"","quarter":"","sourceDataset":"CSDB2","updateDate":"2016-01-27T15:25:45.904Z"},{"date":"1987","value":"53833","year":"1987","month":"","quarter":"","sourceDataset":"CSDB2","updateDate":"2016-01-27T15:25:45.904Z"},{"date":"1988","value":"59954","year":"1988","month":"","quarter":"","sourceDataset":"CSDB2","updateDate":"2016-01-27T15:25:45.904Z"},{"date":"1989","value":"64255","year":"1989","month":"","quarter":"","sourceDataset":"CSDB2","updateDate":"2016-01-27T15:25:45.904Z"},{"date":"1990","value":"67972","year":"1990","month":"","quarter":"","sourceDataset":"CSDB2","updateDate":"2016-01-27T15:25:45.904Z"},{"date":"1991","value":"75934","year":"1991","month":"","quarter":"","sourceDataset":"CSDB2","updateDate":"2016-01-27T15:25:45.904Z"},{"date":"1992","value":"79061","year":"1992","month":"","quarter":"","sourceDataset":"CSDB2","updateDate":"2016-01-27T15:25:45.904Z"},{"date":"1993","value":"80858","year":"1993","month":"","quarter":"","sourceDataset":"CSDB2","updateDate":"2016-01-27T15:25:45.904Z"},{"date":"1994","value":"86339","year":"1994","month":"","quarter":"","sourceDataset":"CSDB2","updateDate":"2016-01-27T15:25:45.904Z"},{"date":"1995","value":"93487","year":"1995","month":"","quarter":"","sourceDataset":"CSDB2","updateDate":"2016-01-27T15:25:45.904Z"},{"date":"1996","value":"97372","year":"1996","month":"","quarter":"","sourceDataset":"CSDB2","updateDate":"2016-01-27T15:25:45.904Z"},{"date":"1997","value":"105250","year":"1997","month":"","quarter":"","sourceDataset":"CSDB2","updateDate":"2016-01-27T15:25:45.904Z"},{"date":"1998","value":"112345","year":"1998","month":"","quarter":"","sourceDataset":"CSDB2","updateDate":"2016-01-27T15:25:45.904Z"},{"date":"1999","value":"121477","year":"1999","month":"","quarter":"","sourceDataset":"CSDB2","updateDate":"2016-01-27T15:25:45.904Z"},{"date":"2000","value":"128781","year":"2000","month":"","quarter":"","sourceDataset":"CSDB2","updateDate":"2016-01-27T15:25:45.904Z"},{"date":"2001","value":"130352","year":"2001","month":"","quarter":"","sourceDataset":"CSDB2","updateDate":"2016-01-27T15:25:45.904Z"},{"date":"2002","value":"135206","year":"2002","month":"","quarter":"","sourceDataset":"CSDB2","updateDate":"2016-01-27T15:25:45.904Z"},{"date":"2003","value":"140961","year":"2003","month":"","quarter":"","sourceDataset":"CSDB2","updateDate":"2016-01-27T15:25:45.904Z"},{"date":"2004","value":"149055","year":"2004","month":"","quarter":"","sourceDataset":"CSDB2","updateDate":"2016-01-27T15:25:45.904Z"},{"date":"2005","value":"151783","year":"2005","month":"","quarter":"","sourceDataset":"CSDB2","updateDate":"2016-01-27T15:25:45.904Z"},{"date":"2006","value":"159596","year":"2006","month":"","quarter":"","sourceDataset":"CSDB2","updateDate":"2016-01-27T15:25:45.904Z"},{"date":"2007","value":"168522","year":"2007","month":"","quarter":"","sourceDataset":"CSDB2","updateDate":"2016-01-27T15:25:45.904Z"},{"date":"2008","value":"166643","year":"2008","month":"","quarter":"","sourceDataset":"CSDB2","updateDate":"2016-01-27T15:25:45.904Z"},{"date":"2009","value":"154825","year":"2009","month":"","quarter":"","sourceDataset":"CSDB2","updateDate":"2016-01-27T15:25:45.904Z"},{"date":"2010","value":"180380","year":"2010","month":"","quarter":"","sourceDataset":"CSDB2","updateDate":"2016-01-27T15:25:45.904Z"},{"date":"2011","value":"196871","year":"2011","month":"","quarter":"","sourceDataset":"CSDB2","updateDate":"2016-01-27T15:25:45.904Z"},{"date":"2012","value":"201770","year":"2012","month":"","quarter":"","sourceDataset":"CSDB2","updateDate":"2016-01-27T15:25:45.904Z"},{"date":"2013","value":"211338","year":"2013","month":"","quarter":"","sourceDataset":"CSDB2","updateDate":"2016-01-27T15:25:45.904Z"},{"date":"2014","value":"221758","year":"2014","month":"","quarter":"","sourceDataset":"CSDB2","updateDate":"2016-01-27T15:25:45.904Z"}],"quarters":[{"date":"1955 Q1","value":"484","year":"1955","month":"","quarter":"Q1","sourceDataset":"CSDB2","updateDate":"2016-01-27T15:25:45.904Z"},{"date":"1955 Q2","value":"502","year":"1955","month":"","quarter":"Q2","sourceDataset":"CSDB2","updateDate":"2016-01-27T15:25:45.904Z"},{"date":"1955 Q3","value":"527","year":"1955","month":"","quarter":"Q3","sourceDataset":"CSDB2","updateDate":"2016-01-27T15:25:45.904Z"},{"date":"1955 Q4","value":"516","year":"1955","month":"","quarter":"Q4","sourceDataset":"CSDB2","updateDate":"2016-01-27T15:25:45.904Z"},{"date":"1956 Q1","value":"519","year":"1956","month":"","quarter":"Q1","sourceDataset":"CSDB2","updateDate":"2016-01-27T15:25:45.904Z"},{"date":"1956 Q2","value":"539","year":"1956","month":"","quarter":"Q2","sourceDataset":"CSDB2","updateDate":"2016-01-27T15:25:45.904Z"},{"date":"1956 Q3","value":"544","year":"1956","month":"","quarter":"Q3","sourceDataset":"CSDB2","updateDate":"2016-01-27T15:25:45.904Z"},{"date":"1956 Q4","value":"553","year":"1956","month":"","quarter":"Q4","sourceDataset":"CSDB2","updateDate":"2016-01-27T15:25:45.904Z"},{"date":"1957 Q1","value":"550","year":"1957","month":"","quarter":"Q1","sourceDataset":"CSDB2","updateDate":"2016-01-27T15:25:45.904Z"},{"date":"1957 Q2","value":"556","year":"1957","month":"","quarter":"Q2","sourceDataset":"CSDB2","updateDate":"2016-01-27T15:25:45.904Z"},{"date":"1957 Q3","value":"553","year":"1957","month":"","quarter":"Q3","sourceDataset":"CSDB2","updateDate":"2016-01-27T15:25:45.904Z"},{"date":"1957 Q4","value":"556","year":"1957","month":"","quarter":"Q4","sourceDataset":"CSDB2","updateDate":"2016-01-27T15:25:45.904Z"},{"date":"1958 Q1","value":"565","year":"1958","month":"","quarter":"Q1","sourceDataset":"CSDB2","updateDate":"2016-01-27T15:25:45.904Z"},{"date":"1958 Q2","value":"568","year":"1958","month":"","quarter":"Q2","sourceDataset":"CSDB2","updateDate":"2016-01-27T15:25:45.904Z"},{"date":"1958 Q3","value":"568","year":"1958","month":"","quarter":"Q3","sourceDataset":"CSDB2","updateDate":"2016-01-27T15:25:45.904Z"},{"date":"1958 Q4","value":"589","year":"1958","month":"","quarter":"Q4","sourceDataset":"CSDB2","updateDate":"2016-01-27T15:25:45.904Z"},{"date":"1959 Q1","value":"600","year":"1959","month":"","quarter":"Q1","sourceDataset":"CSDB2","updateDate":"2016-01-27T15:25:45.904Z"},{"date":"1959 Q2","value":"607","year":"1959","month":"","quarter":"Q2","sourceDataset":"CSDB2","updateDate":"2016-01-27T15:25:45.904Z"},{"date":"1959 Q3","value":"600","year":"1959","month":"","quarter":"Q3","sourceDataset":"CSDB2","updateDate":"2016-01-27T15:25:45.904Z"},{"date":"1959 Q4","value":"625","year":"1959","month":"","quarter":"Q4","sourceDataset":"CSDB2","updateDate":"2016-01-27T15:25:45.904Z"},{"date":"1960 Q1","value":"627","year":"1960","month":"","quarter":"Q1","sourceDataset":"CSDB2","updateDate":"2016-01-27T15:25:45.904Z"},{"date":"1960 Q2","value":"609","year":"1960","month":"","quarter":"Q2","sourceDataset":"CSDB2","updateDate":"2016-01-27T15:25:45.904Z"},{"date":"1960 Q3","value":"617","year":"1960","month":"","quarter":"Q3","sourceDataset":"CSDB2","updateDate":"2016-01-27T15:25:45.904Z"},{"date":"1960 Q4","value":"618","year":"1960","month":"","quarter":"Q4","sourceDataset":"CSDB2","updateDate":"2016-01-27T15:25:45.904Z"},{"date":"1961 Q1","value":"658","year":"1961","month":"","quarter":"Q1","sourceDataset":"CSDB2","updateDate":"2016-01-27T15:25:45.904Z"},{"date":"1961 Q2","value":"641","year":"1961","month":"","quarter":"Q2","sourceDataset":"CSDB2","updateDate":"2016-01-27T15:25:45.904Z"},{"date":"1961 Q3","value":"614","year":"1961","month":"","quarter":"Q3","sourceDataset":"CSDB2","updateDate":"2016-01-27T15:25:45.904Z"},{"date":"1961 Q4","value":"671","year":"1961","month":"","quarter":"Q4","sourceDataset":"CSDB2","updateDate":"2016-01-27T15:25:45.904Z"},{"date":"1962 Q1","value":"695","year":"1962","month":"","quarter":"Q1","sourceDataset":"CSDB2","updateDate":"2016-01-27T15:25:45.904Z"},{"date":"1962 Q2","value":"684","year":"1962","month":"","quarter":"Q2","sourceDataset":"CSDB2","updateDate":"2016-01-27T15:25:45.904Z"},{"date":"1962 Q3","value":"701","year":"1962","month":"","quarter":"Q3","sourceDataset":"CSDB2","updateDate":"2016-01-27T15:25:45.904Z"},{"date":"1962 Q4","value":"694","year":"1962","month":"","quarter":"Q4","sourceDataset":"CSDB2","updateDate":"2016-01-27T15:25:45.904Z"},{"date":"1963 Q1","value":"666","year":"1963","month":"","quarter":"Q1","sourceDataset":"CSDB2","updateDate":"2016-01-27T15:25:45.904Z"},{"date":"1963 Q2","value":"718","year":"1963","month":"","quarter":"Q2","sourceDataset":"CSDB2","updateDate":"2016-01-27T15:25:45.904Z"},{"date":"1963 Q3","value":"769","year":"1963","month":"","quarter":"Q3","sourceDataset":"CSDB2","updateDate":"2016-01-27T15:25:45.904Z"},{"date":"1963 Q4","value":"767","year":"1963","month":"","quarter":"Q4","sourceDataset":"CSDB2","updateDate":"2016-01-27T15:25:45.904Z"},{"date":"1964 Q1","value":"770","year":"1964","month":"","quarter":"Q1","sourceDataset":"CSDB2","updateDate":"2016-01-27T15:25:45.904Z"},{"date":"1964 Q2","value":"830","year":"1964","month":"","quarter":"Q2","sourceDataset":"CSDB2","updateDate":"2016-01-27T15:25:45.904Z"},{"date":"1964 Q3","value":"848","year":"1964","month":"","quarter":"Q3","sourceDataset":"CSDB2","updateDate":"2016-01-27T15:25:45.904Z"},{"date":"1964 Q4","value":"884","year":"1964","month":"","quarter":"Q4","sourceDataset":"CSDB2","updateDate":"2016-01-27T15:25:45.904Z"},{"date":"1965 Q1","value":"925","year":"1965","month":"","quarter":"Q1","sourceDataset":"CSDB2","updateDate":"2016-01-27T15:25:45.904Z"},{"date":"1965 Q2","value":"908","year":"1965","month":"","quarter":"Q2","sourceDataset":"CSDB2","updateDate":"2016-01-27T15:25:45.904Z"},{"date":"1965 Q3","value":"934","year":"1965","month":"","quarter":"Q3","sourceDataset":"CSDB2","updateDate":"2016-01-27T15:25:45.904Z"},{"date":"1965 Q4","value":"951","year":"1965","month":"","quarter":"Q4","sourceDataset":"CSDB2","updateDate":"2016-01-27T15:25:45.904Z"},{"date":"1966 Q1","value":"981","year":"1966","month":"","quarter":"Q1","sourceDataset":"CSDB2","updateDate":"2016-01-27T15:25:45.904Z"},{"date":"1966 Q2","value":"1010","year":"1966","month":"","quarter":"Q2","sourceDataset":"CSDB2","updateDate":"2016-01-27T15:25:45.904Z"},{"date":"1966 Q3","value":"1039","year":"1966","month":"","quarter":"Q3","sourceDataset":"CSDB2","updateDate":"2016-01-27T15:25:45.904Z"},{"date":"1966 Q4","value":"1080","year":"1966","month":"","quarter":"Q4","sourceDataset":"CSDB2","updateDate":"2016-01-27T15:25:45.904Z"},{"date":"1967 Q1","value":"1081","year":"1967","month":"","quarter":"Q1","sourceDataset":"CSDB2","updateDate":"2016-01-27T15:25:45.904Z"},{"date":"1967 Q2","value":"1108","year":"1967","month":"","quarter":"Q2","sourceDataset":"CSDB2","updateDate":"2016-01-27T15:25:45.904Z"},{"date":"1967 Q3","value":"1121","year":"1967","month":"","quarter":"Q3","sourceDataset":"CSDB2","updateDate":"2016-01-27T15:25:45.904Z"},{"date":"1967 Q4","value":"1097","year":"1967","month":"","quarter":"Q4","sourceDataset":"CSDB2","updateDate":"2016-01-27T15:25:45.904Z"},{"date":"1968 Q1","value":"1200","year":"1968","month":"","quarter":"Q1","sourceDataset":"CSDB2","updateDate":"2016-01-27T15:25:45.904Z"},{"date":"1968 Q2","value":"1204","year":"1968","month":"","quarter":"Q2","sourceDataset":"CSDB2","updateDate":"2016-01-27T15:25:45.904Z"},{"date":"1968 Q3","value":"1279","year":"1968","month":"","quarter":"Q3","sourceDataset":"CSDB2","updateDate":"2016-01-27T15:25:45.904Z"},{"date":"1968 Q4","value":"1362","year":"1968","month":"","quarter":"Q4","sourceDataset":"CSDB2","updateDate":"2016-01-27T15:25:45.904Z"},{"date":"1969 Q1","value":"1438","year":"1969","month":"","quarter":"Q1","sourceDataset":"CSDB2","updateDate":"2016-01-27T15:25:45.904Z"},{"date":"1969 Q2","value":"1472","year":"1969","month":"","quarter":"Q2","sourceDataset":"CSDB2","updateDate":"2016-01-27T15:25:45.904Z"},{"date":"1969 Q3","value":"1538","year":"1969","month":"","quarter":"Q3","sourceDataset":"CSDB2","updateDate":"2016-01-27T15:25:45.904Z"},{"date":"1969 Q4","value":"1555","year":"1969","month":"","quarter":"Q4","sourceDataset":"CSDB2","updateDate":"2016-01-27T15:25:45.904Z"},{"date":"1970 Q1","value":"1589","year":"1970","month":"","quarter":"Q1","sourceDataset":"CSDB2","updateDate":"2016-01-27T15:25:45.904Z"},{"date":"1970 Q2","value":"1590","year":"1970","month":"","quarter":"Q2","sourceDataset":"CSDB2","updateDate":"2016-01-27T15:25:45.904Z"},{"date":"1970 Q3","value":"1690","year":"1970","month":"","quarter":"Q3","sourceDataset":"CSDB2","updateDate":"2016-01-27T15:25:45.904Z"},{"date":"1970 Q4","value":"1664","year":"1970","month":"","quarter":"Q4","sourceDataset":"CSDB2","updateDate":"2016-01-27T15:25:45.904Z"},{"date":"1971 Q1","value":"1649","year":"1971","month":"","quarter":"Q1","sourceDataset":"CSDB2","updateDate":"2016-01-27T15:25:45.904Z"},{"date":"1971 Q2","value":"1700","year":"1971","month":"","quarter":"Q2","sourceDataset":"CSDB2","updateDate":"2016-01-27T15:25:45.904Z"},{"date":"1971 Q3","value":"1663","year":"1971","month":"","quarter":"Q3","sourceDataset":"CSDB2","updateDate":"2016-01-27T15:25:45.904Z"},{"date":"1971 Q4","value":"1649","year":"1971","month":"","quarter":"Q4","sourceDataset":"CSDB2","updateDate":"2016-01-27T15:25:45.904Z"},{"date":"1972 Q1","value":"1645","year":"1972","month":"","quarter":"Q1","sourceDataset":"CSDB2","updateDate":"2016-01-27T15:25:45.904Z"},{"date":"1972 Q2","value":"1709","year":"1972","month":"","quarter":"Q2","sourceDataset":"CSDB2","updateDate":"2016-01-27T15:25:45.904Z"},{"date":"1972 Q3","value":"1690","year":"1972","month":"","quarter":"Q3","sourceDataset":"CSDB2","updateDate":"2016-01-27T15:25:45.904Z"},{"date":"1972 Q4","value":"1814","year":"1972","month":"","quarter":"Q4","sourceDataset":"CSDB2","updateDate":"2016-01-27T15:25:45.904Z"},{"date":"1973 Q1","value":"1908","year":"1973","month":"","quarter":"Q1","sourceDataset":"CSDB2","updateDate":"2016-01-27T15:25:45.904Z"},{"date":"1973 Q2","value":"1593","year":"1973","month":"","quarter":"Q2","sourceDataset":"CSDB2","updateDate":"2016-01-27T15:25:45.904Z"},{"date":"1973 Q3","value":"1743","year":"1973","month":"","quarter":"Q3","sourceDataset":"CSDB2","updateDate":"2016-01-27T15:25:45.904Z"},{"date":"1973 Q4","value":"1704","year":"1973","month":"","quarter":"Q4","sourceDataset":"CSDB2","updateDate":"2016-01-27T15:25:45.904Z"},{"date":"1974 Q1","value":"1613","year":"1974","month":"","quarter":"Q1","sourceDataset":"CSDB2","updateDate":"2016-01-27T15:25:45.904Z"},{"date":"1974 Q2","value":"1817","year":"1974","month":"","quarter":"Q2","sourceDataset":"CSDB2","updateDate":"2016-01-27T15:25:45.904Z"},{"date":"1974 Q3","value":"1662","year":"1974","month":"","quarter":"Q3","sourceDataset":"CSDB2","updateDate":"2016-01-27T15:25:45.904Z"},{"date":"1974 Q4","value":"1666","year":"1974","month":"","quarter":"Q4","sourceDataset":"CSDB2","updateDate":"2016-01-27T15:25:45.904Z"},{"date":"1975 Q1","value":"1780","year":"1975","month":"","quarter":"Q1","sourceDataset":"CSDB2","updateDate":"2016-01-27T15:25:45.904Z"},{"date":"1975 Q2","value":"2050","year":"1975","month":"","quarter":"Q2","sourceDataset":"CSDB2","updateDate":"2016-01-27T15:25:45.904Z"},{"date":"1975 Q3","value":"2231","year":"1975","month":"","quarter":"Q3","sourceDataset":"CSDB2","updateDate":"2016-01-27T15:25:45.904Z"},{"date":"1975 Q4","value":"2273","year":"1975","month":"","quarter":"Q4","sourceDataset":"CSDB2","updateDate":"2016-01-27T15:25:45.904Z"},{"date":"1976 Q1","value":"2603","year":"1976","month":"","quarter":"Q1","sourceDataset":"CSDB2","updateDate":"2016-01-27T15:25:45.904Z"},{"date":"1976 Q2","value":"2425","year":"1976","month":"","quarter":"Q2","sourceDataset":"CSDB2","updateDate":"2016-01-27T15:25:45.904Z"},{"date":"1976 Q3","value":"2618","year":"1976","month":"","quarter":"Q3","sourceDataset":"CSDB2","updateDate":"2016-01-27T15:25:45.904Z"},{"date":"1976 Q4","value":"2902","year":"1976","month":"","quarter":"Q4","sourceDataset":"CSDB2","updateDate":"2016-01-27T15:25:45.904Z"},{"date":"1977 Q1","value":"3048","year":"1977","month":"","quarter":"Q1","sourceDataset":"CSDB2","updateDate":"2016-01-27T15:25:45.904Z"},{"date":"1977 Q2","value":"3445","year":"1977","month":"","quarter":"Q2","sourceDataset":"CSDB2","updateDate":"2016-01-27T15:25:45.904Z"},{"date":"1977 Q3","value":"3638","year":"1977","month":"","quarter":"Q3","sourceDataset":"CSDB2","updateDate":"2016-01-27T15:25:45.904Z"},{"date":"1977 Q4","value":"3731","year":"1977","month":"","quarter":"Q4","sourceDataset":"CSDB2","updateDate":"2016-01-27T15:25:45.904Z"},{"date":"1978 Q1","value":"3696","year":"1978","month":"","quarter":"Q1","sourceDataset":"CSDB2","updateDate":"2016-01-27T15:25:45.904Z"},{"date":"1978 Q2","value":"3979","year":"1978","month":"","quarter":"Q2","sourceDataset":"CSDB2","updateDate":"2016-01-27T15:25:45.904Z"},{"date":"1978 Q3","value":"4044","year":"1978","month":"","quarter":"Q3","sourceDataset":"CSDB2","updateDate":"2016-01-27T15:25:45.904Z"},{"date":"1978 Q4","value":"4253","year":"1978","month":"","quarter":"Q4","sourceDataset":"CSDB2","updateDate":"2016-01-27T15:25:45.904Z"},{"date":"1979 Q1","value":"4383","year":"1979","month":"","quarter":"Q1","sourceDataset":"CSDB2","updateDate":"2016-01-27T15:25:45.904Z"},{"date":"1979 Q2","value":"4942","year":"1979","month":"","quarter":"Q2","sourceDataset":"CSDB2","updateDate":"2016-01-27T15:25:45.904Z"},{"date":"1979 Q3","value":"5565","year":"1979","month":"","quarter":"Q3","sourceDataset":"CSDB2","updateDate":"2016-01-27T15:25:45.904Z"},{"date":"1979 Q4","value":"6067","year":"1979","month":"","quarter":"Q4","sourceDataset":"CSDB2","updateDate":"2016-01-27T15:25:45.904Z"},{"date":"1980 Q1","value":"6466","year":"1980","month":"","quarter":"Q1","sourceDataset":"CSDB2","updateDate":"2016-01-27T15:25:45.904Z"},{"date":"1980 Q2","value":"6623","year":"1980","month":"","quarter":"Q2","sourceDataset":"CSDB2","updateDate":"2016-01-27T15:25:45.904Z"},{"date":"1980 Q3","value":"6765","year":"1980","month":"","quarter":"Q3","sourceDataset":"CSDB2","updateDate":"2016-01-27T15:25:45.904Z"},{"date":"1980 Q4","value":"6834","year":"1980","month":"","quarter":"Q4","sourceDataset":"CSDB2","updateDate":"2016-01-27T15:25:45.904Z"},{"date":"1981 Q1","value":"6810","year":"1981","month":"","quarter":"Q1","sourceDataset":"CSDB2","updateDate":"2016-01-27T15:25:45.904Z"},{"date":"1981 Q2","value":"7512","year":"1981","month":"","quarter":"Q2","sourceDataset":"CSDB2","updateDate":"2016-01-27T15:25:45.904Z"},{"date":"1981 Q3","value":"7774","year":"1981","month":"","quarter":"Q3","sourceDataset":"CSDB2","updateDate":"2016-01-27T15:25:45.904Z"},{"date":"1981 Q4","value":"7970","year":"1981","month":"","quarter":"Q4","sourceDataset":"CSDB2","updateDate":"2016-01-27T15:25:45.904Z"},{"date":"1982 Q1","value":"8636","year":"1982","month":"","quarter":"Q1","sourceDataset":"CSDB2","updateDate":"2016-01-27T15:25:45.904Z"},{"date":"1982 Q2","value":"8694","year":"1982","month":"","quarter":"Q2","sourceDataset":"CSDB2","updateDate":"2016-01-27T15:25:45.904Z"},{"date":"1982 Q3","value":"8903","year":"1982","month":"","quarter":"Q3","sourceDataset":"CSDB2","updateDate":"2016-01-27T15:25:45.904Z"},{"date":"1982 Q4","value":"8963","year":"1982","month":"","quarter":"Q4","sourceDataset":"CSDB2","updateDate":"2016-01-27T15:25:45.904Z"},{"date":"1983 Q1","value":"9159","year":"1983","month":"","quarter":"Q1","sourceDataset":"CSDB2","updateDate":"2016-01-27T15:25:45.904Z"},{"date":"1983 Q2","value":"9320","year":"1983","month":"","quarter":"Q2","sourceDataset":"CSDB2","updateDate":"2016-01-27T15:25:45.904Z"},{"date":"1983 Q3","value":"9198","year":"1983","month":"","quarter":"Q3","sourceDataset":"CSDB2","updateDate":"2016-01-27T15:25:45.904Z"},{"date":"1983 Q4","value":"9346","year":"1983","month":"","quarter":"Q4","sourceDataset":"CSDB2","updateDate":"2016-01-27T15:25:45.904Z"},{"date":"1984 Q1","value":"9840","year":"1984","month":"","quarter":"Q1","sourceDataset":"CSDB2","updateDate":"2016-01-27T15:25:45.904Z"},{"date":"1984 Q2","value":"9982","year":"1984","month":"","quarter":"Q2","sourceDataset":"CSDB2","updateDate":"2016-01-27T15:25:45.904Z"},{"date":"1984 Q3","value":"10041","year":"1984","month":"","quarter":"Q3","sourceDataset":"CSDB2","updateDate":"2016-01-27T15:25:45.904Z"},{"date":"1984 Q4","value":"9988","year":"1984","month":"","quarter":"Q4","sourceDataset":"CSDB2","updateDate":"2016-01-27T15:25:45.904Z"},{"date":"1985 Q1","value":"10148","year":"1985","month":"","quarter":"Q1","sourceDataset":"CSDB2","updateDate":"2016-01-27T15:25:45.904Z"},{"date":"1985 Q2","value":"10358","year":"1985","month":"","quarter":"Q2","sourceDataset":"CSDB2","updateDate":"2016-01-27T15:25:45.904Z"},{"date":"1985 Q3","value":"10810","year":"1985","month":"","quarter":"Q3","sourceDataset":"CSDB2","updateDate":"2016-01-27T15:25:45.904Z"},{"date":"1985 Q4","value":"11230","year":"1985","month":"","quarter":"Q4","sourceDataset":"CSDB2","updateDate":"2016-01-27T15:25:45.904Z"},{"date":"1986 Q1","value":"11435","year":"1986","month":"","quarter":"Q1","sourceDataset":"CSDB2","updateDate":"2016-01-27T15:25:45.904Z"},{"date":"1986 Q2","value":"12131","year":"1986","month":"","quarter":"Q2","sourceDataset":"CSDB2","updateDate":"2016-01-27T15:25:45.904Z"},{"date":"1986 Q3","value":"12286","year":"1986","month":"","quarter":"Q3","sourceDataset":"CSDB2","updateDate":"2016-01-27T15:25:45.904Z"},{"date":"1986 Q4","value":"12567","year":"1986","month":"","quarter":"Q4","sourceDataset":"CSDB2","updateDate":"2016-01-27T15:25:45.904Z"},{"date":"1987 Q1","value":"13203","year":"1987","month":"","quarter":"Q1","sourceDataset":"CSDB2","updateDate":"2016-01-27T15:25:45.904Z"},{"date":"1987 Q2","value":"12992","year":"1987","month":"","quarter":"Q2","sourceDataset":"CSDB2","updateDate":"2016-01-27T15:25:45.904Z"},{"date":"1987 Q3","value":"13495","year":"1987","month":"","quarter":"Q3","sourceDataset":"CSDB2","updateDate":"2016-01-27T15:25:45.904Z"},{"date":"1987 Q4","value":"14143","year":"1987","month":"","quarter":"Q4","sourceDataset":"CSDB2","updateDate":"2016-01-27T15:25:45.904Z"},{"date":"1988 Q1","value":"14274","year":"1988","month":"","quarter":"Q1","sourceDataset":"CSDB2","updateDate":"2016-01-27T15:25:45.904Z"},{"date":"1988 Q2","value":"14934","year":"1988","month":"","quarter":"Q2","sourceDataset":"CSDB2","updateDate":"2016-01-27T15:25:45.904Z"},{"date":"1988 Q3","value":"15044","year":"1988","month":"","quarter":"Q3","sourceDataset":"CSDB2","updateDate":"2016-01-27T15:25:45.904Z"},{"date":"1988 Q4","value":"15702","year":"1988","month":"","quarter":"Q4","sourceDataset":"CSDB2","updateDate":"2016-01-27T15:25:45.904Z"},{"date":"1989 Q1","value":"15583","year":"1989","month":"","quarter":"Q1","sourceDataset":"CSDB2","updateDate":"2016-01-27T15:25:45.904Z"},{"date":"1989 Q2","value":"16131","year":"1989","month":"","quarter":"Q2","sourceDataset":"CSDB2","updateDate":"2016-01-27T15:25:45.904Z"},{"date":"1989 Q3","value":"16096","year":"1989","month":"","quarter":"Q3","sourceDataset":"CSDB2","updateDate":"2016-01-27T15:25:45.904Z"},{"date":"1989 Q4","value":"16445","year":"1989","month":"","quarter":"Q4","sourceDataset":"CSDB2","updateDate":"2016-01-27T15:25:45.904Z"},{"date":"1990 Q1","value":"16787","year":"1990","month":"","quarter":"Q1","sourceDataset":"CSDB2","updateDate":"2016-01-27T15:25:45.904Z"},{"date":"1990 Q2","value":"17127","year":"1990","month":"","quarter":"Q2","sourceDataset":"CSDB2","updateDate":"2016-01-27T15:25:45.904Z"},{"date":"1990 Q3","value":"17099","year":"1990","month":"","quarter":"Q3","sourceDataset":"CSDB2","updateDate":"2016-01-27T15:25:45.904Z"},{"date":"1990 Q4","value":"16959","year":"1990","month":"","quarter":"Q4","sourceDataset":"CSDB2","updateDate":"2016-01-27T15:25:45.904Z"},{"date":"1991 Q1","value":"17830","year":"1991","month":"","quarter":"Q1","sourceDataset":"CSDB2","updateDate":"2016-01-27T15:25:45.904Z"},{"date":"1991 Q2","value":"18785","year":"1991","month":"","quarter":"Q2","sourceDataset":"CSDB2","updateDate":"2016-01-27T15:25:45.904Z"},{"date":"1991 Q3","value":"19461","year":"1991","month":"","quarter":"Q3","sourceDataset":"CSDB2","updateDate":"2016-01-27T15:25:45.904Z"},{"date":"1991 Q4","value":"19858","year":"1991","month":"","quarter":"Q4","sourceDataset":"CSDB2","updateDate":"2016-01-27T15:25:45.904Z"},{"date":"1992 Q1","value":"19853","year":"1992","month":"","quarter":"Q1","sourceDataset":"CSDB2","updateDate":"2016-01-27T15:25:45.904Z"},{"date":"1992 Q2","value":"19310","year":"1992","month":"","quarter":"Q2","sourceDataset":"CSDB2","updateDate":"2016-01-27T15:25:45.904Z"},{"date":"1992 Q3","value":"19921","year":"1992","month":"","quarter":"Q3","sourceDataset":"CSDB2","updateDate":"2016-01-27T15:25:45.904Z"},{"date":"1992 Q4","value":"19977","year":"1992","month":"","quarter":"Q4","sourceDataset":"CSDB2","updateDate":"2016-01-27T15:25:45.904Z"},{"date":"1993 Q1","value":"20026","year":"1993","month":"","quarter":"Q1","sourceDataset":"CSDB2","updateDate":"2016-01-27T15:25:45.904Z"},{"date":"1993 Q2","value":"19610","year":"1993","month":"","quarter":"Q2","sourceDataset":"CSDB2","updateDate":"2016-01-27T15:25:45.904Z"},{"date":"1993 Q3","value":"20055","year":"1993","month":"","quarter":"Q3","sourceDataset":"CSDB2","updateDate":"2016-01-27T15:25:45.904Z"},{"date":"1993 Q4","value":"21167","year":"1993","month":"","quarter":"Q4","sourceDataset":"CSDB2","updateDate":"2016-01-27T15:25:45.904Z"},{"date":"1994 Q1","value":"20948","year":"1994","month":"","quarter":"Q1","sourceDataset":"CSDB2","updateDate":"2016-01-27T15:25:45.904Z"},{"date":"1994 Q2","value":"21026","year":"1994","month":"","quarter":"Q2","sourceDataset":"CSDB2","updateDate":"2016-01-27T15:25:45.904Z"},{"date":"1994 Q3","value":"21999","year":"1994","month":"","quarter":"Q3","sourceDataset":"CSDB2","updateDate":"2016-01-27T15:25:45.904Z"},{"date":"1994 Q4","value":"22366","year":"1994","month":"","quarter":"Q4","sourceDataset":"CSDB2","updateDate":"2016-01-27T15:25:45.904Z"},{"date":"1995 Q1","value":"22462","year":"1995","month":"","quarter":"Q1","sourceDataset":"CSDB2","updateDate":"2016-01-27T15:25:45.904Z"},{"date":"1995 Q2","value":"23525","year":"1995","month":"","quarter":"Q2","sourceDataset":"CSDB2","updateDate":"2016-01-27T15:25:45.904Z"},{"date":"1995 Q3","value":"23502","year":"1995","month":"","quarter":"Q3","sourceDataset":"CSDB2","updateDate":"2016-01-27T15:25:45.904Z"},{"date":"1995 Q4","value":"23998","year":"1995","month":"","quarter":"Q4","sourceDataset":"CSDB2","updateDate":"2016-01-27T15:25:45.904Z"},{"date":"1996 Q1","value":"24032","year":"1996","month":"","quarter":"Q1","sourceDataset":"CSDB2","updateDate":"2016-01-27T15:25:45.904Z"},{"date":"1996 Q2","value":"24164","year":"1996","month":"","quarter":"Q2","sourceDataset":"CSDB2","updateDate":"2016-01-27T15:25:45.904Z"},{"date":"1996 Q3","value":"24427","year":"1996","month":"","quarter":"Q3","sourceDataset":"CSDB2","updateDate":"2016-01-27T15:25:45.904Z"},{"date":"1996 Q4","value":"24749","year":"1996","month":"","quarter":"Q4","sourceDataset":"CSDB2","updateDate":"2016-01-27T15:25:45.904Z"},{"date":"1997 Q1","value":"24628","year":"1997","month":"","quarter":"Q1","sourceDataset":"CSDB2","updateDate":"2016-01-27T15:25:45.904Z"},{"date":"1997 Q2","value":"26435","year":"1997","month":"","quarter":"Q2","sourceDataset":"CSDB2","updateDate":"2016-01-27T15:25:45.904Z"},{"date":"1997 Q3","value":"26385","year":"1997","month":"","quarter":"Q3","sourceDataset":"CSDB2","updateDate":"2016-01-27T15:25:45.904Z"},{"date":"1997 Q4","value":"27802","year":"1997","month":"","quarter":"Q4","sourceDataset":"CSDB2","updateDate":"2016-01-27T15:25:45.904Z"},{"date":"1998 Q1","value":"26887","year":"1998","month":"","quarter":"Q1","sourceDataset":"CSDB2","updateDate":"2016-01-27T15:25:45.904Z"},{"date":"1998 Q2","value":"27889","year":"1998","month":"","quarter":"Q2","sourceDataset":"CSDB2","updateDate":"2016-01-27T15:25:45.904Z"},{"date":"1998 Q3","value":"28732","year":"1998","month":"","quarter":"Q3","sourceDataset":"CSDB2","updateDate":"2016-01-27T15:25:45.904Z"},{"date":"1998 Q4","value":"28837","year":"1998","month":"","quarter":"Q4","sourceDataset":"CSDB2","updateDate":"2016-01-27T15:25:45.904Z"},{"date":"1999 Q1","value":"29266","year":"1999","month":"","quarter":"Q1","sourceDataset":"CSDB2","updateDate":"2016-01-27T15:25:45.904Z"},{"date":"1999 Q2","value":"29678","year":"1999","month":"","quarter":"Q2","sourceDataset":"CSDB2","updateDate":"2016-01-27T15:25:45.904Z"},{"date":"1999 Q3","value":"30825","year":"1999","month":"","quarter":"Q3","sourceDataset":"CSDB2","updateDate":"2016-01-27T15:25:45.904Z"},{"date":"1999 Q4","value":"31708","year":"1999","month":"","quarter":"Q4","sourceDataset":"CSDB2","updateDate":"2016-01-27T15:25:45.904Z"},{"date":"2000 Q1","value":"31616","year":"2000","month":"","quarter":"Q1","sourceDataset":"CSDB2","updateDate":"2016-01-27T15:25:45.904Z"},{"date":"2000 Q2","value":"32330","year":"2000","month":"","quarter":"Q2","sourceDataset":"CSDB2","updateDate":"2016-01-27T15:25:45.904Z"},{"date":"2000 Q3","value":"32461","year":"2000","month":"","quarter":"Q3","sourceDataset":"CSDB2","updateDate":"2016-01-27T15:25:45.904Z"},{"date":"2000 Q4","value":"32374","year":"2000","month":"","quarter":"Q4","sourceDataset":"CSDB2","updateDate":"2016-01-27T15:25:45.904Z"},{"date":"2001 Q1","value":"31906","year":"2001","month":"","quarter":"Q1","sourceDataset":"CSDB2","updateDate":"2016-01-27T15:25:45.904Z"},{"date":"2001 Q2","value":"32355","year":"2001","month":"","quarter":"Q2","sourceDataset":"CSDB2","updateDate":"2016-01-27T15:25:45.904Z"},{"date":"2001 Q3","value":"33135","year":"2001","month":"","quarter":"Q3","sourceDataset":"CSDB2","updateDate":"2016-01-27T15:25:45.904Z"},{"date":"2001 Q4","value":"32956","year":"2001","month":"","quarter":"Q4","sourceDataset":"CSDB2","updateDate":"2016-01-27T15:25:45.904Z"},{"date":"2002 Q1","value":"33453","year":"2002","month":"","quarter":"Q1","sourceDataset":"CSDB2","updateDate":"2016-01-27T15:25:45.904Z"},{"date":"2002 Q2","value":"33554","year":"2002","month":"","quarter":"Q2","sourceDataset":"CSDB2","updateDate":"2016-01-27T15:25:45.904Z"},{"date":"2002 Q3","value":"33996","year":"2002","month":"","quarter":"Q3","sourceDataset":"CSDB2","updateDate":"2016-01-27T15:25:45.904Z"},{"date":"2002 Q4","value":"34203","year":"2002","month":"","quarter":"Q4","sourceDataset":"CSDB2","updateDate":"2016-01-27T15:25:45.904Z"},{"date":"2003 Q1","value":"34085","year":"2003","month":"","quarter":"Q1","sourceDataset":"CSDB2","updateDate":"2016-01-27T15:25:45.904Z"},{"date":"2003 Q2","value":"35069","year":"2003","month":"","quarter":"Q2","sourceDataset":"CSDB2","updateDate":"2016-01-27T15:25:45.904Z"},{"date":"2003 Q3","value":"34997","year":"2003","month":"","quarter":"Q3","sourceDataset":"CSDB2","updateDate":"2016-01-27T15:25:45.904Z"},{"date":"2003 Q4","value":"36810","year":"2003","month":"","quarter":"Q4","sourceDataset":"CSDB2","updateDate":"2016-01-27T15:25:45.904Z"},{"date":"2004 Q1","value":"37210","year":"2004","month":"","quarter":"Q1","sourceDataset":"CSDB2","updateDate":"2016-01-27T15:25:45.904Z"},{"date":"2004 Q2","value":"36888","year":"2004","month":"","quarter":"Q2","sourceDataset":"CSDB2","updateDate":"2016-01-27T15:25:45.904Z"},{"date":"2004 Q3","value":"37034","year":"2004","month":"","quarter":"Q3","sourceDataset":"CSDB2","updateDate":"2016-01-27T15:25:45.904Z"},{"date":"2004 Q4","value":"37923","year":"2004","month":"","quarter":"Q4","sourceDataset":"CSDB2","updateDate":"2016-01-27T15:25:45.904Z"},{"date":"2005 Q1","value":"36978","year":"2005","month":"","quarter":"Q1","sourceDataset":"CSDB2","updateDate":"2016-01-27T15:25:45.904Z"},{"date":"2005 Q2","value":"37373","year":"2005","month":"","quarter":"Q2","sourceDataset":"CSDB2","updateDate":"2016-01-27T15:25:45.904Z"},{"date":"2005 Q3","value":"38709","year":"2005","month":"","quarter":"Q3","sourceDataset":"CSDB2","updateDate":"2016-01-27T15:25:45.904Z"},{"date":"2005 Q4","value":"38723","year":"2005","month":"","quarter":"Q4","sourceDataset":"CSDB2","updateDate":"2016-01-27T15:25:45.904Z"},{"date":"2006 Q1","value":"38533","year":"2006","month":"","quarter":"Q1","sourceDataset":"CSDB2","updateDate":"2016-01-27T15:25:45.904Z"},{"date":"2006 Q2","value":"39126","year":"2006","month":"","quarter":"Q2","sourceDataset":"CSDB2","updateDate":"2016-01-27T15:25:45.904Z"},{"date":"2006 Q3","value":"40298","year":"2006","month":"","quarter":"Q3","sourceDataset":"CSDB2","updateDate":"2016-01-27T15:25:45.904Z"},{"date":"2006 Q4","value":"41639","year":"2006","month":"","quarter":"Q4","sourceDataset":"CSDB2","updateDate":"2016-01-27T15:25:45.904Z"},{"date":"2007 Q1","value":"41770","year":"2007","month":"","quarter":"Q1","sourceDataset":"CSDB2","updateDate":"2016-01-27T15:25:45.904Z"},{"date":"2007 Q2","value":"41837","year":"2007","month":"","quarter":"Q2","sourceDataset":"CSDB2","updateDate":"2016-01-27T15:25:45.904Z"},{"date":"2007 Q3","value":"42453","year":"2007","month":"","quarter":"Q3","sourceDataset":"CSDB2","updateDate":"2016-01-27T15:25:45.904Z"},{"date":"2007 Q4","value":"42462","year":"2007","month":"","quarter":"Q4","sourceDataset":"CSDB2","updateDate":"2016-01-27T15:25:45.904Z"},{"date":"2008 Q1","value":"42041","year":"2008","month":"","quarter":"Q1","sourceDataset":"CSDB2","updateDate":"2016-01-27T15:25:45.904Z"},{"date":"2008 Q2","value":"43613","year":"2008","month":"","quarter":"Q2","sourceDataset":"CSDB2","updateDate":"2016-01-27T15:25:45.904Z"},{"date":"2008 Q3","value":"41203","year":"2008","month":"","quarter":"Q3","sourceDataset":"CSDB2","updateDate":"2016-01-27T15:25:45.904Z"},{"date":"2008 Q4","value":"39786","year":"2008","month":"","quarter":"Q4","sourceDataset":"CSDB2","updateDate":"2016-01-27T15:25:45.904Z"},{"date":"2009 Q1","value":"36514","year":"2009","month":"","quarter":"Q1","sourceDataset":"CSDB2","updateDate":"2016-01-27T15:25:45.904Z"},{"date":"2009 Q2","value":"38053","year":"2009","month":"","quarter":"Q2","sourceDataset":"CSDB2","updateDate":"2016-01-27T15:25:45.904Z"},{"date":"2009 Q3","value":"39598","year":"2009","month":"","quarter":"Q3","sourceDataset":"CSDB2","updateDate":"2016-01-27T15:25:45.904Z"},{"date":"2009 Q4","value":"40660","year":"2009","month":"","quarter":"Q4","sourceDataset":"CSDB2","updateDate":"2016-01-27T15:25:45.904Z"},{"date":"2010 Q1","value":"43150","year":"2010","month":"","quarter":"Q1","sourceDataset":"CSDB2","updateDate":"2016-01-27T15:25:45.904Z"},{"date":"2010 Q2","value":"47973","year":"2010","month":"","quarter":"Q2","sourceDataset":"CSDB2","updateDate":"2016-01-27T15:25:45.904Z"},{"date":"2010 Q3","value":"44249","year":"2010","month":"","quarter":"Q3","sourceDataset":"CSDB2","updateDate":"2016-01-27T15:25:45.904Z"},{"date":"2010 Q4","value":"45008","year":"2010","month":"","quarter":"Q4","sourceDataset":"CSDB2","updateDate":"2016-01-27T15:25:45.904Z"},{"date":"2011 Q1","value":"48304","year":"2011","month":"","quarter":"Q1","sourceDataset":"CSDB2","updateDate":"2016-01-27T15:25:45.904Z"},{"date":"2011 Q2","value":"48566","year":"2011","month":"","quarter":"Q2","sourceDataset":"CSDB2","updateDate":"2016-01-27T15:25:45.904Z"},{"date":"2011 Q3","value":"50174","year":"2011","month":"","quarter":"Q3","sourceDataset":"CSDB2","updateDate":"2016-01-27T15:25:45.904Z"},{"date":"2011 Q4","value":"49827","year":"2011","month":"","quarter":"Q4","sourceDataset":"CSDB2","updateDate":"2016-01-27T15:25:45.904Z"},{"date":"2012 Q1","value":"50076","year":"2012","month":"","quarter":"Q1","sourceDataset":"CSDB2","updateDate":"2016-01-27T15:25:45.904Z"},{"date":"2012 Q2","value":"49529","year":"2012","month":"","quarter":"Q2","sourceDataset":"CSDB2","updateDate":"2016-01-27T15:25:45.904Z"},{"date":"2012 Q3","value":"50225","year":"2012","month":"","quarter":"Q3","sourceDataset":"CSDB2","updateDate":"2016-01-27T15:25:45.904Z"},{"date":"2012 Q4","value":"51940","year":"2012","month":"","quarter":"Q4","sourceDataset":"CSDB2","updateDate":"2016-01-27T15:25:45.904Z"},{"date":"2013 Q1","value":"51159","year":"2013","month":"","quarter":"Q1","sourceDataset":"CSDB2","updateDate":"2016-01-27T15:25:45.904Z"},{"date":"2013 Q2","value":"52092","year":"2013","month":"","quarter":"Q2","sourceDataset":"CSDB2","updateDate":"2016-01-27T15:25:45.904Z"},{"date":"2013 Q3","value":"53603","year":"2013","month":"","quarter":"Q3","sourceDataset":"CSDB2","updateDate":"2016-01-27T15:25:45.904Z"},{"date":"2013 Q4","value":"54484","year":"2013","month":"","quarter":"Q4","sourceDataset":"CSDB2","updateDate":"2016-01-27T15:25:45.904Z"},{"date":"2014 Q1","value":"54700","year":"2014","month":"","quarter":"Q1","sourceDataset":"CSDB2","updateDate":"2016-01-27T15:25:45.904Z"},{"date":"2014 Q2","value":"55308","year":"2014","month":"","quarter":"Q2","sourceDataset":"CSDB2","updateDate":"2016-01-27T15:25:45.904Z"},{"date":"2014 Q3","value":"54963","year":"2014","month":"","quarter":"Q3","sourceDataset":"CSDB2","updateDate":"2016-01-27T15:25:45.904Z"},{"date":"2014 Q4","value":"56787","year":"2014","month":"","quarter":"Q4","sourceDataset":"CSDB2","updateDate":"2016-01-27T15:25:45.904Z"},{"date":"2015 Q1","value":"55068","year":"2015","month":"","quarter":"Q1","sourceDataset":"CSDB2","updateDate":"2016-01-27T15:25:45.904Z"},{"date":"2015 Q2","value":"56694","year":"2015","month":"","quarter":"Q2","sourceDataset":"CSDB2","updateDate":"2016-01-27T15:25:45.904Z"},{"date":"2015 Q3","value":"56663","year":"2015","month":"","quarter":"Q3","sourceDataset":"CSDB2","updateDate":"2016-01-27T15:25:45.904Z"}],"months":[],"sourceDatasets":["CSDB2"],"relatedDatasets":[{"uri":"/economy/environmentalaccounts/datasets/asdasdasdasdsadqwdeqweqe/2046"}],"relatedDocuments":[],"type":"timeseries","description":{"title":"whole economy: D2 less D3: pre-ESA95 factor cost adjustment: SA CP £m   ","contact":{"email":"","name":"","telephone":""},"releaseDate":"2016-01-27T00:00:00.000Z","nextRelease":"","cdid":"CMVL","unit":"","preUnit":"","source":"","seasonalAdjustment":"NSA","date":"2015 Q3","number":"56663"}}