{"years":[{"date":"1975","value":"313","year":"1975","month":"","quarter":"","sourceDataset":"CSDB","updateDate":"2016-01-14T16:25:14.955Z"},{"date":"1976","value":"268","year":"1976","month":"","quarter":"","sourceDataset":"CSDB","updateDate":"2016-01-14T16:25:14.955Z"},{"date":"1977","value":"232","year":"1977","month":"","quarter":"","sourceDataset":"CSDB","updateDate":"2016-01-14T16:25:14.955Z"},{"date":"1978","value":"214","year":"1978","month":"","quarter":"","sourceDataset":"CSDB","updateDate":"2016-01-14T16:25:14.955Z"},{"date":"1979","value":"189","year":"1979","month":"","quarter":"","sourceDataset":"CSDB","updateDate":"2016-01-14T16:25:14.955Z"},{"date":"1980","value":"160","year":"1980","month":"","quarter":"","sourceDataset":"CSDB","updateDate":"2016-01-14T16:25:14.955Z"},{"date":"1981","value":"143","year":"1981","month":"","quarter":"","sourceDataset":"CSDB","updateDate":"2016-01-14T16:25:14.955Z"},{"date":"1982","value":"132","year":"1982","month":"","quarter":"","sourceDataset":"CSDB","updateDate":"2016-01-14T16:25:14.955Z"},{"date":"1983","value":"126","year":"1983","month":"","quarter":"","sourceDataset":"CSDB","updateDate":"2016-01-14T16:25:14.955Z"},{"date":"1984","value":"120","year":"1984","month":"","quarter":"","sourceDataset":"CSDB","updateDate":"2016-01-14T16:25:14.955Z"},{"date":"1985","value":"113","year":"1985","month":"","quarter":"","sourceDataset":"CSDB","updateDate":"2016-01-14T16:25:14.955Z"},{"date":"1986","value":"109","year":"1986","month":"","quarter":"","sourceDataset":"CSDB","updateDate":"2016-01-14T16:25:14.955Z"},{"date":"1987","value":"105","year":"1987","month":"","quarter":"","sourceDataset":"CSDB","updateDate":"2016-01-14T16:25:14.955Z"},{"date":"1988","value":"100","year":"1988","month":"","quarter":"","sourceDataset":"CSDB","updateDate":"2016-01-14T16:25:14.955Z"},{"date":"1989","value":"93","year":"1989","month":"","quarter":"","sourceDataset":"CSDB","updateDate":"2016-01-14T16:25:14.955Z"},{"date":"1990","value":"85","year":"1990","month":"","quarter":"","sourceDataset":"CSDB","updateDate":"2016-01-14T16:25:14.955Z"},{"date":"1991","value":"80","year":"1991","month":"","quarter":"","sourceDataset":"CSDB","updateDate":"2016-01-14T16:25:14.955Z"},{"date":"1992","value":"77","year":"1992","month":"","quarter":"","sourceDataset":"CSDB","updateDate":"2016-01-14T16:25:14.955Z"},{"date":"1993","value":"76","year":"1993","month":"","quarter":"","sourceDataset":"CSDB","updateDate":"2016-01-14T16:25:14.955Z"},{"date":"1994","value":"74","year":"1994","month":"","quarter":"","sourceDataset":"CSDB","updateDate":"2016-01-14T16:25:14.955Z"},{"date":"1995","value":"72","year":"1995","month":"","quarter":"","sourceDataset":"CSDB","updateDate":"2016-01-14T16:25:14.955Z"},{"date":"1996","value":"70","year":"1996","month":"","quarter":"","sourceDataset":"CSDB","updateDate":"2016-01-14T16:25:14.955Z"},{"date":"1997","value":"68","year":"1997","month":"","quarter":"","sourceDataset":"CSDB","updateDate":"2016-01-14T16:25:14.955Z"},{"date":"1998","value":"66","year":"1998","month":"","quarter":"","sourceDataset":"CSDB","updateDate":"2016-01-14T16:25:14.955Z"},{"date":"1999","value":"65","year":"1999","month":"","quarter":"","sourceDataset":"CSDB","updateDate":"2016-01-14T16:25:14.955Z"},{"date":"2000","value":"63","year":"2000","month":"","quarter":"","sourceDataset":"CSDB","updateDate":"2016-01-14T16:25:14.955Z"},{"date":"2001","value":"62","year":"2001","month":"","quarter":"","sourceDataset":"CSDB","updateDate":"2016-01-14T16:25:14.955Z"},{"date":"2002","value":"61","year":"2002","month":"","quarter":"","sourceDataset":"CSDB","updateDate":"2016-01-14T16:25:14.955Z"},{"date":"2003","value":"59","year":"2003","month":"","quarter":"","sourceDataset":"CSDB","updateDate":"2016-01-14T16:25:14.955Z"},{"date":"2004","value":"57","year":"2004","month":"","quarter":"","sourceDataset":"CSDB","updateDate":"2016-01-14T16:25:14.955Z"},{"date":"2005","value":"56","year":"2005","month":"","quarter":"","sourceDataset":"CSDB","updateDate":"2016-01-14T16:25:14.955Z"},{"date":"2006","value":"54","year":"2006","month":"","quarter":"","sourceDataset":"CSDB","updateDate":"2016-01-14T16:25:14.955Z"},{"date":"2007","value":"52","year":"2007","month":"","quarter":"","sourceDataset":"CSDB","updateDate":"2016-01-14T16:25:14.955Z"},{"date":"2008","value":"50","year":"2008","month":"","quarter":"","sourceDataset":"CSDB","updateDate":"2016-01-14T16:25:14.955Z"},{"date":"2009","value":"50","year":"2009","month":"","quarter":"","sourceDataset":"CSDB","updateDate":"2016-01-14T16:25:14.955Z"},{"date":"2010","value":"48","year":"2010","month":"","quarter":"","sourceDataset":"CSDB","updateDate":"2016-01-14T16:25:14.955Z"},{"date":"2011","value":"45","year":"2011","month":"","quarter":"","sourceDataset":"CSDB","updateDate":"2016-01-14T16:25:14.955Z"},{"date":"2012","value":"44","year":"2012","month":"","quarter":"","sourceDataset":"CSDB","updateDate":"2016-01-14T16:25:14.955Z"},{"date":"2013","value":"43","year":"2013","month":"","quarter":"","sourceDataset":"CSDB","updateDate":"2016-01-14T16:25:14.955Z"},{"date":"2014","value":"42","year":"2014","month":"","quarter":"","sourceDataset":"CSDB","updateDate":"2016-01-14T16:25:14.955Z"}],"quarters":[],"months":[],"sourceDatasets":["CSDB"],"relatedDatasets":[{"uri":"/businessindustryandtrade/changestobusiness/bankruptcyinsolvency/datasets/carlsxmasrelease/2015"},{"uri":"/businessindustryandtrade/changestobusiness/bankruptcyinsolvency/datasets/wahasaqewqeqwe/2015"},{"uri":"/businessindustryandtrade/changestobusiness/bankruptcyinsolvency/datasets/releaseisreleaseygyug/2015"},{"uri":"/businessindustryandtrade/changestobusiness/bankruptcyinsolvency/datasets/releaseisreleaseadffd/2015"},{"uri":"/businessindustryandtrade/changestobusiness/bankruptcyinsolvency/datasets/pageunencrypted/2015"}],"relatedDocuments":[],"type":"timeseries","description":{"title":"Internal purchasing power of the pound (based on RPI): 1988\u003d100         ","contact":{"email":"","name":"","telephone":""},"releaseDate":"2016-01-28T00:00:00.000Z","nextRelease":"","cdid":"BAMU","unit":"","preUnit":"","source":"","seasonalAdjustment":"NSA","date":"2014","number":"42"}}