{"years":[{"date":"1948","value":"13917","year":"1948","month":"","quarter":"","sourceDataset":"CSDB10","updateDate":"2016-01-28T09:29:38.115Z"},{"date":"1949","value":"14886","year":"1949","month":"","quarter":"","sourceDataset":"CSDB10","updateDate":"2016-01-28T09:29:38.115Z"},{"date":"1950","value":"15847","year":"1950","month":"","quarter":"","sourceDataset":"CSDB10","updateDate":"2016-01-28T09:29:38.115Z"},{"date":"1951","value":"18699","year":"1951","month":"","quarter":"","sourceDataset":"CSDB10","updateDate":"2016-01-28T09:29:38.115Z"},{"date":"1952","value":"19540","year":"1952","month":"","quarter":"","sourceDataset":"CSDB10","updateDate":"2016-01-28T09:29:38.115Z"},{"date":"1953","value":"20632","year":"1953","month":"","quarter":"","sourceDataset":"CSDB10","updateDate":"2016-01-28T09:29:38.115Z"},{"date":"1954","value":"21616","year":"1954","month":"","quarter":"","sourceDataset":"CSDB10","updateDate":"2016-01-28T09:29:38.115Z"},{"date":"1955","value":"23694","year":"1955","month":"","quarter":"","sourceDataset":"CSDB10","updateDate":"2016-01-28T09:29:38.115Z"},{"date":"1956","value":"25466","year":"1956","month":"","quarter":"","sourceDataset":"CSDB10","updateDate":"2016-01-28T09:29:38.115Z"},{"date":"1957","value":"26968","year":"1957","month":"","quarter":"","sourceDataset":"CSDB10","updateDate":"2016-01-28T09:29:38.115Z"},{"date":"1958","value":"27856","year":"1958","month":"","quarter":"","sourceDataset":"CSDB10","updateDate":"2016-01-28T09:29:38.115Z"},{"date":"1959","value":"29267","year":"1959","month":"","quarter":"","sourceDataset":"CSDB10","updateDate":"2016-01-28T09:29:38.115Z"},{"date":"1960","value":"31578","year":"1960","month":"","quarter":"","sourceDataset":"CSDB10","updateDate":"2016-01-28T09:29:38.115Z"},{"date":"1961","value":"33265","year":"1961","month":"","quarter":"","sourceDataset":"CSDB10","updateDate":"2016-01-28T09:29:38.115Z"},{"date":"1962","value":"34616","year":"1962","month":"","quarter":"","sourceDataset":"CSDB10","updateDate":"2016-01-28T09:29:38.115Z"},{"date":"1963","value":"36854","year":"1963","month":"","quarter":"","sourceDataset":"CSDB10","updateDate":"2016-01-28T09:29:38.115Z"},{"date":"1964","value":"40459","year":"1964","month":"","quarter":"","sourceDataset":"CSDB10","updateDate":"2016-01-28T09:29:38.115Z"},{"date":"1965","value":"43252","year":"1965","month":"","quarter":"","sourceDataset":"CSDB10","updateDate":"2016-01-28T09:29:38.115Z"},{"date":"1966","value":"46010","year":"1966","month":"","quarter":"","sourceDataset":"CSDB10","updateDate":"2016-01-28T09:29:38.115Z"},{"date":"1967","value":"48871","year":"1967","month":"","quarter":"","sourceDataset":"CSDB10","updateDate":"2016-01-28T09:29:38.115Z"},{"date":"1968","value":"54397","year":"1968","month":"","quarter":"","sourceDataset":"CSDB10","updateDate":"2016-01-28T09:29:38.115Z"},{"date":"1969","value":"58329","year":"1969","month":"","quarter":"","sourceDataset":"CSDB10","updateDate":"2016-01-28T09:29:38.115Z"},{"date":"1970","value":"65411","year":"1970","month":"","quarter":"","sourceDataset":"CSDB10","updateDate":"2016-01-28T09:29:38.115Z"},{"date":"1971","value":"73239","year":"1971","month":"","quarter":"","sourceDataset":"CSDB10","updateDate":"2016-01-28T09:29:38.115Z"},{"date":"1972","value":"81745","year":"1972","month":"","quarter":"","sourceDataset":"CSDB10","updateDate":"2016-01-28T09:29:38.115Z"},{"date":"1973","value":"97726","year":"1973","month":"","quarter":"","sourceDataset":"CSDB10","updateDate":"2016-01-28T09:29:38.115Z"},{"date":"1974","value":"116094","year":"1974","month":"","quarter":"","sourceDataset":"CSDB10","updateDate":"2016-01-28T09:29:38.115Z"},{"date":"1975","value":"138924","year":"1975","month":"","quarter":"","sourceDataset":"CSDB10","updateDate":"2016-01-28T09:29:38.115Z"},{"date":"1976","value":"167763","year":"1976","month":"","quarter":"","sourceDataset":"CSDB10","updateDate":"2016-01-28T09:29:38.115Z"},{"date":"1977","value":"194257","year":"1977","month":"","quarter":"","sourceDataset":"CSDB10","updateDate":"2016-01-28T09:29:38.115Z"},{"date":"1978","value":"221819","year":"1978","month":"","quarter":"","sourceDataset":"CSDB10","updateDate":"2016-01-28T09:29:38.115Z"},{"date":"1979","value":"262745","year":"1979","month":"","quarter":"","sourceDataset":"CSDB10","updateDate":"2016-01-28T09:29:38.115Z"},{"date":"1980","value":"301501","year":"1980","month":"","quarter":"","sourceDataset":"CSDB10","updateDate":"2016-01-28T09:29:38.115Z"},{"date":"1981","value":"330919","year":"1981","month":"","quarter":"","sourceDataset":"CSDB10","updateDate":"2016-01-28T09:29:38.115Z"},{"date":"1982","value":"363118","year":"1982","month":"","quarter":"","sourceDataset":"CSDB10","updateDate":"2016-01-28T09:29:38.115Z"},{"date":"1983","value":"400969","year":"1983","month":"","quarter":"","sourceDataset":"CSDB10","updateDate":"2016-01-28T09:29:38.115Z"},{"date":"1984","value":"440131","year":"1984","month":"","quarter":"","sourceDataset":"CSDB10","updateDate":"2016-01-28T09:29:38.115Z"},{"date":"1985","value":"481693","year":"1985","month":"","quarter":"","sourceDataset":"CSDB10","updateDate":"2016-01-28T09:29:38.115Z"},{"date":"1986","value":"512709","year":"1986","month":"","quarter":"","sourceDataset":"CSDB10","updateDate":"2016-01-28T09:29:38.115Z"},{"date":"1987","value":"569243","year":"1987","month":"","quarter":"","sourceDataset":"CSDB10","updateDate":"2016-01-28T09:29:38.115Z"},{"date":"1988","value":"638383","year":"1988","month":"","quarter":"","sourceDataset":"CSDB10","updateDate":"2016-01-28T09:29:38.115Z"},{"date":"1989","value":"711461","year":"1989","month":"","quarter":"","sourceDataset":"CSDB10","updateDate":"2016-01-28T09:29:38.115Z"},{"date":"1990","value":"766664","year":"1990","month":"","quarter":"","sourceDataset":"CSDB10","updateDate":"2016-01-28T09:29:38.115Z"},{"date":"1991","value":"793095","year":"1991","month":"","quarter":"","sourceDataset":"CSDB10","updateDate":"2016-01-28T09:29:38.115Z"},{"date":"1992","value":"827080","year":"1992","month":"","quarter":"","sourceDataset":"CSDB10","updateDate":"2016-01-28T09:29:38.115Z"},{"date":"1993","value":"881363","year":"1993","month":"","quarter":"","sourceDataset":"CSDB10","updateDate":"2016-01-28T09:29:38.115Z"},{"date":"1994","value":"934467","year":"1994","month":"","quarter":"","sourceDataset":"CSDB10","updateDate":"2016-01-28T09:29:38.115Z"},{"date":"1995","value":"994327","year":"1995","month":"","quarter":"","sourceDataset":"CSDB10","updateDate":"2016-01-28T09:29:38.115Z"},{"date":"1996","value":"1067832","year":"1996","month":"","quarter":"","sourceDataset":"CSDB10","updateDate":"2016-01-28T09:29:38.115Z"},{"date":"1997","value":"1118783","year":"1997","month":"","quarter":"","sourceDataset":"CSDB10","updateDate":"2016-01-28T09:29:38.115Z"},{"date":"1998","value":"1169986","year":"1998","month":"","quarter":"","sourceDataset":"CSDB10","updateDate":"2016-01-28T09:29:38.115Z"},{"date":"1999","value":"1225899","year":"1999","month":"","quarter":"","sourceDataset":"CSDB10","updateDate":"2016-01-28T09:29:38.115Z"},{"date":"2000","value":"1317577","year":"2000","month":"","quarter":"","sourceDataset":"CSDB10","updateDate":"2016-01-28T09:29:38.115Z"},{"date":"2001","value":"1371020","year":"2001","month":"","quarter":"","sourceDataset":"CSDB10","updateDate":"2016-01-28T09:29:38.115Z"},{"date":"2002","value":"1433823","year":"2002","month":"","quarter":"","sourceDataset":"CSDB10","updateDate":"2016-01-28T09:29:38.115Z"},{"date":"2003","value":"1513397","year":"2003","month":"","quarter":"","sourceDataset":"CSDB10","updateDate":"2016-01-28T09:29:38.115Z"},{"date":"2004","value":"1596656","year":"2004","month":"","quarter":"","sourceDataset":"CSDB10","updateDate":"2016-01-28T09:29:38.115Z"},{"date":"2005","value":"1708122","year":"2005","month":"","quarter":"","sourceDataset":"CSDB10","updateDate":"2016-01-28T09:29:38.115Z"},{"date":"2006","value":"1832537","year":"2006","month":"","quarter":"","sourceDataset":"CSDB10","updateDate":"2016-01-28T09:29:38.115Z"},{"date":"2007","value":"1904623","year":"2007","month":"","quarter":"","sourceDataset":"CSDB10","updateDate":"2016-01-28T09:29:38.115Z"},{"date":"2008","value":"1986849","year":"2008","month":"","quarter":"","sourceDataset":"CSDB10","updateDate":"2016-01-28T09:29:38.115Z"},{"date":"2009","value":"1919052","year":"2009","month":"","quarter":"","sourceDataset":"CSDB10","updateDate":"2016-01-28T09:29:38.115Z"},{"date":"2010","value":"2042965","year":"2010","month":"","quarter":"","sourceDataset":"CSDB10","updateDate":"2016-01-28T09:29:38.115Z"},{"date":"2011","value":"2142769","year":"2011","month":"","quarter":"","sourceDataset":"CSDB10","updateDate":"2016-01-28T09:29:38.115Z"},{"date":"2012","value":"2200830","year":"2012","month":"","quarter":"","sourceDataset":"CSDB10","updateDate":"2016-01-28T09:29:38.115Z"},{"date":"2013","value":"2290221","year":"2013","month":"","quarter":"","sourceDataset":"CSDB10","updateDate":"2016-01-28T09:29:38.115Z"},{"date":"2014","value":"2364803","year":"2014","month":"","quarter":"","sourceDataset":"CSDB10","updateDate":"2016-01-28T09:29:38.115Z"}],"quarters":[{"date":"1955 Q1","value":"5688","year":"1955","month":"","quarter":"Q1","sourceDataset":"CSDB10","updateDate":"2016-01-28T09:29:38.115Z"},{"date":"1955 Q2","value":"5652","year":"1955","month":"","quarter":"Q2","sourceDataset":"CSDB10","updateDate":"2016-01-28T09:29:38.115Z"},{"date":"1955 Q3","value":"6058","year":"1955","month":"","quarter":"Q3","sourceDataset":"CSDB10","updateDate":"2016-01-28T09:29:38.115Z"},{"date":"1955 Q4","value":"6296","year":"1955","month":"","quarter":"Q4","sourceDataset":"CSDB10","updateDate":"2016-01-28T09:29:38.115Z"},{"date":"1956 Q1","value":"6039","year":"1956","month":"","quarter":"Q1","sourceDataset":"CSDB10","updateDate":"2016-01-28T09:29:38.115Z"},{"date":"1956 Q2","value":"6371","year":"1956","month":"","quarter":"Q2","sourceDataset":"CSDB10","updateDate":"2016-01-28T09:29:38.115Z"},{"date":"1956 Q3","value":"6327","year":"1956","month":"","quarter":"Q3","sourceDataset":"CSDB10","updateDate":"2016-01-28T09:29:38.115Z"},{"date":"1956 Q4","value":"6729","year":"1956","month":"","quarter":"Q4","sourceDataset":"CSDB10","updateDate":"2016-01-28T09:29:38.115Z"},{"date":"1957 Q1","value":"6494","year":"1957","month":"","quarter":"Q1","sourceDataset":"CSDB10","updateDate":"2016-01-28T09:29:38.115Z"},{"date":"1957 Q2","value":"6727","year":"1957","month":"","quarter":"Q2","sourceDataset":"CSDB10","updateDate":"2016-01-28T09:29:38.115Z"},{"date":"1957 Q3","value":"6739","year":"1957","month":"","quarter":"Q3","sourceDataset":"CSDB10","updateDate":"2016-01-28T09:29:38.115Z"},{"date":"1957 Q4","value":"7008","year":"1957","month":"","quarter":"Q4","sourceDataset":"CSDB10","updateDate":"2016-01-28T09:29:38.115Z"},{"date":"1958 Q1","value":"6734","year":"1958","month":"","quarter":"Q1","sourceDataset":"CSDB10","updateDate":"2016-01-28T09:29:38.115Z"},{"date":"1958 Q2","value":"6868","year":"1958","month":"","quarter":"Q2","sourceDataset":"CSDB10","updateDate":"2016-01-28T09:29:38.115Z"},{"date":"1958 Q3","value":"6999","year":"1958","month":"","quarter":"Q3","sourceDataset":"CSDB10","updateDate":"2016-01-28T09:29:38.115Z"},{"date":"1958 Q4","value":"7255","year":"1958","month":"","quarter":"Q4","sourceDataset":"CSDB10","updateDate":"2016-01-28T09:29:38.115Z"},{"date":"1959 Q1","value":"6845","year":"1959","month":"","quarter":"Q1","sourceDataset":"CSDB10","updateDate":"2016-01-28T09:29:38.115Z"},{"date":"1959 Q2","value":"7325","year":"1959","month":"","quarter":"Q2","sourceDataset":"CSDB10","updateDate":"2016-01-28T09:29:38.115Z"},{"date":"1959 Q3","value":"7292","year":"1959","month":"","quarter":"Q3","sourceDataset":"CSDB10","updateDate":"2016-01-28T09:29:38.115Z"},{"date":"1959 Q4","value":"7805","year":"1959","month":"","quarter":"Q4","sourceDataset":"CSDB10","updateDate":"2016-01-28T09:29:38.115Z"},{"date":"1960 Q1","value":"7528","year":"1960","month":"","quarter":"Q1","sourceDataset":"CSDB10","updateDate":"2016-01-28T09:29:38.115Z"},{"date":"1960 Q2","value":"7853","year":"1960","month":"","quarter":"Q2","sourceDataset":"CSDB10","updateDate":"2016-01-28T09:29:38.115Z"},{"date":"1960 Q3","value":"7901","year":"1960","month":"","quarter":"Q3","sourceDataset":"CSDB10","updateDate":"2016-01-28T09:29:38.115Z"},{"date":"1960 Q4","value":"8296","year":"1960","month":"","quarter":"Q4","sourceDataset":"CSDB10","updateDate":"2016-01-28T09:29:38.115Z"},{"date":"1961 Q1","value":"8045","year":"1961","month":"","quarter":"Q1","sourceDataset":"CSDB10","updateDate":"2016-01-28T09:29:38.115Z"},{"date":"1961 Q2","value":"8255","year":"1961","month":"","quarter":"Q2","sourceDataset":"CSDB10","updateDate":"2016-01-28T09:29:38.115Z"},{"date":"1961 Q3","value":"8434","year":"1961","month":"","quarter":"Q3","sourceDataset":"CSDB10","updateDate":"2016-01-28T09:29:38.115Z"},{"date":"1961 Q4","value":"8531","year":"1961","month":"","quarter":"Q4","sourceDataset":"CSDB10","updateDate":"2016-01-28T09:29:38.115Z"},{"date":"1962 Q1","value":"8179","year":"1962","month":"","quarter":"Q1","sourceDataset":"CSDB10","updateDate":"2016-01-28T09:29:38.115Z"},{"date":"1962 Q2","value":"8746","year":"1962","month":"","quarter":"Q2","sourceDataset":"CSDB10","updateDate":"2016-01-28T09:29:38.115Z"},{"date":"1962 Q3","value":"8720","year":"1962","month":"","quarter":"Q3","sourceDataset":"CSDB10","updateDate":"2016-01-28T09:29:38.115Z"},{"date":"1962 Q4","value":"8971","year":"1962","month":"","quarter":"Q4","sourceDataset":"CSDB10","updateDate":"2016-01-28T09:29:38.115Z"},{"date":"1963 Q1","value":"8474","year":"1963","month":"","quarter":"Q1","sourceDataset":"CSDB10","updateDate":"2016-01-28T09:29:38.115Z"},{"date":"1963 Q2","value":"9253","year":"1963","month":"","quarter":"Q2","sourceDataset":"CSDB10","updateDate":"2016-01-28T09:29:38.115Z"},{"date":"1963 Q3","value":"9298","year":"1963","month":"","quarter":"Q3","sourceDataset":"CSDB10","updateDate":"2016-01-28T09:29:38.115Z"},{"date":"1963 Q4","value":"9829","year":"1963","month":"","quarter":"Q4","sourceDataset":"CSDB10","updateDate":"2016-01-28T09:29:38.115Z"},{"date":"1964 Q1","value":"9480","year":"1964","month":"","quarter":"Q1","sourceDataset":"CSDB10","updateDate":"2016-01-28T09:29:38.115Z"},{"date":"1964 Q2","value":"10111","year":"1964","month":"","quarter":"Q2","sourceDataset":"CSDB10","updateDate":"2016-01-28T09:29:38.115Z"},{"date":"1964 Q3","value":"10171","year":"1964","month":"","quarter":"Q3","sourceDataset":"CSDB10","updateDate":"2016-01-28T09:29:38.115Z"},{"date":"1964 Q4","value":"10697","year":"1964","month":"","quarter":"Q4","sourceDataset":"CSDB10","updateDate":"2016-01-28T09:29:38.115Z"},{"date":"1965 Q1","value":"10234","year":"1965","month":"","quarter":"Q1","sourceDataset":"CSDB10","updateDate":"2016-01-28T09:29:38.115Z"},{"date":"1965 Q2","value":"10746","year":"1965","month":"","quarter":"Q2","sourceDataset":"CSDB10","updateDate":"2016-01-28T09:29:38.115Z"},{"date":"1965 Q3","value":"10949","year":"1965","month":"","quarter":"Q3","sourceDataset":"CSDB10","updateDate":"2016-01-28T09:29:38.115Z"},{"date":"1965 Q4","value":"11323","year":"1965","month":"","quarter":"Q4","sourceDataset":"CSDB10","updateDate":"2016-01-28T09:29:38.115Z"},{"date":"1966 Q1","value":"10998","year":"1966","month":"","quarter":"Q1","sourceDataset":"CSDB10","updateDate":"2016-01-28T09:29:38.115Z"},{"date":"1966 Q2","value":"11430","year":"1966","month":"","quarter":"Q2","sourceDataset":"CSDB10","updateDate":"2016-01-28T09:29:38.115Z"},{"date":"1966 Q3","value":"11657","year":"1966","month":"","quarter":"Q3","sourceDataset":"CSDB10","updateDate":"2016-01-28T09:29:38.115Z"},{"date":"1966 Q4","value":"11925","year":"1966","month":"","quarter":"Q4","sourceDataset":"CSDB10","updateDate":"2016-01-28T09:29:38.115Z"},{"date":"1967 Q1","value":"11684","year":"1967","month":"","quarter":"Q1","sourceDataset":"CSDB10","updateDate":"2016-01-28T09:29:38.115Z"},{"date":"1967 Q2","value":"12171","year":"1967","month":"","quarter":"Q2","sourceDataset":"CSDB10","updateDate":"2016-01-28T09:29:38.115Z"},{"date":"1967 Q3","value":"12330","year":"1967","month":"","quarter":"Q3","sourceDataset":"CSDB10","updateDate":"2016-01-28T09:29:38.115Z"},{"date":"1967 Q4","value":"12686","year":"1967","month":"","quarter":"Q4","sourceDataset":"CSDB10","updateDate":"2016-01-28T09:29:38.115Z"},{"date":"1968 Q1","value":"12850","year":"1968","month":"","quarter":"Q1","sourceDataset":"CSDB10","updateDate":"2016-01-28T09:29:38.115Z"},{"date":"1968 Q2","value":"13240","year":"1968","month":"","quarter":"Q2","sourceDataset":"CSDB10","updateDate":"2016-01-28T09:29:38.115Z"},{"date":"1968 Q3","value":"13844","year":"1968","month":"","quarter":"Q3","sourceDataset":"CSDB10","updateDate":"2016-01-28T09:29:38.115Z"},{"date":"1968 Q4","value":"14463","year":"1968","month":"","quarter":"Q4","sourceDataset":"CSDB10","updateDate":"2016-01-28T09:29:38.115Z"},{"date":"1969 Q1","value":"13670","year":"1969","month":"","quarter":"Q1","sourceDataset":"CSDB10","updateDate":"2016-01-28T09:29:38.115Z"},{"date":"1969 Q2","value":"14350","year":"1969","month":"","quarter":"Q2","sourceDataset":"CSDB10","updateDate":"2016-01-28T09:29:38.115Z"},{"date":"1969 Q3","value":"14758","year":"1969","month":"","quarter":"Q3","sourceDataset":"CSDB10","updateDate":"2016-01-28T09:29:38.115Z"},{"date":"1969 Q4","value":"15551","year":"1969","month":"","quarter":"Q4","sourceDataset":"CSDB10","updateDate":"2016-01-28T09:29:38.115Z"},{"date":"1970 Q1","value":"14856","year":"1970","month":"","quarter":"Q1","sourceDataset":"CSDB10","updateDate":"2016-01-28T09:29:38.115Z"},{"date":"1970 Q2","value":"16097","year":"1970","month":"","quarter":"Q2","sourceDataset":"CSDB10","updateDate":"2016-01-28T09:29:38.115Z"},{"date":"1970 Q3","value":"16682","year":"1970","month":"","quarter":"Q3","sourceDataset":"CSDB10","updateDate":"2016-01-28T09:29:38.115Z"},{"date":"1970 Q4","value":"17776","year":"1970","month":"","quarter":"Q4","sourceDataset":"CSDB10","updateDate":"2016-01-28T09:29:38.115Z"},{"date":"1971 Q1","value":"16757","year":"1971","month":"","quarter":"Q1","sourceDataset":"CSDB10","updateDate":"2016-01-28T09:29:38.115Z"},{"date":"1971 Q2","value":"17999","year":"1971","month":"","quarter":"Q2","sourceDataset":"CSDB10","updateDate":"2016-01-28T09:29:38.115Z"},{"date":"1971 Q3","value":"18761","year":"1971","month":"","quarter":"Q3","sourceDataset":"CSDB10","updateDate":"2016-01-28T09:29:38.115Z"},{"date":"1971 Q4","value":"19722","year":"1971","month":"","quarter":"Q4","sourceDataset":"CSDB10","updateDate":"2016-01-28T09:29:38.115Z"},{"date":"1972 Q1","value":"18848","year":"1972","month":"","quarter":"Q1","sourceDataset":"CSDB10","updateDate":"2016-01-28T09:29:38.115Z"},{"date":"1972 Q2","value":"19955","year":"1972","month":"","quarter":"Q2","sourceDataset":"CSDB10","updateDate":"2016-01-28T09:29:38.115Z"},{"date":"1972 Q3","value":"20447","year":"1972","month":"","quarter":"Q3","sourceDataset":"CSDB10","updateDate":"2016-01-28T09:29:38.115Z"},{"date":"1972 Q4","value":"22495","year":"1972","month":"","quarter":"Q4","sourceDataset":"CSDB10","updateDate":"2016-01-28T09:29:38.115Z"},{"date":"1973 Q1","value":"22957","year":"1973","month":"","quarter":"Q1","sourceDataset":"CSDB10","updateDate":"2016-01-28T09:29:38.115Z"},{"date":"1973 Q2","value":"23407","year":"1973","month":"","quarter":"Q2","sourceDataset":"CSDB10","updateDate":"2016-01-28T09:29:38.115Z"},{"date":"1973 Q3","value":"24814","year":"1973","month":"","quarter":"Q3","sourceDataset":"CSDB10","updateDate":"2016-01-28T09:29:38.115Z"},{"date":"1973 Q4","value":"26548","year":"1973","month":"","quarter":"Q4","sourceDataset":"CSDB10","updateDate":"2016-01-28T09:29:38.115Z"},{"date":"1974 Q1","value":"25861","year":"1974","month":"","quarter":"Q1","sourceDataset":"CSDB10","updateDate":"2016-01-28T09:29:38.115Z"},{"date":"1974 Q2","value":"28119","year":"1974","month":"","quarter":"Q2","sourceDataset":"CSDB10","updateDate":"2016-01-28T09:29:38.115Z"},{"date":"1974 Q3","value":"30132","year":"1974","month":"","quarter":"Q3","sourceDataset":"CSDB10","updateDate":"2016-01-28T09:29:38.115Z"},{"date":"1974 Q4","value":"31982","year":"1974","month":"","quarter":"Q4","sourceDataset":"CSDB10","updateDate":"2016-01-28T09:29:38.115Z"},{"date":"1975 Q1","value":"31603","year":"1975","month":"","quarter":"Q1","sourceDataset":"CSDB10","updateDate":"2016-01-28T09:29:38.115Z"},{"date":"1975 Q2","value":"33561","year":"1975","month":"","quarter":"Q2","sourceDataset":"CSDB10","updateDate":"2016-01-28T09:29:38.115Z"},{"date":"1975 Q3","value":"35648","year":"1975","month":"","quarter":"Q3","sourceDataset":"CSDB10","updateDate":"2016-01-28T09:29:38.115Z"},{"date":"1975 Q4","value":"38112","year":"1975","month":"","quarter":"Q4","sourceDataset":"CSDB10","updateDate":"2016-01-28T09:29:38.115Z"},{"date":"1976 Q1","value":"38302","year":"1976","month":"","quarter":"Q1","sourceDataset":"CSDB10","updateDate":"2016-01-28T09:29:38.115Z"},{"date":"1976 Q2","value":"40262","year":"1976","month":"","quarter":"Q2","sourceDataset":"CSDB10","updateDate":"2016-01-28T09:29:38.115Z"},{"date":"1976 Q3","value":"42865","year":"1976","month":"","quarter":"Q3","sourceDataset":"CSDB10","updateDate":"2016-01-28T09:29:38.115Z"},{"date":"1976 Q4","value":"46334","year":"1976","month":"","quarter":"Q4","sourceDataset":"CSDB10","updateDate":"2016-01-28T09:29:38.115Z"},{"date":"1977 Q1","value":"45232","year":"1977","month":"","quarter":"Q1","sourceDataset":"CSDB10","updateDate":"2016-01-28T09:29:38.115Z"},{"date":"1977 Q2","value":"47473","year":"1977","month":"","quarter":"Q2","sourceDataset":"CSDB10","updateDate":"2016-01-28T09:29:38.115Z"},{"date":"1977 Q3","value":"49474","year":"1977","month":"","quarter":"Q3","sourceDataset":"CSDB10","updateDate":"2016-01-28T09:29:38.115Z"},{"date":"1977 Q4","value":"52078","year":"1977","month":"","quarter":"Q4","sourceDataset":"CSDB10","updateDate":"2016-01-28T09:29:38.115Z"},{"date":"1978 Q1","value":"51741","year":"1978","month":"","quarter":"Q1","sourceDataset":"CSDB10","updateDate":"2016-01-28T09:29:38.115Z"},{"date":"1978 Q2","value":"54223","year":"1978","month":"","quarter":"Q2","sourceDataset":"CSDB10","updateDate":"2016-01-28T09:29:38.115Z"},{"date":"1978 Q3","value":"56575","year":"1978","month":"","quarter":"Q3","sourceDataset":"CSDB10","updateDate":"2016-01-28T09:29:38.115Z"},{"date":"1978 Q4","value":"59280","year":"1978","month":"","quarter":"Q4","sourceDataset":"CSDB10","updateDate":"2016-01-28T09:29:38.115Z"},{"date":"1979 Q1","value":"58509","year":"1979","month":"","quarter":"Q1","sourceDataset":"CSDB10","updateDate":"2016-01-28T09:29:38.115Z"},{"date":"1979 Q2","value":"64048","year":"1979","month":"","quarter":"Q2","sourceDataset":"CSDB10","updateDate":"2016-01-28T09:29:38.115Z"},{"date":"1979 Q3","value":"67962","year":"1979","month":"","quarter":"Q3","sourceDataset":"CSDB10","updateDate":"2016-01-28T09:29:38.115Z"},{"date":"1979 Q4","value":"72226","year":"1979","month":"","quarter":"Q4","sourceDataset":"CSDB10","updateDate":"2016-01-28T09:29:38.115Z"},{"date":"1980 Q1","value":"72096","year":"1980","month":"","quarter":"Q1","sourceDataset":"CSDB10","updateDate":"2016-01-28T09:29:38.115Z"},{"date":"1980 Q2","value":"73253","year":"1980","month":"","quarter":"Q2","sourceDataset":"CSDB10","updateDate":"2016-01-28T09:29:38.115Z"},{"date":"1980 Q3","value":"77078","year":"1980","month":"","quarter":"Q3","sourceDataset":"CSDB10","updateDate":"2016-01-28T09:29:38.115Z"},{"date":"1980 Q4","value":"79074","year":"1980","month":"","quarter":"Q4","sourceDataset":"CSDB10","updateDate":"2016-01-28T09:29:38.115Z"},{"date":"1981 Q1","value":"77273","year":"1981","month":"","quarter":"Q1","sourceDataset":"CSDB10","updateDate":"2016-01-28T09:29:38.115Z"},{"date":"1981 Q2","value":"79805","year":"1981","month":"","quarter":"Q2","sourceDataset":"CSDB10","updateDate":"2016-01-28T09:29:38.115Z"},{"date":"1981 Q3","value":"85591","year":"1981","month":"","quarter":"Q3","sourceDataset":"CSDB10","updateDate":"2016-01-28T09:29:38.115Z"},{"date":"1981 Q4","value":"88250","year":"1981","month":"","quarter":"Q4","sourceDataset":"CSDB10","updateDate":"2016-01-28T09:29:38.115Z"},{"date":"1982 Q1","value":"86947","year":"1982","month":"","quarter":"Q1","sourceDataset":"CSDB10","updateDate":"2016-01-28T09:29:38.115Z"},{"date":"1982 Q2","value":"88769","year":"1982","month":"","quarter":"Q2","sourceDataset":"CSDB10","updateDate":"2016-01-28T09:29:38.115Z"},{"date":"1982 Q3","value":"92000","year":"1982","month":"","quarter":"Q3","sourceDataset":"CSDB10","updateDate":"2016-01-28T09:29:38.115Z"},{"date":"1982 Q4","value":"95402","year":"1982","month":"","quarter":"Q4","sourceDataset":"CSDB10","updateDate":"2016-01-28T09:29:38.115Z"},{"date":"1983 Q1","value":"96178","year":"1983","month":"","quarter":"Q1","sourceDataset":"CSDB10","updateDate":"2016-01-28T09:29:38.115Z"},{"date":"1983 Q2","value":"96398","year":"1983","month":"","quarter":"Q2","sourceDataset":"CSDB10","updateDate":"2016-01-28T09:29:38.115Z"},{"date":"1983 Q3","value":"102277","year":"1983","month":"","quarter":"Q3","sourceDataset":"CSDB10","updateDate":"2016-01-28T09:29:38.115Z"},{"date":"1983 Q4","value":"106116","year":"1983","month":"","quarter":"Q4","sourceDataset":"CSDB10","updateDate":"2016-01-28T09:29:38.115Z"},{"date":"1984 Q1","value":"105184","year":"1984","month":"","quarter":"Q1","sourceDataset":"CSDB10","updateDate":"2016-01-28T09:29:38.115Z"},{"date":"1984 Q2","value":"105645","year":"1984","month":"","quarter":"Q2","sourceDataset":"CSDB10","updateDate":"2016-01-28T09:29:38.115Z"},{"date":"1984 Q3","value":"110646","year":"1984","month":"","quarter":"Q3","sourceDataset":"CSDB10","updateDate":"2016-01-28T09:29:38.115Z"},{"date":"1984 Q4","value":"118656","year":"1984","month":"","quarter":"Q4","sourceDataset":"CSDB10","updateDate":"2016-01-28T09:29:38.115Z"},{"date":"1985 Q1","value":"117949","year":"1985","month":"","quarter":"Q1","sourceDataset":"CSDB10","updateDate":"2016-01-28T09:29:38.115Z"},{"date":"1985 Q2","value":"116938","year":"1985","month":"","quarter":"Q2","sourceDataset":"CSDB10","updateDate":"2016-01-28T09:29:38.115Z"},{"date":"1985 Q3","value":"120723","year":"1985","month":"","quarter":"Q3","sourceDataset":"CSDB10","updateDate":"2016-01-28T09:29:38.115Z"},{"date":"1985 Q4","value":"126083","year":"1985","month":"","quarter":"Q4","sourceDataset":"CSDB10","updateDate":"2016-01-28T09:29:38.115Z"},{"date":"1986 Q1","value":"123581","year":"1986","month":"","quarter":"Q1","sourceDataset":"CSDB10","updateDate":"2016-01-28T09:29:38.115Z"},{"date":"1986 Q2","value":"123622","year":"1986","month":"","quarter":"Q2","sourceDataset":"CSDB10","updateDate":"2016-01-28T09:29:38.115Z"},{"date":"1986 Q3","value":"128388","year":"1986","month":"","quarter":"Q3","sourceDataset":"CSDB10","updateDate":"2016-01-28T09:29:38.115Z"},{"date":"1986 Q4","value":"137118","year":"1986","month":"","quarter":"Q4","sourceDataset":"CSDB10","updateDate":"2016-01-28T09:29:38.115Z"},{"date":"1987 Q1","value":"133481","year":"1987","month":"","quarter":"Q1","sourceDataset":"CSDB10","updateDate":"2016-01-28T09:29:38.115Z"},{"date":"1987 Q2","value":"136007","year":"1987","month":"","quarter":"Q2","sourceDataset":"CSDB10","updateDate":"2016-01-28T09:29:38.115Z"},{"date":"1987 Q3","value":"147200","year":"1987","month":"","quarter":"Q3","sourceDataset":"CSDB10","updateDate":"2016-01-28T09:29:38.115Z"},{"date":"1987 Q4","value":"152555","year":"1987","month":"","quarter":"Q4","sourceDataset":"CSDB10","updateDate":"2016-01-28T09:29:38.115Z"},{"date":"1988 Q1","value":"150201","year":"1988","month":"","quarter":"Q1","sourceDataset":"CSDB10","updateDate":"2016-01-28T09:29:38.115Z"},{"date":"1988 Q2","value":"154102","year":"1988","month":"","quarter":"Q2","sourceDataset":"CSDB10","updateDate":"2016-01-28T09:29:38.115Z"},{"date":"1988 Q3","value":"163048","year":"1988","month":"","quarter":"Q3","sourceDataset":"CSDB10","updateDate":"2016-01-28T09:29:38.115Z"},{"date":"1988 Q4","value":"171032","year":"1988","month":"","quarter":"Q4","sourceDataset":"CSDB10","updateDate":"2016-01-28T09:29:38.115Z"},{"date":"1989 Q1","value":"168617","year":"1989","month":"","quarter":"Q1","sourceDataset":"CSDB10","updateDate":"2016-01-28T09:29:38.115Z"},{"date":"1989 Q2","value":"172431","year":"1989","month":"","quarter":"Q2","sourceDataset":"CSDB10","updateDate":"2016-01-28T09:29:38.115Z"},{"date":"1989 Q3","value":"181672","year":"1989","month":"","quarter":"Q3","sourceDataset":"CSDB10","updateDate":"2016-01-28T09:29:38.115Z"},{"date":"1989 Q4","value":"188741","year":"1989","month":"","quarter":"Q4","sourceDataset":"CSDB10","updateDate":"2016-01-28T09:29:38.115Z"},{"date":"1990 Q1","value":"184833","year":"1990","month":"","quarter":"Q1","sourceDataset":"CSDB10","updateDate":"2016-01-28T09:29:38.115Z"},{"date":"1990 Q2","value":"187687","year":"1990","month":"","quarter":"Q2","sourceDataset":"CSDB10","updateDate":"2016-01-28T09:29:38.115Z"},{"date":"1990 Q3","value":"194469","year":"1990","month":"","quarter":"Q3","sourceDataset":"CSDB10","updateDate":"2016-01-28T09:29:38.115Z"},{"date":"1990 Q4","value":"199675","year":"1990","month":"","quarter":"Q4","sourceDataset":"CSDB10","updateDate":"2016-01-28T09:29:38.115Z"},{"date":"1991 Q1","value":"189527","year":"1991","month":"","quarter":"Q1","sourceDataset":"CSDB10","updateDate":"2016-01-28T09:29:38.115Z"},{"date":"1991 Q2","value":"194126","year":"1991","month":"","quarter":"Q2","sourceDataset":"CSDB10","updateDate":"2016-01-28T09:29:38.115Z"},{"date":"1991 Q3","value":"202423","year":"1991","month":"","quarter":"Q3","sourceDataset":"CSDB10","updateDate":"2016-01-28T09:29:38.115Z"},{"date":"1991 Q4","value":"207019","year":"1991","month":"","quarter":"Q4","sourceDataset":"CSDB10","updateDate":"2016-01-28T09:29:38.115Z"},{"date":"1992 Q1","value":"199990","year":"1992","month":"","quarter":"Q1","sourceDataset":"CSDB10","updateDate":"2016-01-28T09:29:38.115Z"},{"date":"1992 Q2","value":"202034","year":"1992","month":"","quarter":"Q2","sourceDataset":"CSDB10","updateDate":"2016-01-28T09:29:38.115Z"},{"date":"1992 Q3","value":"208974","year":"1992","month":"","quarter":"Q3","sourceDataset":"CSDB10","updateDate":"2016-01-28T09:29:38.115Z"},{"date":"1992 Q4","value":"216082","year":"1992","month":"","quarter":"Q4","sourceDataset":"CSDB10","updateDate":"2016-01-28T09:29:38.115Z"},{"date":"1993 Q1","value":"212378","year":"1993","month":"","quarter":"Q1","sourceDataset":"CSDB10","updateDate":"2016-01-28T09:29:38.115Z"},{"date":"1993 Q2","value":"213226","year":"1993","month":"","quarter":"Q2","sourceDataset":"CSDB10","updateDate":"2016-01-28T09:29:38.115Z"},{"date":"1993 Q3","value":"224217","year":"1993","month":"","quarter":"Q3","sourceDataset":"CSDB10","updateDate":"2016-01-28T09:29:38.115Z"},{"date":"1993 Q4","value":"231542","year":"1993","month":"","quarter":"Q4","sourceDataset":"CSDB10","updateDate":"2016-01-28T09:29:38.115Z"},{"date":"1994 Q1","value":"225221","year":"1994","month":"","quarter":"Q1","sourceDataset":"CSDB10","updateDate":"2016-01-28T09:29:38.115Z"},{"date":"1994 Q2","value":"227579","year":"1994","month":"","quarter":"Q2","sourceDataset":"CSDB10","updateDate":"2016-01-28T09:29:38.115Z"},{"date":"1994 Q3","value":"236872","year":"1994","month":"","quarter":"Q3","sourceDataset":"CSDB10","updateDate":"2016-01-28T09:29:38.115Z"},{"date":"1994 Q4","value":"244795","year":"1994","month":"","quarter":"Q4","sourceDataset":"CSDB10","updateDate":"2016-01-28T09:29:38.115Z"},{"date":"1995 Q1","value":"238732","year":"1995","month":"","quarter":"Q1","sourceDataset":"CSDB10","updateDate":"2016-01-28T09:29:38.115Z"},{"date":"1995 Q2","value":"242202","year":"1995","month":"","quarter":"Q2","sourceDataset":"CSDB10","updateDate":"2016-01-28T09:29:38.115Z"},{"date":"1995 Q3","value":"252148","year":"1995","month":"","quarter":"Q3","sourceDataset":"CSDB10","updateDate":"2016-01-28T09:29:38.115Z"},{"date":"1995 Q4","value":"261245","year":"1995","month":"","quarter":"Q4","sourceDataset":"CSDB10","updateDate":"2016-01-28T09:29:38.115Z"},{"date":"1996 Q1","value":"256814","year":"1996","month":"","quarter":"Q1","sourceDataset":"CSDB10","updateDate":"2016-01-28T09:29:38.115Z"},{"date":"1996 Q2","value":"262619","year":"1996","month":"","quarter":"Q2","sourceDataset":"CSDB10","updateDate":"2016-01-28T09:29:38.115Z"},{"date":"1996 Q3","value":"269637","year":"1996","month":"","quarter":"Q3","sourceDataset":"CSDB10","updateDate":"2016-01-28T09:29:38.115Z"},{"date":"1996 Q4","value":"278762","year":"1996","month":"","quarter":"Q4","sourceDataset":"CSDB10","updateDate":"2016-01-28T09:29:38.115Z"},{"date":"1997 Q1","value":"270570","year":"1997","month":"","quarter":"Q1","sourceDataset":"CSDB10","updateDate":"2016-01-28T09:29:38.115Z"},{"date":"1997 Q2","value":"275767","year":"1997","month":"","quarter":"Q2","sourceDataset":"CSDB10","updateDate":"2016-01-28T09:29:38.115Z"},{"date":"1997 Q3","value":"283277","year":"1997","month":"","quarter":"Q3","sourceDataset":"CSDB10","updateDate":"2016-01-28T09:29:38.115Z"},{"date":"1997 Q4","value":"289169","year":"1997","month":"","quarter":"Q4","sourceDataset":"CSDB10","updateDate":"2016-01-28T09:29:38.115Z"},{"date":"1998 Q1","value":"285899","year":"1998","month":"","quarter":"Q1","sourceDataset":"CSDB10","updateDate":"2016-01-28T09:29:38.115Z"},{"date":"1998 Q2","value":"286790","year":"1998","month":"","quarter":"Q2","sourceDataset":"CSDB10","updateDate":"2016-01-28T09:29:38.115Z"},{"date":"1998 Q3","value":"294657","year":"1998","month":"","quarter":"Q3","sourceDataset":"CSDB10","updateDate":"2016-01-28T09:29:38.115Z"},{"date":"1998 Q4","value":"302640","year":"1998","month":"","quarter":"Q4","sourceDataset":"CSDB10","updateDate":"2016-01-28T09:29:38.115Z"},{"date":"1999 Q1","value":"297315","year":"1999","month":"","quarter":"Q1","sourceDataset":"CSDB10","updateDate":"2016-01-28T09:29:38.115Z"},{"date":"1999 Q2","value":"298051","year":"1999","month":"","quarter":"Q2","sourceDataset":"CSDB10","updateDate":"2016-01-28T09:29:38.115Z"},{"date":"1999 Q3","value":"312591","year":"1999","month":"","quarter":"Q3","sourceDataset":"CSDB10","updateDate":"2016-01-28T09:29:38.115Z"},{"date":"1999 Q4","value":"317942","year":"1999","month":"","quarter":"Q4","sourceDataset":"CSDB10","updateDate":"2016-01-28T09:29:38.115Z"},{"date":"2000 Q1","value":"319205","year":"2000","month":"","quarter":"Q1","sourceDataset":"CSDB10","updateDate":"2016-01-28T09:29:38.115Z"},{"date":"2000 Q2","value":"323755","year":"2000","month":"","quarter":"Q2","sourceDataset":"CSDB10","updateDate":"2016-01-28T09:29:38.115Z"},{"date":"2000 Q3","value":"335008","year":"2000","month":"","quarter":"Q3","sourceDataset":"CSDB10","updateDate":"2016-01-28T09:29:38.115Z"},{"date":"2000 Q4","value":"339609","year":"2000","month":"","quarter":"Q4","sourceDataset":"CSDB10","updateDate":"2016-01-28T09:29:38.115Z"},{"date":"2001 Q1","value":"337783","year":"2001","month":"","quarter":"Q1","sourceDataset":"CSDB10","updateDate":"2016-01-28T09:29:38.115Z"},{"date":"2001 Q2","value":"339366","year":"2001","month":"","quarter":"Q2","sourceDataset":"CSDB10","updateDate":"2016-01-28T09:29:38.115Z"},{"date":"2001 Q3","value":"345389","year":"2001","month":"","quarter":"Q3","sourceDataset":"CSDB10","updateDate":"2016-01-28T09:29:38.115Z"},{"date":"2001 Q4","value":"348482","year":"2001","month":"","quarter":"Q4","sourceDataset":"CSDB10","updateDate":"2016-01-28T09:29:38.115Z"},{"date":"2002 Q1","value":"346459","year":"2002","month":"","quarter":"Q1","sourceDataset":"CSDB10","updateDate":"2016-01-28T09:29:38.115Z"},{"date":"2002 Q2","value":"354380","year":"2002","month":"","quarter":"Q2","sourceDataset":"CSDB10","updateDate":"2016-01-28T09:29:38.115Z"},{"date":"2002 Q3","value":"365330","year":"2002","month":"","quarter":"Q3","sourceDataset":"CSDB10","updateDate":"2016-01-28T09:29:38.115Z"},{"date":"2002 Q4","value":"367654","year":"2002","month":"","quarter":"Q4","sourceDataset":"CSDB10","updateDate":"2016-01-28T09:29:38.115Z"},{"date":"2003 Q1","value":"369609","year":"2003","month":"","quarter":"Q1","sourceDataset":"CSDB10","updateDate":"2016-01-28T09:29:38.115Z"},{"date":"2003 Q2","value":"368205","year":"2003","month":"","quarter":"Q2","sourceDataset":"CSDB10","updateDate":"2016-01-28T09:29:38.115Z"},{"date":"2003 Q3","value":"383478","year":"2003","month":"","quarter":"Q3","sourceDataset":"CSDB10","updateDate":"2016-01-28T09:29:38.115Z"},{"date":"2003 Q4","value":"392105","year":"2003","month":"","quarter":"Q4","sourceDataset":"CSDB10","updateDate":"2016-01-28T09:29:38.115Z"},{"date":"2004 Q1","value":"385829","year":"2004","month":"","quarter":"Q1","sourceDataset":"CSDB10","updateDate":"2016-01-28T09:29:38.115Z"},{"date":"2004 Q2","value":"389430","year":"2004","month":"","quarter":"Q2","sourceDataset":"CSDB10","updateDate":"2016-01-28T09:29:38.115Z"},{"date":"2004 Q3","value":"408030","year":"2004","month":"","quarter":"Q3","sourceDataset":"CSDB10","updateDate":"2016-01-28T09:29:38.115Z"},{"date":"2004 Q4","value":"413367","year":"2004","month":"","quarter":"Q4","sourceDataset":"CSDB10","updateDate":"2016-01-28T09:29:38.115Z"},{"date":"2005 Q1","value":"407777","year":"2005","month":"","quarter":"Q1","sourceDataset":"CSDB10","updateDate":"2016-01-28T09:29:38.115Z"},{"date":"2005 Q2","value":"417072","year":"2005","month":"","quarter":"Q2","sourceDataset":"CSDB10","updateDate":"2016-01-28T09:29:38.115Z"},{"date":"2005 Q3","value":"436346","year":"2005","month":"","quarter":"Q3","sourceDataset":"CSDB10","updateDate":"2016-01-28T09:29:38.115Z"},{"date":"2005 Q4","value":"446927","year":"2005","month":"","quarter":"Q4","sourceDataset":"CSDB10","updateDate":"2016-01-28T09:29:38.115Z"},{"date":"2006 Q1","value":"452765","year":"2006","month":"","quarter":"Q1","sourceDataset":"CSDB10","updateDate":"2016-01-28T09:29:38.115Z"},{"date":"2006 Q2","value":"454061","year":"2006","month":"","quarter":"Q2","sourceDataset":"CSDB10","updateDate":"2016-01-28T09:29:38.115Z"},{"date":"2006 Q3","value":"459801","year":"2006","month":"","quarter":"Q3","sourceDataset":"CSDB10","updateDate":"2016-01-28T09:29:38.115Z"},{"date":"2006 Q4","value":"465910","year":"2006","month":"","quarter":"Q4","sourceDataset":"CSDB10","updateDate":"2016-01-28T09:29:38.115Z"},{"date":"2007 Q1","value":"464033","year":"2007","month":"","quarter":"Q1","sourceDataset":"CSDB10","updateDate":"2016-01-28T09:29:38.115Z"},{"date":"2007 Q2","value":"462402","year":"2007","month":"","quarter":"Q2","sourceDataset":"CSDB10","updateDate":"2016-01-28T09:29:38.116Z"},{"date":"2007 Q3","value":"485959","year":"2007","month":"","quarter":"Q3","sourceDataset":"CSDB10","updateDate":"2016-01-28T09:29:38.116Z"},{"date":"2007 Q4","value":"492229","year":"2007","month":"","quarter":"Q4","sourceDataset":"CSDB10","updateDate":"2016-01-28T09:29:38.116Z"},{"date":"2008 Q1","value":"493147","year":"2008","month":"","quarter":"Q1","sourceDataset":"CSDB10","updateDate":"2016-01-28T09:29:38.116Z"},{"date":"2008 Q2","value":"493527","year":"2008","month":"","quarter":"Q2","sourceDataset":"CSDB10","updateDate":"2016-01-28T09:29:38.116Z"},{"date":"2008 Q3","value":"504083","year":"2008","month":"","quarter":"Q3","sourceDataset":"CSDB10","updateDate":"2016-01-28T09:29:38.116Z"},{"date":"2008 Q4","value":"496092","year":"2008","month":"","quarter":"Q4","sourceDataset":"CSDB10","updateDate":"2016-01-28T09:29:38.116Z"},{"date":"2009 Q1","value":"474101","year":"2009","month":"","quarter":"Q1","sourceDataset":"CSDB10","updateDate":"2016-01-28T09:29:38.116Z"},{"date":"2009 Q2","value":"464145","year":"2009","month":"","quarter":"Q2","sourceDataset":"CSDB10","updateDate":"2016-01-28T09:29:38.116Z"},{"date":"2009 Q3","value":"484081","year":"2009","month":"","quarter":"Q3","sourceDataset":"CSDB10","updateDate":"2016-01-28T09:29:38.116Z"},{"date":"2009 Q4","value":"496725","year":"2009","month":"","quarter":"Q4","sourceDataset":"CSDB10","updateDate":"2016-01-28T09:29:38.116Z"},{"date":"2010 Q1","value":"495939","year":"2010","month":"","quarter":"Q1","sourceDataset":"CSDB10","updateDate":"2016-01-28T09:29:38.116Z"},{"date":"2010 Q2","value":"500571","year":"2010","month":"","quarter":"Q2","sourceDataset":"CSDB10","updateDate":"2016-01-28T09:29:38.116Z"},{"date":"2010 Q3","value":"516967","year":"2010","month":"","quarter":"Q3","sourceDataset":"CSDB10","updateDate":"2016-01-28T09:29:38.116Z"},{"date":"2010 Q4","value":"529488","year":"2010","month":"","quarter":"Q4","sourceDataset":"CSDB10","updateDate":"2016-01-28T09:29:38.116Z"},{"date":"2011 Q1","value":"527042","year":"2011","month":"","quarter":"Q1","sourceDataset":"CSDB10","updateDate":"2016-01-28T09:29:38.116Z"},{"date":"2011 Q2","value":"523547","year":"2011","month":"","quarter":"Q2","sourceDataset":"CSDB10","updateDate":"2016-01-28T09:29:38.116Z"},{"date":"2011 Q3","value":"539589","year":"2011","month":"","quarter":"Q3","sourceDataset":"CSDB10","updateDate":"2016-01-28T09:29:38.116Z"},{"date":"2011 Q4","value":"552591","year":"2011","month":"","quarter":"Q4","sourceDataset":"CSDB10","updateDate":"2016-01-28T09:29:38.116Z"},{"date":"2012 Q1","value":"544198","year":"2012","month":"","quarter":"Q1","sourceDataset":"CSDB10","updateDate":"2016-01-28T09:29:38.116Z"},{"date":"2012 Q2","value":"538474","year":"2012","month":"","quarter":"Q2","sourceDataset":"CSDB10","updateDate":"2016-01-28T09:29:38.116Z"},{"date":"2012 Q3","value":"552201","year":"2012","month":"","quarter":"Q3","sourceDataset":"CSDB10","updateDate":"2016-01-28T09:29:38.116Z"},{"date":"2012 Q4","value":"565957","year":"2012","month":"","quarter":"Q4","sourceDataset":"CSDB10","updateDate":"2016-01-28T09:29:38.116Z"},{"date":"2013 Q1","value":"557745","year":"2013","month":"","quarter":"Q1","sourceDataset":"CSDB10","updateDate":"2016-01-28T09:29:38.116Z"},{"date":"2013 Q2","value":"564638","year":"2013","month":"","quarter":"Q2","sourceDataset":"CSDB10","updateDate":"2016-01-28T09:29:38.116Z"},{"date":"2013 Q3","value":"577656","year":"2013","month":"","quarter":"Q3","sourceDataset":"CSDB10","updateDate":"2016-01-28T09:29:38.116Z"},{"date":"2013 Q4","value":"590182","year":"2013","month":"","quarter":"Q4","sourceDataset":"CSDB10","updateDate":"2016-01-28T09:29:38.116Z"},{"date":"2014 Q1","value":"580522","year":"2014","month":"","quarter":"Q1","sourceDataset":"CSDB10","updateDate":"2016-01-28T09:29:38.116Z"},{"date":"2014 Q2","value":"583170","year":"2014","month":"","quarter":"Q2","sourceDataset":"CSDB10","updateDate":"2016-01-28T09:29:38.116Z"},{"date":"2014 Q3","value":"596324","year":"2014","month":"","quarter":"Q3","sourceDataset":"CSDB10","updateDate":"2016-01-28T09:29:38.116Z"},{"date":"2014 Q4","value":"604787","year":"2014","month":"","quarter":"Q4","sourceDataset":"CSDB10","updateDate":"2016-01-28T09:29:38.116Z"},{"date":"2015 Q1","value":"596178","year":"2015","month":"","quarter":"Q1","sourceDataset":"CSDB10","updateDate":"2016-01-28T09:29:38.116Z"},{"date":"2015 Q2","value":"594588","year":"2015","month":"","quarter":"Q2","sourceDataset":"CSDB10","updateDate":"2016-01-28T09:29:38.116Z"},{"date":"2015 Q3","value":"605646","year":"2015","month":"","quarter":"Q3","sourceDataset":"CSDB10","updateDate":"2016-01-28T09:29:38.116Z"}],"months":[],"sourceDatasets":["CSDB10"],"relatedDatasets":[{"uri":"/economy/environmentalaccounts/datasets/werwerwerwerwerwr/2015"}],"relatedDocuments":[],"type":"timeseries","description":{"title":"Total gross final expenditure (unaligned) - P.3+P.5+P.6 : CP NSA £m     ","contact":{"email":"","name":"","telephone":""},"releaseDate":"2016-01-27T00:00:00.000Z","nextRelease":"","cdid":"ABMD","unit":"","preUnit":"","source":"","seasonalAdjustment":"NSA","date":"2015 Q3","number":"605646"}}