{"years":[{"date":"1948","value":"0","year":"1948","month":"","quarter":"","sourceDataset":"CSDB2","updateDate":"2016-01-27T15:25:45.914Z"},{"date":"1949","value":"0","year":"1949","month":"","quarter":"","sourceDataset":"CSDB2","updateDate":"2016-01-27T15:25:45.914Z"},{"date":"1950","value":"0","year":"1950","month":"","quarter":"","sourceDataset":"CSDB2","updateDate":"2016-01-27T15:25:45.914Z"},{"date":"1951","value":"0","year":"1951","month":"","quarter":"","sourceDataset":"CSDB2","updateDate":"2016-01-27T15:25:45.914Z"},{"date":"1952","value":"0","year":"1952","month":"","quarter":"","sourceDataset":"CSDB2","updateDate":"2016-01-27T15:25:45.914Z"},{"date":"1953","value":"0","year":"1953","month":"","quarter":"","sourceDataset":"CSDB2","updateDate":"2016-01-27T15:25:45.914Z"},{"date":"1954","value":"0","year":"1954","month":"","quarter":"","sourceDataset":"CSDB2","updateDate":"2016-01-27T15:25:45.914Z"},{"date":"1955","value":"0","year":"1955","month":"","quarter":"","sourceDataset":"CSDB2","updateDate":"2016-01-27T15:25:45.914Z"},{"date":"1956","value":"0","year":"1956","month":"","quarter":"","sourceDataset":"CSDB2","updateDate":"2016-01-27T15:25:45.914Z"},{"date":"1957","value":"0","year":"1957","month":"","quarter":"","sourceDataset":"CSDB2","updateDate":"2016-01-27T15:25:45.914Z"},{"date":"1958","value":"0","year":"1958","month":"","quarter":"","sourceDataset":"CSDB2","updateDate":"2016-01-27T15:25:45.914Z"},{"date":"1959","value":"0","year":"1959","month":"","quarter":"","sourceDataset":"CSDB2","updateDate":"2016-01-27T15:25:45.914Z"},{"date":"1960","value":"0","year":"1960","month":"","quarter":"","sourceDataset":"CSDB2","updateDate":"2016-01-27T15:25:45.914Z"},{"date":"1961","value":"0","year":"1961","month":"","quarter":"","sourceDataset":"CSDB2","updateDate":"2016-01-27T15:25:45.914Z"},{"date":"1962","value":"0","year":"1962","month":"","quarter":"","sourceDataset":"CSDB2","updateDate":"2016-01-27T15:25:45.914Z"},{"date":"1963","value":"0","year":"1963","month":"","quarter":"","sourceDataset":"CSDB2","updateDate":"2016-01-27T15:25:45.914Z"},{"date":"1964","value":"0","year":"1964","month":"","quarter":"","sourceDataset":"CSDB2","updateDate":"2016-01-27T15:25:45.914Z"},{"date":"1965","value":"0","year":"1965","month":"","quarter":"","sourceDataset":"CSDB2","updateDate":"2016-01-27T15:25:45.914Z"},{"date":"1966","value":"0","year":"1966","month":"","quarter":"","sourceDataset":"CSDB2","updateDate":"2016-01-27T15:25:45.914Z"},{"date":"1967","value":"0","year":"1967","month":"","quarter":"","sourceDataset":"CSDB2","updateDate":"2016-01-27T15:25:45.914Z"},{"date":"1968","value":"0","year":"1968","month":"","quarter":"","sourceDataset":"CSDB2","updateDate":"2016-01-27T15:25:45.914Z"},{"date":"1969","value":"0","year":"1969","month":"","quarter":"","sourceDataset":"CSDB2","updateDate":"2016-01-27T15:25:45.914Z"},{"date":"1970","value":"0","year":"1970","month":"","quarter":"","sourceDataset":"CSDB2","updateDate":"2016-01-27T15:25:45.914Z"},{"date":"1971","value":"0","year":"1971","month":"","quarter":"","sourceDataset":"CSDB2","updateDate":"2016-01-27T15:25:45.914Z"},{"date":"1972","value":"0","year":"1972","month":"","quarter":"","sourceDataset":"CSDB2","updateDate":"2016-01-27T15:25:45.914Z"},{"date":"1973","value":"0","year":"1973","month":"","quarter":"","sourceDataset":"CSDB2","updateDate":"2016-01-27T15:25:45.914Z"},{"date":"1974","value":"0","year":"1974","month":"","quarter":"","sourceDataset":"CSDB2","updateDate":"2016-01-27T15:25:45.914Z"},{"date":"1975","value":"0","year":"1975","month":"","quarter":"","sourceDataset":"CSDB2","updateDate":"2016-01-27T15:25:45.914Z"},{"date":"1976","value":"0","year":"1976","month":"","quarter":"","sourceDataset":"CSDB2","updateDate":"2016-01-27T15:25:45.914Z"},{"date":"1977","value":"0","year":"1977","month":"","quarter":"","sourceDataset":"CSDB2","updateDate":"2016-01-27T15:25:45.914Z"},{"date":"1978","value":"0","year":"1978","month":"","quarter":"","sourceDataset":"CSDB2","updateDate":"2016-01-27T15:25:45.914Z"},{"date":"1979","value":"0","year":"1979","month":"","quarter":"","sourceDataset":"CSDB2","updateDate":"2016-01-27T15:25:45.914Z"},{"date":"1980","value":"0","year":"1980","month":"","quarter":"","sourceDataset":"CSDB2","updateDate":"2016-01-27T15:25:45.914Z"},{"date":"1981","value":"0","year":"1981","month":"","quarter":"","sourceDataset":"CSDB2","updateDate":"2016-01-27T15:25:45.914Z"},{"date":"1982","value":"0","year":"1982","month":"","quarter":"","sourceDataset":"CSDB2","updateDate":"2016-01-27T15:25:45.914Z"},{"date":"1983","value":"0","year":"1983","month":"","quarter":"","sourceDataset":"CSDB2","updateDate":"2016-01-27T15:25:45.914Z"},{"date":"1984","value":"0","year":"1984","month":"","quarter":"","sourceDataset":"CSDB2","updateDate":"2016-01-27T15:25:45.914Z"},{"date":"1985","value":"0","year":"1985","month":"","quarter":"","sourceDataset":"CSDB2","updateDate":"2016-01-27T15:25:45.914Z"},{"date":"1986","value":"0","year":"1986","month":"","quarter":"","sourceDataset":"CSDB2","updateDate":"2016-01-27T15:25:45.914Z"},{"date":"1987","value":"0","year":"1987","month":"","quarter":"","sourceDataset":"CSDB2","updateDate":"2016-01-27T15:25:45.914Z"},{"date":"1988","value":"0","year":"1988","month":"","quarter":"","sourceDataset":"CSDB2","updateDate":"2016-01-27T15:25:45.914Z"},{"date":"1989","value":"0","year":"1989","month":"","quarter":"","sourceDataset":"CSDB2","updateDate":"2016-01-27T15:25:45.914Z"},{"date":"1990","value":"0","year":"1990","month":"","quarter":"","sourceDataset":"CSDB2","updateDate":"2016-01-27T15:25:45.914Z"},{"date":"1991","value":"0","year":"1991","month":"","quarter":"","sourceDataset":"CSDB2","updateDate":"2016-01-27T15:25:45.914Z"},{"date":"1992","value":"0","year":"1992","month":"","quarter":"","sourceDataset":"CSDB2","updateDate":"2016-01-27T15:25:45.914Z"},{"date":"1993","value":"0","year":"1993","month":"","quarter":"","sourceDataset":"CSDB2","updateDate":"2016-01-27T15:25:45.914Z"},{"date":"1994","value":"0","year":"1994","month":"","quarter":"","sourceDataset":"CSDB2","updateDate":"2016-01-27T15:25:45.914Z"},{"date":"1995","value":"0","year":"1995","month":"","quarter":"","sourceDataset":"CSDB2","updateDate":"2016-01-27T15:25:45.914Z"},{"date":"1996","value":"0","year":"1996","month":"","quarter":"","sourceDataset":"CSDB2","updateDate":"2016-01-27T15:25:45.914Z"},{"date":"1997","value":"0","year":"1997","month":"","quarter":"","sourceDataset":"CSDB2","updateDate":"2016-01-27T15:25:45.914Z"},{"date":"1998","value":"0","year":"1998","month":"","quarter":"","sourceDataset":"CSDB2","updateDate":"2016-01-27T15:25:45.914Z"},{"date":"1999","value":"0","year":"1999","month":"","quarter":"","sourceDataset":"CSDB2","updateDate":"2016-01-27T15:25:45.914Z"},{"date":"2000","value":"0","year":"2000","month":"","quarter":"","sourceDataset":"CSDB2","updateDate":"2016-01-27T15:25:45.914Z"},{"date":"2001","value":"0","year":"2001","month":"","quarter":"","sourceDataset":"CSDB2","updateDate":"2016-01-27T15:25:45.914Z"},{"date":"2002","value":"0","year":"2002","month":"","quarter":"","sourceDataset":"CSDB2","updateDate":"2016-01-27T15:25:45.914Z"},{"date":"2003","value":"0","year":"2003","month":"","quarter":"","sourceDataset":"CSDB2","updateDate":"2016-01-27T15:25:45.914Z"},{"date":"2004","value":"0","year":"2004","month":"","quarter":"","sourceDataset":"CSDB2","updateDate":"2016-01-27T15:25:45.914Z"},{"date":"2005","value":"0","year":"2005","month":"","quarter":"","sourceDataset":"CSDB2","updateDate":"2016-01-27T15:25:45.914Z"},{"date":"2006","value":"0","year":"2006","month":"","quarter":"","sourceDataset":"CSDB2","updateDate":"2016-01-27T15:25:45.914Z"},{"date":"2007","value":"0","year":"2007","month":"","quarter":"","sourceDataset":"CSDB2","updateDate":"2016-01-27T15:25:45.914Z"},{"date":"2008","value":"0","year":"2008","month":"","quarter":"","sourceDataset":"CSDB2","updateDate":"2016-01-27T15:25:45.914Z"},{"date":"2009","value":"0","year":"2009","month":"","quarter":"","sourceDataset":"CSDB2","updateDate":"2016-01-27T15:25:45.914Z"},{"date":"2010","value":"0","year":"2010","month":"","quarter":"","sourceDataset":"CSDB2","updateDate":"2016-01-27T15:25:45.914Z"},{"date":"2011","value":"0","year":"2011","month":"","quarter":"","sourceDataset":"CSDB2","updateDate":"2016-01-27T15:25:45.914Z"},{"date":"2012","value":"0","year":"2012","month":"","quarter":"","sourceDataset":"CSDB2","updateDate":"2016-01-27T15:25:45.914Z"},{"date":"2013","value":"0","year":"2013","month":"","quarter":"","sourceDataset":"CSDB2","updateDate":"2016-01-27T15:25:45.914Z"},{"date":"2014","value":"0","year":"2014","month":"","quarter":"","sourceDataset":"CSDB2","updateDate":"2016-01-27T15:25:45.914Z"}],"quarters":[{"date":"1955 Q1","value":"0","year":"1955","month":"","quarter":"Q1","sourceDataset":"CSDB2","updateDate":"2016-01-27T15:25:45.914Z"},{"date":"1955 Q2","value":"0","year":"1955","month":"","quarter":"Q2","sourceDataset":"CSDB2","updateDate":"2016-01-27T15:25:45.914Z"},{"date":"1955 Q3","value":"0","year":"1955","month":"","quarter":"Q3","sourceDataset":"CSDB2","updateDate":"2016-01-27T15:25:45.914Z"},{"date":"1955 Q4","value":"0","year":"1955","month":"","quarter":"Q4","sourceDataset":"CSDB2","updateDate":"2016-01-27T15:25:45.914Z"},{"date":"1956 Q1","value":"0","year":"1956","month":"","quarter":"Q1","sourceDataset":"CSDB2","updateDate":"2016-01-27T15:25:45.914Z"},{"date":"1956 Q2","value":"0","year":"1956","month":"","quarter":"Q2","sourceDataset":"CSDB2","updateDate":"2016-01-27T15:25:45.914Z"},{"date":"1956 Q3","value":"0","year":"1956","month":"","quarter":"Q3","sourceDataset":"CSDB2","updateDate":"2016-01-27T15:25:45.914Z"},{"date":"1956 Q4","value":"0","year":"1956","month":"","quarter":"Q4","sourceDataset":"CSDB2","updateDate":"2016-01-27T15:25:45.914Z"},{"date":"1957 Q1","value":"0","year":"1957","month":"","quarter":"Q1","sourceDataset":"CSDB2","updateDate":"2016-01-27T15:25:45.914Z"},{"date":"1957 Q2","value":"0","year":"1957","month":"","quarter":"Q2","sourceDataset":"CSDB2","updateDate":"2016-01-27T15:25:45.914Z"},{"date":"1957 Q3","value":"0","year":"1957","month":"","quarter":"Q3","sourceDataset":"CSDB2","updateDate":"2016-01-27T15:25:45.914Z"},{"date":"1957 Q4","value":"0","year":"1957","month":"","quarter":"Q4","sourceDataset":"CSDB2","updateDate":"2016-01-27T15:25:45.914Z"},{"date":"1958 Q1","value":"0","year":"1958","month":"","quarter":"Q1","sourceDataset":"CSDB2","updateDate":"2016-01-27T15:25:45.914Z"},{"date":"1958 Q2","value":"0","year":"1958","month":"","quarter":"Q2","sourceDataset":"CSDB2","updateDate":"2016-01-27T15:25:45.914Z"},{"date":"1958 Q3","value":"0","year":"1958","month":"","quarter":"Q3","sourceDataset":"CSDB2","updateDate":"2016-01-27T15:25:45.914Z"},{"date":"1958 Q4","value":"0","year":"1958","month":"","quarter":"Q4","sourceDataset":"CSDB2","updateDate":"2016-01-27T15:25:45.914Z"},{"date":"1959 Q1","value":"0","year":"1959","month":"","quarter":"Q1","sourceDataset":"CSDB2","updateDate":"2016-01-27T15:25:45.914Z"},{"date":"1959 Q2","value":"0","year":"1959","month":"","quarter":"Q2","sourceDataset":"CSDB2","updateDate":"2016-01-27T15:25:45.914Z"},{"date":"1959 Q3","value":"0","year":"1959","month":"","quarter":"Q3","sourceDataset":"CSDB2","updateDate":"2016-01-27T15:25:45.914Z"},{"date":"1959 Q4","value":"0","year":"1959","month":"","quarter":"Q4","sourceDataset":"CSDB2","updateDate":"2016-01-27T15:25:45.914Z"},{"date":"1960 Q1","value":"0","year":"1960","month":"","quarter":"Q1","sourceDataset":"CSDB2","updateDate":"2016-01-27T15:25:45.914Z"},{"date":"1960 Q2","value":"0","year":"1960","month":"","quarter":"Q2","sourceDataset":"CSDB2","updateDate":"2016-01-27T15:25:45.914Z"},{"date":"1960 Q3","value":"0","year":"1960","month":"","quarter":"Q3","sourceDataset":"CSDB2","updateDate":"2016-01-27T15:25:45.914Z"},{"date":"1960 Q4","value":"0","year":"1960","month":"","quarter":"Q4","sourceDataset":"CSDB2","updateDate":"2016-01-27T15:25:45.914Z"},{"date":"1961 Q1","value":"0","year":"1961","month":"","quarter":"Q1","sourceDataset":"CSDB2","updateDate":"2016-01-27T15:25:45.914Z"},{"date":"1961 Q2","value":"0","year":"1961","month":"","quarter":"Q2","sourceDataset":"CSDB2","updateDate":"2016-01-27T15:25:45.914Z"},{"date":"1961 Q3","value":"0","year":"1961","month":"","quarter":"Q3","sourceDataset":"CSDB2","updateDate":"2016-01-27T15:25:45.914Z"},{"date":"1961 Q4","value":"0","year":"1961","month":"","quarter":"Q4","sourceDataset":"CSDB2","updateDate":"2016-01-27T15:25:45.914Z"},{"date":"1962 Q1","value":"0","year":"1962","month":"","quarter":"Q1","sourceDataset":"CSDB2","updateDate":"2016-01-27T15:25:45.914Z"},{"date":"1962 Q2","value":"0","year":"1962","month":"","quarter":"Q2","sourceDataset":"CSDB2","updateDate":"2016-01-27T15:25:45.914Z"},{"date":"1962 Q3","value":"0","year":"1962","month":"","quarter":"Q3","sourceDataset":"CSDB2","updateDate":"2016-01-27T15:25:45.914Z"},{"date":"1962 Q4","value":"0","year":"1962","month":"","quarter":"Q4","sourceDataset":"CSDB2","updateDate":"2016-01-27T15:25:45.914Z"},{"date":"1963 Q1","value":"0","year":"1963","month":"","quarter":"Q1","sourceDataset":"CSDB2","updateDate":"2016-01-27T15:25:45.914Z"},{"date":"1963 Q2","value":"0","year":"1963","month":"","quarter":"Q2","sourceDataset":"CSDB2","updateDate":"2016-01-27T15:25:45.914Z"},{"date":"1963 Q3","value":"0","year":"1963","month":"","quarter":"Q3","sourceDataset":"CSDB2","updateDate":"2016-01-27T15:25:45.914Z"},{"date":"1963 Q4","value":"0","year":"1963","month":"","quarter":"Q4","sourceDataset":"CSDB2","updateDate":"2016-01-27T15:25:45.914Z"},{"date":"1964 Q1","value":"0","year":"1964","month":"","quarter":"Q1","sourceDataset":"CSDB2","updateDate":"2016-01-27T15:25:45.914Z"},{"date":"1964 Q2","value":"0","year":"1964","month":"","quarter":"Q2","sourceDataset":"CSDB2","updateDate":"2016-01-27T15:25:45.914Z"},{"date":"1964 Q3","value":"0","year":"1964","month":"","quarter":"Q3","sourceDataset":"CSDB2","updateDate":"2016-01-27T15:25:45.914Z"},{"date":"1964 Q4","value":"0","year":"1964","month":"","quarter":"Q4","sourceDataset":"CSDB2","updateDate":"2016-01-27T15:25:45.914Z"},{"date":"1965 Q1","value":"0","year":"1965","month":"","quarter":"Q1","sourceDataset":"CSDB2","updateDate":"2016-01-27T15:25:45.914Z"},{"date":"1965 Q2","value":"0","year":"1965","month":"","quarter":"Q2","sourceDataset":"CSDB2","updateDate":"2016-01-27T15:25:45.914Z"},{"date":"1965 Q3","value":"0","year":"1965","month":"","quarter":"Q3","sourceDataset":"CSDB2","updateDate":"2016-01-27T15:25:45.914Z"},{"date":"1965 Q4","value":"0","year":"1965","month":"","quarter":"Q4","sourceDataset":"CSDB2","updateDate":"2016-01-27T15:25:45.914Z"},{"date":"1966 Q1","value":"0","year":"1966","month":"","quarter":"Q1","sourceDataset":"CSDB2","updateDate":"2016-01-27T15:25:45.914Z"},{"date":"1966 Q2","value":"0","year":"1966","month":"","quarter":"Q2","sourceDataset":"CSDB2","updateDate":"2016-01-27T15:25:45.914Z"},{"date":"1966 Q3","value":"0","year":"1966","month":"","quarter":"Q3","sourceDataset":"CSDB2","updateDate":"2016-01-27T15:25:45.914Z"},{"date":"1966 Q4","value":"0","year":"1966","month":"","quarter":"Q4","sourceDataset":"CSDB2","updateDate":"2016-01-27T15:25:45.914Z"},{"date":"1967 Q1","value":"0","year":"1967","month":"","quarter":"Q1","sourceDataset":"CSDB2","updateDate":"2016-01-27T15:25:45.914Z"},{"date":"1967 Q2","value":"0","year":"1967","month":"","quarter":"Q2","sourceDataset":"CSDB2","updateDate":"2016-01-27T15:25:45.914Z"},{"date":"1967 Q3","value":"0","year":"1967","month":"","quarter":"Q3","sourceDataset":"CSDB2","updateDate":"2016-01-27T15:25:45.914Z"},{"date":"1967 Q4","value":"0","year":"1967","month":"","quarter":"Q4","sourceDataset":"CSDB2","updateDate":"2016-01-27T15:25:45.914Z"},{"date":"1968 Q1","value":"0","year":"1968","month":"","quarter":"Q1","sourceDataset":"CSDB2","updateDate":"2016-01-27T15:25:45.914Z"},{"date":"1968 Q2","value":"0","year":"1968","month":"","quarter":"Q2","sourceDataset":"CSDB2","updateDate":"2016-01-27T15:25:45.914Z"},{"date":"1968 Q3","value":"0","year":"1968","month":"","quarter":"Q3","sourceDataset":"CSDB2","updateDate":"2016-01-27T15:25:45.914Z"},{"date":"1968 Q4","value":"0","year":"1968","month":"","quarter":"Q4","sourceDataset":"CSDB2","updateDate":"2016-01-27T15:25:45.914Z"},{"date":"1969 Q1","value":"0","year":"1969","month":"","quarter":"Q1","sourceDataset":"CSDB2","updateDate":"2016-01-27T15:25:45.914Z"},{"date":"1969 Q2","value":"0","year":"1969","month":"","quarter":"Q2","sourceDataset":"CSDB2","updateDate":"2016-01-27T15:25:45.914Z"},{"date":"1969 Q3","value":"0","year":"1969","month":"","quarter":"Q3","sourceDataset":"CSDB2","updateDate":"2016-01-27T15:25:45.914Z"},{"date":"1969 Q4","value":"0","year":"1969","month":"","quarter":"Q4","sourceDataset":"CSDB2","updateDate":"2016-01-27T15:25:45.914Z"},{"date":"1970 Q1","value":"0","year":"1970","month":"","quarter":"Q1","sourceDataset":"CSDB2","updateDate":"2016-01-27T15:25:45.914Z"},{"date":"1970 Q2","value":"0","year":"1970","month":"","quarter":"Q2","sourceDataset":"CSDB2","updateDate":"2016-01-27T15:25:45.914Z"},{"date":"1970 Q3","value":"0","year":"1970","month":"","quarter":"Q3","sourceDataset":"CSDB2","updateDate":"2016-01-27T15:25:45.914Z"},{"date":"1970 Q4","value":"0","year":"1970","month":"","quarter":"Q4","sourceDataset":"CSDB2","updateDate":"2016-01-27T15:25:45.914Z"},{"date":"1971 Q1","value":"0","year":"1971","month":"","quarter":"Q1","sourceDataset":"CSDB2","updateDate":"2016-01-27T15:25:45.914Z"},{"date":"1971 Q2","value":"0","year":"1971","month":"","quarter":"Q2","sourceDataset":"CSDB2","updateDate":"2016-01-27T15:25:45.914Z"},{"date":"1971 Q3","value":"0","year":"1971","month":"","quarter":"Q3","sourceDataset":"CSDB2","updateDate":"2016-01-27T15:25:45.914Z"},{"date":"1971 Q4","value":"0","year":"1971","month":"","quarter":"Q4","sourceDataset":"CSDB2","updateDate":"2016-01-27T15:25:45.914Z"},{"date":"1972 Q1","value":"0","year":"1972","month":"","quarter":"Q1","sourceDataset":"CSDB2","updateDate":"2016-01-27T15:25:45.914Z"},{"date":"1972 Q2","value":"0","year":"1972","month":"","quarter":"Q2","sourceDataset":"CSDB2","updateDate":"2016-01-27T15:25:45.914Z"},{"date":"1972 Q3","value":"0","year":"1972","month":"","quarter":"Q3","sourceDataset":"CSDB2","updateDate":"2016-01-27T15:25:45.914Z"},{"date":"1972 Q4","value":"0","year":"1972","month":"","quarter":"Q4","sourceDataset":"CSDB2","updateDate":"2016-01-27T15:25:45.914Z"},{"date":"1973 Q1","value":"0","year":"1973","month":"","quarter":"Q1","sourceDataset":"CSDB2","updateDate":"2016-01-27T15:25:45.914Z"},{"date":"1973 Q2","value":"0","year":"1973","month":"","quarter":"Q2","sourceDataset":"CSDB2","updateDate":"2016-01-27T15:25:45.914Z"},{"date":"1973 Q3","value":"0","year":"1973","month":"","quarter":"Q3","sourceDataset":"CSDB2","updateDate":"2016-01-27T15:25:45.914Z"},{"date":"1973 Q4","value":"0","year":"1973","month":"","quarter":"Q4","sourceDataset":"CSDB2","updateDate":"2016-01-27T15:25:45.914Z"},{"date":"1974 Q1","value":"0","year":"1974","month":"","quarter":"Q1","sourceDataset":"CSDB2","updateDate":"2016-01-27T15:25:45.914Z"},{"date":"1974 Q2","value":"0","year":"1974","month":"","quarter":"Q2","sourceDataset":"CSDB2","updateDate":"2016-01-27T15:25:45.914Z"},{"date":"1974 Q3","value":"0","year":"1974","month":"","quarter":"Q3","sourceDataset":"CSDB2","updateDate":"2016-01-27T15:25:45.914Z"},{"date":"1974 Q4","value":"0","year":"1974","month":"","quarter":"Q4","sourceDataset":"CSDB2","updateDate":"2016-01-27T15:25:45.914Z"},{"date":"1975 Q1","value":"0","year":"1975","month":"","quarter":"Q1","sourceDataset":"CSDB2","updateDate":"2016-01-27T15:25:45.914Z"},{"date":"1975 Q2","value":"0","year":"1975","month":"","quarter":"Q2","sourceDataset":"CSDB2","updateDate":"2016-01-27T15:25:45.914Z"},{"date":"1975 Q3","value":"0","year":"1975","month":"","quarter":"Q3","sourceDataset":"CSDB2","updateDate":"2016-01-27T15:25:45.914Z"},{"date":"1975 Q4","value":"0","year":"1975","month":"","quarter":"Q4","sourceDataset":"CSDB2","updateDate":"2016-01-27T15:25:45.914Z"},{"date":"1976 Q1","value":"0","year":"1976","month":"","quarter":"Q1","sourceDataset":"CSDB2","updateDate":"2016-01-27T15:25:45.914Z"},{"date":"1976 Q2","value":"0","year":"1976","month":"","quarter":"Q2","sourceDataset":"CSDB2","updateDate":"2016-01-27T15:25:45.914Z"},{"date":"1976 Q3","value":"0","year":"1976","month":"","quarter":"Q3","sourceDataset":"CSDB2","updateDate":"2016-01-27T15:25:45.914Z"},{"date":"1976 Q4","value":"0","year":"1976","month":"","quarter":"Q4","sourceDataset":"CSDB2","updateDate":"2016-01-27T15:25:45.914Z"},{"date":"1977 Q1","value":"0","year":"1977","month":"","quarter":"Q1","sourceDataset":"CSDB2","updateDate":"2016-01-27T15:25:45.914Z"},{"date":"1977 Q2","value":"0","year":"1977","month":"","quarter":"Q2","sourceDataset":"CSDB2","updateDate":"2016-01-27T15:25:45.914Z"},{"date":"1977 Q3","value":"0","year":"1977","month":"","quarter":"Q3","sourceDataset":"CSDB2","updateDate":"2016-01-27T15:25:45.914Z"},{"date":"1977 Q4","value":"0","year":"1977","month":"","quarter":"Q4","sourceDataset":"CSDB2","updateDate":"2016-01-27T15:25:45.914Z"},{"date":"1978 Q1","value":"0","year":"1978","month":"","quarter":"Q1","sourceDataset":"CSDB2","updateDate":"2016-01-27T15:25:45.914Z"},{"date":"1978 Q2","value":"0","year":"1978","month":"","quarter":"Q2","sourceDataset":"CSDB2","updateDate":"2016-01-27T15:25:45.914Z"},{"date":"1978 Q3","value":"0","year":"1978","month":"","quarter":"Q3","sourceDataset":"CSDB2","updateDate":"2016-01-27T15:25:45.914Z"},{"date":"1978 Q4","value":"0","year":"1978","month":"","quarter":"Q4","sourceDataset":"CSDB2","updateDate":"2016-01-27T15:25:45.914Z"},{"date":"1979 Q1","value":"0","year":"1979","month":"","quarter":"Q1","sourceDataset":"CSDB2","updateDate":"2016-01-27T15:25:45.914Z"},{"date":"1979 Q2","value":"0","year":"1979","month":"","quarter":"Q2","sourceDataset":"CSDB2","updateDate":"2016-01-27T15:25:45.914Z"},{"date":"1979 Q3","value":"0","year":"1979","month":"","quarter":"Q3","sourceDataset":"CSDB2","updateDate":"2016-01-27T15:25:45.914Z"},{"date":"1979 Q4","value":"0","year":"1979","month":"","quarter":"Q4","sourceDataset":"CSDB2","updateDate":"2016-01-27T15:25:45.914Z"},{"date":"1980 Q1","value":"0","year":"1980","month":"","quarter":"Q1","sourceDataset":"CSDB2","updateDate":"2016-01-27T15:25:45.914Z"},{"date":"1980 Q2","value":"0","year":"1980","month":"","quarter":"Q2","sourceDataset":"CSDB2","updateDate":"2016-01-27T15:25:45.914Z"},{"date":"1980 Q3","value":"0","year":"1980","month":"","quarter":"Q3","sourceDataset":"CSDB2","updateDate":"2016-01-27T15:25:45.914Z"},{"date":"1980 Q4","value":"0","year":"1980","month":"","quarter":"Q4","sourceDataset":"CSDB2","updateDate":"2016-01-27T15:25:45.914Z"},{"date":"1981 Q1","value":"0","year":"1981","month":"","quarter":"Q1","sourceDataset":"CSDB2","updateDate":"2016-01-27T15:25:45.914Z"},{"date":"1981 Q2","value":"0","year":"1981","month":"","quarter":"Q2","sourceDataset":"CSDB2","updateDate":"2016-01-27T15:25:45.914Z"},{"date":"1981 Q3","value":"0","year":"1981","month":"","quarter":"Q3","sourceDataset":"CSDB2","updateDate":"2016-01-27T15:25:45.914Z"},{"date":"1981 Q4","value":"0","year":"1981","month":"","quarter":"Q4","sourceDataset":"CSDB2","updateDate":"2016-01-27T15:25:45.914Z"},{"date":"1982 Q1","value":"0","year":"1982","month":"","quarter":"Q1","sourceDataset":"CSDB2","updateDate":"2016-01-27T15:25:45.914Z"},{"date":"1982 Q2","value":"0","year":"1982","month":"","quarter":"Q2","sourceDataset":"CSDB2","updateDate":"2016-01-27T15:25:45.914Z"},{"date":"1982 Q3","value":"0","year":"1982","month":"","quarter":"Q3","sourceDataset":"CSDB2","updateDate":"2016-01-27T15:25:45.914Z"},{"date":"1982 Q4","value":"0","year":"1982","month":"","quarter":"Q4","sourceDataset":"CSDB2","updateDate":"2016-01-27T15:25:45.914Z"},{"date":"1983 Q1","value":"-343","year":"1983","month":"","quarter":"Q1","sourceDataset":"CSDB2","updateDate":"2016-01-27T15:25:45.914Z"},{"date":"1983 Q2","value":"262","year":"1983","month":"","quarter":"Q2","sourceDataset":"CSDB2","updateDate":"2016-01-27T15:25:45.914Z"},{"date":"1983 Q3","value":"-264","year":"1983","month":"","quarter":"Q3","sourceDataset":"CSDB2","updateDate":"2016-01-27T15:25:45.914Z"},{"date":"1983 Q4","value":"345","year":"1983","month":"","quarter":"Q4","sourceDataset":"CSDB2","updateDate":"2016-01-27T15:25:45.914Z"},{"date":"1984 Q1","value":"-62","year":"1984","month":"","quarter":"Q1","sourceDataset":"CSDB2","updateDate":"2016-01-27T15:25:45.914Z"},{"date":"1984 Q2","value":"452","year":"1984","month":"","quarter":"Q2","sourceDataset":"CSDB2","updateDate":"2016-01-27T15:25:45.914Z"},{"date":"1984 Q3","value":"-158","year":"1984","month":"","quarter":"Q3","sourceDataset":"CSDB2","updateDate":"2016-01-27T15:25:45.914Z"},{"date":"1984 Q4","value":"-232","year":"1984","month":"","quarter":"Q4","sourceDataset":"CSDB2","updateDate":"2016-01-27T15:25:45.914Z"},{"date":"1985 Q1","value":"-990","year":"1985","month":"","quarter":"Q1","sourceDataset":"CSDB2","updateDate":"2016-01-27T15:25:45.914Z"},{"date":"1985 Q2","value":"563","year":"1985","month":"","quarter":"Q2","sourceDataset":"CSDB2","updateDate":"2016-01-27T15:25:45.914Z"},{"date":"1985 Q3","value":"-101","year":"1985","month":"","quarter":"Q3","sourceDataset":"CSDB2","updateDate":"2016-01-27T15:25:45.914Z"},{"date":"1985 Q4","value":"528","year":"1985","month":"","quarter":"Q4","sourceDataset":"CSDB2","updateDate":"2016-01-27T15:25:45.914Z"},{"date":"1986 Q1","value":"-275","year":"1986","month":"","quarter":"Q1","sourceDataset":"CSDB2","updateDate":"2016-01-27T15:25:45.914Z"},{"date":"1986 Q2","value":"508","year":"1986","month":"","quarter":"Q2","sourceDataset":"CSDB2","updateDate":"2016-01-27T15:25:45.914Z"},{"date":"1986 Q3","value":"313","year":"1986","month":"","quarter":"Q3","sourceDataset":"CSDB2","updateDate":"2016-01-27T15:25:45.914Z"},{"date":"1986 Q4","value":"-546","year":"1986","month":"","quarter":"Q4","sourceDataset":"CSDB2","updateDate":"2016-01-27T15:25:45.914Z"},{"date":"1987 Q1","value":"80","year":"1987","month":"","quarter":"Q1","sourceDataset":"CSDB2","updateDate":"2016-01-27T15:25:45.914Z"},{"date":"1987 Q2","value":"373","year":"1987","month":"","quarter":"Q2","sourceDataset":"CSDB2","updateDate":"2016-01-27T15:25:45.914Z"},{"date":"1987 Q3","value":"-561","year":"1987","month":"","quarter":"Q3","sourceDataset":"CSDB2","updateDate":"2016-01-27T15:25:45.914Z"},{"date":"1987 Q4","value":"108","year":"1987","month":"","quarter":"Q4","sourceDataset":"CSDB2","updateDate":"2016-01-27T15:25:45.914Z"},{"date":"1988 Q1","value":"-438","year":"1988","month":"","quarter":"Q1","sourceDataset":"CSDB2","updateDate":"2016-01-27T15:25:45.914Z"},{"date":"1988 Q2","value":"-817","year":"1988","month":"","quarter":"Q2","sourceDataset":"CSDB2","updateDate":"2016-01-27T15:25:45.914Z"},{"date":"1988 Q3","value":"165","year":"1988","month":"","quarter":"Q3","sourceDataset":"CSDB2","updateDate":"2016-01-27T15:25:45.914Z"},{"date":"1988 Q4","value":"1090","year":"1988","month":"","quarter":"Q4","sourceDataset":"CSDB2","updateDate":"2016-01-27T15:25:45.914Z"},{"date":"1989 Q1","value":"-399","year":"1989","month":"","quarter":"Q1","sourceDataset":"CSDB2","updateDate":"2016-01-27T15:25:45.914Z"},{"date":"1989 Q2","value":"317","year":"1989","month":"","quarter":"Q2","sourceDataset":"CSDB2","updateDate":"2016-01-27T15:25:45.914Z"},{"date":"1989 Q3","value":"360","year":"1989","month":"","quarter":"Q3","sourceDataset":"CSDB2","updateDate":"2016-01-27T15:25:45.914Z"},{"date":"1989 Q4","value":"-278","year":"1989","month":"","quarter":"Q4","sourceDataset":"CSDB2","updateDate":"2016-01-27T15:25:45.914Z"},{"date":"1990 Q1","value":"-66","year":"1990","month":"","quarter":"Q1","sourceDataset":"CSDB2","updateDate":"2016-01-27T15:25:45.914Z"},{"date":"1990 Q2","value":"562","year":"1990","month":"","quarter":"Q2","sourceDataset":"CSDB2","updateDate":"2016-01-27T15:25:45.914Z"},{"date":"1990 Q3","value":"258","year":"1990","month":"","quarter":"Q3","sourceDataset":"CSDB2","updateDate":"2016-01-27T15:25:45.914Z"},{"date":"1990 Q4","value":"-754","year":"1990","month":"","quarter":"Q4","sourceDataset":"CSDB2","updateDate":"2016-01-27T15:25:45.914Z"},{"date":"1991 Q1","value":"612","year":"1991","month":"","quarter":"Q1","sourceDataset":"CSDB2","updateDate":"2016-01-27T15:25:45.914Z"},{"date":"1991 Q2","value":"-703","year":"1991","month":"","quarter":"Q2","sourceDataset":"CSDB2","updateDate":"2016-01-27T15:25:45.914Z"},{"date":"1991 Q3","value":"-226","year":"1991","month":"","quarter":"Q3","sourceDataset":"CSDB2","updateDate":"2016-01-27T15:25:45.914Z"},{"date":"1991 Q4","value":"317","year":"1991","month":"","quarter":"Q4","sourceDataset":"CSDB2","updateDate":"2016-01-27T15:25:45.914Z"},{"date":"1992 Q1","value":"48","year":"1992","month":"","quarter":"Q1","sourceDataset":"CSDB2","updateDate":"2016-01-27T15:25:45.914Z"},{"date":"1992 Q2","value":"-216","year":"1992","month":"","quarter":"Q2","sourceDataset":"CSDB2","updateDate":"2016-01-27T15:25:45.914Z"},{"date":"1992 Q3","value":"-468","year":"1992","month":"","quarter":"Q3","sourceDataset":"CSDB2","updateDate":"2016-01-27T15:25:45.914Z"},{"date":"1992 Q4","value":"636","year":"1992","month":"","quarter":"Q4","sourceDataset":"CSDB2","updateDate":"2016-01-27T15:25:45.914Z"},{"date":"1993 Q1","value":"594","year":"1993","month":"","quarter":"Q1","sourceDataset":"CSDB2","updateDate":"2016-01-27T15:25:45.914Z"},{"date":"1993 Q2","value":"552","year":"1993","month":"","quarter":"Q2","sourceDataset":"CSDB2","updateDate":"2016-01-27T15:25:45.914Z"},{"date":"1993 Q3","value":"243","year":"1993","month":"","quarter":"Q3","sourceDataset":"CSDB2","updateDate":"2016-01-27T15:25:45.914Z"},{"date":"1993 Q4","value":"-1389","year":"1993","month":"","quarter":"Q4","sourceDataset":"CSDB2","updateDate":"2016-01-27T15:25:45.914Z"},{"date":"1994 Q1","value":"-1082","year":"1994","month":"","quarter":"Q1","sourceDataset":"CSDB2","updateDate":"2016-01-27T15:25:45.914Z"},{"date":"1994 Q2","value":"384","year":"1994","month":"","quarter":"Q2","sourceDataset":"CSDB2","updateDate":"2016-01-27T15:25:45.914Z"},{"date":"1994 Q3","value":"-111","year":"1994","month":"","quarter":"Q3","sourceDataset":"CSDB2","updateDate":"2016-01-27T15:25:45.914Z"},{"date":"1994 Q4","value":"809","year":"1994","month":"","quarter":"Q4","sourceDataset":"CSDB2","updateDate":"2016-01-27T15:25:45.914Z"},{"date":"1995 Q1","value":"-739","year":"1995","month":"","quarter":"Q1","sourceDataset":"CSDB2","updateDate":"2016-01-27T15:25:45.914Z"},{"date":"1995 Q2","value":"204","year":"1995","month":"","quarter":"Q2","sourceDataset":"CSDB2","updateDate":"2016-01-27T15:25:45.914Z"},{"date":"1995 Q3","value":"461","year":"1995","month":"","quarter":"Q3","sourceDataset":"CSDB2","updateDate":"2016-01-27T15:25:45.914Z"},{"date":"1995 Q4","value":"74","year":"1995","month":"","quarter":"Q4","sourceDataset":"CSDB2","updateDate":"2016-01-27T15:25:45.914Z"},{"date":"1996 Q1","value":"681","year":"1996","month":"","quarter":"Q1","sourceDataset":"CSDB2","updateDate":"2016-01-27T15:25:45.914Z"},{"date":"1996 Q2","value":"427","year":"1996","month":"","quarter":"Q2","sourceDataset":"CSDB2","updateDate":"2016-01-27T15:25:45.914Z"},{"date":"1996 Q3","value":"-865","year":"1996","month":"","quarter":"Q3","sourceDataset":"CSDB2","updateDate":"2016-01-27T15:25:45.914Z"},{"date":"1996 Q4","value":"-243","year":"1996","month":"","quarter":"Q4","sourceDataset":"CSDB2","updateDate":"2016-01-27T15:25:45.914Z"},{"date":"1997 Q1","value":"1133","year":"1997","month":"","quarter":"Q1","sourceDataset":"CSDB2","updateDate":"2016-01-27T15:25:45.914Z"},{"date":"1997 Q2","value":"-1059","year":"1997","month":"","quarter":"Q2","sourceDataset":"CSDB2","updateDate":"2016-01-27T15:25:45.914Z"},{"date":"1997 Q3","value":"1224","year":"1997","month":"","quarter":"Q3","sourceDataset":"CSDB2","updateDate":"2016-01-27T15:25:45.915Z"},{"date":"1997 Q4","value":"-1298","year":"1997","month":"","quarter":"Q4","sourceDataset":"CSDB2","updateDate":"2016-01-27T15:25:45.915Z"},{"date":"1998 Q1","value":"-1211","year":"1998","month":"","quarter":"Q1","sourceDataset":"CSDB2","updateDate":"2016-01-27T15:25:45.915Z"},{"date":"1998 Q2","value":"1030","year":"1998","month":"","quarter":"Q2","sourceDataset":"CSDB2","updateDate":"2016-01-27T15:25:45.915Z"},{"date":"1998 Q3","value":"520","year":"1998","month":"","quarter":"Q3","sourceDataset":"CSDB2","updateDate":"2016-01-27T15:25:45.915Z"},{"date":"1998 Q4","value":"-339","year":"1998","month":"","quarter":"Q4","sourceDataset":"CSDB2","updateDate":"2016-01-27T15:25:45.915Z"},{"date":"1999 Q1","value":"882","year":"1999","month":"","quarter":"Q1","sourceDataset":"CSDB2","updateDate":"2016-01-27T15:25:45.915Z"},{"date":"1999 Q2","value":"87","year":"1999","month":"","quarter":"Q2","sourceDataset":"CSDB2","updateDate":"2016-01-27T15:25:45.915Z"},{"date":"1999 Q3","value":"-834","year":"1999","month":"","quarter":"Q3","sourceDataset":"CSDB2","updateDate":"2016-01-27T15:25:45.915Z"},{"date":"1999 Q4","value":"-135","year":"1999","month":"","quarter":"Q4","sourceDataset":"CSDB2","updateDate":"2016-01-27T15:25:45.915Z"},{"date":"2000 Q1","value":"-575","year":"2000","month":"","quarter":"Q1","sourceDataset":"CSDB2","updateDate":"2016-01-27T15:25:45.915Z"},{"date":"2000 Q2","value":"-531","year":"2000","month":"","quarter":"Q2","sourceDataset":"CSDB2","updateDate":"2016-01-27T15:25:45.915Z"},{"date":"2000 Q3","value":"720","year":"2000","month":"","quarter":"Q3","sourceDataset":"CSDB2","updateDate":"2016-01-27T15:25:45.915Z"},{"date":"2000 Q4","value":"386","year":"2000","month":"","quarter":"Q4","sourceDataset":"CSDB2","updateDate":"2016-01-27T15:25:45.915Z"},{"date":"2001 Q1","value":"-964","year":"2001","month":"","quarter":"Q1","sourceDataset":"CSDB2","updateDate":"2016-01-27T15:25:45.915Z"},{"date":"2001 Q2","value":"689","year":"2001","month":"","quarter":"Q2","sourceDataset":"CSDB2","updateDate":"2016-01-27T15:25:45.915Z"},{"date":"2001 Q3","value":"760","year":"2001","month":"","quarter":"Q3","sourceDataset":"CSDB2","updateDate":"2016-01-27T15:25:45.915Z"},{"date":"2001 Q4","value":"-485","year":"2001","month":"","quarter":"Q4","sourceDataset":"CSDB2","updateDate":"2016-01-27T15:25:45.915Z"},{"date":"2002 Q1","value":"560","year":"2002","month":"","quarter":"Q1","sourceDataset":"CSDB2","updateDate":"2016-01-27T15:25:45.915Z"},{"date":"2002 Q2","value":"-418","year":"2002","month":"","quarter":"Q2","sourceDataset":"CSDB2","updateDate":"2016-01-27T15:25:45.915Z"},{"date":"2002 Q3","value":"-749","year":"2002","month":"","quarter":"Q3","sourceDataset":"CSDB2","updateDate":"2016-01-27T15:25:45.915Z"},{"date":"2002 Q4","value":"607","year":"2002","month":"","quarter":"Q4","sourceDataset":"CSDB2","updateDate":"2016-01-27T15:25:45.915Z"},{"date":"2003 Q1","value":"-539","year":"2003","month":"","quarter":"Q1","sourceDataset":"CSDB2","updateDate":"2016-01-27T15:25:45.915Z"},{"date":"2003 Q2","value":"691","year":"2003","month":"","quarter":"Q2","sourceDataset":"CSDB2","updateDate":"2016-01-27T15:25:45.915Z"},{"date":"2003 Q3","value":"532","year":"2003","month":"","quarter":"Q3","sourceDataset":"CSDB2","updateDate":"2016-01-27T15:25:45.915Z"},{"date":"2003 Q4","value":"-684","year":"2003","month":"","quarter":"Q4","sourceDataset":"CSDB2","updateDate":"2016-01-27T15:25:45.915Z"},{"date":"2004 Q1","value":"242","year":"2004","month":"","quarter":"Q1","sourceDataset":"CSDB2","updateDate":"2016-01-27T15:25:45.915Z"},{"date":"2004 Q2","value":"748","year":"2004","month":"","quarter":"Q2","sourceDataset":"CSDB2","updateDate":"2016-01-27T15:25:45.915Z"},{"date":"2004 Q3","value":"-1426","year":"2004","month":"","quarter":"Q3","sourceDataset":"CSDB2","updateDate":"2016-01-27T15:25:45.915Z"},{"date":"2004 Q4","value":"436","year":"2004","month":"","quarter":"Q4","sourceDataset":"CSDB2","updateDate":"2016-01-27T15:25:45.915Z"},{"date":"2005 Q1","value":"369","year":"2005","month":"","quarter":"Q1","sourceDataset":"CSDB2","updateDate":"2016-01-27T15:25:45.915Z"},{"date":"2005 Q2","value":"-1426","year":"2005","month":"","quarter":"Q2","sourceDataset":"CSDB2","updateDate":"2016-01-27T15:25:45.915Z"},{"date":"2005 Q3","value":"180","year":"2005","month":"","quarter":"Q3","sourceDataset":"CSDB2","updateDate":"2016-01-27T15:25:45.915Z"},{"date":"2005 Q4","value":"877","year":"2005","month":"","quarter":"Q4","sourceDataset":"CSDB2","updateDate":"2016-01-27T15:25:45.915Z"},{"date":"2006 Q1","value":"1422","year":"2006","month":"","quarter":"Q1","sourceDataset":"CSDB2","updateDate":"2016-01-27T15:25:45.915Z"},{"date":"2006 Q2","value":"235","year":"2006","month":"","quarter":"Q2","sourceDataset":"CSDB2","updateDate":"2016-01-27T15:25:45.915Z"},{"date":"2006 Q3","value":"-329","year":"2006","month":"","quarter":"Q3","sourceDataset":"CSDB2","updateDate":"2016-01-27T15:25:45.915Z"},{"date":"2006 Q4","value":"-1328","year":"2006","month":"","quarter":"Q4","sourceDataset":"CSDB2","updateDate":"2016-01-27T15:25:45.915Z"},{"date":"2007 Q1","value":"-968","year":"2007","month":"","quarter":"Q1","sourceDataset":"CSDB2","updateDate":"2016-01-27T15:25:45.915Z"},{"date":"2007 Q2","value":"-849","year":"2007","month":"","quarter":"Q2","sourceDataset":"CSDB2","updateDate":"2016-01-27T15:25:45.915Z"},{"date":"2007 Q3","value":"150","year":"2007","month":"","quarter":"Q3","sourceDataset":"CSDB2","updateDate":"2016-01-27T15:25:45.915Z"},{"date":"2007 Q4","value":"1667","year":"2007","month":"","quarter":"Q4","sourceDataset":"CSDB2","updateDate":"2016-01-27T15:25:45.915Z"},{"date":"2008 Q1","value":"1560","year":"2008","month":"","quarter":"Q1","sourceDataset":"CSDB2","updateDate":"2016-01-27T15:25:45.915Z"},{"date":"2008 Q2","value":"202","year":"2008","month":"","quarter":"Q2","sourceDataset":"CSDB2","updateDate":"2016-01-27T15:25:45.915Z"},{"date":"2008 Q3","value":"-257","year":"2008","month":"","quarter":"Q3","sourceDataset":"CSDB2","updateDate":"2016-01-27T15:25:45.915Z"},{"date":"2008 Q4","value":"-1505","year":"2008","month":"","quarter":"Q4","sourceDataset":"CSDB2","updateDate":"2016-01-27T15:25:45.915Z"},{"date":"2009 Q1","value":"1031","year":"2009","month":"","quarter":"Q1","sourceDataset":"CSDB2","updateDate":"2016-01-27T15:25:45.915Z"},{"date":"2009 Q2","value":"1695","year":"2009","month":"","quarter":"Q2","sourceDataset":"CSDB2","updateDate":"2016-01-27T15:25:45.915Z"},{"date":"2009 Q3","value":"-986","year":"2009","month":"","quarter":"Q3","sourceDataset":"CSDB2","updateDate":"2016-01-27T15:25:45.915Z"},{"date":"2009 Q4","value":"-1740","year":"2009","month":"","quarter":"Q4","sourceDataset":"CSDB2","updateDate":"2016-01-27T15:25:45.915Z"},{"date":"2010 Q1","value":"1161","year":"2010","month":"","quarter":"Q1","sourceDataset":"CSDB2","updateDate":"2016-01-27T15:25:45.915Z"},{"date":"2010 Q2","value":"-51","year":"2010","month":"","quarter":"Q2","sourceDataset":"CSDB2","updateDate":"2016-01-27T15:25:45.915Z"},{"date":"2010 Q3","value":"-1573","year":"2010","month":"","quarter":"Q3","sourceDataset":"CSDB2","updateDate":"2016-01-27T15:25:45.915Z"},{"date":"2010 Q4","value":"463","year":"2010","month":"","quarter":"Q4","sourceDataset":"CSDB2","updateDate":"2016-01-27T15:25:45.915Z"},{"date":"2011 Q1","value":"1465","year":"2011","month":"","quarter":"Q1","sourceDataset":"CSDB2","updateDate":"2016-01-27T15:25:45.915Z"},{"date":"2011 Q2","value":"-1229","year":"2011","month":"","quarter":"Q2","sourceDataset":"CSDB2","updateDate":"2016-01-27T15:25:45.915Z"},{"date":"2011 Q3","value":"1243","year":"2011","month":"","quarter":"Q3","sourceDataset":"CSDB2","updateDate":"2016-01-27T15:25:45.915Z"},{"date":"2011 Q4","value":"-1479","year":"2011","month":"","quarter":"Q4","sourceDataset":"CSDB2","updateDate":"2016-01-27T15:25:45.915Z"},{"date":"2012 Q1","value":"1978","year":"2012","month":"","quarter":"Q1","sourceDataset":"CSDB2","updateDate":"2016-01-27T15:25:45.915Z"},{"date":"2012 Q2","value":"-1459","year":"2012","month":"","quarter":"Q2","sourceDataset":"CSDB2","updateDate":"2016-01-27T15:25:45.915Z"},{"date":"2012 Q3","value":"1046","year":"2012","month":"","quarter":"Q3","sourceDataset":"CSDB2","updateDate":"2016-01-27T15:25:45.915Z"},{"date":"2012 Q4","value":"-1565","year":"2012","month":"","quarter":"Q4","sourceDataset":"CSDB2","updateDate":"2016-01-27T15:25:45.915Z"},{"date":"2013 Q1","value":"418","year":"2013","month":"","quarter":"Q1","sourceDataset":"CSDB2","updateDate":"2016-01-27T15:25:45.915Z"},{"date":"2013 Q2","value":"-2078","year":"2013","month":"","quarter":"Q2","sourceDataset":"CSDB2","updateDate":"2016-01-27T15:25:45.915Z"},{"date":"2013 Q3","value":"1315","year":"2013","month":"","quarter":"Q3","sourceDataset":"CSDB2","updateDate":"2016-01-27T15:25:45.915Z"},{"date":"2013 Q4","value":"345","year":"2013","month":"","quarter":"Q4","sourceDataset":"CSDB2","updateDate":"2016-01-27T15:25:45.915Z"},{"date":"2014 Q1","value":"-1424","year":"2014","month":"","quarter":"Q1","sourceDataset":"CSDB2","updateDate":"2016-01-27T15:25:45.915Z"},{"date":"2014 Q2","value":"-1860","year":"2014","month":"","quarter":"Q2","sourceDataset":"CSDB2","updateDate":"2016-01-27T15:25:45.915Z"},{"date":"2014 Q3","value":"2108","year":"2014","month":"","quarter":"Q3","sourceDataset":"CSDB2","updateDate":"2016-01-27T15:25:45.915Z"},{"date":"2014 Q4","value":"1176","year":"2014","month":"","quarter":"Q4","sourceDataset":"CSDB2","updateDate":"2016-01-27T15:25:45.915Z"},{"date":"2015 Q1","value":"1988","year":"2015","month":"","quarter":"Q1","sourceDataset":"CSDB2","updateDate":"2016-01-27T15:25:45.915Z"},{"date":"2015 Q2","value":"-1635","year":"2015","month":"","quarter":"Q2","sourceDataset":"CSDB2","updateDate":"2016-01-27T15:25:45.915Z"},{"date":"2015 Q3","value":"780","year":"2015","month":"","quarter":"Q3","sourceDataset":"CSDB2","updateDate":"2016-01-27T15:25:45.915Z"}],"months":[],"sourceDatasets":["CSDB2","CSDB10"],"relatedDatasets":[{"uri":"/economy/environmentalaccounts/datasets/asdasdasdasdsadqwdeqweqe/2046"},{"uri":"/economy/environmentalaccounts/datasets/werwerwerwerwerwr/2015"}],"relatedDocuments":[],"versions":[{"uri":"/economy/environmentalaccounts/timeseries/dmun/previous/v1","updateDate":"2016-01-27T00:00:00.000Z","correctionNotice":"","label":"v1"}],"type":"timeseries","description":{"title":"CP SA changes in inventories timing adjustment £m                       ","contact":{"email":"","name":"","telephone":""},"releaseDate":"2016-01-27T00:00:00.000Z","nextRelease":"","cdid":"DMUN","unit":"","preUnit":"","source":"","seasonalAdjustment":"NSA","date":"2015 Q3","number":"780"}}