{"years":[{"date":"1987","value":"0","year":"1987","month":"","quarter":"","sourceDataset":"CSDB10","updateDate":"2016-01-28T09:29:34.298Z"},{"date":"1988","value":"0","year":"1988","month":"","quarter":"","sourceDataset":"CSDB10","updateDate":"2016-01-28T09:29:34.298Z"},{"date":"1989","value":"0","year":"1989","month":"","quarter":"","sourceDataset":"CSDB10","updateDate":"2016-01-28T09:29:34.298Z"},{"date":"1990","value":"0","year":"1990","month":"","quarter":"","sourceDataset":"CSDB10","updateDate":"2016-01-28T09:29:34.298Z"},{"date":"1991","value":"0","year":"1991","month":"","quarter":"","sourceDataset":"CSDB10","updateDate":"2016-01-28T09:29:34.298Z"},{"date":"1992","value":"0","year":"1992","month":"","quarter":"","sourceDataset":"CSDB10","updateDate":"2016-01-28T09:29:34.298Z"},{"date":"1993","value":"0","year":"1993","month":"","quarter":"","sourceDataset":"CSDB10","updateDate":"2016-01-28T09:29:34.298Z"},{"date":"1994","value":"0","year":"1994","month":"","quarter":"","sourceDataset":"CSDB10","updateDate":"2016-01-28T09:29:34.298Z"},{"date":"1995","value":"2241","year":"1995","month":"","quarter":"","sourceDataset":"CSDB10","updateDate":"2016-01-28T09:29:34.298Z"},{"date":"1996","value":"3061","year":"1996","month":"","quarter":"","sourceDataset":"CSDB10","updateDate":"2016-01-28T09:29:34.298Z"},{"date":"1997","value":"2934","year":"1997","month":"","quarter":"","sourceDataset":"CSDB10","updateDate":"2016-01-28T09:29:34.298Z"},{"date":"1998","value":"2605","year":"1998","month":"","quarter":"","sourceDataset":"CSDB10","updateDate":"2016-01-28T09:29:34.298Z"},{"date":"1999","value":"5038","year":"1999","month":"","quarter":"","sourceDataset":"CSDB10","updateDate":"2016-01-28T09:29:34.298Z"},{"date":"2000","value":"3652","year":"2000","month":"","quarter":"","sourceDataset":"CSDB10","updateDate":"2016-01-28T09:29:34.298Z"},{"date":"2001","value":"2791","year":"2001","month":"","quarter":"","sourceDataset":"CSDB10","updateDate":"2016-01-28T09:29:34.298Z"},{"date":"2002","value":"1890","year":"2002","month":"","quarter":"","sourceDataset":"CSDB10","updateDate":"2016-01-28T09:29:34.298Z"},{"date":"2003","value":"1274","year":"2003","month":"","quarter":"","sourceDataset":"CSDB10","updateDate":"2016-01-28T09:29:34.298Z"},{"date":"2004","value":"330","year":"2004","month":"","quarter":"","sourceDataset":"CSDB10","updateDate":"2016-01-28T09:29:34.298Z"},{"date":"2005","value":"807","year":"2005","month":"","quarter":"","sourceDataset":"CSDB10","updateDate":"2016-01-28T09:29:34.298Z"},{"date":"2006","value":"380","year":"2006","month":"","quarter":"","sourceDataset":"CSDB10","updateDate":"2016-01-28T09:29:34.298Z"},{"date":"2007","value":"359","year":"2007","month":"","quarter":"","sourceDataset":"CSDB10","updateDate":"2016-01-28T09:29:34.298Z"},{"date":"2008","value":"450","year":"2008","month":"","quarter":"","sourceDataset":"CSDB10","updateDate":"2016-01-28T09:29:34.298Z"},{"date":"2009","value":"340","year":"2009","month":"","quarter":"","sourceDataset":"CSDB10","updateDate":"2016-01-28T09:29:34.298Z"},{"date":"2010","value":"332","year":"2010","month":"","quarter":"","sourceDataset":"CSDB10","updateDate":"2016-01-28T09:29:34.298Z"},{"date":"2011","value":"6","year":"2011","month":"","quarter":"","sourceDataset":"CSDB10","updateDate":"2016-01-28T09:29:34.298Z"},{"date":"2012","value":"202","year":"2012","month":"","quarter":"","sourceDataset":"CSDB10","updateDate":"2016-01-28T09:29:34.298Z"},{"date":"2013","value":"274","year":"2013","month":"","quarter":"","sourceDataset":"CSDB10","updateDate":"2016-01-28T09:29:34.298Z"},{"date":"2014","value":"1347","year":"2014","month":"","quarter":"","sourceDataset":"CSDB10","updateDate":"2016-01-28T09:29:34.298Z"}],"quarters":[{"date":"1987 Q1","value":"0","year":"1987","month":"","quarter":"Q1","sourceDataset":"CSDB10","updateDate":"2016-01-28T09:29:34.298Z"},{"date":"1987 Q2","value":"0","year":"1987","month":"","quarter":"Q2","sourceDataset":"CSDB10","updateDate":"2016-01-28T09:29:34.298Z"},{"date":"1987 Q3","value":"0","year":"1987","month":"","quarter":"Q3","sourceDataset":"CSDB10","updateDate":"2016-01-28T09:29:34.298Z"},{"date":"1987 Q4","value":"0","year":"1987","month":"","quarter":"Q4","sourceDataset":"CSDB10","updateDate":"2016-01-28T09:29:34.298Z"},{"date":"1988 Q1","value":"0","year":"1988","month":"","quarter":"Q1","sourceDataset":"CSDB10","updateDate":"2016-01-28T09:29:34.298Z"},{"date":"1988 Q2","value":"0","year":"1988","month":"","quarter":"Q2","sourceDataset":"CSDB10","updateDate":"2016-01-28T09:29:34.298Z"},{"date":"1988 Q3","value":"0","year":"1988","month":"","quarter":"Q3","sourceDataset":"CSDB10","updateDate":"2016-01-28T09:29:34.298Z"},{"date":"1988 Q4","value":"0","year":"1988","month":"","quarter":"Q4","sourceDataset":"CSDB10","updateDate":"2016-01-28T09:29:34.298Z"},{"date":"1989 Q1","value":"0","year":"1989","month":"","quarter":"Q1","sourceDataset":"CSDB10","updateDate":"2016-01-28T09:29:34.298Z"},{"date":"1989 Q2","value":"0","year":"1989","month":"","quarter":"Q2","sourceDataset":"CSDB10","updateDate":"2016-01-28T09:29:34.298Z"},{"date":"1989 Q3","value":"0","year":"1989","month":"","quarter":"Q3","sourceDataset":"CSDB10","updateDate":"2016-01-28T09:29:34.298Z"},{"date":"1989 Q4","value":"0","year":"1989","month":"","quarter":"Q4","sourceDataset":"CSDB10","updateDate":"2016-01-28T09:29:34.298Z"},{"date":"1990 Q1","value":"0","year":"1990","month":"","quarter":"Q1","sourceDataset":"CSDB10","updateDate":"2016-01-28T09:29:34.298Z"},{"date":"1990 Q2","value":"0","year":"1990","month":"","quarter":"Q2","sourceDataset":"CSDB10","updateDate":"2016-01-28T09:29:34.298Z"},{"date":"1990 Q3","value":"0","year":"1990","month":"","quarter":"Q3","sourceDataset":"CSDB10","updateDate":"2016-01-28T09:29:34.298Z"},{"date":"1990 Q4","value":"0","year":"1990","month":"","quarter":"Q4","sourceDataset":"CSDB10","updateDate":"2016-01-28T09:29:34.298Z"},{"date":"1991 Q1","value":"0","year":"1991","month":"","quarter":"Q1","sourceDataset":"CSDB10","updateDate":"2016-01-28T09:29:34.298Z"},{"date":"1991 Q2","value":"0","year":"1991","month":"","quarter":"Q2","sourceDataset":"CSDB10","updateDate":"2016-01-28T09:29:34.298Z"},{"date":"1991 Q3","value":"0","year":"1991","month":"","quarter":"Q3","sourceDataset":"CSDB10","updateDate":"2016-01-28T09:29:34.298Z"},{"date":"1991 Q4","value":"0","year":"1991","month":"","quarter":"Q4","sourceDataset":"CSDB10","updateDate":"2016-01-28T09:29:34.298Z"},{"date":"1992 Q1","value":"0","year":"1992","month":"","quarter":"Q1","sourceDataset":"CSDB10","updateDate":"2016-01-28T09:29:34.298Z"},{"date":"1992 Q2","value":"0","year":"1992","month":"","quarter":"Q2","sourceDataset":"CSDB10","updateDate":"2016-01-28T09:29:34.298Z"},{"date":"1992 Q3","value":"0","year":"1992","month":"","quarter":"Q3","sourceDataset":"CSDB10","updateDate":"2016-01-28T09:29:34.298Z"},{"date":"1992 Q4","value":"0","year":"1992","month":"","quarter":"Q4","sourceDataset":"CSDB10","updateDate":"2016-01-28T09:29:34.298Z"},{"date":"1993 Q1","value":"0","year":"1993","month":"","quarter":"Q1","sourceDataset":"CSDB10","updateDate":"2016-01-28T09:29:34.298Z"},{"date":"1993 Q2","value":"0","year":"1993","month":"","quarter":"Q2","sourceDataset":"CSDB10","updateDate":"2016-01-28T09:29:34.298Z"},{"date":"1993 Q3","value":"0","year":"1993","month":"","quarter":"Q3","sourceDataset":"CSDB10","updateDate":"2016-01-28T09:29:34.298Z"},{"date":"1993 Q4","value":"0","year":"1993","month":"","quarter":"Q4","sourceDataset":"CSDB10","updateDate":"2016-01-28T09:29:34.298Z"},{"date":"1994 Q1","value":"0","year":"1994","month":"","quarter":"Q1","sourceDataset":"CSDB10","updateDate":"2016-01-28T09:29:34.298Z"},{"date":"1994 Q2","value":"0","year":"1994","month":"","quarter":"Q2","sourceDataset":"CSDB10","updateDate":"2016-01-28T09:29:34.298Z"},{"date":"1994 Q3","value":"0","year":"1994","month":"","quarter":"Q3","sourceDataset":"CSDB10","updateDate":"2016-01-28T09:29:34.298Z"},{"date":"1994 Q4","value":"0","year":"1994","month":"","quarter":"Q4","sourceDataset":"CSDB10","updateDate":"2016-01-28T09:29:34.298Z"},{"date":"1995 Q1","value":"0","year":"1995","month":"","quarter":"Q1","sourceDataset":"CSDB10","updateDate":"2016-01-28T09:29:34.298Z"},{"date":"1995 Q2","value":"0","year":"1995","month":"","quarter":"Q2","sourceDataset":"CSDB10","updateDate":"2016-01-28T09:29:34.298Z"},{"date":"1995 Q3","value":"0","year":"1995","month":"","quarter":"Q3","sourceDataset":"CSDB10","updateDate":"2016-01-28T09:29:34.298Z"},{"date":"1995 Q4","value":"2241","year":"1995","month":"","quarter":"Q4","sourceDataset":"CSDB10","updateDate":"2016-01-28T09:29:34.298Z"},{"date":"1996 Q1","value":"2391","year":"1996","month":"","quarter":"Q1","sourceDataset":"CSDB10","updateDate":"2016-01-28T09:29:34.298Z"},{"date":"1996 Q2","value":"2911","year":"1996","month":"","quarter":"Q2","sourceDataset":"CSDB10","updateDate":"2016-01-28T09:29:34.298Z"},{"date":"1996 Q3","value":"2753","year":"1996","month":"","quarter":"Q3","sourceDataset":"CSDB10","updateDate":"2016-01-28T09:29:34.298Z"},{"date":"1996 Q4","value":"3061","year":"1996","month":"","quarter":"Q4","sourceDataset":"CSDB10","updateDate":"2016-01-28T09:29:34.298Z"},{"date":"1997 Q1","value":"2813","year":"1997","month":"","quarter":"Q1","sourceDataset":"CSDB10","updateDate":"2016-01-28T09:29:34.298Z"},{"date":"1997 Q2","value":"3321","year":"1997","month":"","quarter":"Q2","sourceDataset":"CSDB10","updateDate":"2016-01-28T09:29:34.298Z"},{"date":"1997 Q3","value":"3602","year":"1997","month":"","quarter":"Q3","sourceDataset":"CSDB10","updateDate":"2016-01-28T09:29:34.298Z"},{"date":"1997 Q4","value":"2934","year":"1997","month":"","quarter":"Q4","sourceDataset":"CSDB10","updateDate":"2016-01-28T09:29:34.298Z"},{"date":"1998 Q1","value":"2464","year":"1998","month":"","quarter":"Q1","sourceDataset":"CSDB10","updateDate":"2016-01-28T09:29:34.298Z"},{"date":"1998 Q2","value":"1925","year":"1998","month":"","quarter":"Q2","sourceDataset":"CSDB10","updateDate":"2016-01-28T09:29:34.298Z"},{"date":"1998 Q3","value":"2082","year":"1998","month":"","quarter":"Q3","sourceDataset":"CSDB10","updateDate":"2016-01-28T09:29:34.298Z"},{"date":"1998 Q4","value":"2605","year":"1998","month":"","quarter":"Q4","sourceDataset":"CSDB10","updateDate":"2016-01-28T09:29:34.298Z"},{"date":"1999 Q1","value":"1678","year":"1999","month":"","quarter":"Q1","sourceDataset":"CSDB10","updateDate":"2016-01-28T09:29:34.298Z"},{"date":"1999 Q2","value":"2045","year":"1999","month":"","quarter":"Q2","sourceDataset":"CSDB10","updateDate":"2016-01-28T09:29:34.298Z"},{"date":"1999 Q3","value":"1276","year":"1999","month":"","quarter":"Q3","sourceDataset":"CSDB10","updateDate":"2016-01-28T09:29:34.298Z"},{"date":"1999 Q4","value":"5038","year":"1999","month":"","quarter":"Q4","sourceDataset":"CSDB10","updateDate":"2016-01-28T09:29:34.298Z"},{"date":"2000 Q1","value":"1380","year":"2000","month":"","quarter":"Q1","sourceDataset":"CSDB10","updateDate":"2016-01-28T09:29:34.298Z"},{"date":"2000 Q2","value":"1335","year":"2000","month":"","quarter":"Q2","sourceDataset":"CSDB10","updateDate":"2016-01-28T09:29:34.298Z"},{"date":"2000 Q3","value":"1354","year":"2000","month":"","quarter":"Q3","sourceDataset":"CSDB10","updateDate":"2016-01-28T09:29:34.298Z"},{"date":"2000 Q4","value":"3652","year":"2000","month":"","quarter":"Q4","sourceDataset":"CSDB10","updateDate":"2016-01-28T09:29:34.298Z"},{"date":"2001 Q1","value":"2219","year":"2001","month":"","quarter":"Q1","sourceDataset":"CSDB10","updateDate":"2016-01-28T09:29:34.298Z"},{"date":"2001 Q2","value":"2819","year":"2001","month":"","quarter":"Q2","sourceDataset":"CSDB10","updateDate":"2016-01-28T09:29:34.298Z"},{"date":"2001 Q3","value":"2811","year":"2001","month":"","quarter":"Q3","sourceDataset":"CSDB10","updateDate":"2016-01-28T09:29:34.298Z"},{"date":"2001 Q4","value":"2791","year":"2001","month":"","quarter":"Q4","sourceDataset":"CSDB10","updateDate":"2016-01-28T09:29:34.298Z"},{"date":"2002 Q1","value":"1734","year":"2002","month":"","quarter":"Q1","sourceDataset":"CSDB10","updateDate":"2016-01-28T09:29:34.298Z"},{"date":"2002 Q2","value":"2020","year":"2002","month":"","quarter":"Q2","sourceDataset":"CSDB10","updateDate":"2016-01-28T09:29:34.298Z"},{"date":"2002 Q3","value":"3442","year":"2002","month":"","quarter":"Q3","sourceDataset":"CSDB10","updateDate":"2016-01-28T09:29:34.298Z"},{"date":"2002 Q4","value":"1890","year":"2002","month":"","quarter":"Q4","sourceDataset":"CSDB10","updateDate":"2016-01-28T09:29:34.298Z"},{"date":"2003 Q1","value":"1467","year":"2003","month":"","quarter":"Q1","sourceDataset":"CSDB10","updateDate":"2016-01-28T09:29:34.298Z"},{"date":"2003 Q2","value":"517","year":"2003","month":"","quarter":"Q2","sourceDataset":"CSDB10","updateDate":"2016-01-28T09:29:34.298Z"},{"date":"2003 Q3","value":"1492","year":"2003","month":"","quarter":"Q3","sourceDataset":"CSDB10","updateDate":"2016-01-28T09:29:34.298Z"},{"date":"2003 Q4","value":"1274","year":"2003","month":"","quarter":"Q4","sourceDataset":"CSDB10","updateDate":"2016-01-28T09:29:34.298Z"},{"date":"2004 Q1","value":"848","year":"2004","month":"","quarter":"Q1","sourceDataset":"CSDB10","updateDate":"2016-01-28T09:29:34.298Z"},{"date":"2004 Q2","value":"-100","year":"2004","month":"","quarter":"Q2","sourceDataset":"CSDB10","updateDate":"2016-01-28T09:29:34.298Z"},{"date":"2004 Q3","value":"8","year":"2004","month":"","quarter":"Q3","sourceDataset":"CSDB10","updateDate":"2016-01-28T09:29:34.298Z"},{"date":"2004 Q4","value":"330","year":"2004","month":"","quarter":"Q4","sourceDataset":"CSDB10","updateDate":"2016-01-28T09:29:34.298Z"},{"date":"2005 Q1","value":"315","year":"2005","month":"","quarter":"Q1","sourceDataset":"CSDB10","updateDate":"2016-01-28T09:29:34.298Z"},{"date":"2005 Q2","value":"342","year":"2005","month":"","quarter":"Q2","sourceDataset":"CSDB10","updateDate":"2016-01-28T09:29:34.298Z"},{"date":"2005 Q3","value":"392","year":"2005","month":"","quarter":"Q3","sourceDataset":"CSDB10","updateDate":"2016-01-28T09:29:34.298Z"},{"date":"2005 Q4","value":"807","year":"2005","month":"","quarter":"Q4","sourceDataset":"CSDB10","updateDate":"2016-01-28T09:29:34.298Z"},{"date":"2006 Q1","value":"660","year":"2006","month":"","quarter":"Q1","sourceDataset":"CSDB10","updateDate":"2016-01-28T09:29:34.298Z"},{"date":"2006 Q2","value":"388","year":"2006","month":"","quarter":"Q2","sourceDataset":"CSDB10","updateDate":"2016-01-28T09:29:34.298Z"},{"date":"2006 Q3","value":"490","year":"2006","month":"","quarter":"Q3","sourceDataset":"CSDB10","updateDate":"2016-01-28T09:29:34.298Z"},{"date":"2006 Q4","value":"380","year":"2006","month":"","quarter":"Q4","sourceDataset":"CSDB10","updateDate":"2016-01-28T09:29:34.298Z"},{"date":"2007 Q1","value":"1","year":"2007","month":"","quarter":"Q1","sourceDataset":"CSDB10","updateDate":"2016-01-28T09:29:34.298Z"},{"date":"2007 Q2","value":"149","year":"2007","month":"","quarter":"Q2","sourceDataset":"CSDB10","updateDate":"2016-01-28T09:29:34.298Z"},{"date":"2007 Q3","value":"204","year":"2007","month":"","quarter":"Q3","sourceDataset":"CSDB10","updateDate":"2016-01-28T09:29:34.298Z"},{"date":"2007 Q4","value":"359","year":"2007","month":"","quarter":"Q4","sourceDataset":"CSDB10","updateDate":"2016-01-28T09:29:34.298Z"},{"date":"2008 Q1","value":"862","year":"2008","month":"","quarter":"Q1","sourceDataset":"CSDB10","updateDate":"2016-01-28T09:29:34.298Z"},{"date":"2008 Q2","value":"905","year":"2008","month":"","quarter":"Q2","sourceDataset":"CSDB10","updateDate":"2016-01-28T09:29:34.298Z"},{"date":"2008 Q3","value":"348","year":"2008","month":"","quarter":"Q3","sourceDataset":"CSDB10","updateDate":"2016-01-28T09:29:34.298Z"},{"date":"2008 Q4","value":"450","year":"2008","month":"","quarter":"Q4","sourceDataset":"CSDB10","updateDate":"2016-01-28T09:29:34.298Z"},{"date":"2009 Q1","value":"143","year":"2009","month":"","quarter":"Q1","sourceDataset":"CSDB10","updateDate":"2016-01-28T09:29:34.298Z"},{"date":"2009 Q2","value":"382","year":"2009","month":"","quarter":"Q2","sourceDataset":"CSDB10","updateDate":"2016-01-28T09:29:34.298Z"},{"date":"2009 Q3","value":"374","year":"2009","month":"","quarter":"Q3","sourceDataset":"CSDB10","updateDate":"2016-01-28T09:29:34.298Z"},{"date":"2009 Q4","value":"340","year":"2009","month":"","quarter":"Q4","sourceDataset":"CSDB10","updateDate":"2016-01-28T09:29:34.298Z"},{"date":"2010 Q1","value":"1666","year":"2010","month":"","quarter":"Q1","sourceDataset":"CSDB10","updateDate":"2016-01-28T09:29:34.298Z"},{"date":"2010 Q2","value":"1008","year":"2010","month":"","quarter":"Q2","sourceDataset":"CSDB10","updateDate":"2016-01-28T09:29:34.298Z"},{"date":"2010 Q3","value":"1286","year":"2010","month":"","quarter":"Q3","sourceDataset":"CSDB10","updateDate":"2016-01-28T09:29:34.298Z"},{"date":"2010 Q4","value":"332","year":"2010","month":"","quarter":"Q4","sourceDataset":"CSDB10","updateDate":"2016-01-28T09:29:34.298Z"},{"date":"2011 Q1","value":"567","year":"2011","month":"","quarter":"Q1","sourceDataset":"CSDB10","updateDate":"2016-01-28T09:29:34.299Z"},{"date":"2011 Q2","value":"973","year":"2011","month":"","quarter":"Q2","sourceDataset":"CSDB10","updateDate":"2016-01-28T09:29:34.299Z"},{"date":"2011 Q3","value":"514","year":"2011","month":"","quarter":"Q3","sourceDataset":"CSDB10","updateDate":"2016-01-28T09:29:34.299Z"},{"date":"2011 Q4","value":"6","year":"2011","month":"","quarter":"Q4","sourceDataset":"CSDB10","updateDate":"2016-01-28T09:29:34.299Z"},{"date":"2012 Q1","value":"119","year":"2012","month":"","quarter":"Q1","sourceDataset":"CSDB10","updateDate":"2016-01-28T09:29:34.299Z"},{"date":"2012 Q2","value":"454","year":"2012","month":"","quarter":"Q2","sourceDataset":"CSDB10","updateDate":"2016-01-28T09:29:34.299Z"},{"date":"2012 Q3","value":"706","year":"2012","month":"","quarter":"Q3","sourceDataset":"CSDB10","updateDate":"2016-01-28T09:29:34.299Z"},{"date":"2012 Q4","value":"202","year":"2012","month":"","quarter":"Q4","sourceDataset":"CSDB10","updateDate":"2016-01-28T09:29:34.299Z"},{"date":"2013 Q1","value":"1942","year":"2013","month":"","quarter":"Q1","sourceDataset":"CSDB10","updateDate":"2016-01-28T09:29:34.299Z"},{"date":"2013 Q2","value":"651","year":"2013","month":"","quarter":"Q2","sourceDataset":"CSDB10","updateDate":"2016-01-28T09:29:34.299Z"},{"date":"2013 Q3","value":"669","year":"2013","month":"","quarter":"Q3","sourceDataset":"CSDB10","updateDate":"2016-01-28T09:29:34.299Z"},{"date":"2013 Q4","value":"274","year":"2013","month":"","quarter":"Q4","sourceDataset":"CSDB10","updateDate":"2016-01-28T09:29:34.299Z"},{"date":"2014 Q1","value":"3431","year":"2014","month":"","quarter":"Q1","sourceDataset":"CSDB10","updateDate":"2016-01-28T09:29:34.299Z"},{"date":"2014 Q2","value":"197","year":"2014","month":"","quarter":"Q2","sourceDataset":"CSDB10","updateDate":"2016-01-28T09:29:34.299Z"},{"date":"2014 Q3","value":"609","year":"2014","month":"","quarter":"Q3","sourceDataset":"CSDB10","updateDate":"2016-01-28T09:29:34.299Z"},{"date":"2014 Q4","value":"1347","year":"2014","month":"","quarter":"Q4","sourceDataset":"CSDB10","updateDate":"2016-01-28T09:29:34.299Z"},{"date":"2015 Q1","value":"3378","year":"2015","month":"","quarter":"Q1","sourceDataset":"CSDB10","updateDate":"2016-01-28T09:29:34.299Z"},{"date":"2015 Q2","value":"1503","year":"2015","month":"","quarter":"Q2","sourceDataset":"CSDB10","updateDate":"2016-01-28T09:29:34.299Z"},{"date":"2015 Q3","value":"4223","year":"2015","month":"","quarter":"Q3","sourceDataset":"CSDB10","updateDate":"2016-01-28T09:29:34.299Z"}],"months":[],"sourceDatasets":["CSDB10"],"relatedDatasets":[{"uri":"/economy/environmentalaccounts/datasets/werwerwerwerwerwr/2015"}],"relatedDocuments":[],"type":"timeseries","description":{"title":"IMF IIP: Reserve Assets Currency \u0026 Deposits with banks: 8 855: CP NSA: £m","contact":{"email":"","name":"","telephone":""},"releaseDate":"2016-01-27T00:00:00.000Z","nextRelease":"","cdid":"CGDF","unit":"","preUnit":"","source":"","seasonalAdjustment":"NSA","date":"2015 Q3","number":"4223"}}