{"years":[{"date":"2005","value":"1","year":"2005","month":"","quarter":"","sourceDataset":"CSDB","updateDate":"2016-01-14T16:25:14.399Z"},{"date":"2006","value":"1","year":"2006","month":"","quarter":"","sourceDataset":"CSDB","updateDate":"2016-01-14T16:25:14.399Z"},{"date":"2007","value":"1","year":"2007","month":"","quarter":"","sourceDataset":"CSDB","updateDate":"2016-01-14T16:25:14.399Z"},{"date":"2008","value":"2","year":"2008","month":"","quarter":"","sourceDataset":"CSDB","updateDate":"2016-01-14T16:25:14.399Z"},{"date":"2009","value":"1","year":"2009","month":"","quarter":"","sourceDataset":"CSDB","updateDate":"2016-01-14T16:25:14.399Z"},{"date":"2010","value":"1","year":"2010","month":"","quarter":"","sourceDataset":"CSDB","updateDate":"2016-01-14T16:25:14.399Z"},{"date":"2011","value":"2","year":"2011","month":"","quarter":"","sourceDataset":"CSDB","updateDate":"2016-01-14T16:25:14.399Z"},{"date":"2012","value":"2","year":"2012","month":"","quarter":"","sourceDataset":"CSDB","updateDate":"2016-01-14T16:25:14.399Z"},{"date":"2013","value":"2","year":"2013","month":"","quarter":"","sourceDataset":"CSDB","updateDate":"2016-01-14T16:25:14.399Z"},{"date":"2014","value":"2","year":"2014","month":"","quarter":"","sourceDataset":"CSDB","updateDate":"2016-01-14T16:25:14.399Z"},{"date":"2015","value":"1","year":"2015","month":"","quarter":"","sourceDataset":"CSDB","updateDate":"2016-01-14T16:25:14.399Z"}],"quarters":[],"months":[],"sourceDatasets":["CSDB"],"relatedDatasets":[{"uri":"/businessindustryandtrade/changestobusiness/bankruptcyinsolvency/datasets/carlsxmasrelease/2015"},{"uri":"/businessindustryandtrade/changestobusiness/bankruptcyinsolvency/datasets/wahasaqewqeqwe/2015"},{"uri":"/businessindustryandtrade/changestobusiness/bankruptcyinsolvency/datasets/releaseisreleaseygyug/2015"},{"uri":"/businessindustryandtrade/changestobusiness/bankruptcyinsolvency/datasets/releaseisreleaseadffd/2015"},{"uri":"/businessindustryandtrade/changestobusiness/bankruptcyinsolvency/datasets/pageunencrypted/2015"}],"relatedDocuments":[],"type":"timeseries","description":{"title":"CPIH WEIGHTS 04.5.3 : LIQUID FUELS                                      ","contact":{"email":"","name":"","telephone":""},"releaseDate":"2016-01-28T00:00:00.000Z","nextRelease":"","cdid":"L5EF","unit":"","preUnit":"","source":"","seasonalAdjustment":"NSA","date":"2015","number":"1"}}