{"years":[{"date":"1987","value":"4609","year":"1987","month":"","quarter":"","sourceDataset":"CSDB10","updateDate":"2016-01-28T09:29:39.503Z"},{"date":"1988","value":"4867","year":"1988","month":"","quarter":"","sourceDataset":"CSDB10","updateDate":"2016-01-28T09:29:39.503Z"},{"date":"1989","value":"5358","year":"1989","month":"","quarter":"","sourceDataset":"CSDB10","updateDate":"2016-01-28T09:29:39.503Z"},{"date":"1990","value":"5934","year":"1990","month":"","quarter":"","sourceDataset":"CSDB10","updateDate":"2016-01-28T09:29:39.503Z"},{"date":"1991","value":"7877","year":"1991","month":"","quarter":"","sourceDataset":"CSDB10","updateDate":"2016-01-28T09:29:39.503Z"},{"date":"1992","value":"10012","year":"1992","month":"","quarter":"","sourceDataset":"CSDB10","updateDate":"2016-01-28T09:29:39.503Z"},{"date":"1993","value":"12023","year":"1993","month":"","quarter":"","sourceDataset":"CSDB10","updateDate":"2016-01-28T09:29:39.503Z"},{"date":"1994","value":"13205","year":"1994","month":"","quarter":"","sourceDataset":"CSDB10","updateDate":"2016-01-28T09:29:39.503Z"},{"date":"1995","value":"13719","year":"1995","month":"","quarter":"","sourceDataset":"CSDB10","updateDate":"2016-01-28T09:29:39.503Z"},{"date":"1996","value":"13249","year":"1996","month":"","quarter":"","sourceDataset":"CSDB10","updateDate":"2016-01-28T09:29:39.503Z"},{"date":"1997","value":"13617","year":"1997","month":"","quarter":"","sourceDataset":"CSDB10","updateDate":"2016-01-28T09:29:39.503Z"},{"date":"1998","value":"13390","year":"1998","month":"","quarter":"","sourceDataset":"CSDB10","updateDate":"2016-01-28T09:29:39.503Z"},{"date":"1999","value":"12614","year":"1999","month":"","quarter":"","sourceDataset":"CSDB10","updateDate":"2016-01-28T09:29:39.503Z"},{"date":"2000","value":"12544","year":"2000","month":"","quarter":"","sourceDataset":"CSDB10","updateDate":"2016-01-28T09:29:39.503Z"},{"date":"2001","value":"12795","year":"2001","month":"","quarter":"","sourceDataset":"CSDB10","updateDate":"2016-01-28T09:29:39.503Z"},{"date":"2002","value":"13711","year":"2002","month":"","quarter":"","sourceDataset":"CSDB10","updateDate":"2016-01-28T09:29:39.503Z"},{"date":"2003","value":"13622","year":"2003","month":"","quarter":"","sourceDataset":"CSDB10","updateDate":"2016-01-28T09:29:39.503Z"},{"date":"2004","value":"14019","year":"2004","month":"","quarter":"","sourceDataset":"CSDB10","updateDate":"2016-01-28T09:29:39.503Z"},{"date":"2005","value":"14853","year":"2005","month":"","quarter":"","sourceDataset":"CSDB10","updateDate":"2016-01-28T09:29:39.503Z"},{"date":"2006","value":"15837","year":"2006","month":"","quarter":"","sourceDataset":"CSDB10","updateDate":"2016-01-28T09:29:39.503Z"},{"date":"2007","value":"16836","year":"2007","month":"","quarter":"","sourceDataset":"CSDB10","updateDate":"2016-01-28T09:29:39.503Z"},{"date":"2008","value":"18116","year":"2008","month":"","quarter":"","sourceDataset":"CSDB10","updateDate":"2016-01-28T09:29:39.503Z"},{"date":"2009","value":"20767","year":"2009","month":"","quarter":"","sourceDataset":"CSDB10","updateDate":"2016-01-28T09:29:39.503Z"},{"date":"2010","value":"22754","year":"2010","month":"","quarter":"","sourceDataset":"CSDB10","updateDate":"2016-01-28T09:29:39.503Z"},{"date":"2011","value":"24114","year":"2011","month":"","quarter":"","sourceDataset":"CSDB10","updateDate":"2016-01-28T09:29:39.503Z"},{"date":"2012","value":"25457","year":"2012","month":"","quarter":"","sourceDataset":"CSDB10","updateDate":"2016-01-28T09:29:39.503Z"},{"date":"2013","value":"26374","year":"2013","month":"","quarter":"","sourceDataset":"CSDB10","updateDate":"2016-01-28T09:29:39.503Z"},{"date":"2014","value":"26909","year":"2014","month":"","quarter":"","sourceDataset":"CSDB10","updateDate":"2016-01-28T09:29:39.503Z"}],"quarters":[{"date":"1987 Q1","value":"1206","year":"1987","month":"","quarter":"Q1","sourceDataset":"CSDB10","updateDate":"2016-01-28T09:29:39.503Z"},{"date":"1987 Q2","value":"1106","year":"1987","month":"","quarter":"Q2","sourceDataset":"CSDB10","updateDate":"2016-01-28T09:29:39.503Z"},{"date":"1987 Q3","value":"1117","year":"1987","month":"","quarter":"Q3","sourceDataset":"CSDB10","updateDate":"2016-01-28T09:29:39.503Z"},{"date":"1987 Q4","value":"1180","year":"1987","month":"","quarter":"Q4","sourceDataset":"CSDB10","updateDate":"2016-01-28T09:29:39.503Z"},{"date":"1988 Q1","value":"1223","year":"1988","month":"","quarter":"Q1","sourceDataset":"CSDB10","updateDate":"2016-01-28T09:29:39.503Z"},{"date":"1988 Q2","value":"1172","year":"1988","month":"","quarter":"Q2","sourceDataset":"CSDB10","updateDate":"2016-01-28T09:29:39.503Z"},{"date":"1988 Q3","value":"1188","year":"1988","month":"","quarter":"Q3","sourceDataset":"CSDB10","updateDate":"2016-01-28T09:29:39.503Z"},{"date":"1988 Q4","value":"1284","year":"1988","month":"","quarter":"Q4","sourceDataset":"CSDB10","updateDate":"2016-01-28T09:29:39.503Z"},{"date":"1989 Q1","value":"1275","year":"1989","month":"","quarter":"Q1","sourceDataset":"CSDB10","updateDate":"2016-01-28T09:29:39.503Z"},{"date":"1989 Q2","value":"1290","year":"1989","month":"","quarter":"Q2","sourceDataset":"CSDB10","updateDate":"2016-01-28T09:29:39.503Z"},{"date":"1989 Q3","value":"1328","year":"1989","month":"","quarter":"Q3","sourceDataset":"CSDB10","updateDate":"2016-01-28T09:29:39.503Z"},{"date":"1989 Q4","value":"1465","year":"1989","month":"","quarter":"Q4","sourceDataset":"CSDB10","updateDate":"2016-01-28T09:29:39.503Z"},{"date":"1990 Q1","value":"1365","year":"1990","month":"","quarter":"Q1","sourceDataset":"CSDB10","updateDate":"2016-01-28T09:29:39.503Z"},{"date":"1990 Q2","value":"1431","year":"1990","month":"","quarter":"Q2","sourceDataset":"CSDB10","updateDate":"2016-01-28T09:29:39.503Z"},{"date":"1990 Q3","value":"1514","year":"1990","month":"","quarter":"Q3","sourceDataset":"CSDB10","updateDate":"2016-01-28T09:29:39.503Z"},{"date":"1990 Q4","value":"1624","year":"1990","month":"","quarter":"Q4","sourceDataset":"CSDB10","updateDate":"2016-01-28T09:29:39.503Z"},{"date":"1991 Q1","value":"1790","year":"1991","month":"","quarter":"Q1","sourceDataset":"CSDB10","updateDate":"2016-01-28T09:29:39.503Z"},{"date":"1991 Q2","value":"2034","year":"1991","month":"","quarter":"Q2","sourceDataset":"CSDB10","updateDate":"2016-01-28T09:29:39.503Z"},{"date":"1991 Q3","value":"1963","year":"1991","month":"","quarter":"Q3","sourceDataset":"CSDB10","updateDate":"2016-01-28T09:29:39.503Z"},{"date":"1991 Q4","value":"2090","year":"1991","month":"","quarter":"Q4","sourceDataset":"CSDB10","updateDate":"2016-01-28T09:29:39.503Z"},{"date":"1992 Q1","value":"2307","year":"1992","month":"","quarter":"Q1","sourceDataset":"CSDB10","updateDate":"2016-01-28T09:29:39.503Z"},{"date":"1992 Q2","value":"2582","year":"1992","month":"","quarter":"Q2","sourceDataset":"CSDB10","updateDate":"2016-01-28T09:29:39.503Z"},{"date":"1992 Q3","value":"2612","year":"1992","month":"","quarter":"Q3","sourceDataset":"CSDB10","updateDate":"2016-01-28T09:29:39.503Z"},{"date":"1992 Q4","value":"2511","year":"1992","month":"","quarter":"Q4","sourceDataset":"CSDB10","updateDate":"2016-01-28T09:29:39.503Z"},{"date":"1993 Q1","value":"2894","year":"1993","month":"","quarter":"Q1","sourceDataset":"CSDB10","updateDate":"2016-01-28T09:29:39.503Z"},{"date":"1993 Q2","value":"3075","year":"1993","month":"","quarter":"Q2","sourceDataset":"CSDB10","updateDate":"2016-01-28T09:29:39.503Z"},{"date":"1993 Q3","value":"2943","year":"1993","month":"","quarter":"Q3","sourceDataset":"CSDB10","updateDate":"2016-01-28T09:29:39.503Z"},{"date":"1993 Q4","value":"3111","year":"1993","month":"","quarter":"Q4","sourceDataset":"CSDB10","updateDate":"2016-01-28T09:29:39.503Z"},{"date":"1994 Q1","value":"3273","year":"1994","month":"","quarter":"Q1","sourceDataset":"CSDB10","updateDate":"2016-01-28T09:29:39.503Z"},{"date":"1994 Q2","value":"3460","year":"1994","month":"","quarter":"Q2","sourceDataset":"CSDB10","updateDate":"2016-01-28T09:29:39.503Z"},{"date":"1994 Q3","value":"3326","year":"1994","month":"","quarter":"Q3","sourceDataset":"CSDB10","updateDate":"2016-01-28T09:29:39.503Z"},{"date":"1994 Q4","value":"3146","year":"1994","month":"","quarter":"Q4","sourceDataset":"CSDB10","updateDate":"2016-01-28T09:29:39.503Z"},{"date":"1995 Q1","value":"3329","year":"1995","month":"","quarter":"Q1","sourceDataset":"CSDB10","updateDate":"2016-01-28T09:29:39.503Z"},{"date":"1995 Q2","value":"3401","year":"1995","month":"","quarter":"Q2","sourceDataset":"CSDB10","updateDate":"2016-01-28T09:29:39.503Z"},{"date":"1995 Q3","value":"3485","year":"1995","month":"","quarter":"Q3","sourceDataset":"CSDB10","updateDate":"2016-01-28T09:29:39.503Z"},{"date":"1995 Q4","value":"3504","year":"1995","month":"","quarter":"Q4","sourceDataset":"CSDB10","updateDate":"2016-01-28T09:29:39.503Z"},{"date":"1996 Q1","value":"3061","year":"1996","month":"","quarter":"Q1","sourceDataset":"CSDB10","updateDate":"2016-01-28T09:29:39.503Z"},{"date":"1996 Q2","value":"3477","year":"1996","month":"","quarter":"Q2","sourceDataset":"CSDB10","updateDate":"2016-01-28T09:29:39.503Z"},{"date":"1996 Q3","value":"3342","year":"1996","month":"","quarter":"Q3","sourceDataset":"CSDB10","updateDate":"2016-01-28T09:29:39.503Z"},{"date":"1996 Q4","value":"3369","year":"1996","month":"","quarter":"Q4","sourceDataset":"CSDB10","updateDate":"2016-01-28T09:29:39.503Z"},{"date":"1997 Q1","value":"3453","year":"1997","month":"","quarter":"Q1","sourceDataset":"CSDB10","updateDate":"2016-01-28T09:29:39.503Z"},{"date":"1997 Q2","value":"3397","year":"1997","month":"","quarter":"Q2","sourceDataset":"CSDB10","updateDate":"2016-01-28T09:29:39.503Z"},{"date":"1997 Q3","value":"3389","year":"1997","month":"","quarter":"Q3","sourceDataset":"CSDB10","updateDate":"2016-01-28T09:29:39.503Z"},{"date":"1997 Q4","value":"3378","year":"1997","month":"","quarter":"Q4","sourceDataset":"CSDB10","updateDate":"2016-01-28T09:29:39.503Z"},{"date":"1998 Q1","value":"3376","year":"1998","month":"","quarter":"Q1","sourceDataset":"CSDB10","updateDate":"2016-01-28T09:29:39.503Z"},{"date":"1998 Q2","value":"3339","year":"1998","month":"","quarter":"Q2","sourceDataset":"CSDB10","updateDate":"2016-01-28T09:29:39.503Z"},{"date":"1998 Q3","value":"3344","year":"1998","month":"","quarter":"Q3","sourceDataset":"CSDB10","updateDate":"2016-01-28T09:29:39.503Z"},{"date":"1998 Q4","value":"3331","year":"1998","month":"","quarter":"Q4","sourceDataset":"CSDB10","updateDate":"2016-01-28T09:29:39.503Z"},{"date":"1999 Q1","value":"3305","year":"1999","month":"","quarter":"Q1","sourceDataset":"CSDB10","updateDate":"2016-01-28T09:29:39.503Z"},{"date":"1999 Q2","value":"3104","year":"1999","month":"","quarter":"Q2","sourceDataset":"CSDB10","updateDate":"2016-01-28T09:29:39.503Z"},{"date":"1999 Q3","value":"3113","year":"1999","month":"","quarter":"Q3","sourceDataset":"CSDB10","updateDate":"2016-01-28T09:29:39.503Z"},{"date":"1999 Q4","value":"3092","year":"1999","month":"","quarter":"Q4","sourceDataset":"CSDB10","updateDate":"2016-01-28T09:29:39.503Z"},{"date":"2000 Q1","value":"3075","year":"2000","month":"","quarter":"Q1","sourceDataset":"CSDB10","updateDate":"2016-01-28T09:29:39.503Z"},{"date":"2000 Q2","value":"3157","year":"2000","month":"","quarter":"Q2","sourceDataset":"CSDB10","updateDate":"2016-01-28T09:29:39.503Z"},{"date":"2000 Q3","value":"3171","year":"2000","month":"","quarter":"Q3","sourceDataset":"CSDB10","updateDate":"2016-01-28T09:29:39.503Z"},{"date":"2000 Q4","value":"3141","year":"2000","month":"","quarter":"Q4","sourceDataset":"CSDB10","updateDate":"2016-01-28T09:29:39.503Z"},{"date":"2001 Q1","value":"3121","year":"2001","month":"","quarter":"Q1","sourceDataset":"CSDB10","updateDate":"2016-01-28T09:29:39.503Z"},{"date":"2001 Q2","value":"3225","year":"2001","month":"","quarter":"Q2","sourceDataset":"CSDB10","updateDate":"2016-01-28T09:29:39.503Z"},{"date":"2001 Q3","value":"3246","year":"2001","month":"","quarter":"Q3","sourceDataset":"CSDB10","updateDate":"2016-01-28T09:29:39.503Z"},{"date":"2001 Q4","value":"3203","year":"2001","month":"","quarter":"Q4","sourceDataset":"CSDB10","updateDate":"2016-01-28T09:29:39.503Z"},{"date":"2002 Q1","value":"3169","year":"2002","month":"","quarter":"Q1","sourceDataset":"CSDB10","updateDate":"2016-01-28T09:29:39.503Z"},{"date":"2002 Q2","value":"3492","year":"2002","month":"","quarter":"Q2","sourceDataset":"CSDB10","updateDate":"2016-01-28T09:29:39.503Z"},{"date":"2002 Q3","value":"3542","year":"2002","month":"","quarter":"Q3","sourceDataset":"CSDB10","updateDate":"2016-01-28T09:29:39.503Z"},{"date":"2002 Q4","value":"3508","year":"2002","month":"","quarter":"Q4","sourceDataset":"CSDB10","updateDate":"2016-01-28T09:29:39.503Z"},{"date":"2003 Q1","value":"3492","year":"2003","month":"","quarter":"Q1","sourceDataset":"CSDB10","updateDate":"2016-01-28T09:29:39.503Z"},{"date":"2003 Q2","value":"3409","year":"2003","month":"","quarter":"Q2","sourceDataset":"CSDB10","updateDate":"2016-01-28T09:29:39.503Z"},{"date":"2003 Q3","value":"3403","year":"2003","month":"","quarter":"Q3","sourceDataset":"CSDB10","updateDate":"2016-01-28T09:29:39.503Z"},{"date":"2003 Q4","value":"3318","year":"2003","month":"","quarter":"Q4","sourceDataset":"CSDB10","updateDate":"2016-01-28T09:29:39.503Z"},{"date":"2004 Q1","value":"3281","year":"2004","month":"","quarter":"Q1","sourceDataset":"CSDB10","updateDate":"2016-01-28T09:29:39.503Z"},{"date":"2004 Q2","value":"3561","year":"2004","month":"","quarter":"Q2","sourceDataset":"CSDB10","updateDate":"2016-01-28T09:29:39.503Z"},{"date":"2004 Q3","value":"3637","year":"2004","month":"","quarter":"Q3","sourceDataset":"CSDB10","updateDate":"2016-01-28T09:29:39.503Z"},{"date":"2004 Q4","value":"3540","year":"2004","month":"","quarter":"Q4","sourceDataset":"CSDB10","updateDate":"2016-01-28T09:29:39.503Z"},{"date":"2005 Q1","value":"3486","year":"2005","month":"","quarter":"Q1","sourceDataset":"CSDB10","updateDate":"2016-01-28T09:29:39.503Z"},{"date":"2005 Q2","value":"3761","year":"2005","month":"","quarter":"Q2","sourceDataset":"CSDB10","updateDate":"2016-01-28T09:29:39.503Z"},{"date":"2005 Q3","value":"3854","year":"2005","month":"","quarter":"Q3","sourceDataset":"CSDB10","updateDate":"2016-01-28T09:29:39.503Z"},{"date":"2005 Q4","value":"3752","year":"2005","month":"","quarter":"Q4","sourceDataset":"CSDB10","updateDate":"2016-01-28T09:29:39.503Z"},{"date":"2006 Q1","value":"3699","year":"2006","month":"","quarter":"Q1","sourceDataset":"CSDB10","updateDate":"2016-01-28T09:29:39.503Z"},{"date":"2006 Q2","value":"4007","year":"2006","month":"","quarter":"Q2","sourceDataset":"CSDB10","updateDate":"2016-01-28T09:29:39.503Z"},{"date":"2006 Q3","value":"4124","year":"2006","month":"","quarter":"Q3","sourceDataset":"CSDB10","updateDate":"2016-01-28T09:29:39.503Z"},{"date":"2006 Q4","value":"4007","year":"2006","month":"","quarter":"Q4","sourceDataset":"CSDB10","updateDate":"2016-01-28T09:29:39.503Z"},{"date":"2007 Q1","value":"3945","year":"2007","month":"","quarter":"Q1","sourceDataset":"CSDB10","updateDate":"2016-01-28T09:29:39.503Z"},{"date":"2007 Q2","value":"4256","year":"2007","month":"","quarter":"Q2","sourceDataset":"CSDB10","updateDate":"2016-01-28T09:29:39.503Z"},{"date":"2007 Q3","value":"4379","year":"2007","month":"","quarter":"Q3","sourceDataset":"CSDB10","updateDate":"2016-01-28T09:29:39.503Z"},{"date":"2007 Q4","value":"4256","year":"2007","month":"","quarter":"Q4","sourceDataset":"CSDB10","updateDate":"2016-01-28T09:29:39.503Z"},{"date":"2008 Q1","value":"4199","year":"2008","month":"","quarter":"Q1","sourceDataset":"CSDB10","updateDate":"2016-01-28T09:29:39.503Z"},{"date":"2008 Q2","value":"4639","year":"2008","month":"","quarter":"Q2","sourceDataset":"CSDB10","updateDate":"2016-01-28T09:29:39.503Z"},{"date":"2008 Q3","value":"4639","year":"2008","month":"","quarter":"Q3","sourceDataset":"CSDB10","updateDate":"2016-01-28T09:29:39.503Z"},{"date":"2008 Q4","value":"4639","year":"2008","month":"","quarter":"Q4","sourceDataset":"CSDB10","updateDate":"2016-01-28T09:29:39.504Z"},{"date":"2009 Q1","value":"4634","year":"2009","month":"","quarter":"Q1","sourceDataset":"CSDB10","updateDate":"2016-01-28T09:29:39.504Z"},{"date":"2009 Q2","value":"5378","year":"2009","month":"","quarter":"Q2","sourceDataset":"CSDB10","updateDate":"2016-01-28T09:29:39.504Z"},{"date":"2009 Q3","value":"5378","year":"2009","month":"","quarter":"Q3","sourceDataset":"CSDB10","updateDate":"2016-01-28T09:29:39.504Z"},{"date":"2009 Q4","value":"5377","year":"2009","month":"","quarter":"Q4","sourceDataset":"CSDB10","updateDate":"2016-01-28T09:29:39.504Z"},{"date":"2010 Q1","value":"5368","year":"2010","month":"","quarter":"Q1","sourceDataset":"CSDB10","updateDate":"2016-01-28T09:29:39.504Z"},{"date":"2010 Q2","value":"5796","year":"2010","month":"","quarter":"Q2","sourceDataset":"CSDB10","updateDate":"2016-01-28T09:29:39.504Z"},{"date":"2010 Q3","value":"5796","year":"2010","month":"","quarter":"Q3","sourceDataset":"CSDB10","updateDate":"2016-01-28T09:29:39.504Z"},{"date":"2010 Q4","value":"5794","year":"2010","month":"","quarter":"Q4","sourceDataset":"CSDB10","updateDate":"2016-01-28T09:29:39.504Z"},{"date":"2011 Q1","value":"5782","year":"2011","month":"","quarter":"Q1","sourceDataset":"CSDB10","updateDate":"2016-01-28T09:29:39.504Z"},{"date":"2011 Q2","value":"6111","year":"2011","month":"","quarter":"Q2","sourceDataset":"CSDB10","updateDate":"2016-01-28T09:29:39.504Z"},{"date":"2011 Q3","value":"6111","year":"2011","month":"","quarter":"Q3","sourceDataset":"CSDB10","updateDate":"2016-01-28T09:29:39.504Z"},{"date":"2011 Q4","value":"6110","year":"2011","month":"","quarter":"Q4","sourceDataset":"CSDB10","updateDate":"2016-01-28T09:29:39.504Z"},{"date":"2012 Q1","value":"6096","year":"2012","month":"","quarter":"Q1","sourceDataset":"CSDB10","updateDate":"2016-01-28T09:29:39.504Z"},{"date":"2012 Q2","value":"6454","year":"2012","month":"","quarter":"Q2","sourceDataset":"CSDB10","updateDate":"2016-01-28T09:29:39.504Z"},{"date":"2012 Q3","value":"6454","year":"2012","month":"","quarter":"Q3","sourceDataset":"CSDB10","updateDate":"2016-01-28T09:29:39.504Z"},{"date":"2012 Q4","value":"6453","year":"2012","month":"","quarter":"Q4","sourceDataset":"CSDB10","updateDate":"2016-01-28T09:29:39.504Z"},{"date":"2013 Q1","value":"6439","year":"2013","month":"","quarter":"Q1","sourceDataset":"CSDB10","updateDate":"2016-01-28T09:29:39.504Z"},{"date":"2013 Q2","value":"6645","year":"2013","month":"","quarter":"Q2","sourceDataset":"CSDB10","updateDate":"2016-01-28T09:29:39.504Z"},{"date":"2013 Q3","value":"6645","year":"2013","month":"","quarter":"Q3","sourceDataset":"CSDB10","updateDate":"2016-01-28T09:29:39.504Z"},{"date":"2013 Q4","value":"6645","year":"2013","month":"","quarter":"Q4","sourceDataset":"CSDB10","updateDate":"2016-01-28T09:29:39.504Z"},{"date":"2014 Q1","value":"6641","year":"2014","month":"","quarter":"Q1","sourceDataset":"CSDB10","updateDate":"2016-01-28T09:29:39.504Z"},{"date":"2014 Q2","value":"6756","year":"2014","month":"","quarter":"Q2","sourceDataset":"CSDB10","updateDate":"2016-01-28T09:29:39.504Z"},{"date":"2014 Q3","value":"6756","year":"2014","month":"","quarter":"Q3","sourceDataset":"CSDB10","updateDate":"2016-01-28T09:29:39.504Z"},{"date":"2014 Q4","value":"6756","year":"2014","month":"","quarter":"Q4","sourceDataset":"CSDB10","updateDate":"2016-01-28T09:29:39.504Z"},{"date":"2015 Q1","value":"6747","year":"2015","month":"","quarter":"Q1","sourceDataset":"CSDB10","updateDate":"2016-01-28T09:29:39.504Z"},{"date":"2015 Q2","value":"6464","year":"2015","month":"","quarter":"Q2","sourceDataset":"CSDB10","updateDate":"2016-01-28T09:29:39.504Z"},{"date":"2015 Q3","value":"6464","year":"2015","month":"","quarter":"Q3","sourceDataset":"CSDB10","updateDate":"2016-01-28T09:29:39.504Z"}],"months":[],"sourceDatasets":["CSDB10"],"relatedDatasets":[{"uri":"/economy/environmentalaccounts/datasets/werwerwerwerwerwr/2015"}],"relatedDocuments":[],"type":"timeseries","description":{"title":"Local Govt : Uses: Social assistance benefits in cash CP SA             ","contact":{"email":"","name":"","telephone":""},"releaseDate":"2016-01-27T00:00:00.000Z","nextRelease":"","cdid":"ADBF","unit":"","preUnit":"","source":"","seasonalAdjustment":"NSA","date":"2015 Q3","number":"6464"}}