{"years":[{"date":"1987","value":"867","year":"1987","month":"","quarter":"","sourceDataset":"CSDB10","updateDate":"2016-01-28T09:29:34.984Z"},{"date":"1988","value":"1363","year":"1988","month":"","quarter":"","sourceDataset":"CSDB10","updateDate":"2016-01-28T09:29:34.984Z"},{"date":"1989","value":"1919","year":"1989","month":"","quarter":"","sourceDataset":"CSDB10","updateDate":"2016-01-28T09:29:34.984Z"},{"date":"1990","value":"1738","year":"1990","month":"","quarter":"","sourceDataset":"CSDB10","updateDate":"2016-01-28T09:29:34.984Z"},{"date":"1991","value":"1664","year":"1991","month":"","quarter":"","sourceDataset":"CSDB10","updateDate":"2016-01-28T09:29:34.984Z"},{"date":"1992","value":"1459","year":"1992","month":"","quarter":"","sourceDataset":"CSDB10","updateDate":"2016-01-28T09:29:34.984Z"},{"date":"1993","value":"1531","year":"1993","month":"","quarter":"","sourceDataset":"CSDB10","updateDate":"2016-01-28T09:29:34.984Z"},{"date":"1994","value":"1585","year":"1994","month":"","quarter":"","sourceDataset":"CSDB10","updateDate":"2016-01-28T09:29:34.984Z"},{"date":"1995","value":"1695","year":"1995","month":"","quarter":"","sourceDataset":"CSDB10","updateDate":"2016-01-28T09:29:34.984Z"},{"date":"1996","value":"1561","year":"1996","month":"","quarter":"","sourceDataset":"CSDB10","updateDate":"2016-01-28T09:29:34.984Z"},{"date":"1997","value":"1380","year":"1997","month":"","quarter":"","sourceDataset":"CSDB10","updateDate":"2016-01-28T09:29:34.984Z"},{"date":"1998","value":"1267","year":"1998","month":"","quarter":"","sourceDataset":"CSDB10","updateDate":"2016-01-28T09:29:34.984Z"},{"date":"1999","value":"1165","year":"1999","month":"","quarter":"","sourceDataset":"CSDB10","updateDate":"2016-01-28T09:29:34.984Z"},{"date":"2000","value":"989","year":"2000","month":"","quarter":"","sourceDataset":"CSDB10","updateDate":"2016-01-28T09:29:34.984Z"},{"date":"2001","value":"983","year":"2001","month":"","quarter":"","sourceDataset":"CSDB10","updateDate":"2016-01-28T09:29:34.984Z"},{"date":"2002","value":"849","year":"2002","month":"","quarter":"","sourceDataset":"CSDB10","updateDate":"2016-01-28T09:29:34.984Z"},{"date":"2003","value":"814","year":"2003","month":"","quarter":"","sourceDataset":"CSDB10","updateDate":"2016-01-28T09:29:34.984Z"},{"date":"2004","value":"716","year":"2004","month":"","quarter":"","sourceDataset":"CSDB10","updateDate":"2016-01-28T09:29:34.984Z"},{"date":"2005","value":"671","year":"2005","month":"","quarter":"","sourceDataset":"CSDB10","updateDate":"2016-01-28T09:29:34.984Z"},{"date":"2006","value":"654","year":"2006","month":"","quarter":"","sourceDataset":"CSDB10","updateDate":"2016-01-28T09:29:34.984Z"},{"date":"2007","value":"718","year":"2007","month":"","quarter":"","sourceDataset":"CSDB10","updateDate":"2016-01-28T09:29:34.984Z"},{"date":"2008","value":"790","year":"2008","month":"","quarter":"","sourceDataset":"CSDB10","updateDate":"2016-01-28T09:29:34.984Z"},{"date":"2009","value":"781","year":"2009","month":"","quarter":"","sourceDataset":"CSDB10","updateDate":"2016-01-28T09:29:34.984Z"},{"date":"2010","value":"742","year":"2010","month":"","quarter":"","sourceDataset":"CSDB10","updateDate":"2016-01-28T09:29:34.984Z"},{"date":"2011","value":"805","year":"2011","month":"","quarter":"","sourceDataset":"CSDB10","updateDate":"2016-01-28T09:29:34.984Z"},{"date":"2012","value":"698","year":"2012","month":"","quarter":"","sourceDataset":"CSDB10","updateDate":"2016-01-28T09:29:34.984Z"},{"date":"2013","value":"677","year":"2013","month":"","quarter":"","sourceDataset":"CSDB10","updateDate":"2016-01-28T09:29:34.984Z"},{"date":"2014","value":"656","year":"2014","month":"","quarter":"","sourceDataset":"CSDB10","updateDate":"2016-01-28T09:29:34.984Z"}],"quarters":[{"date":"1987 Q1","value":"164","year":"1987","month":"","quarter":"Q1","sourceDataset":"CSDB10","updateDate":"2016-01-28T09:29:34.984Z"},{"date":"1987 Q2","value":"218","year":"1987","month":"","quarter":"Q2","sourceDataset":"CSDB10","updateDate":"2016-01-28T09:29:34.984Z"},{"date":"1987 Q3","value":"211","year":"1987","month":"","quarter":"Q3","sourceDataset":"CSDB10","updateDate":"2016-01-28T09:29:34.984Z"},{"date":"1987 Q4","value":"274","year":"1987","month":"","quarter":"Q4","sourceDataset":"CSDB10","updateDate":"2016-01-28T09:29:34.984Z"},{"date":"1988 Q1","value":"300","year":"1988","month":"","quarter":"Q1","sourceDataset":"CSDB10","updateDate":"2016-01-28T09:29:34.984Z"},{"date":"1988 Q2","value":"352","year":"1988","month":"","quarter":"Q2","sourceDataset":"CSDB10","updateDate":"2016-01-28T09:29:34.984Z"},{"date":"1988 Q3","value":"356","year":"1988","month":"","quarter":"Q3","sourceDataset":"CSDB10","updateDate":"2016-01-28T09:29:34.984Z"},{"date":"1988 Q4","value":"355","year":"1988","month":"","quarter":"Q4","sourceDataset":"CSDB10","updateDate":"2016-01-28T09:29:34.984Z"},{"date":"1989 Q1","value":"425","year":"1989","month":"","quarter":"Q1","sourceDataset":"CSDB10","updateDate":"2016-01-28T09:29:34.984Z"},{"date":"1989 Q2","value":"499","year":"1989","month":"","quarter":"Q2","sourceDataset":"CSDB10","updateDate":"2016-01-28T09:29:34.984Z"},{"date":"1989 Q3","value":"461","year":"1989","month":"","quarter":"Q3","sourceDataset":"CSDB10","updateDate":"2016-01-28T09:29:34.985Z"},{"date":"1989 Q4","value":"534","year":"1989","month":"","quarter":"Q4","sourceDataset":"CSDB10","updateDate":"2016-01-28T09:29:34.985Z"},{"date":"1990 Q1","value":"470","year":"1990","month":"","quarter":"Q1","sourceDataset":"CSDB10","updateDate":"2016-01-28T09:29:34.985Z"},{"date":"1990 Q2","value":"472","year":"1990","month":"","quarter":"Q2","sourceDataset":"CSDB10","updateDate":"2016-01-28T09:29:34.985Z"},{"date":"1990 Q3","value":"391","year":"1990","month":"","quarter":"Q3","sourceDataset":"CSDB10","updateDate":"2016-01-28T09:29:34.985Z"},{"date":"1990 Q4","value":"405","year":"1990","month":"","quarter":"Q4","sourceDataset":"CSDB10","updateDate":"2016-01-28T09:29:34.985Z"},{"date":"1991 Q1","value":"420","year":"1991","month":"","quarter":"Q1","sourceDataset":"CSDB10","updateDate":"2016-01-28T09:29:34.985Z"},{"date":"1991 Q2","value":"430","year":"1991","month":"","quarter":"Q2","sourceDataset":"CSDB10","updateDate":"2016-01-28T09:29:34.985Z"},{"date":"1991 Q3","value":"416","year":"1991","month":"","quarter":"Q3","sourceDataset":"CSDB10","updateDate":"2016-01-28T09:29:34.985Z"},{"date":"1991 Q4","value":"398","year":"1991","month":"","quarter":"Q4","sourceDataset":"CSDB10","updateDate":"2016-01-28T09:29:34.985Z"},{"date":"1992 Q1","value":"404","year":"1992","month":"","quarter":"Q1","sourceDataset":"CSDB10","updateDate":"2016-01-28T09:29:34.985Z"},{"date":"1992 Q2","value":"379","year":"1992","month":"","quarter":"Q2","sourceDataset":"CSDB10","updateDate":"2016-01-28T09:29:34.985Z"},{"date":"1992 Q3","value":"350","year":"1992","month":"","quarter":"Q3","sourceDataset":"CSDB10","updateDate":"2016-01-28T09:29:34.985Z"},{"date":"1992 Q4","value":"326","year":"1992","month":"","quarter":"Q4","sourceDataset":"CSDB10","updateDate":"2016-01-28T09:29:34.985Z"},{"date":"1993 Q1","value":"464","year":"1993","month":"","quarter":"Q1","sourceDataset":"CSDB10","updateDate":"2016-01-28T09:29:34.985Z"},{"date":"1993 Q2","value":"416","year":"1993","month":"","quarter":"Q2","sourceDataset":"CSDB10","updateDate":"2016-01-28T09:29:34.985Z"},{"date":"1993 Q3","value":"362","year":"1993","month":"","quarter":"Q3","sourceDataset":"CSDB10","updateDate":"2016-01-28T09:29:34.985Z"},{"date":"1993 Q4","value":"289","year":"1993","month":"","quarter":"Q4","sourceDataset":"CSDB10","updateDate":"2016-01-28T09:29:34.985Z"},{"date":"1994 Q1","value":"525","year":"1994","month":"","quarter":"Q1","sourceDataset":"CSDB10","updateDate":"2016-01-28T09:29:34.985Z"},{"date":"1994 Q2","value":"402","year":"1994","month":"","quarter":"Q2","sourceDataset":"CSDB10","updateDate":"2016-01-28T09:29:34.985Z"},{"date":"1994 Q3","value":"343","year":"1994","month":"","quarter":"Q3","sourceDataset":"CSDB10","updateDate":"2016-01-28T09:29:34.985Z"},{"date":"1994 Q4","value":"315","year":"1994","month":"","quarter":"Q4","sourceDataset":"CSDB10","updateDate":"2016-01-28T09:29:34.985Z"},{"date":"1995 Q1","value":"602","year":"1995","month":"","quarter":"Q1","sourceDataset":"CSDB10","updateDate":"2016-01-28T09:29:34.985Z"},{"date":"1995 Q2","value":"396","year":"1995","month":"","quarter":"Q2","sourceDataset":"CSDB10","updateDate":"2016-01-28T09:29:34.985Z"},{"date":"1995 Q3","value":"381","year":"1995","month":"","quarter":"Q3","sourceDataset":"CSDB10","updateDate":"2016-01-28T09:29:34.985Z"},{"date":"1995 Q4","value":"316","year":"1995","month":"","quarter":"Q4","sourceDataset":"CSDB10","updateDate":"2016-01-28T09:29:34.985Z"},{"date":"1996 Q1","value":"631","year":"1996","month":"","quarter":"Q1","sourceDataset":"CSDB10","updateDate":"2016-01-28T09:29:34.985Z"},{"date":"1996 Q2","value":"368","year":"1996","month":"","quarter":"Q2","sourceDataset":"CSDB10","updateDate":"2016-01-28T09:29:34.985Z"},{"date":"1996 Q3","value":"283","year":"1996","month":"","quarter":"Q3","sourceDataset":"CSDB10","updateDate":"2016-01-28T09:29:34.985Z"},{"date":"1996 Q4","value":"279","year":"1996","month":"","quarter":"Q4","sourceDataset":"CSDB10","updateDate":"2016-01-28T09:29:34.985Z"},{"date":"1997 Q1","value":"501","year":"1997","month":"","quarter":"Q1","sourceDataset":"CSDB10","updateDate":"2016-01-28T09:29:34.985Z"},{"date":"1997 Q2","value":"329","year":"1997","month":"","quarter":"Q2","sourceDataset":"CSDB10","updateDate":"2016-01-28T09:29:34.985Z"},{"date":"1997 Q3","value":"235","year":"1997","month":"","quarter":"Q3","sourceDataset":"CSDB10","updateDate":"2016-01-28T09:29:34.985Z"},{"date":"1997 Q4","value":"315","year":"1997","month":"","quarter":"Q4","sourceDataset":"CSDB10","updateDate":"2016-01-28T09:29:34.985Z"},{"date":"1998 Q1","value":"360","year":"1998","month":"","quarter":"Q1","sourceDataset":"CSDB10","updateDate":"2016-01-28T09:29:34.985Z"},{"date":"1998 Q2","value":"265","year":"1998","month":"","quarter":"Q2","sourceDataset":"CSDB10","updateDate":"2016-01-28T09:29:34.985Z"},{"date":"1998 Q3","value":"215","year":"1998","month":"","quarter":"Q3","sourceDataset":"CSDB10","updateDate":"2016-01-28T09:29:34.985Z"},{"date":"1998 Q4","value":"427","year":"1998","month":"","quarter":"Q4","sourceDataset":"CSDB10","updateDate":"2016-01-28T09:29:34.985Z"},{"date":"1999 Q1","value":"346","year":"1999","month":"","quarter":"Q1","sourceDataset":"CSDB10","updateDate":"2016-01-28T09:29:34.985Z"},{"date":"1999 Q2","value":"253","year":"1999","month":"","quarter":"Q2","sourceDataset":"CSDB10","updateDate":"2016-01-28T09:29:34.985Z"},{"date":"1999 Q3","value":"218","year":"1999","month":"","quarter":"Q3","sourceDataset":"CSDB10","updateDate":"2016-01-28T09:29:34.985Z"},{"date":"1999 Q4","value":"348","year":"1999","month":"","quarter":"Q4","sourceDataset":"CSDB10","updateDate":"2016-01-28T09:29:34.985Z"},{"date":"2000 Q1","value":"220","year":"2000","month":"","quarter":"Q1","sourceDataset":"CSDB10","updateDate":"2016-01-28T09:29:34.985Z"},{"date":"2000 Q2","value":"236","year":"2000","month":"","quarter":"Q2","sourceDataset":"CSDB10","updateDate":"2016-01-28T09:29:34.985Z"},{"date":"2000 Q3","value":"257","year":"2000","month":"","quarter":"Q3","sourceDataset":"CSDB10","updateDate":"2016-01-28T09:29:34.985Z"},{"date":"2000 Q4","value":"276","year":"2000","month":"","quarter":"Q4","sourceDataset":"CSDB10","updateDate":"2016-01-28T09:29:34.985Z"},{"date":"2001 Q1","value":"268","year":"2001","month":"","quarter":"Q1","sourceDataset":"CSDB10","updateDate":"2016-01-28T09:29:34.985Z"},{"date":"2001 Q2","value":"253","year":"2001","month":"","quarter":"Q2","sourceDataset":"CSDB10","updateDate":"2016-01-28T09:29:34.985Z"},{"date":"2001 Q3","value":"249","year":"2001","month":"","quarter":"Q3","sourceDataset":"CSDB10","updateDate":"2016-01-28T09:29:34.985Z"},{"date":"2001 Q4","value":"213","year":"2001","month":"","quarter":"Q4","sourceDataset":"CSDB10","updateDate":"2016-01-28T09:29:34.985Z"},{"date":"2002 Q1","value":"191","year":"2002","month":"","quarter":"Q1","sourceDataset":"CSDB10","updateDate":"2016-01-28T09:29:34.985Z"},{"date":"2002 Q2","value":"220","year":"2002","month":"","quarter":"Q2","sourceDataset":"CSDB10","updateDate":"2016-01-28T09:29:34.985Z"},{"date":"2002 Q3","value":"216","year":"2002","month":"","quarter":"Q3","sourceDataset":"CSDB10","updateDate":"2016-01-28T09:29:34.985Z"},{"date":"2002 Q4","value":"222","year":"2002","month":"","quarter":"Q4","sourceDataset":"CSDB10","updateDate":"2016-01-28T09:29:34.985Z"},{"date":"2003 Q1","value":"214","year":"2003","month":"","quarter":"Q1","sourceDataset":"CSDB10","updateDate":"2016-01-28T09:29:34.985Z"},{"date":"2003 Q2","value":"198","year":"2003","month":"","quarter":"Q2","sourceDataset":"CSDB10","updateDate":"2016-01-28T09:29:34.985Z"},{"date":"2003 Q3","value":"205","year":"2003","month":"","quarter":"Q3","sourceDataset":"CSDB10","updateDate":"2016-01-28T09:29:34.985Z"},{"date":"2003 Q4","value":"197","year":"2003","month":"","quarter":"Q4","sourceDataset":"CSDB10","updateDate":"2016-01-28T09:29:34.985Z"},{"date":"2004 Q1","value":"184","year":"2004","month":"","quarter":"Q1","sourceDataset":"CSDB10","updateDate":"2016-01-28T09:29:34.985Z"},{"date":"2004 Q2","value":"181","year":"2004","month":"","quarter":"Q2","sourceDataset":"CSDB10","updateDate":"2016-01-28T09:29:34.985Z"},{"date":"2004 Q3","value":"172","year":"2004","month":"","quarter":"Q3","sourceDataset":"CSDB10","updateDate":"2016-01-28T09:29:34.985Z"},{"date":"2004 Q4","value":"179","year":"2004","month":"","quarter":"Q4","sourceDataset":"CSDB10","updateDate":"2016-01-28T09:29:34.985Z"},{"date":"2005 Q1","value":"171","year":"2005","month":"","quarter":"Q1","sourceDataset":"CSDB10","updateDate":"2016-01-28T09:29:34.985Z"},{"date":"2005 Q2","value":"164","year":"2005","month":"","quarter":"Q2","sourceDataset":"CSDB10","updateDate":"2016-01-28T09:29:34.985Z"},{"date":"2005 Q3","value":"167","year":"2005","month":"","quarter":"Q3","sourceDataset":"CSDB10","updateDate":"2016-01-28T09:29:34.985Z"},{"date":"2005 Q4","value":"169","year":"2005","month":"","quarter":"Q4","sourceDataset":"CSDB10","updateDate":"2016-01-28T09:29:34.985Z"},{"date":"2006 Q1","value":"167","year":"2006","month":"","quarter":"Q1","sourceDataset":"CSDB10","updateDate":"2016-01-28T09:29:34.985Z"},{"date":"2006 Q2","value":"168","year":"2006","month":"","quarter":"Q2","sourceDataset":"CSDB10","updateDate":"2016-01-28T09:29:34.985Z"},{"date":"2006 Q3","value":"158","year":"2006","month":"","quarter":"Q3","sourceDataset":"CSDB10","updateDate":"2016-01-28T09:29:34.985Z"},{"date":"2006 Q4","value":"161","year":"2006","month":"","quarter":"Q4","sourceDataset":"CSDB10","updateDate":"2016-01-28T09:29:34.985Z"},{"date":"2007 Q1","value":"157","year":"2007","month":"","quarter":"Q1","sourceDataset":"CSDB10","updateDate":"2016-01-28T09:29:34.985Z"},{"date":"2007 Q2","value":"146","year":"2007","month":"","quarter":"Q2","sourceDataset":"CSDB10","updateDate":"2016-01-28T09:29:34.985Z"},{"date":"2007 Q3","value":"166","year":"2007","month":"","quarter":"Q3","sourceDataset":"CSDB10","updateDate":"2016-01-28T09:29:34.985Z"},{"date":"2007 Q4","value":"249","year":"2007","month":"","quarter":"Q4","sourceDataset":"CSDB10","updateDate":"2016-01-28T09:29:34.985Z"},{"date":"2008 Q1","value":"193","year":"2008","month":"","quarter":"Q1","sourceDataset":"CSDB10","updateDate":"2016-01-28T09:29:34.985Z"},{"date":"2008 Q2","value":"187","year":"2008","month":"","quarter":"Q2","sourceDataset":"CSDB10","updateDate":"2016-01-28T09:29:34.985Z"},{"date":"2008 Q3","value":"193","year":"2008","month":"","quarter":"Q3","sourceDataset":"CSDB10","updateDate":"2016-01-28T09:29:34.985Z"},{"date":"2008 Q4","value":"217","year":"2008","month":"","quarter":"Q4","sourceDataset":"CSDB10","updateDate":"2016-01-28T09:29:34.985Z"},{"date":"2009 Q1","value":"201","year":"2009","month":"","quarter":"Q1","sourceDataset":"CSDB10","updateDate":"2016-01-28T09:29:34.985Z"},{"date":"2009 Q2","value":"189","year":"2009","month":"","quarter":"Q2","sourceDataset":"CSDB10","updateDate":"2016-01-28T09:29:34.985Z"},{"date":"2009 Q3","value":"195","year":"2009","month":"","quarter":"Q3","sourceDataset":"CSDB10","updateDate":"2016-01-28T09:29:34.985Z"},{"date":"2009 Q4","value":"196","year":"2009","month":"","quarter":"Q4","sourceDataset":"CSDB10","updateDate":"2016-01-28T09:29:34.985Z"},{"date":"2010 Q1","value":"180","year":"2010","month":"","quarter":"Q1","sourceDataset":"CSDB10","updateDate":"2016-01-28T09:29:34.985Z"},{"date":"2010 Q2","value":"177","year":"2010","month":"","quarter":"Q2","sourceDataset":"CSDB10","updateDate":"2016-01-28T09:29:34.985Z"},{"date":"2010 Q3","value":"189","year":"2010","month":"","quarter":"Q3","sourceDataset":"CSDB10","updateDate":"2016-01-28T09:29:34.985Z"},{"date":"2010 Q4","value":"196","year":"2010","month":"","quarter":"Q4","sourceDataset":"CSDB10","updateDate":"2016-01-28T09:29:34.985Z"},{"date":"2011 Q1","value":"190","year":"2011","month":"","quarter":"Q1","sourceDataset":"CSDB10","updateDate":"2016-01-28T09:29:34.985Z"},{"date":"2011 Q2","value":"218","year":"2011","month":"","quarter":"Q2","sourceDataset":"CSDB10","updateDate":"2016-01-28T09:29:34.985Z"},{"date":"2011 Q3","value":"209","year":"2011","month":"","quarter":"Q3","sourceDataset":"CSDB10","updateDate":"2016-01-28T09:29:34.985Z"},{"date":"2011 Q4","value":"188","year":"2011","month":"","quarter":"Q4","sourceDataset":"CSDB10","updateDate":"2016-01-28T09:29:34.985Z"},{"date":"2012 Q1","value":"172","year":"2012","month":"","quarter":"Q1","sourceDataset":"CSDB10","updateDate":"2016-01-28T09:29:34.985Z"},{"date":"2012 Q2","value":"175","year":"2012","month":"","quarter":"Q2","sourceDataset":"CSDB10","updateDate":"2016-01-28T09:29:34.985Z"},{"date":"2012 Q3","value":"175","year":"2012","month":"","quarter":"Q3","sourceDataset":"CSDB10","updateDate":"2016-01-28T09:29:34.985Z"},{"date":"2012 Q4","value":"176","year":"2012","month":"","quarter":"Q4","sourceDataset":"CSDB10","updateDate":"2016-01-28T09:29:34.985Z"},{"date":"2013 Q1","value":"166","year":"2013","month":"","quarter":"Q1","sourceDataset":"CSDB10","updateDate":"2016-01-28T09:29:34.985Z"},{"date":"2013 Q2","value":"171","year":"2013","month":"","quarter":"Q2","sourceDataset":"CSDB10","updateDate":"2016-01-28T09:29:34.985Z"},{"date":"2013 Q3","value":"172","year":"2013","month":"","quarter":"Q3","sourceDataset":"CSDB10","updateDate":"2016-01-28T09:29:34.985Z"},{"date":"2013 Q4","value":"168","year":"2013","month":"","quarter":"Q4","sourceDataset":"CSDB10","updateDate":"2016-01-28T09:29:34.985Z"},{"date":"2014 Q1","value":"164","year":"2014","month":"","quarter":"Q1","sourceDataset":"CSDB10","updateDate":"2016-01-28T09:29:34.985Z"},{"date":"2014 Q2","value":"157","year":"2014","month":"","quarter":"Q2","sourceDataset":"CSDB10","updateDate":"2016-01-28T09:29:34.985Z"},{"date":"2014 Q3","value":"161","year":"2014","month":"","quarter":"Q3","sourceDataset":"CSDB10","updateDate":"2016-01-28T09:29:34.985Z"},{"date":"2014 Q4","value":"174","year":"2014","month":"","quarter":"Q4","sourceDataset":"CSDB10","updateDate":"2016-01-28T09:29:34.985Z"},{"date":"2015 Q1","value":"183","year":"2015","month":"","quarter":"Q1","sourceDataset":"CSDB10","updateDate":"2016-01-28T09:29:34.985Z"},{"date":"2015 Q2","value":"198","year":"2015","month":"","quarter":"Q2","sourceDataset":"CSDB10","updateDate":"2016-01-28T09:29:34.985Z"},{"date":"2015 Q3","value":"224","year":"2015","month":"","quarter":"Q3","sourceDataset":"CSDB10","updateDate":"2016-01-28T09:29:34.985Z"}],"months":[],"sourceDatasets":["CSDB10"],"relatedDatasets":[{"uri":"/economy/environmentalaccounts/datasets/werwerwerwerwerwr/2015"}],"relatedDocuments":[],"type":"timeseries","description":{"title":"BoP Inc credits total CG\u0027s NSA £m                                       ","contact":{"email":"","name":"","telephone":""},"releaseDate":"2016-01-27T00:00:00.000Z","nextRelease":"","cdid":"CGNY","unit":"","preUnit":"","source":"","seasonalAdjustment":"NSA","date":"2015 Q3","number":"224"}}