{"years":[{"date":"2005","value":"100.0","year":"2005","month":"","quarter":"","sourceDataset":"CSDB","updateDate":"2016-01-14T16:25:13.227Z"},{"date":"2006","value":"107.5","year":"2006","month":"","quarter":"","sourceDataset":"CSDB","updateDate":"2016-01-14T16:25:13.227Z"},{"date":"2007","value":"114.0","year":"2007","month":"","quarter":"","sourceDataset":"CSDB","updateDate":"2016-01-14T16:25:13.227Z"},{"date":"2008","value":"120.6","year":"2008","month":"","quarter":"","sourceDataset":"CSDB","updateDate":"2016-01-14T16:25:13.227Z"},{"date":"2009","value":"126.3","year":"2009","month":"","quarter":"","sourceDataset":"CSDB","updateDate":"2016-01-14T16:25:13.227Z"},{"date":"2010","value":"129.7","year":"2010","month":"","quarter":"","sourceDataset":"CSDB","updateDate":"2016-01-14T16:25:13.227Z"},{"date":"2011","value":"134.9","year":"2011","month":"","quarter":"","sourceDataset":"CSDB","updateDate":"2016-01-14T16:25:13.227Z"},{"date":"2012","value":"141.7","year":"2012","month":"","quarter":"","sourceDataset":"CSDB","updateDate":"2016-01-14T16:25:13.227Z"},{"date":"2013","value":"146.8","year":"2013","month":"","quarter":"","sourceDataset":"CSDB","updateDate":"2016-01-14T16:25:13.227Z"},{"date":"2014","value":"149.7","year":"2014","month":"","quarter":"","sourceDataset":"CSDB","updateDate":"2016-01-14T16:25:13.227Z"}],"quarters":[{"date":"2005 Q1","value":"90.8","year":"2005","month":"","quarter":"Q1","sourceDataset":"CSDB","updateDate":"2016-01-14T16:25:13.227Z"},{"date":"2005 Q2","value":"103.1","year":"2005","month":"","quarter":"Q2","sourceDataset":"CSDB","updateDate":"2016-01-14T16:25:13.227Z"},{"date":"2005 Q3","value":"103.1","year":"2005","month":"","quarter":"Q3","sourceDataset":"CSDB","updateDate":"2016-01-14T16:25:13.227Z"},{"date":"2005 Q4","value":"103.1","year":"2005","month":"","quarter":"Q4","sourceDataset":"CSDB","updateDate":"2016-01-14T16:25:13.227Z"},{"date":"2006 Q1","value":"103.1","year":"2006","month":"","quarter":"Q1","sourceDataset":"CSDB","updateDate":"2016-01-14T16:25:13.227Z"},{"date":"2006 Q2","value":"109.0","year":"2006","month":"","quarter":"Q2","sourceDataset":"CSDB","updateDate":"2016-01-14T16:25:13.227Z"},{"date":"2006 Q3","value":"109.0","year":"2006","month":"","quarter":"Q3","sourceDataset":"CSDB","updateDate":"2016-01-14T16:25:13.227Z"},{"date":"2006 Q4","value":"109.0","year":"2006","month":"","quarter":"Q4","sourceDataset":"CSDB","updateDate":"2016-01-14T16:25:13.227Z"},{"date":"2007 Q1","value":"109.0","year":"2007","month":"","quarter":"Q1","sourceDataset":"CSDB","updateDate":"2016-01-14T16:25:13.227Z"},{"date":"2007 Q2","value":"115.7","year":"2007","month":"","quarter":"Q2","sourceDataset":"CSDB","updateDate":"2016-01-14T16:25:13.227Z"},{"date":"2007 Q3","value":"115.7","year":"2007","month":"","quarter":"Q3","sourceDataset":"CSDB","updateDate":"2016-01-14T16:25:13.227Z"},{"date":"2007 Q4","value":"115.7","year":"2007","month":"","quarter":"Q4","sourceDataset":"CSDB","updateDate":"2016-01-14T16:25:13.227Z"},{"date":"2008 Q1","value":"115.7","year":"2008","month":"","quarter":"Q1","sourceDataset":"CSDB","updateDate":"2016-01-14T16:25:13.227Z"},{"date":"2008 Q2","value":"122.2","year":"2008","month":"","quarter":"Q2","sourceDataset":"CSDB","updateDate":"2016-01-14T16:25:13.227Z"},{"date":"2008 Q3","value":"122.2","year":"2008","month":"","quarter":"Q3","sourceDataset":"CSDB","updateDate":"2016-01-14T16:25:13.227Z"},{"date":"2008 Q4","value":"122.2","year":"2008","month":"","quarter":"Q4","sourceDataset":"CSDB","updateDate":"2016-01-14T16:25:13.227Z"},{"date":"2009 Q1","value":"122.2","year":"2009","month":"","quarter":"Q1","sourceDataset":"CSDB","updateDate":"2016-01-14T16:25:13.227Z"},{"date":"2009 Q2","value":"127.7","year":"2009","month":"","quarter":"Q2","sourceDataset":"CSDB","updateDate":"2016-01-14T16:25:13.227Z"},{"date":"2009 Q3","value":"127.7","year":"2009","month":"","quarter":"Q3","sourceDataset":"CSDB","updateDate":"2016-01-14T16:25:13.227Z"},{"date":"2009 Q4","value":"127.7","year":"2009","month":"","quarter":"Q4","sourceDataset":"CSDB","updateDate":"2016-01-14T16:25:13.227Z"},{"date":"2010 Q1","value":"127.7","year":"2010","month":"","quarter":"Q1","sourceDataset":"CSDB","updateDate":"2016-01-14T16:25:13.227Z"},{"date":"2010 Q2","value":"130.3","year":"2010","month":"","quarter":"Q2","sourceDataset":"CSDB","updateDate":"2016-01-14T16:25:13.227Z"},{"date":"2010 Q3","value":"130.3","year":"2010","month":"","quarter":"Q3","sourceDataset":"CSDB","updateDate":"2016-01-14T16:25:13.227Z"},{"date":"2010 Q4","value":"130.3","year":"2010","month":"","quarter":"Q4","sourceDataset":"CSDB","updateDate":"2016-01-14T16:25:13.227Z"},{"date":"2011 Q1","value":"130.3","year":"2011","month":"","quarter":"Q1","sourceDataset":"CSDB","updateDate":"2016-01-14T16:25:13.227Z"},{"date":"2011 Q2","value":"136.4","year":"2011","month":"","quarter":"Q2","sourceDataset":"CSDB","updateDate":"2016-01-14T16:25:13.227Z"},{"date":"2011 Q3","value":"136.4","year":"2011","month":"","quarter":"Q3","sourceDataset":"CSDB","updateDate":"2016-01-14T16:25:13.227Z"},{"date":"2011 Q4","value":"136.4","year":"2011","month":"","quarter":"Q4","sourceDataset":"CSDB","updateDate":"2016-01-14T16:25:13.227Z"},{"date":"2012 Q1","value":"136.4","year":"2012","month":"","quarter":"Q1","sourceDataset":"CSDB","updateDate":"2016-01-14T16:25:13.227Z"},{"date":"2012 Q2","value":"143.5","year":"2012","month":"","quarter":"Q2","sourceDataset":"CSDB","updateDate":"2016-01-14T16:25:13.227Z"},{"date":"2012 Q3","value":"143.5","year":"2012","month":"","quarter":"Q3","sourceDataset":"CSDB","updateDate":"2016-01-14T16:25:13.227Z"},{"date":"2012 Q4","value":"143.5","year":"2012","month":"","quarter":"Q4","sourceDataset":"CSDB","updateDate":"2016-01-14T16:25:13.227Z"},{"date":"2013 Q1","value":"143.5","year":"2013","month":"","quarter":"Q1","sourceDataset":"CSDB","updateDate":"2016-01-14T16:25:13.227Z"},{"date":"2013 Q2","value":"148.0","year":"2013","month":"","quarter":"Q2","sourceDataset":"CSDB","updateDate":"2016-01-14T16:25:13.227Z"},{"date":"2013 Q3","value":"148.0","year":"2013","month":"","quarter":"Q3","sourceDataset":"CSDB","updateDate":"2016-01-14T16:25:13.227Z"},{"date":"2013 Q4","value":"148.0","year":"2013","month":"","quarter":"Q4","sourceDataset":"CSDB","updateDate":"2016-01-14T16:25:13.227Z"},{"date":"2014 Q1","value":"148.0","year":"2014","month":"","quarter":"Q1","sourceDataset":"CSDB","updateDate":"2016-01-14T16:25:13.227Z"},{"date":"2014 Q2","value":"150.3","year":"2014","month":"","quarter":"Q2","sourceDataset":"CSDB","updateDate":"2016-01-14T16:25:13.227Z"},{"date":"2014 Q3","value":"150.3","year":"2014","month":"","quarter":"Q3","sourceDataset":"CSDB","updateDate":"2016-01-14T16:25:13.227Z"},{"date":"2014 Q4","value":"150.3","year":"2014","month":"","quarter":"Q4","sourceDataset":"CSDB","updateDate":"2016-01-14T16:25:13.227Z"},{"date":"2015 Q1","value":"150.3","year":"2015","month":"","quarter":"Q1","sourceDataset":"CSDB","updateDate":"2016-01-14T16:25:13.227Z"},{"date":"2015 Q2","value":"147.8","year":"2015","month":"","quarter":"Q2","sourceDataset":"CSDB","updateDate":"2016-01-14T16:25:13.227Z"}],"months":[{"date":"2005 JAN","value":"90.8","year":"2005","month":"January","quarter":"","sourceDataset":"CSDB","updateDate":"2016-01-14T16:25:13.227Z"},{"date":"2005 FEB","value":"90.8","year":"2005","month":"February","quarter":"","sourceDataset":"CSDB","updateDate":"2016-01-14T16:25:13.227Z"},{"date":"2005 MAR","value":"90.8","year":"2005","month":"March","quarter":"","sourceDataset":"CSDB","updateDate":"2016-01-14T16:25:13.227Z"},{"date":"2005 APR","value":"103.1","year":"2005","month":"April","quarter":"","sourceDataset":"CSDB","updateDate":"2016-01-14T16:25:13.227Z"},{"date":"2005 MAY","value":"103.1","year":"2005","month":"May","quarter":"","sourceDataset":"CSDB","updateDate":"2016-01-14T16:25:13.227Z"},{"date":"2005 JUN","value":"103.1","year":"2005","month":"June","quarter":"","sourceDataset":"CSDB","updateDate":"2016-01-14T16:25:13.227Z"},{"date":"2005 JUL","value":"103.1","year":"2005","month":"July","quarter":"","sourceDataset":"CSDB","updateDate":"2016-01-14T16:25:13.227Z"},{"date":"2005 AUG","value":"103.1","year":"2005","month":"August","quarter":"","sourceDataset":"CSDB","updateDate":"2016-01-14T16:25:13.227Z"},{"date":"2005 SEP","value":"103.1","year":"2005","month":"September","quarter":"","sourceDataset":"CSDB","updateDate":"2016-01-14T16:25:13.227Z"},{"date":"2005 OCT","value":"103.1","year":"2005","month":"October","quarter":"","sourceDataset":"CSDB","updateDate":"2016-01-14T16:25:13.227Z"},{"date":"2005 NOV","value":"103.1","year":"2005","month":"November","quarter":"","sourceDataset":"CSDB","updateDate":"2016-01-14T16:25:13.227Z"},{"date":"2005 DEC","value":"103.1","year":"2005","month":"December","quarter":"","sourceDataset":"CSDB","updateDate":"2016-01-14T16:25:13.227Z"},{"date":"2006 JAN","value":"103.1","year":"2006","month":"January","quarter":"","sourceDataset":"CSDB","updateDate":"2016-01-14T16:25:13.227Z"},{"date":"2006 FEB","value":"103.1","year":"2006","month":"February","quarter":"","sourceDataset":"CSDB","updateDate":"2016-01-14T16:25:13.227Z"},{"date":"2006 MAR","value":"103.1","year":"2006","month":"March","quarter":"","sourceDataset":"CSDB","updateDate":"2016-01-14T16:25:13.227Z"},{"date":"2006 APR","value":"109.0","year":"2006","month":"April","quarter":"","sourceDataset":"CSDB","updateDate":"2016-01-14T16:25:13.227Z"},{"date":"2006 MAY","value":"109.0","year":"2006","month":"May","quarter":"","sourceDataset":"CSDB","updateDate":"2016-01-14T16:25:13.227Z"},{"date":"2006 JUN","value":"109.0","year":"2006","month":"June","quarter":"","sourceDataset":"CSDB","updateDate":"2016-01-14T16:25:13.227Z"},{"date":"2006 JUL","value":"109.0","year":"2006","month":"July","quarter":"","sourceDataset":"CSDB","updateDate":"2016-01-14T16:25:13.227Z"},{"date":"2006 AUG","value":"109.0","year":"2006","month":"August","quarter":"","sourceDataset":"CSDB","updateDate":"2016-01-14T16:25:13.227Z"},{"date":"2006 SEP","value":"109.0","year":"2006","month":"September","quarter":"","sourceDataset":"CSDB","updateDate":"2016-01-14T16:25:13.227Z"},{"date":"2006 OCT","value":"109.0","year":"2006","month":"October","quarter":"","sourceDataset":"CSDB","updateDate":"2016-01-14T16:25:13.227Z"},{"date":"2006 NOV","value":"109.0","year":"2006","month":"November","quarter":"","sourceDataset":"CSDB","updateDate":"2016-01-14T16:25:13.227Z"},{"date":"2006 DEC","value":"109.0","year":"2006","month":"December","quarter":"","sourceDataset":"CSDB","updateDate":"2016-01-14T16:25:13.227Z"},{"date":"2007 JAN","value":"109.0","year":"2007","month":"January","quarter":"","sourceDataset":"CSDB","updateDate":"2016-01-14T16:25:13.227Z"},{"date":"2007 FEB","value":"109.0","year":"2007","month":"February","quarter":"","sourceDataset":"CSDB","updateDate":"2016-01-14T16:25:13.227Z"},{"date":"2007 MAR","value":"109.0","year":"2007","month":"March","quarter":"","sourceDataset":"CSDB","updateDate":"2016-01-14T16:25:13.227Z"},{"date":"2007 APR","value":"115.7","year":"2007","month":"April","quarter":"","sourceDataset":"CSDB","updateDate":"2016-01-14T16:25:13.227Z"},{"date":"2007 MAY","value":"115.7","year":"2007","month":"May","quarter":"","sourceDataset":"CSDB","updateDate":"2016-01-14T16:25:13.227Z"},{"date":"2007 JUN","value":"115.7","year":"2007","month":"June","quarter":"","sourceDataset":"CSDB","updateDate":"2016-01-14T16:25:13.227Z"},{"date":"2007 JUL","value":"115.7","year":"2007","month":"July","quarter":"","sourceDataset":"CSDB","updateDate":"2016-01-14T16:25:13.227Z"},{"date":"2007 AUG","value":"115.7","year":"2007","month":"August","quarter":"","sourceDataset":"CSDB","updateDate":"2016-01-14T16:25:13.227Z"},{"date":"2007 SEP","value":"115.7","year":"2007","month":"September","quarter":"","sourceDataset":"CSDB","updateDate":"2016-01-14T16:25:13.227Z"},{"date":"2007 OCT","value":"115.7","year":"2007","month":"October","quarter":"","sourceDataset":"CSDB","updateDate":"2016-01-14T16:25:13.227Z"},{"date":"2007 NOV","value":"115.7","year":"2007","month":"November","quarter":"","sourceDataset":"CSDB","updateDate":"2016-01-14T16:25:13.227Z"},{"date":"2007 DEC","value":"115.7","year":"2007","month":"December","quarter":"","sourceDataset":"CSDB","updateDate":"2016-01-14T16:25:13.227Z"},{"date":"2008 JAN","value":"115.7","year":"2008","month":"January","quarter":"","sourceDataset":"CSDB","updateDate":"2016-01-14T16:25:13.227Z"},{"date":"2008 FEB","value":"115.7","year":"2008","month":"February","quarter":"","sourceDataset":"CSDB","updateDate":"2016-01-14T16:25:13.227Z"},{"date":"2008 MAR","value":"115.7","year":"2008","month":"March","quarter":"","sourceDataset":"CSDB","updateDate":"2016-01-14T16:25:13.227Z"},{"date":"2008 APR","value":"122.2","year":"2008","month":"April","quarter":"","sourceDataset":"CSDB","updateDate":"2016-01-14T16:25:13.227Z"},{"date":"2008 MAY","value":"122.2","year":"2008","month":"May","quarter":"","sourceDataset":"CSDB","updateDate":"2016-01-14T16:25:13.227Z"},{"date":"2008 JUN","value":"122.2","year":"2008","month":"June","quarter":"","sourceDataset":"CSDB","updateDate":"2016-01-14T16:25:13.227Z"},{"date":"2008 JUL","value":"122.2","year":"2008","month":"July","quarter":"","sourceDataset":"CSDB","updateDate":"2016-01-14T16:25:13.227Z"},{"date":"2008 AUG","value":"122.2","year":"2008","month":"August","quarter":"","sourceDataset":"CSDB","updateDate":"2016-01-14T16:25:13.227Z"},{"date":"2008 SEP","value":"122.2","year":"2008","month":"September","quarter":"","sourceDataset":"CSDB","updateDate":"2016-01-14T16:25:13.227Z"},{"date":"2008 OCT","value":"122.2","year":"2008","month":"October","quarter":"","sourceDataset":"CSDB","updateDate":"2016-01-14T16:25:13.227Z"},{"date":"2008 NOV","value":"122.2","year":"2008","month":"November","quarter":"","sourceDataset":"CSDB","updateDate":"2016-01-14T16:25:13.227Z"},{"date":"2008 DEC","value":"122.2","year":"2008","month":"December","quarter":"","sourceDataset":"CSDB","updateDate":"2016-01-14T16:25:13.227Z"},{"date":"2009 JAN","value":"122.2","year":"2009","month":"January","quarter":"","sourceDataset":"CSDB","updateDate":"2016-01-14T16:25:13.227Z"},{"date":"2009 FEB","value":"122.2","year":"2009","month":"February","quarter":"","sourceDataset":"CSDB","updateDate":"2016-01-14T16:25:13.227Z"},{"date":"2009 MAR","value":"122.2","year":"2009","month":"March","quarter":"","sourceDataset":"CSDB","updateDate":"2016-01-14T16:25:13.227Z"},{"date":"2009 APR","value":"127.7","year":"2009","month":"April","quarter":"","sourceDataset":"CSDB","updateDate":"2016-01-14T16:25:13.227Z"},{"date":"2009 MAY","value":"127.7","year":"2009","month":"May","quarter":"","sourceDataset":"CSDB","updateDate":"2016-01-14T16:25:13.227Z"},{"date":"2009 JUN","value":"127.7","year":"2009","month":"June","quarter":"","sourceDataset":"CSDB","updateDate":"2016-01-14T16:25:13.227Z"},{"date":"2009 JUL","value":"127.7","year":"2009","month":"July","quarter":"","sourceDataset":"CSDB","updateDate":"2016-01-14T16:25:13.227Z"},{"date":"2009 AUG","value":"127.7","year":"2009","month":"August","quarter":"","sourceDataset":"CSDB","updateDate":"2016-01-14T16:25:13.227Z"},{"date":"2009 SEP","value":"127.7","year":"2009","month":"September","quarter":"","sourceDataset":"CSDB","updateDate":"2016-01-14T16:25:13.227Z"},{"date":"2009 OCT","value":"127.7","year":"2009","month":"October","quarter":"","sourceDataset":"CSDB","updateDate":"2016-01-14T16:25:13.227Z"},{"date":"2009 NOV","value":"127.7","year":"2009","month":"November","quarter":"","sourceDataset":"CSDB","updateDate":"2016-01-14T16:25:13.227Z"},{"date":"2009 DEC","value":"127.7","year":"2009","month":"December","quarter":"","sourceDataset":"CSDB","updateDate":"2016-01-14T16:25:13.227Z"},{"date":"2010 JAN","value":"127.7","year":"2010","month":"January","quarter":"","sourceDataset":"CSDB","updateDate":"2016-01-14T16:25:13.227Z"},{"date":"2010 FEB","value":"127.7","year":"2010","month":"February","quarter":"","sourceDataset":"CSDB","updateDate":"2016-01-14T16:25:13.227Z"},{"date":"2010 MAR","value":"127.7","year":"2010","month":"March","quarter":"","sourceDataset":"CSDB","updateDate":"2016-01-14T16:25:13.227Z"},{"date":"2010 APR","value":"130.3","year":"2010","month":"April","quarter":"","sourceDataset":"CSDB","updateDate":"2016-01-14T16:25:13.227Z"},{"date":"2010 MAY","value":"130.3","year":"2010","month":"May","quarter":"","sourceDataset":"CSDB","updateDate":"2016-01-14T16:25:13.227Z"},{"date":"2010 JUN","value":"130.3","year":"2010","month":"June","quarter":"","sourceDataset":"CSDB","updateDate":"2016-01-14T16:25:13.227Z"},{"date":"2010 JUL","value":"130.3","year":"2010","month":"July","quarter":"","sourceDataset":"CSDB","updateDate":"2016-01-14T16:25:13.227Z"},{"date":"2010 AUG","value":"130.3","year":"2010","month":"August","quarter":"","sourceDataset":"CSDB","updateDate":"2016-01-14T16:25:13.227Z"},{"date":"2010 SEP","value":"130.3","year":"2010","month":"September","quarter":"","sourceDataset":"CSDB","updateDate":"2016-01-14T16:25:13.227Z"},{"date":"2010 OCT","value":"130.3","year":"2010","month":"October","quarter":"","sourceDataset":"CSDB","updateDate":"2016-01-14T16:25:13.227Z"},{"date":"2010 NOV","value":"130.3","year":"2010","month":"November","quarter":"","sourceDataset":"CSDB","updateDate":"2016-01-14T16:25:13.227Z"},{"date":"2010 DEC","value":"130.3","year":"2010","month":"December","quarter":"","sourceDataset":"CSDB","updateDate":"2016-01-14T16:25:13.227Z"},{"date":"2011 JAN","value":"130.3","year":"2011","month":"January","quarter":"","sourceDataset":"CSDB","updateDate":"2016-01-14T16:25:13.227Z"},{"date":"2011 FEB","value":"130.3","year":"2011","month":"February","quarter":"","sourceDataset":"CSDB","updateDate":"2016-01-14T16:25:13.227Z"},{"date":"2011 MAR","value":"130.3","year":"2011","month":"March","quarter":"","sourceDataset":"CSDB","updateDate":"2016-01-14T16:25:13.227Z"},{"date":"2011 APR","value":"136.4","year":"2011","month":"April","quarter":"","sourceDataset":"CSDB","updateDate":"2016-01-14T16:25:13.227Z"},{"date":"2011 MAY","value":"136.4","year":"2011","month":"May","quarter":"","sourceDataset":"CSDB","updateDate":"2016-01-14T16:25:13.227Z"},{"date":"2011 JUN","value":"136.4","year":"2011","month":"June","quarter":"","sourceDataset":"CSDB","updateDate":"2016-01-14T16:25:13.227Z"},{"date":"2011 JUL","value":"136.4","year":"2011","month":"July","quarter":"","sourceDataset":"CSDB","updateDate":"2016-01-14T16:25:13.227Z"},{"date":"2011 AUG","value":"136.4","year":"2011","month":"August","quarter":"","sourceDataset":"CSDB","updateDate":"2016-01-14T16:25:13.227Z"},{"date":"2011 SEP","value":"136.4","year":"2011","month":"September","quarter":"","sourceDataset":"CSDB","updateDate":"2016-01-14T16:25:13.227Z"},{"date":"2011 OCT","value":"136.4","year":"2011","month":"October","quarter":"","sourceDataset":"CSDB","updateDate":"2016-01-14T16:25:13.227Z"},{"date":"2011 NOV","value":"136.4","year":"2011","month":"November","quarter":"","sourceDataset":"CSDB","updateDate":"2016-01-14T16:25:13.227Z"},{"date":"2011 DEC","value":"136.4","year":"2011","month":"December","quarter":"","sourceDataset":"CSDB","updateDate":"2016-01-14T16:25:13.227Z"},{"date":"2012 JAN","value":"136.4","year":"2012","month":"January","quarter":"","sourceDataset":"CSDB","updateDate":"2016-01-14T16:25:13.227Z"},{"date":"2012 FEB","value":"136.4","year":"2012","month":"February","quarter":"","sourceDataset":"CSDB","updateDate":"2016-01-14T16:25:13.227Z"},{"date":"2012 MAR","value":"136.4","year":"2012","month":"March","quarter":"","sourceDataset":"CSDB","updateDate":"2016-01-14T16:25:13.227Z"},{"date":"2012 APR","value":"143.5","year":"2012","month":"April","quarter":"","sourceDataset":"CSDB","updateDate":"2016-01-14T16:25:13.227Z"},{"date":"2012 MAY","value":"143.5","year":"2012","month":"May","quarter":"","sourceDataset":"CSDB","updateDate":"2016-01-14T16:25:13.227Z"},{"date":"2012 JUN","value":"143.5","year":"2012","month":"June","quarter":"","sourceDataset":"CSDB","updateDate":"2016-01-14T16:25:13.227Z"},{"date":"2012 JUL","value":"143.5","year":"2012","month":"July","quarter":"","sourceDataset":"CSDB","updateDate":"2016-01-14T16:25:13.227Z"},{"date":"2012 AUG","value":"143.5","year":"2012","month":"August","quarter":"","sourceDataset":"CSDB","updateDate":"2016-01-14T16:25:13.227Z"},{"date":"2012 SEP","value":"143.5","year":"2012","month":"September","quarter":"","sourceDataset":"CSDB","updateDate":"2016-01-14T16:25:13.227Z"},{"date":"2012 OCT","value":"143.5","year":"2012","month":"October","quarter":"","sourceDataset":"CSDB","updateDate":"2016-01-14T16:25:13.227Z"},{"date":"2012 NOV","value":"143.5","year":"2012","month":"November","quarter":"","sourceDataset":"CSDB","updateDate":"2016-01-14T16:25:13.227Z"},{"date":"2012 DEC","value":"143.5","year":"2012","month":"December","quarter":"","sourceDataset":"CSDB","updateDate":"2016-01-14T16:25:13.227Z"},{"date":"2013 JAN","value":"143.5","year":"2013","month":"January","quarter":"","sourceDataset":"CSDB","updateDate":"2016-01-14T16:25:13.227Z"},{"date":"2013 FEB","value":"143.5","year":"2013","month":"February","quarter":"","sourceDataset":"CSDB","updateDate":"2016-01-14T16:25:13.227Z"},{"date":"2013 MAR","value":"143.5","year":"2013","month":"March","quarter":"","sourceDataset":"CSDB","updateDate":"2016-01-14T16:25:13.227Z"},{"date":"2013 APR","value":"148.0","year":"2013","month":"April","quarter":"","sourceDataset":"CSDB","updateDate":"2016-01-14T16:25:13.227Z"},{"date":"2013 MAY","value":"148.0","year":"2013","month":"May","quarter":"","sourceDataset":"CSDB","updateDate":"2016-01-14T16:25:13.227Z"},{"date":"2013 JUN","value":"148.0","year":"2013","month":"June","quarter":"","sourceDataset":"CSDB","updateDate":"2016-01-14T16:25:13.227Z"},{"date":"2013 JUL","value":"148.0","year":"2013","month":"July","quarter":"","sourceDataset":"CSDB","updateDate":"2016-01-14T16:25:13.227Z"},{"date":"2013 AUG","value":"148.0","year":"2013","month":"August","quarter":"","sourceDataset":"CSDB","updateDate":"2016-01-14T16:25:13.227Z"},{"date":"2013 SEP","value":"148.0","year":"2013","month":"September","quarter":"","sourceDataset":"CSDB","updateDate":"2016-01-14T16:25:13.227Z"},{"date":"2013 OCT","value":"148.0","year":"2013","month":"October","quarter":"","sourceDataset":"CSDB","updateDate":"2016-01-14T16:25:13.227Z"},{"date":"2013 NOV","value":"148.0","year":"2013","month":"November","quarter":"","sourceDataset":"CSDB","updateDate":"2016-01-14T16:25:13.227Z"},{"date":"2013 DEC","value":"148.0","year":"2013","month":"December","quarter":"","sourceDataset":"CSDB","updateDate":"2016-01-14T16:25:13.227Z"},{"date":"2014 JAN","value":"148.0","year":"2014","month":"January","quarter":"","sourceDataset":"CSDB","updateDate":"2016-01-14T16:25:13.227Z"},{"date":"2014 FEB","value":"148.0","year":"2014","month":"February","quarter":"","sourceDataset":"CSDB","updateDate":"2016-01-14T16:25:13.227Z"},{"date":"2014 MAR","value":"148.0","year":"2014","month":"March","quarter":"","sourceDataset":"CSDB","updateDate":"2016-01-14T16:25:13.227Z"},{"date":"2014 APR","value":"150.3","year":"2014","month":"April","quarter":"","sourceDataset":"CSDB","updateDate":"2016-01-14T16:25:13.227Z"},{"date":"2014 MAY","value":"150.3","year":"2014","month":"May","quarter":"","sourceDataset":"CSDB","updateDate":"2016-01-14T16:25:13.227Z"},{"date":"2014 JUN","value":"150.3","year":"2014","month":"June","quarter":"","sourceDataset":"CSDB","updateDate":"2016-01-14T16:25:13.227Z"},{"date":"2014 JUL","value":"150.3","year":"2014","month":"July","quarter":"","sourceDataset":"CSDB","updateDate":"2016-01-14T16:25:13.227Z"},{"date":"2014 AUG","value":"150.3","year":"2014","month":"August","quarter":"","sourceDataset":"CSDB","updateDate":"2016-01-14T16:25:13.227Z"},{"date":"2014 SEP","value":"150.3","year":"2014","month":"September","quarter":"","sourceDataset":"CSDB","updateDate":"2016-01-14T16:25:13.227Z"},{"date":"2014 OCT","value":"150.3","year":"2014","month":"October","quarter":"","sourceDataset":"CSDB","updateDate":"2016-01-14T16:25:13.227Z"},{"date":"2014 NOV","value":"150.3","year":"2014","month":"November","quarter":"","sourceDataset":"CSDB","updateDate":"2016-01-14T16:25:13.227Z"},{"date":"2014 DEC","value":"150.3","year":"2014","month":"December","quarter":"","sourceDataset":"CSDB","updateDate":"2016-01-14T16:25:13.227Z"},{"date":"2015 JAN","value":"150.3","year":"2015","month":"January","quarter":"","sourceDataset":"CSDB","updateDate":"2016-01-14T16:25:13.227Z"},{"date":"2015 FEB","value":"150.3","year":"2015","month":"February","quarter":"","sourceDataset":"CSDB","updateDate":"2016-01-14T16:25:13.227Z"},{"date":"2015 MAR","value":"150.3","year":"2015","month":"March","quarter":"","sourceDataset":"CSDB","updateDate":"2016-01-14T16:25:13.227Z"},{"date":"2015 APR","value":"147.8","year":"2015","month":"April","quarter":"","sourceDataset":"CSDB","updateDate":"2016-01-14T16:25:13.227Z"},{"date":"2015 MAY","value":"147.8","year":"2015","month":"May","quarter":"","sourceDataset":"CSDB","updateDate":"2016-01-14T16:25:13.227Z"},{"date":"2015 JUN","value":"147.8","year":"2015","month":"June","quarter":"","sourceDataset":"CSDB","updateDate":"2016-01-14T16:25:13.227Z"},{"date":"2015 JUL","value":"147.8","year":"2015","month":"July","quarter":"","sourceDataset":"CSDB","updateDate":"2016-01-14T16:25:13.227Z"},{"date":"2015 AUG","value":"147.8","year":"2015","month":"August","quarter":"","sourceDataset":"CSDB","updateDate":"2016-01-22T20:07:43.292Z"}],"sourceDatasets":["CSDB"],"relatedDatasets":[{"uri":"/businessindustryandtrade/changestobusiness/bankruptcyinsolvency/datasets/carlsxmasrelease/2015"},{"uri":"/businessindustryandtrade/changestobusiness/bankruptcyinsolvency/datasets/wahasaqewqeqwe/2015"},{"uri":"/businessindustryandtrade/changestobusiness/bankruptcyinsolvency/datasets/releaseisreleaseygyug/2015"},{"uri":"/businessindustryandtrade/changestobusiness/bankruptcyinsolvency/datasets/releaseisreleaseadffd/2015"},{"uri":"/businessindustryandtrade/changestobusiness/bankruptcyinsolvency/datasets/pageunencrypted/2015"}],"relatedDocuments":[],"versions":[{"uri":"/businessindustryandtrade/changestobusiness/bankruptcyinsolvency/timeseries/l53b/previous/v1","updateDate":"2016-01-26T00:00:00.000Z","correctionNotice":"","label":"v1"}],"type":"timeseries","description":{"title":"CPIH INDEX 04.4.1 : WATER SUPPLY 2005\u003d100                               ","contact":{"email":"","name":"","telephone":""},"releaseDate":"2016-01-28T00:00:00.000Z","nextRelease":"","cdid":"L53B","unit":"","preUnit":"","source":"","seasonalAdjustment":"NSA","date":"2015 AUG","number":"147.8"}}