{"years":[{"date":"1996","value":"5","year":"1996","month":"","quarter":"","sourceDataset":"CSDB","updateDate":"2016-01-14T16:25:12.980Z"},{"date":"1997","value":"5","year":"1997","month":"","quarter":"","sourceDataset":"CSDB","updateDate":"2016-01-14T16:25:12.980Z"},{"date":"1998","value":"5","year":"1998","month":"","quarter":"","sourceDataset":"CSDB","updateDate":"2016-01-14T16:25:12.980Z"},{"date":"1999","value":"6","year":"1999","month":"","quarter":"","sourceDataset":"CSDB","updateDate":"2016-01-14T16:25:12.980Z"},{"date":"2000","value":"11","year":"2000","month":"","quarter":"","sourceDataset":"CSDB","updateDate":"2016-01-14T16:25:12.980Z"},{"date":"2001","value":"10","year":"2001","month":"","quarter":"","sourceDataset":"CSDB","updateDate":"2016-01-14T16:25:12.980Z"},{"date":"2002","value":"8","year":"2002","month":"","quarter":"","sourceDataset":"CSDB","updateDate":"2016-01-14T16:25:12.980Z"},{"date":"2003","value":"7","year":"2003","month":"","quarter":"","sourceDataset":"CSDB","updateDate":"2016-01-14T16:25:12.980Z"},{"date":"2004","value":"6","year":"2004","month":"","quarter":"","sourceDataset":"CSDB","updateDate":"2016-01-14T16:25:12.980Z"},{"date":"2005","value":"6","year":"2005","month":"","quarter":"","sourceDataset":"CSDB","updateDate":"2016-01-14T16:25:12.980Z"},{"date":"2006","value":"5","year":"2006","month":"","quarter":"","sourceDataset":"CSDB","updateDate":"2016-01-14T16:25:12.980Z"},{"date":"2007","value":"5","year":"2007","month":"","quarter":"","sourceDataset":"CSDB","updateDate":"2016-01-14T16:25:12.980Z"},{"date":"2008","value":"5","year":"2008","month":"","quarter":"","sourceDataset":"CSDB","updateDate":"2016-01-14T16:25:12.980Z"},{"date":"2009","value":"6","year":"2009","month":"","quarter":"","sourceDataset":"CSDB","updateDate":"2016-01-14T16:25:12.980Z"},{"date":"2010","value":"7","year":"2010","month":"","quarter":"","sourceDataset":"CSDB","updateDate":"2016-01-14T16:25:12.980Z"},{"date":"2011","value":"6","year":"2011","month":"","quarter":"","sourceDataset":"CSDB","updateDate":"2016-01-14T16:25:12.980Z"},{"date":"2012","value":"5","year":"2012","month":"","quarter":"","sourceDataset":"CSDB","updateDate":"2016-01-14T16:25:12.980Z"},{"date":"2013","value":"5","year":"2013","month":"","quarter":"","sourceDataset":"CSDB","updateDate":"2016-01-14T16:25:12.980Z"},{"date":"2014","value":"5","year":"2014","month":"","quarter":"","sourceDataset":"CSDB","updateDate":"2016-01-14T16:25:12.980Z"},{"date":"2015","value":"5","year":"2015","month":"","quarter":"","sourceDataset":"CSDB","updateDate":"2016-01-14T16:25:12.980Z"}],"quarters":[],"months":[],"sourceDatasets":["CSDB"],"relatedDatasets":[{"uri":"/businessindustryandtrade/changestobusiness/bankruptcyinsolvency/datasets/carlsxmasrelease/2015"},{"uri":"/businessindustryandtrade/changestobusiness/bankruptcyinsolvency/datasets/wahasaqewqeqwe/2015"},{"uri":"/businessindustryandtrade/changestobusiness/bankruptcyinsolvency/datasets/releaseisreleaseygyug/2015"},{"uri":"/businessindustryandtrade/changestobusiness/bankruptcyinsolvency/datasets/releaseisreleaseadffd/2015"},{"uri":"/businessindustryandtrade/changestobusiness/bankruptcyinsolvency/datasets/pageunencrypted/2015"}],"relatedDocuments":[],"type":"timeseries","description":{"title":"CPI WEIGHTS 09.5.3 : MISC. PRINTED MATTER, STATIONERY AND DRAWING EQ.   ","contact":{"email":"","name":"","telephone":""},"releaseDate":"2016-01-28T00:00:00.000Z","nextRelease":"","cdid":"ICVW","unit":"","preUnit":"","source":"","seasonalAdjustment":"NSA","date":"2015","number":"5"}}