{"years":[{"date":"1987","value":"101.0","year":"1987","month":"","quarter":"","sourceDataset":"CSDB","updateDate":"2016-01-14T16:25:13.273Z"},{"date":"1988","value":"109.4","year":"1988","month":"","quarter":"","sourceDataset":"CSDB","updateDate":"2016-01-14T16:25:13.273Z"},{"date":"1989","value":"120.0","year":"1989","month":"","quarter":"","sourceDataset":"CSDB","updateDate":"2016-01-14T16:25:13.273Z"},{"date":"1990","value":"124.2","year":"1990","month":"","quarter":"","sourceDataset":"CSDB","updateDate":"2016-01-14T16:25:13.273Z"},{"date":"1991","value":"124.7","year":"1991","month":"","quarter":"","sourceDataset":"CSDB","updateDate":"2016-01-14T16:25:13.273Z"},{"date":"1992","value":"125.4","year":"1992","month":"","quarter":"","sourceDataset":"CSDB","updateDate":"2016-01-14T16:25:13.273Z"},{"date":"1993","value":"135.3","year":"1993","month":"","quarter":"","sourceDataset":"CSDB","updateDate":"2016-01-14T16:25:13.273Z"},{"date":"1994","value":"132.5","year":"1994","month":"","quarter":"","sourceDataset":"CSDB","updateDate":"2016-01-14T16:25:13.273Z"},{"date":"1995","value":"133.7","year":"1995","month":"","quarter":"","sourceDataset":"CSDB","updateDate":"2016-01-14T16:25:13.273Z"},{"date":"1996","value":"135.0","year":"1996","month":"","quarter":"","sourceDataset":"CSDB","updateDate":"2016-01-14T16:25:13.273Z"},{"date":"1997","value":"132.1","year":"1997","month":"","quarter":"","sourceDataset":"CSDB","updateDate":"2016-01-14T16:25:13.273Z"},{"date":"1998","value":"129.5","year":"1998","month":"","quarter":"","sourceDataset":"CSDB","updateDate":"2016-01-14T16:25:13.273Z"},{"date":"1999","value":"133.0","year":"1999","month":"","quarter":"","sourceDataset":"CSDB","updateDate":"2016-01-14T16:25:13.273Z"},{"date":"2000","value":"133.2","year":"2000","month":"","quarter":"","sourceDataset":"CSDB","updateDate":"2016-01-14T16:25:13.273Z"},{"date":"2001","value":"133.7","year":"2001","month":"","quarter":"","sourceDataset":"CSDB","updateDate":"2016-01-14T16:25:13.273Z"},{"date":"2002","value":"133.3","year":"2002","month":"","quarter":"","sourceDataset":"CSDB","updateDate":"2016-01-14T16:25:13.273Z"},{"date":"2003","value":"131.9","year":"2003","month":"","quarter":"","sourceDataset":"CSDB","updateDate":"2016-01-14T16:25:13.273Z"},{"date":"2004","value":"134.3","year":"2004","month":"","quarter":"","sourceDataset":"CSDB","updateDate":"2016-01-14T16:25:13.273Z"},{"date":"2005","value":"133.1","year":"2005","month":"","quarter":"","sourceDataset":"CSDB","updateDate":"2016-01-14T16:25:13.273Z"},{"date":"2006","value":"138.3","year":"2006","month":"","quarter":"","sourceDataset":"CSDB","updateDate":"2016-01-14T16:25:13.273Z"},{"date":"2007","value":"141.3","year":"2007","month":"","quarter":"","sourceDataset":"CSDB","updateDate":"2016-01-14T16:25:13.273Z"},{"date":"2008","value":"161.9","year":"2008","month":"","quarter":"","sourceDataset":"CSDB","updateDate":"2016-01-14T16:25:13.273Z"},{"date":"2009","value":"175.4","year":"2009","month":"","quarter":"","sourceDataset":"CSDB","updateDate":"2016-01-14T16:25:13.273Z"},{"date":"2010","value":"174.6","year":"2010","month":"","quarter":"","sourceDataset":"CSDB","updateDate":"2016-01-14T16:25:13.273Z"},{"date":"2011","value":"181.8","year":"2011","month":"","quarter":"","sourceDataset":"CSDB","updateDate":"2016-01-14T16:25:13.273Z"},{"date":"2012","value":"201.7","year":"2012","month":"","quarter":"","sourceDataset":"CSDB","updateDate":"2016-01-14T16:25:13.273Z"},{"date":"2013","value":"213.4","year":"2013","month":"","quarter":"","sourceDataset":"CSDB","updateDate":"2016-01-14T16:25:13.273Z"},{"date":"2014","value":"219.1","year":"2014","month":"","quarter":"","sourceDataset":"CSDB","updateDate":"2016-01-14T16:25:13.273Z"}],"quarters":[{"date":"1987 Q1","value":"99.5","year":"1987","month":"","quarter":"Q1","sourceDataset":"CSDB","updateDate":"2016-01-14T16:25:13.273Z"},{"date":"1987 Q2","value":"100.6","year":"1987","month":"","quarter":"Q2","sourceDataset":"CSDB","updateDate":"2016-01-14T16:25:13.273Z"},{"date":"1987 Q3","value":"101.0","year":"1987","month":"","quarter":"Q3","sourceDataset":"CSDB","updateDate":"2016-01-14T16:25:13.273Z"},{"date":"1987 Q4","value":"102.7","year":"1987","month":"","quarter":"Q4","sourceDataset":"CSDB","updateDate":"2016-01-14T16:25:13.273Z"},{"date":"1988 Q1","value":"105.1","year":"1988","month":"","quarter":"Q1","sourceDataset":"CSDB","updateDate":"2016-01-14T16:25:13.273Z"},{"date":"1988 Q2","value":"107.7","year":"1988","month":"","quarter":"Q2","sourceDataset":"CSDB","updateDate":"2016-01-14T16:25:13.273Z"},{"date":"1988 Q3","value":"111.0","year":"1988","month":"","quarter":"Q3","sourceDataset":"CSDB","updateDate":"2016-01-14T16:25:13.273Z"},{"date":"1988 Q4","value":"113.7","year":"1988","month":"","quarter":"Q4","sourceDataset":"CSDB","updateDate":"2016-01-14T16:25:13.273Z"},{"date":"1989 Q1","value":"115.4","year":"1989","month":"","quarter":"Q1","sourceDataset":"CSDB","updateDate":"2016-01-14T16:25:13.273Z"},{"date":"1989 Q2","value":"120.1","year":"1989","month":"","quarter":"Q2","sourceDataset":"CSDB","updateDate":"2016-01-14T16:25:13.273Z"},{"date":"1989 Q3","value":"122.0","year":"1989","month":"","quarter":"Q3","sourceDataset":"CSDB","updateDate":"2016-01-14T16:25:13.273Z"},{"date":"1989 Q4","value":"122.5","year":"1989","month":"","quarter":"Q4","sourceDataset":"CSDB","updateDate":"2016-01-14T16:25:13.273Z"},{"date":"1990 Q1","value":"124.2","year":"1990","month":"","quarter":"Q1","sourceDataset":"CSDB","updateDate":"2016-01-14T16:25:13.273Z"},{"date":"1990 Q2","value":"124.9","year":"1990","month":"","quarter":"Q2","sourceDataset":"CSDB","updateDate":"2016-01-14T16:25:13.273Z"},{"date":"1990 Q3","value":"123.8","year":"1990","month":"","quarter":"Q3","sourceDataset":"CSDB","updateDate":"2016-01-14T16:25:13.273Z"},{"date":"1990 Q4","value":"123.7","year":"1990","month":"","quarter":"Q4","sourceDataset":"CSDB","updateDate":"2016-01-14T16:25:13.273Z"},{"date":"1991 Q1","value":"124.9","year":"1991","month":"","quarter":"Q1","sourceDataset":"CSDB","updateDate":"2016-01-14T16:25:13.273Z"},{"date":"1991 Q2","value":"125.7","year":"1991","month":"","quarter":"Q2","sourceDataset":"CSDB","updateDate":"2016-01-14T16:25:13.273Z"},{"date":"1991 Q3","value":"124.1","year":"1991","month":"","quarter":"Q3","sourceDataset":"CSDB","updateDate":"2016-01-14T16:25:13.273Z"},{"date":"1991 Q4","value":"124.1","year":"1991","month":"","quarter":"Q4","sourceDataset":"CSDB","updateDate":"2016-01-14T16:25:13.273Z"},{"date":"1992 Q1","value":"125.5","year":"1992","month":"","quarter":"Q1","sourceDataset":"CSDB","updateDate":"2016-01-14T16:25:13.273Z"},{"date":"1992 Q2","value":"125.1","year":"1992","month":"","quarter":"Q2","sourceDataset":"CSDB","updateDate":"2016-01-14T16:25:13.273Z"},{"date":"1992 Q3","value":"124.3","year":"1992","month":"","quarter":"Q3","sourceDataset":"CSDB","updateDate":"2016-01-14T16:25:13.273Z"},{"date":"1992 Q4","value":"126.6","year":"1992","month":"","quarter":"Q4","sourceDataset":"CSDB","updateDate":"2016-01-14T16:25:13.273Z"},{"date":"1993 Q1","value":"131.7","year":"1993","month":"","quarter":"Q1","sourceDataset":"CSDB","updateDate":"2016-01-14T16:25:13.273Z"},{"date":"1993 Q2","value":"137.5","year":"1993","month":"","quarter":"Q2","sourceDataset":"CSDB","updateDate":"2016-01-14T16:25:13.273Z"},{"date":"1993 Q3","value":"137.9","year":"1993","month":"","quarter":"Q3","sourceDataset":"CSDB","updateDate":"2016-01-14T16:25:13.273Z"},{"date":"1993 Q4","value":"134.1","year":"1993","month":"","quarter":"Q4","sourceDataset":"CSDB","updateDate":"2016-01-14T16:25:13.273Z"},{"date":"1994 Q1","value":"134.9","year":"1994","month":"","quarter":"Q1","sourceDataset":"CSDB","updateDate":"2016-01-14T16:25:13.273Z"},{"date":"1994 Q2","value":"134.6","year":"1994","month":"","quarter":"Q2","sourceDataset":"CSDB","updateDate":"2016-01-14T16:25:13.273Z"},{"date":"1994 Q3","value":"131.2","year":"1994","month":"","quarter":"Q3","sourceDataset":"CSDB","updateDate":"2016-01-14T16:25:13.273Z"},{"date":"1994 Q4","value":"129.2","year":"1994","month":"","quarter":"Q4","sourceDataset":"CSDB","updateDate":"2016-01-14T16:25:13.273Z"},{"date":"1995 Q1","value":"132.0","year":"1995","month":"","quarter":"Q1","sourceDataset":"CSDB","updateDate":"2016-01-14T16:25:13.273Z"},{"date":"1995 Q2","value":"132.6","year":"1995","month":"","quarter":"Q2","sourceDataset":"CSDB","updateDate":"2016-01-14T16:25:13.273Z"},{"date":"1995 Q3","value":"133.9","year":"1995","month":"","quarter":"Q3","sourceDataset":"CSDB","updateDate":"2016-01-14T16:25:13.273Z"},{"date":"1995 Q4","value":"136.2","year":"1995","month":"","quarter":"Q4","sourceDataset":"CSDB","updateDate":"2016-01-14T16:25:13.273Z"},{"date":"1996 Q1","value":"138.2","year":"1996","month":"","quarter":"Q1","sourceDataset":"CSDB","updateDate":"2016-01-14T16:25:13.273Z"},{"date":"1996 Q2","value":"134.2","year":"1996","month":"","quarter":"Q2","sourceDataset":"CSDB","updateDate":"2016-01-14T16:25:13.273Z"},{"date":"1996 Q3","value":"134.5","year":"1996","month":"","quarter":"Q3","sourceDataset":"CSDB","updateDate":"2016-01-14T16:25:13.273Z"},{"date":"1996 Q4","value":"133.0","year":"1996","month":"","quarter":"Q4","sourceDataset":"CSDB","updateDate":"2016-01-14T16:25:13.273Z"},{"date":"1997 Q1","value":"134.3","year":"1997","month":"","quarter":"Q1","sourceDataset":"CSDB","updateDate":"2016-01-14T16:25:13.273Z"},{"date":"1997 Q2","value":"132.9","year":"1997","month":"","quarter":"Q2","sourceDataset":"CSDB","updateDate":"2016-01-14T16:25:13.273Z"},{"date":"1997 Q3","value":"130.8","year":"1997","month":"","quarter":"Q3","sourceDataset":"CSDB","updateDate":"2016-01-14T16:25:13.273Z"},{"date":"1997 Q4","value":"130.4","year":"1997","month":"","quarter":"Q4","sourceDataset":"CSDB","updateDate":"2016-01-14T16:25:13.273Z"},{"date":"1998 Q1","value":"129.7","year":"1998","month":"","quarter":"Q1","sourceDataset":"CSDB","updateDate":"2016-01-14T16:25:13.273Z"},{"date":"1998 Q2","value":"128.7","year":"1998","month":"","quarter":"Q2","sourceDataset":"CSDB","updateDate":"2016-01-14T16:25:13.273Z"},{"date":"1998 Q3","value":"130.6","year":"1998","month":"","quarter":"Q3","sourceDataset":"CSDB","updateDate":"2016-01-14T16:25:13.273Z"},{"date":"1998 Q4","value":"129.0","year":"1998","month":"","quarter":"Q4","sourceDataset":"CSDB","updateDate":"2016-01-14T16:25:13.273Z"},{"date":"1999 Q1","value":"132.5","year":"1999","month":"","quarter":"Q1","sourceDataset":"CSDB","updateDate":"2016-01-14T16:25:13.273Z"},{"date":"1999 Q2","value":"132.3","year":"1999","month":"","quarter":"Q2","sourceDataset":"CSDB","updateDate":"2016-01-14T16:25:13.273Z"},{"date":"1999 Q3","value":"133.5","year":"1999","month":"","quarter":"Q3","sourceDataset":"CSDB","updateDate":"2016-01-14T16:25:13.273Z"},{"date":"1999 Q4","value":"133.5","year":"1999","month":"","quarter":"Q4","sourceDataset":"CSDB","updateDate":"2016-01-14T16:25:13.273Z"},{"date":"2000 Q1","value":"134.1","year":"2000","month":"","quarter":"Q1","sourceDataset":"CSDB","updateDate":"2016-01-14T16:25:13.273Z"},{"date":"2000 Q2","value":"132.8","year":"2000","month":"","quarter":"Q2","sourceDataset":"CSDB","updateDate":"2016-01-14T16:25:13.273Z"},{"date":"2000 Q3","value":"133.2","year":"2000","month":"","quarter":"Q3","sourceDataset":"CSDB","updateDate":"2016-01-14T16:25:13.273Z"},{"date":"2000 Q4","value":"132.7","year":"2000","month":"","quarter":"Q4","sourceDataset":"CSDB","updateDate":"2016-01-14T16:25:13.273Z"},{"date":"2001 Q1","value":"134.2","year":"2001","month":"","quarter":"Q1","sourceDataset":"CSDB","updateDate":"2016-01-14T16:25:13.273Z"},{"date":"2001 Q2","value":"134.4","year":"2001","month":"","quarter":"Q2","sourceDataset":"CSDB","updateDate":"2016-01-14T16:25:13.273Z"},{"date":"2001 Q3","value":"133.6","year":"2001","month":"","quarter":"Q3","sourceDataset":"CSDB","updateDate":"2016-01-14T16:25:13.273Z"},{"date":"2001 Q4","value":"132.4","year":"2001","month":"","quarter":"Q4","sourceDataset":"CSDB","updateDate":"2016-01-14T16:25:13.273Z"},{"date":"2002 Q1","value":"133.4","year":"2002","month":"","quarter":"Q1","sourceDataset":"CSDB","updateDate":"2016-01-14T16:25:13.273Z"},{"date":"2002 Q2","value":"134.0","year":"2002","month":"","quarter":"Q2","sourceDataset":"CSDB","updateDate":"2016-01-14T16:25:13.273Z"},{"date":"2002 Q3","value":"133.0","year":"2002","month":"","quarter":"Q3","sourceDataset":"CSDB","updateDate":"2016-01-14T16:25:13.273Z"},{"date":"2002 Q4","value":"132.6","year":"2002","month":"","quarter":"Q4","sourceDataset":"CSDB","updateDate":"2016-01-14T16:25:13.273Z"},{"date":"2003 Q1","value":"131.3","year":"2003","month":"","quarter":"Q1","sourceDataset":"CSDB","updateDate":"2016-01-14T16:25:13.273Z"},{"date":"2003 Q2","value":"131.4","year":"2003","month":"","quarter":"Q2","sourceDataset":"CSDB","updateDate":"2016-01-14T16:25:13.273Z"},{"date":"2003 Q3","value":"131.9","year":"2003","month":"","quarter":"Q3","sourceDataset":"CSDB","updateDate":"2016-01-14T16:25:13.273Z"},{"date":"2003 Q4","value":"132.9","year":"2003","month":"","quarter":"Q4","sourceDataset":"CSDB","updateDate":"2016-01-14T16:25:13.273Z"},{"date":"2004 Q1","value":"134.5","year":"2004","month":"","quarter":"Q1","sourceDataset":"CSDB","updateDate":"2016-01-14T16:25:13.273Z"},{"date":"2004 Q2","value":"134.7","year":"2004","month":"","quarter":"Q2","sourceDataset":"CSDB","updateDate":"2016-01-14T16:25:13.273Z"},{"date":"2004 Q3","value":"135.1","year":"2004","month":"","quarter":"Q3","sourceDataset":"CSDB","updateDate":"2016-01-14T16:25:13.273Z"},{"date":"2004 Q4","value":"132.7","year":"2004","month":"","quarter":"Q4","sourceDataset":"CSDB","updateDate":"2016-01-14T16:25:13.273Z"},{"date":"2005 Q1","value":"132.8","year":"2005","month":"","quarter":"Q1","sourceDataset":"CSDB","updateDate":"2016-01-14T16:25:13.273Z"},{"date":"2005 Q2","value":"133.7","year":"2005","month":"","quarter":"Q2","sourceDataset":"CSDB","updateDate":"2016-01-14T16:25:13.273Z"},{"date":"2005 Q3","value":"134.2","year":"2005","month":"","quarter":"Q3","sourceDataset":"CSDB","updateDate":"2016-01-14T16:25:13.273Z"},{"date":"2005 Q4","value":"131.9","year":"2005","month":"","quarter":"Q4","sourceDataset":"CSDB","updateDate":"2016-01-14T16:25:13.273Z"},{"date":"2006 Q1","value":"133.2","year":"2006","month":"","quarter":"Q1","sourceDataset":"CSDB","updateDate":"2016-01-14T16:25:13.273Z"},{"date":"2006 Q2","value":"136.2","year":"2006","month":"","quarter":"Q2","sourceDataset":"CSDB","updateDate":"2016-01-14T16:25:13.273Z"},{"date":"2006 Q3","value":"141.3","year":"2006","month":"","quarter":"Q3","sourceDataset":"CSDB","updateDate":"2016-01-14T16:25:13.273Z"},{"date":"2006 Q4","value":"142.5","year":"2006","month":"","quarter":"Q4","sourceDataset":"CSDB","updateDate":"2016-01-14T16:25:13.273Z"},{"date":"2007 Q1","value":"142.7","year":"2007","month":"","quarter":"Q1","sourceDataset":"CSDB","updateDate":"2016-01-14T16:25:13.273Z"},{"date":"2007 Q2","value":"141.7","year":"2007","month":"","quarter":"Q2","sourceDataset":"CSDB","updateDate":"2016-01-14T16:25:13.273Z"},{"date":"2007 Q3","value":"140.8","year":"2007","month":"","quarter":"Q3","sourceDataset":"CSDB","updateDate":"2016-01-14T16:25:13.273Z"},{"date":"2007 Q4","value":"139.9","year":"2007","month":"","quarter":"Q4","sourceDataset":"CSDB","updateDate":"2016-01-14T16:25:13.273Z"},{"date":"2008 Q1","value":"145.1","year":"2008","month":"","quarter":"Q1","sourceDataset":"CSDB","updateDate":"2016-01-14T16:25:13.273Z"},{"date":"2008 Q2","value":"159.5","year":"2008","month":"","quarter":"Q2","sourceDataset":"CSDB","updateDate":"2016-01-14T16:25:13.273Z"},{"date":"2008 Q3","value":"170.8","year":"2008","month":"","quarter":"Q3","sourceDataset":"CSDB","updateDate":"2016-01-14T16:25:13.273Z"},{"date":"2008 Q4","value":"172.1","year":"2008","month":"","quarter":"Q4","sourceDataset":"CSDB","updateDate":"2016-01-14T16:25:13.273Z"},{"date":"2009 Q1","value":"175.4","year":"2009","month":"","quarter":"Q1","sourceDataset":"CSDB","updateDate":"2016-01-14T16:25:13.273Z"},{"date":"2009 Q2","value":"176.6","year":"2009","month":"","quarter":"Q2","sourceDataset":"CSDB","updateDate":"2016-01-14T16:25:13.273Z"},{"date":"2009 Q3","value":"175.3","year":"2009","month":"","quarter":"Q3","sourceDataset":"CSDB","updateDate":"2016-01-14T16:25:13.273Z"},{"date":"2009 Q4","value":"174.4","year":"2009","month":"","quarter":"Q4","sourceDataset":"CSDB","updateDate":"2016-01-14T16:25:13.273Z"},{"date":"2010 Q1","value":"175.7","year":"2010","month":"","quarter":"Q1","sourceDataset":"CSDB","updateDate":"2016-01-14T16:25:13.273Z"},{"date":"2010 Q2","value":"174.1","year":"2010","month":"","quarter":"Q2","sourceDataset":"CSDB","updateDate":"2016-01-14T16:25:13.273Z"},{"date":"2010 Q3","value":"173.8","year":"2010","month":"","quarter":"Q3","sourceDataset":"CSDB","updateDate":"2016-01-14T16:25:13.273Z"},{"date":"2010 Q4","value":"174.9","year":"2010","month":"","quarter":"Q4","sourceDataset":"CSDB","updateDate":"2016-01-14T16:25:13.273Z"},{"date":"2011 Q1","value":"176.4","year":"2011","month":"","quarter":"Q1","sourceDataset":"CSDB","updateDate":"2016-01-14T16:25:13.273Z"},{"date":"2011 Q2","value":"177.4","year":"2011","month":"","quarter":"Q2","sourceDataset":"CSDB","updateDate":"2016-01-14T16:25:13.273Z"},{"date":"2011 Q3","value":"183.4","year":"2011","month":"","quarter":"Q3","sourceDataset":"CSDB","updateDate":"2016-01-14T16:25:13.273Z"},{"date":"2011 Q4","value":"189.9","year":"2011","month":"","quarter":"Q4","sourceDataset":"CSDB","updateDate":"2016-01-14T16:25:13.273Z"},{"date":"2012 Q1","value":"198.3","year":"2012","month":"","quarter":"Q1","sourceDataset":"CSDB","updateDate":"2016-01-14T16:25:13.273Z"},{"date":"2012 Q2","value":"201.8","year":"2012","month":"","quarter":"Q2","sourceDataset":"CSDB","updateDate":"2016-01-14T16:25:13.273Z"},{"date":"2012 Q3","value":"201.9","year":"2012","month":"","quarter":"Q3","sourceDataset":"CSDB","updateDate":"2016-01-14T16:25:13.273Z"},{"date":"2012 Q4","value":"204.9","year":"2012","month":"","quarter":"Q4","sourceDataset":"CSDB","updateDate":"2016-01-14T16:25:13.273Z"},{"date":"2013 Q1","value":"205.8","year":"2013","month":"","quarter":"Q1","sourceDataset":"CSDB","updateDate":"2016-01-14T16:25:13.273Z"},{"date":"2013 Q2","value":"210.3","year":"2013","month":"","quarter":"Q2","sourceDataset":"CSDB","updateDate":"2016-01-14T16:25:13.273Z"},{"date":"2013 Q3","value":"217.6","year":"2013","month":"","quarter":"Q3","sourceDataset":"CSDB","updateDate":"2016-01-14T16:25:13.273Z"},{"date":"2013 Q4","value":"219.9","year":"2013","month":"","quarter":"Q4","sourceDataset":"CSDB","updateDate":"2016-01-14T16:25:13.273Z"},{"date":"2014 Q1","value":"219.8","year":"2014","month":"","quarter":"Q1","sourceDataset":"CSDB","updateDate":"2016-01-14T16:25:13.273Z"},{"date":"2014 Q2","value":"219.1","year":"2014","month":"","quarter":"Q2","sourceDataset":"CSDB","updateDate":"2016-01-14T16:25:13.273Z"},{"date":"2014 Q3","value":"219.2","year":"2014","month":"","quarter":"Q3","sourceDataset":"CSDB","updateDate":"2016-01-14T16:25:13.273Z"},{"date":"2014 Q4","value":"218.3","year":"2014","month":"","quarter":"Q4","sourceDataset":"CSDB","updateDate":"2016-01-14T16:25:13.273Z"},{"date":"2015 Q1","value":"221.2","year":"2015","month":"","quarter":"Q1","sourceDataset":"CSDB","updateDate":"2016-01-14T16:25:13.273Z"},{"date":"2015 Q2","value":"219.0","year":"2015","month":"","quarter":"Q2","sourceDataset":"CSDB","updateDate":"2016-01-14T16:25:13.273Z"}],"months":[{"date":"1987 JAN","value":"100.0","year":"1987","month":"January","quarter":"","sourceDataset":"CSDB","updateDate":"2016-01-14T16:25:13.273Z"},{"date":"1987 FEB","value":"99.5","year":"1987","month":"February","quarter":"","sourceDataset":"CSDB","updateDate":"2016-01-14T16:25:13.273Z"},{"date":"1987 MAR","value":"99.0","year":"1987","month":"March","quarter":"","sourceDataset":"CSDB","updateDate":"2016-01-14T16:25:13.273Z"},{"date":"1987 APR","value":"100.0","year":"1987","month":"April","quarter":"","sourceDataset":"CSDB","updateDate":"2016-01-14T16:25:13.273Z"},{"date":"1987 MAY","value":"100.7","year":"1987","month":"May","quarter":"","sourceDataset":"CSDB","updateDate":"2016-01-14T16:25:13.273Z"},{"date":"1987 JUN","value":"101.2","year":"1987","month":"June","quarter":"","sourceDataset":"CSDB","updateDate":"2016-01-14T16:25:13.273Z"},{"date":"1987 JUL","value":"100.9","year":"1987","month":"July","quarter":"","sourceDataset":"CSDB","updateDate":"2016-01-14T16:25:13.273Z"},{"date":"1987 AUG","value":"100.5","year":"1987","month":"August","quarter":"","sourceDataset":"CSDB","updateDate":"2016-01-14T16:25:13.273Z"},{"date":"1987 SEP","value":"101.6","year":"1987","month":"September","quarter":"","sourceDataset":"CSDB","updateDate":"2016-01-14T16:25:13.273Z"},{"date":"1987 OCT","value":"102.0","year":"1987","month":"October","quarter":"","sourceDataset":"CSDB","updateDate":"2016-01-14T16:25:13.273Z"},{"date":"1987 NOV","value":"102.2","year":"1987","month":"November","quarter":"","sourceDataset":"CSDB","updateDate":"2016-01-14T16:25:13.273Z"},{"date":"1987 DEC","value":"103.8","year":"1987","month":"December","quarter":"","sourceDataset":"CSDB","updateDate":"2016-01-14T16:25:13.273Z"},{"date":"1988 JAN","value":"104.8","year":"1988","month":"January","quarter":"","sourceDataset":"CSDB","updateDate":"2016-01-14T16:25:13.273Z"},{"date":"1988 FEB","value":"104.9","year":"1988","month":"February","quarter":"","sourceDataset":"CSDB","updateDate":"2016-01-14T16:25:13.273Z"},{"date":"1988 MAR","value":"105.7","year":"1988","month":"March","quarter":"","sourceDataset":"CSDB","updateDate":"2016-01-14T16:25:13.273Z"},{"date":"1988 APR","value":"106.2","year":"1988","month":"April","quarter":"","sourceDataset":"CSDB","updateDate":"2016-01-14T16:25:13.273Z"},{"date":"1988 MAY","value":"107.8","year":"1988","month":"May","quarter":"","sourceDataset":"CSDB","updateDate":"2016-01-14T16:25:13.273Z"},{"date":"1988 JUN","value":"109.0","year":"1988","month":"June","quarter":"","sourceDataset":"CSDB","updateDate":"2016-01-14T16:25:13.273Z"},{"date":"1988 JUL","value":"109.6","year":"1988","month":"July","quarter":"","sourceDataset":"CSDB","updateDate":"2016-01-14T16:25:13.273Z"},{"date":"1988 AUG","value":"111.3","year":"1988","month":"August","quarter":"","sourceDataset":"CSDB","updateDate":"2016-01-14T16:25:13.273Z"},{"date":"1988 SEP","value":"112.1","year":"1988","month":"September","quarter":"","sourceDataset":"CSDB","updateDate":"2016-01-14T16:25:13.273Z"},{"date":"1988 OCT","value":"112.3","year":"1988","month":"October","quarter":"","sourceDataset":"CSDB","updateDate":"2016-01-14T16:25:13.273Z"},{"date":"1988 NOV","value":"113.8","year":"1988","month":"November","quarter":"","sourceDataset":"CSDB","updateDate":"2016-01-14T16:25:13.273Z"},{"date":"1988 DEC","value":"115.1","year":"1988","month":"December","quarter":"","sourceDataset":"CSDB","updateDate":"2016-01-14T16:25:13.273Z"},{"date":"1989 JAN","value":"115.4","year":"1989","month":"January","quarter":"","sourceDataset":"CSDB","updateDate":"2016-01-14T16:25:13.273Z"},{"date":"1989 FEB","value":"115.4","year":"1989","month":"February","quarter":"","sourceDataset":"CSDB","updateDate":"2016-01-14T16:25:13.273Z"},{"date":"1989 MAR","value":"115.4","year":"1989","month":"March","quarter":"","sourceDataset":"CSDB","updateDate":"2016-01-14T16:25:13.273Z"},{"date":"1989 APR","value":"119.1","year":"1989","month":"April","quarter":"","sourceDataset":"CSDB","updateDate":"2016-01-14T16:25:13.273Z"},{"date":"1989 MAY","value":"120.3","year":"1989","month":"May","quarter":"","sourceDataset":"CSDB","updateDate":"2016-01-14T16:25:13.273Z"},{"date":"1989 JUN","value":"121.0","year":"1989","month":"June","quarter":"","sourceDataset":"CSDB","updateDate":"2016-01-14T16:25:13.273Z"},{"date":"1989 JUL","value":"121.7","year":"1989","month":"July","quarter":"","sourceDataset":"CSDB","updateDate":"2016-01-14T16:25:13.273Z"},{"date":"1989 AUG","value":"121.8","year":"1989","month":"August","quarter":"","sourceDataset":"CSDB","updateDate":"2016-01-14T16:25:13.273Z"},{"date":"1989 SEP","value":"122.6","year":"1989","month":"September","quarter":"","sourceDataset":"CSDB","updateDate":"2016-01-14T16:25:13.273Z"},{"date":"1989 OCT","value":"122.3","year":"1989","month":"October","quarter":"","sourceDataset":"CSDB","updateDate":"2016-01-14T16:25:13.273Z"},{"date":"1989 NOV","value":"122.0","year":"1989","month":"November","quarter":"","sourceDataset":"CSDB","updateDate":"2016-01-14T16:25:13.273Z"},{"date":"1989 DEC","value":"123.1","year":"1989","month":"December","quarter":"","sourceDataset":"CSDB","updateDate":"2016-01-14T16:25:13.273Z"},{"date":"1990 JAN","value":"124.2","year":"1990","month":"January","quarter":"","sourceDataset":"CSDB","updateDate":"2016-01-14T16:25:13.273Z"},{"date":"1990 FEB","value":"124.1","year":"1990","month":"February","quarter":"","sourceDataset":"CSDB","updateDate":"2016-01-14T16:25:13.273Z"},{"date":"1990 MAR","value":"124.4","year":"1990","month":"March","quarter":"","sourceDataset":"CSDB","updateDate":"2016-01-14T16:25:13.273Z"},{"date":"1990 APR","value":"125.1","year":"1990","month":"April","quarter":"","sourceDataset":"CSDB","updateDate":"2016-01-14T16:25:13.273Z"},{"date":"1990 MAY","value":"125.6","year":"1990","month":"May","quarter":"","sourceDataset":"CSDB","updateDate":"2016-01-14T16:25:13.273Z"},{"date":"1990 JUN","value":"124.0","year":"1990","month":"June","quarter":"","sourceDataset":"CSDB","updateDate":"2016-01-14T16:25:13.273Z"},{"date":"1990 JUL","value":"124.3","year":"1990","month":"July","quarter":"","sourceDataset":"CSDB","updateDate":"2016-01-14T16:25:13.273Z"},{"date":"1990 AUG","value":"123.3","year":"1990","month":"August","quarter":"","sourceDataset":"CSDB","updateDate":"2016-01-14T16:25:13.273Z"},{"date":"1990 SEP","value":"123.9","year":"1990","month":"September","quarter":"","sourceDataset":"CSDB","updateDate":"2016-01-14T16:25:13.273Z"},{"date":"1990 OCT","value":"123.3","year":"1990","month":"October","quarter":"","sourceDataset":"CSDB","updateDate":"2016-01-14T16:25:13.273Z"},{"date":"1990 NOV","value":"123.6","year":"1990","month":"November","quarter":"","sourceDataset":"CSDB","updateDate":"2016-01-14T16:25:13.273Z"},{"date":"1990 DEC","value":"124.1","year":"1990","month":"December","quarter":"","sourceDataset":"CSDB","updateDate":"2016-01-14T16:25:13.273Z"},{"date":"1991 JAN","value":"124.7","year":"1991","month":"January","quarter":"","sourceDataset":"CSDB","updateDate":"2016-01-14T16:25:13.273Z"},{"date":"1991 FEB","value":"125.2","year":"1991","month":"February","quarter":"","sourceDataset":"CSDB","updateDate":"2016-01-14T16:25:13.273Z"},{"date":"1991 MAR","value":"124.8","year":"1991","month":"March","quarter":"","sourceDataset":"CSDB","updateDate":"2016-01-14T16:25:13.273Z"},{"date":"1991 APR","value":"125.6","year":"1991","month":"April","quarter":"","sourceDataset":"CSDB","updateDate":"2016-01-14T16:25:13.273Z"},{"date":"1991 MAY","value":"125.4","year":"1991","month":"May","quarter":"","sourceDataset":"CSDB","updateDate":"2016-01-14T16:25:13.273Z"},{"date":"1991 JUN","value":"126.0","year":"1991","month":"June","quarter":"","sourceDataset":"CSDB","updateDate":"2016-01-14T16:25:13.273Z"},{"date":"1991 JUL","value":"124.0","year":"1991","month":"July","quarter":"","sourceDataset":"CSDB","updateDate":"2016-01-14T16:25:13.273Z"},{"date":"1991 AUG","value":"124.3","year":"1991","month":"August","quarter":"","sourceDataset":"CSDB","updateDate":"2016-01-14T16:25:13.273Z"},{"date":"1991 SEP","value":"124.0","year":"1991","month":"September","quarter":"","sourceDataset":"CSDB","updateDate":"2016-01-14T16:25:13.273Z"},{"date":"1991 OCT","value":"123.0","year":"1991","month":"October","quarter":"","sourceDataset":"CSDB","updateDate":"2016-01-14T16:25:13.273Z"},{"date":"1991 NOV","value":"125.2","year":"1991","month":"November","quarter":"","sourceDataset":"CSDB","updateDate":"2016-01-14T16:25:13.273Z"},{"date":"1991 DEC","value":"124.0","year":"1991","month":"December","quarter":"","sourceDataset":"CSDB","updateDate":"2016-01-14T16:25:13.273Z"},{"date":"1992 JAN","value":"125.8","year":"1992","month":"January","quarter":"","sourceDataset":"CSDB","updateDate":"2016-01-14T16:25:13.273Z"},{"date":"1992 FEB","value":"125.1","year":"1992","month":"February","quarter":"","sourceDataset":"CSDB","updateDate":"2016-01-14T16:25:13.273Z"},{"date":"1992 MAR","value":"125.7","year":"1992","month":"March","quarter":"","sourceDataset":"CSDB","updateDate":"2016-01-14T16:25:13.273Z"},{"date":"1992 APR","value":"124.5","year":"1992","month":"April","quarter":"","sourceDataset":"CSDB","updateDate":"2016-01-14T16:25:13.273Z"},{"date":"1992 MAY","value":"125.5","year":"1992","month":"May","quarter":"","sourceDataset":"CSDB","updateDate":"2016-01-14T16:25:13.273Z"},{"date":"1992 JUN","value":"125.2","year":"1992","month":"June","quarter":"","sourceDataset":"CSDB","updateDate":"2016-01-14T16:25:13.273Z"},{"date":"1992 JUL","value":"123.6","year":"1992","month":"July","quarter":"","sourceDataset":"CSDB","updateDate":"2016-01-14T16:25:13.273Z"},{"date":"1992 AUG","value":"124.3","year":"1992","month":"August","quarter":"","sourceDataset":"CSDB","updateDate":"2016-01-14T16:25:13.273Z"},{"date":"1992 SEP","value":"124.9","year":"1992","month":"September","quarter":"","sourceDataset":"CSDB","updateDate":"2016-01-14T16:25:13.273Z"},{"date":"1992 OCT","value":"124.7","year":"1992","month":"October","quarter":"","sourceDataset":"CSDB","updateDate":"2016-01-14T16:25:13.273Z"},{"date":"1992 NOV","value":"126.8","year":"1992","month":"November","quarter":"","sourceDataset":"CSDB","updateDate":"2016-01-14T16:25:13.273Z"},{"date":"1992 DEC","value":"128.3","year":"1992","month":"December","quarter":"","sourceDataset":"CSDB","updateDate":"2016-01-14T16:25:13.273Z"},{"date":"1993 JAN","value":"128.5","year":"1993","month":"January","quarter":"","sourceDataset":"CSDB","updateDate":"2016-01-14T16:25:13.273Z"},{"date":"1993 FEB","value":"130.6","year":"1993","month":"February","quarter":"","sourceDataset":"CSDB","updateDate":"2016-01-14T16:25:13.273Z"},{"date":"1993 MAR","value":"136.0","year":"1993","month":"March","quarter":"","sourceDataset":"CSDB","updateDate":"2016-01-14T16:25:13.273Z"},{"date":"1993 APR","value":"136.3","year":"1993","month":"April","quarter":"","sourceDataset":"CSDB","updateDate":"2016-01-14T16:25:13.273Z"},{"date":"1993 MAY","value":"137.6","year":"1993","month":"May","quarter":"","sourceDataset":"CSDB","updateDate":"2016-01-14T16:25:13.273Z"},{"date":"1993 JUN","value":"138.6","year":"1993","month":"June","quarter":"","sourceDataset":"CSDB","updateDate":"2016-01-14T16:25:13.273Z"},{"date":"1993 JUL","value":"138.9","year":"1993","month":"July","quarter":"","sourceDataset":"CSDB","updateDate":"2016-01-14T16:25:13.273Z"},{"date":"1993 AUG","value":"137.1","year":"1993","month":"August","quarter":"","sourceDataset":"CSDB","updateDate":"2016-01-14T16:25:13.273Z"},{"date":"1993 SEP","value":"137.7","year":"1993","month":"September","quarter":"","sourceDataset":"CSDB","updateDate":"2016-01-14T16:25:13.273Z"},{"date":"1993 OCT","value":"133.9","year":"1993","month":"October","quarter":"","sourceDataset":"CSDB","updateDate":"2016-01-14T16:25:13.273Z"},{"date":"1993 NOV","value":"134.8","year":"1993","month":"November","quarter":"","sourceDataset":"CSDB","updateDate":"2016-01-14T16:25:13.273Z"},{"date":"1993 DEC","value":"133.5","year":"1993","month":"December","quarter":"","sourceDataset":"CSDB","updateDate":"2016-01-14T16:25:13.273Z"},{"date":"1994 JAN","value":"134.8","year":"1994","month":"January","quarter":"","sourceDataset":"CSDB","updateDate":"2016-01-14T16:25:13.273Z"},{"date":"1994 FEB","value":"134.5","year":"1994","month":"February","quarter":"","sourceDataset":"CSDB","updateDate":"2016-01-14T16:25:13.273Z"},{"date":"1994 MAR","value":"135.3","year":"1994","month":"March","quarter":"","sourceDataset":"CSDB","updateDate":"2016-01-14T16:25:13.273Z"},{"date":"1994 APR","value":"134.2","year":"1994","month":"April","quarter":"","sourceDataset":"CSDB","updateDate":"2016-01-14T16:25:13.273Z"},{"date":"1994 MAY","value":"134.3","year":"1994","month":"May","quarter":"","sourceDataset":"CSDB","updateDate":"2016-01-14T16:25:13.273Z"},{"date":"1994 JUN","value":"135.4","year":"1994","month":"June","quarter":"","sourceDataset":"CSDB","updateDate":"2016-01-14T16:25:13.273Z"},{"date":"1994 JUL","value":"131.9","year":"1994","month":"July","quarter":"","sourceDataset":"CSDB","updateDate":"2016-01-14T16:25:13.273Z"},{"date":"1994 AUG","value":"131.9","year":"1994","month":"August","quarter":"","sourceDataset":"CSDB","updateDate":"2016-01-14T16:25:13.273Z"},{"date":"1994 SEP","value":"129.7","year":"1994","month":"September","quarter":"","sourceDataset":"CSDB","updateDate":"2016-01-14T16:25:13.273Z"},{"date":"1994 OCT","value":"127.8","year":"1994","month":"October","quarter":"","sourceDataset":"CSDB","updateDate":"2016-01-14T16:25:13.273Z"},{"date":"1994 NOV","value":"130.1","year":"1994","month":"November","quarter":"","sourceDataset":"CSDB","updateDate":"2016-01-14T16:25:13.273Z"},{"date":"1994 DEC","value":"129.6","year":"1994","month":"December","quarter":"","sourceDataset":"CSDB","updateDate":"2016-01-14T16:25:13.273Z"},{"date":"1995 JAN","value":"131.8","year":"1995","month":"January","quarter":"","sourceDataset":"CSDB","updateDate":"2016-01-14T16:25:13.273Z"},{"date":"1995 FEB","value":"132.5","year":"1995","month":"February","quarter":"","sourceDataset":"CSDB","updateDate":"2016-01-14T16:25:13.273Z"},{"date":"1995 MAR","value":"131.8","year":"1995","month":"March","quarter":"","sourceDataset":"CSDB","updateDate":"2016-01-14T16:25:13.273Z"},{"date":"1995 APR","value":"131.5","year":"1995","month":"April","quarter":"","sourceDataset":"CSDB","updateDate":"2016-01-14T16:25:13.273Z"},{"date":"1995 MAY","value":"132.9","year":"1995","month":"May","quarter":"","sourceDataset":"CSDB","updateDate":"2016-01-14T16:25:13.273Z"},{"date":"1995 JUN","value":"133.3","year":"1995","month":"June","quarter":"","sourceDataset":"CSDB","updateDate":"2016-01-14T16:25:13.273Z"},{"date":"1995 JUL","value":"133.5","year":"1995","month":"July","quarter":"","sourceDataset":"CSDB","updateDate":"2016-01-14T16:25:13.273Z"},{"date":"1995 AUG","value":"134.1","year":"1995","month":"August","quarter":"","sourceDataset":"CSDB","updateDate":"2016-01-14T16:25:13.273Z"},{"date":"1995 SEP","value":"134.0","year":"1995","month":"September","quarter":"","sourceDataset":"CSDB","updateDate":"2016-01-14T16:25:13.273Z"},{"date":"1995 OCT","value":"136.5","year":"1995","month":"October","quarter":"","sourceDataset":"CSDB","updateDate":"2016-01-14T16:25:13.273Z"},{"date":"1995 NOV","value":"137.0","year":"1995","month":"November","quarter":"","sourceDataset":"CSDB","updateDate":"2016-01-14T16:25:13.273Z"},{"date":"1995 DEC","value":"135.0","year":"1995","month":"December","quarter":"","sourceDataset":"CSDB","updateDate":"2016-01-14T16:25:13.273Z"},{"date":"1996 JAN","value":"138.6","year":"1996","month":"January","quarter":"","sourceDataset":"CSDB","updateDate":"2016-01-14T16:25:13.274Z"},{"date":"1996 FEB","value":"137.7","year":"1996","month":"February","quarter":"","sourceDataset":"CSDB","updateDate":"2016-01-14T16:25:13.274Z"},{"date":"1996 MAR","value":"138.2","year":"1996","month":"March","quarter":"","sourceDataset":"CSDB","updateDate":"2016-01-14T16:25:13.274Z"},{"date":"1996 APR","value":"134.8","year":"1996","month":"April","quarter":"","sourceDataset":"CSDB","updateDate":"2016-01-14T16:25:13.274Z"},{"date":"1996 MAY","value":"133.4","year":"1996","month":"May","quarter":"","sourceDataset":"CSDB","updateDate":"2016-01-14T16:25:13.274Z"},{"date":"1996 JUN","value":"134.5","year":"1996","month":"June","quarter":"","sourceDataset":"CSDB","updateDate":"2016-01-14T16:25:13.274Z"},{"date":"1996 JUL","value":"132.1","year":"1996","month":"July","quarter":"","sourceDataset":"CSDB","updateDate":"2016-01-14T16:25:13.274Z"},{"date":"1996 AUG","value":"136.9","year":"1996","month":"August","quarter":"","sourceDataset":"CSDB","updateDate":"2016-01-14T16:25:13.274Z"},{"date":"1996 SEP","value":"134.5","year":"1996","month":"September","quarter":"","sourceDataset":"CSDB","updateDate":"2016-01-14T16:25:13.274Z"},{"date":"1996 OCT","value":"132.6","year":"1996","month":"October","quarter":"","sourceDataset":"CSDB","updateDate":"2016-01-14T16:25:13.274Z"},{"date":"1996 NOV","value":"132.0","year":"1996","month":"November","quarter":"","sourceDataset":"CSDB","updateDate":"2016-01-14T16:25:13.274Z"},{"date":"1996 DEC","value":"134.4","year":"1996","month":"December","quarter":"","sourceDataset":"CSDB","updateDate":"2016-01-14T16:25:13.274Z"},{"date":"1997 JAN","value":"132.7","year":"1997","month":"January","quarter":"","sourceDataset":"CSDB","updateDate":"2016-01-14T16:25:13.274Z"},{"date":"1997 FEB","value":"135.5","year":"1997","month":"February","quarter":"","sourceDataset":"CSDB","updateDate":"2016-01-14T16:25:13.274Z"},{"date":"1997 MAR","value":"134.6","year":"1997","month":"March","quarter":"","sourceDataset":"CSDB","updateDate":"2016-01-14T16:25:13.274Z"},{"date":"1997 APR","value":"133.3","year":"1997","month":"April","quarter":"","sourceDataset":"CSDB","updateDate":"2016-01-14T16:25:13.274Z"},{"date":"1997 MAY","value":"134.6","year":"1997","month":"May","quarter":"","sourceDataset":"CSDB","updateDate":"2016-01-14T16:25:13.274Z"},{"date":"1997 JUN","value":"130.7","year":"1997","month":"June","quarter":"","sourceDataset":"CSDB","updateDate":"2016-01-14T16:25:13.274Z"},{"date":"1997 JUL","value":"131.3","year":"1997","month":"July","quarter":"","sourceDataset":"CSDB","updateDate":"2016-01-14T16:25:13.274Z"},{"date":"1997 AUG","value":"129.4","year":"1997","month":"August","quarter":"","sourceDataset":"CSDB","updateDate":"2016-01-14T16:25:13.274Z"},{"date":"1997 SEP","value":"131.8","year":"1997","month":"September","quarter":"","sourceDataset":"CSDB","updateDate":"2016-01-14T16:25:13.274Z"},{"date":"1997 OCT","value":"131.7","year":"1997","month":"October","quarter":"","sourceDataset":"CSDB","updateDate":"2016-01-14T16:25:13.274Z"},{"date":"1997 NOV","value":"130.9","year":"1997","month":"November","quarter":"","sourceDataset":"CSDB","updateDate":"2016-01-14T16:25:13.274Z"},{"date":"1997 DEC","value":"128.7","year":"1997","month":"December","quarter":"","sourceDataset":"CSDB","updateDate":"2016-01-14T16:25:13.274Z"},{"date":"1998 JAN","value":"130.2","year":"1998","month":"January","quarter":"","sourceDataset":"CSDB","updateDate":"2016-01-14T16:25:13.274Z"},{"date":"1998 FEB","value":"130.0","year":"1998","month":"February","quarter":"","sourceDataset":"CSDB","updateDate":"2016-01-14T16:25:13.274Z"},{"date":"1998 MAR","value":"128.9","year":"1998","month":"March","quarter":"","sourceDataset":"CSDB","updateDate":"2016-01-14T16:25:13.274Z"},{"date":"1998 APR","value":"128.6","year":"1998","month":"April","quarter":"","sourceDataset":"CSDB","updateDate":"2016-01-14T16:25:13.274Z"},{"date":"1998 MAY","value":"129.1","year":"1998","month":"May","quarter":"","sourceDataset":"CSDB","updateDate":"2016-01-14T16:25:13.274Z"},{"date":"1998 JUN","value":"128.5","year":"1998","month":"June","quarter":"","sourceDataset":"CSDB","updateDate":"2016-01-14T16:25:13.274Z"},{"date":"1998 JUL","value":"131.5","year":"1998","month":"July","quarter":"","sourceDataset":"CSDB","updateDate":"2016-01-14T16:25:13.274Z"},{"date":"1998 AUG","value":"130.4","year":"1998","month":"August","quarter":"","sourceDataset":"CSDB","updateDate":"2016-01-14T16:25:13.274Z"},{"date":"1998 SEP","value":"129.8","year":"1998","month":"September","quarter":"","sourceDataset":"CSDB","updateDate":"2016-01-14T16:25:13.274Z"},{"date":"1998 OCT","value":"129.6","year":"1998","month":"October","quarter":"","sourceDataset":"CSDB","updateDate":"2016-01-14T16:25:13.274Z"},{"date":"1998 NOV","value":"128.0","year":"1998","month":"November","quarter":"","sourceDataset":"CSDB","updateDate":"2016-01-14T16:25:13.274Z"},{"date":"1998 DEC","value":"129.5","year":"1998","month":"December","quarter":"","sourceDataset":"CSDB","updateDate":"2016-01-14T16:25:13.274Z"},{"date":"1999 JAN","value":"132.6","year":"1999","month":"January","quarter":"","sourceDataset":"CSDB","updateDate":"2016-01-14T16:25:13.274Z"},{"date":"1999 FEB","value":"132.1","year":"1999","month":"February","quarter":"","sourceDataset":"CSDB","updateDate":"2016-01-14T16:25:13.274Z"},{"date":"1999 MAR","value":"132.9","year":"1999","month":"March","quarter":"","sourceDataset":"CSDB","updateDate":"2016-01-14T16:25:13.274Z"},{"date":"1999 APR","value":"132.3","year":"1999","month":"April","quarter":"","sourceDataset":"CSDB","updateDate":"2016-01-14T16:25:13.274Z"},{"date":"1999 MAY","value":"132.7","year":"1999","month":"May","quarter":"","sourceDataset":"CSDB","updateDate":"2016-01-14T16:25:13.274Z"},{"date":"1999 JUN","value":"131.8","year":"1999","month":"June","quarter":"","sourceDataset":"CSDB","updateDate":"2016-01-14T16:25:13.274Z"},{"date":"1999 JUL","value":"133.6","year":"1999","month":"July","quarter":"","sourceDataset":"CSDB","updateDate":"2016-01-14T16:25:13.274Z"},{"date":"1999 AUG","value":"132.9","year":"1999","month":"August","quarter":"","sourceDataset":"CSDB","updateDate":"2016-01-14T16:25:13.274Z"},{"date":"1999 SEP","value":"134.1","year":"1999","month":"September","quarter":"","sourceDataset":"CSDB","updateDate":"2016-01-14T16:25:13.274Z"},{"date":"1999 OCT","value":"132.6","year":"1999","month":"October","quarter":"","sourceDataset":"CSDB","updateDate":"2016-01-14T16:25:13.274Z"},{"date":"1999 NOV","value":"133.8","year":"1999","month":"November","quarter":"","sourceDataset":"CSDB","updateDate":"2016-01-14T16:25:13.274Z"},{"date":"1999 DEC","value":"134.2","year":"1999","month":"December","quarter":"","sourceDataset":"CSDB","updateDate":"2016-01-14T16:25:13.274Z"},{"date":"2000 JAN","value":"134.3","year":"2000","month":"January","quarter":"","sourceDataset":"CSDB","updateDate":"2016-01-14T16:25:13.274Z"},{"date":"2000 FEB","value":"135.6","year":"2000","month":"February","quarter":"","sourceDataset":"CSDB","updateDate":"2016-01-14T16:25:13.274Z"},{"date":"2000 MAR","value":"132.4","year":"2000","month":"March","quarter":"","sourceDataset":"CSDB","updateDate":"2016-01-14T16:25:13.274Z"},{"date":"2000 APR","value":"133.3","year":"2000","month":"April","quarter":"","sourceDataset":"CSDB","updateDate":"2016-01-14T16:25:13.274Z"},{"date":"2000 MAY","value":"133.1","year":"2000","month":"May","quarter":"","sourceDataset":"CSDB","updateDate":"2016-01-14T16:25:13.274Z"},{"date":"2000 JUN","value":"132.1","year":"2000","month":"June","quarter":"","sourceDataset":"CSDB","updateDate":"2016-01-14T16:25:13.274Z"},{"date":"2000 JUL","value":"134.1","year":"2000","month":"July","quarter":"","sourceDataset":"CSDB","updateDate":"2016-01-14T16:25:13.274Z"},{"date":"2000 AUG","value":"132.3","year":"2000","month":"August","quarter":"","sourceDataset":"CSDB","updateDate":"2016-01-14T16:25:13.274Z"},{"date":"2000 SEP","value":"133.3","year":"2000","month":"September","quarter":"","sourceDataset":"CSDB","updateDate":"2016-01-14T16:25:13.274Z"},{"date":"2000 OCT","value":"135.4","year":"2000","month":"October","quarter":"","sourceDataset":"CSDB","updateDate":"2016-01-14T16:25:13.274Z"},{"date":"2000 NOV","value":"132.3","year":"2000","month":"November","quarter":"","sourceDataset":"CSDB","updateDate":"2016-01-14T16:25:13.274Z"},{"date":"2000 DEC","value":"130.3","year":"2000","month":"December","quarter":"","sourceDataset":"CSDB","updateDate":"2016-01-14T16:25:13.274Z"},{"date":"2001 JAN","value":"132.0","year":"2001","month":"January","quarter":"","sourceDataset":"CSDB","updateDate":"2016-01-14T16:25:13.274Z"},{"date":"2001 FEB","value":"133.1","year":"2001","month":"February","quarter":"","sourceDataset":"CSDB","updateDate":"2016-01-14T16:25:13.274Z"},{"date":"2001 MAR","value":"137.5","year":"2001","month":"March","quarter":"","sourceDataset":"CSDB","updateDate":"2016-01-14T16:25:13.274Z"},{"date":"2001 APR","value":"133.7","year":"2001","month":"April","quarter":"","sourceDataset":"CSDB","updateDate":"2016-01-14T16:25:13.274Z"},{"date":"2001 MAY","value":"134.6","year":"2001","month":"May","quarter":"","sourceDataset":"CSDB","updateDate":"2016-01-14T16:25:13.274Z"},{"date":"2001 JUN","value":"135.0","year":"2001","month":"June","quarter":"","sourceDataset":"CSDB","updateDate":"2016-01-14T16:25:13.274Z"},{"date":"2001 JUL","value":"133.8","year":"2001","month":"July","quarter":"","sourceDataset":"CSDB","updateDate":"2016-01-14T16:25:13.274Z"},{"date":"2001 AUG","value":"135.3","year":"2001","month":"August","quarter":"","sourceDataset":"CSDB","updateDate":"2016-01-14T16:25:13.274Z"},{"date":"2001 SEP","value":"131.7","year":"2001","month":"September","quarter":"","sourceDataset":"CSDB","updateDate":"2016-01-14T16:25:13.274Z"},{"date":"2001 OCT","value":"132.8","year":"2001","month":"October","quarter":"","sourceDataset":"CSDB","updateDate":"2016-01-14T16:25:13.274Z"},{"date":"2001 NOV","value":"132.8","year":"2001","month":"November","quarter":"","sourceDataset":"CSDB","updateDate":"2016-01-14T16:25:13.274Z"},{"date":"2001 DEC","value":"131.6","year":"2001","month":"December","quarter":"","sourceDataset":"CSDB","updateDate":"2016-01-14T16:25:13.274Z"},{"date":"2002 JAN","value":"133.7","year":"2002","month":"January","quarter":"","sourceDataset":"CSDB","updateDate":"2016-01-14T16:25:13.274Z"},{"date":"2002 FEB","value":"133.3","year":"2002","month":"February","quarter":"","sourceDataset":"CSDB","updateDate":"2016-01-14T16:25:13.274Z"},{"date":"2002 MAR","value":"133.1","year":"2002","month":"March","quarter":"","sourceDataset":"CSDB","updateDate":"2016-01-14T16:25:13.274Z"},{"date":"2002 APR","value":"132.0","year":"2002","month":"April","quarter":"","sourceDataset":"CSDB","updateDate":"2016-01-14T16:25:13.274Z"},{"date":"2002 MAY","value":"136.5","year":"2002","month":"May","quarter":"","sourceDataset":"CSDB","updateDate":"2016-01-14T16:25:13.274Z"},{"date":"2002 JUN","value":"133.5","year":"2002","month":"June","quarter":"","sourceDataset":"CSDB","updateDate":"2016-01-14T16:25:13.274Z"},{"date":"2002 JUL","value":"132.0","year":"2002","month":"July","quarter":"","sourceDataset":"CSDB","updateDate":"2016-01-14T16:25:13.274Z"},{"date":"2002 AUG","value":"133.3","year":"2002","month":"August","quarter":"","sourceDataset":"CSDB","updateDate":"2016-01-14T16:25:13.274Z"},{"date":"2002 SEP","value":"133.7","year":"2002","month":"September","quarter":"","sourceDataset":"CSDB","updateDate":"2016-01-14T16:25:13.274Z"},{"date":"2002 OCT","value":"132.1","year":"2002","month":"October","quarter":"","sourceDataset":"CSDB","updateDate":"2016-01-14T16:25:13.274Z"},{"date":"2002 NOV","value":"133.3","year":"2002","month":"November","quarter":"","sourceDataset":"CSDB","updateDate":"2016-01-14T16:25:13.274Z"},{"date":"2002 DEC","value":"132.5","year":"2002","month":"December","quarter":"","sourceDataset":"CSDB","updateDate":"2016-01-14T16:25:13.274Z"},{"date":"2003 JAN","value":"131.6","year":"2003","month":"January","quarter":"","sourceDataset":"CSDB","updateDate":"2016-01-14T16:25:13.274Z"},{"date":"2003 FEB","value":"130.6","year":"2003","month":"February","quarter":"","sourceDataset":"CSDB","updateDate":"2016-01-14T16:25:13.274Z"},{"date":"2003 MAR","value":"131.7","year":"2003","month":"March","quarter":"","sourceDataset":"CSDB","updateDate":"2016-01-14T16:25:13.274Z"},{"date":"2003 APR","value":"130.8","year":"2003","month":"April","quarter":"","sourceDataset":"CSDB","updateDate":"2016-01-14T16:25:13.274Z"},{"date":"2003 MAY","value":"132.3","year":"2003","month":"May","quarter":"","sourceDataset":"CSDB","updateDate":"2016-01-14T16:25:13.274Z"},{"date":"2003 JUN","value":"131.2","year":"2003","month":"June","quarter":"","sourceDataset":"CSDB","updateDate":"2016-01-14T16:25:13.274Z"},{"date":"2003 JUL","value":"132.7","year":"2003","month":"July","quarter":"","sourceDataset":"CSDB","updateDate":"2016-01-14T16:25:13.274Z"},{"date":"2003 AUG","value":"130.9","year":"2003","month":"August","quarter":"","sourceDataset":"CSDB","updateDate":"2016-01-14T16:25:13.274Z"},{"date":"2003 SEP","value":"132.0","year":"2003","month":"September","quarter":"","sourceDataset":"CSDB","updateDate":"2016-01-14T16:25:13.274Z"},{"date":"2003 OCT","value":"133.6","year":"2003","month":"October","quarter":"","sourceDataset":"CSDB","updateDate":"2016-01-14T16:25:13.274Z"},{"date":"2003 NOV","value":"132.3","year":"2003","month":"November","quarter":"","sourceDataset":"CSDB","updateDate":"2016-01-14T16:25:13.274Z"},{"date":"2003 DEC","value":"132.7","year":"2003","month":"December","quarter":"","sourceDataset":"CSDB","updateDate":"2016-01-14T16:25:13.274Z"},{"date":"2004 JAN","value":"133.7","year":"2004","month":"January","quarter":"","sourceDataset":"CSDB","updateDate":"2016-01-14T16:25:13.274Z"},{"date":"2004 FEB","value":"134.6","year":"2004","month":"February","quarter":"","sourceDataset":"CSDB","updateDate":"2016-01-14T16:25:13.274Z"},{"date":"2004 MAR","value":"135.3","year":"2004","month":"March","quarter":"","sourceDataset":"CSDB","updateDate":"2016-01-14T16:25:13.274Z"},{"date":"2004 APR","value":"134.3","year":"2004","month":"April","quarter":"","sourceDataset":"CSDB","updateDate":"2016-01-14T16:25:13.274Z"},{"date":"2004 MAY","value":"135.5","year":"2004","month":"May","quarter":"","sourceDataset":"CSDB","updateDate":"2016-01-14T16:25:13.274Z"},{"date":"2004 JUN","value":"134.4","year":"2004","month":"June","quarter":"","sourceDataset":"CSDB","updateDate":"2016-01-14T16:25:13.274Z"},{"date":"2004 JUL","value":"134.9","year":"2004","month":"July","quarter":"","sourceDataset":"CSDB","updateDate":"2016-01-14T16:25:13.274Z"},{"date":"2004 AUG","value":"135.6","year":"2004","month":"August","quarter":"","sourceDataset":"CSDB","updateDate":"2016-01-14T16:25:13.274Z"},{"date":"2004 SEP","value":"134.9","year":"2004","month":"September","quarter":"","sourceDataset":"CSDB","updateDate":"2016-01-14T16:25:13.274Z"},{"date":"2004 OCT","value":"133.5","year":"2004","month":"October","quarter":"","sourceDataset":"CSDB","updateDate":"2016-01-14T16:25:13.274Z"},{"date":"2004 NOV","value":"132.5","year":"2004","month":"November","quarter":"","sourceDataset":"CSDB","updateDate":"2016-01-14T16:25:13.274Z"},{"date":"2004 DEC","value":"132.0","year":"2004","month":"December","quarter":"","sourceDataset":"CSDB","updateDate":"2016-01-14T16:25:13.274Z"},{"date":"2005 JAN","value":"132.9","year":"2005","month":"January","quarter":"","sourceDataset":"CSDB","updateDate":"2016-01-14T16:25:13.274Z"},{"date":"2005 FEB","value":"132.8","year":"2005","month":"February","quarter":"","sourceDataset":"CSDB","updateDate":"2016-01-14T16:25:13.274Z"},{"date":"2005 MAR","value":"132.7","year":"2005","month":"March","quarter":"","sourceDataset":"CSDB","updateDate":"2016-01-14T16:25:13.274Z"},{"date":"2005 APR","value":"131.4","year":"2005","month":"April","quarter":"","sourceDataset":"CSDB","updateDate":"2016-01-14T16:25:13.274Z"},{"date":"2005 MAY","value":"133.9","year":"2005","month":"May","quarter":"","sourceDataset":"CSDB","updateDate":"2016-01-14T16:25:13.274Z"},{"date":"2005 JUN","value":"135.7","year":"2005","month":"June","quarter":"","sourceDataset":"CSDB","updateDate":"2016-01-14T16:25:13.274Z"},{"date":"2005 JUL","value":"135.0","year":"2005","month":"July","quarter":"","sourceDataset":"CSDB","updateDate":"2016-01-14T16:25:13.274Z"},{"date":"2005 AUG","value":"134.4","year":"2005","month":"August","quarter":"","sourceDataset":"CSDB","updateDate":"2016-01-14T16:25:13.274Z"},{"date":"2005 SEP","value":"133.1","year":"2005","month":"September","quarter":"","sourceDataset":"CSDB","updateDate":"2016-01-14T16:25:13.274Z"},{"date":"2005 OCT","value":"131.2","year":"2005","month":"October","quarter":"","sourceDataset":"CSDB","updateDate":"2016-01-14T16:25:13.274Z"},{"date":"2005 NOV","value":"133.0","year":"2005","month":"November","quarter":"","sourceDataset":"CSDB","updateDate":"2016-01-14T16:25:13.274Z"},{"date":"2005 DEC","value":"131.6","year":"2005","month":"December","quarter":"","sourceDataset":"CSDB","updateDate":"2016-01-14T16:25:13.274Z"},{"date":"2006 JAN","value":"133.3","year":"2006","month":"January","quarter":"","sourceDataset":"CSDB","updateDate":"2016-01-14T16:25:13.274Z"},{"date":"2006 FEB","value":"134.2","year":"2006","month":"February","quarter":"","sourceDataset":"CSDB","updateDate":"2016-01-14T16:25:13.274Z"},{"date":"2006 MAR","value":"132.0","year":"2006","month":"March","quarter":"","sourceDataset":"CSDB","updateDate":"2016-01-14T16:25:13.274Z"},{"date":"2006 APR","value":"134.3","year":"2006","month":"April","quarter":"","sourceDataset":"CSDB","updateDate":"2016-01-14T16:25:13.274Z"},{"date":"2006 MAY","value":"137.1","year":"2006","month":"May","quarter":"","sourceDataset":"CSDB","updateDate":"2016-01-14T16:25:13.274Z"},{"date":"2006 JUN","value":"137.3","year":"2006","month":"June","quarter":"","sourceDataset":"CSDB","updateDate":"2016-01-14T16:25:13.274Z"},{"date":"2006 JUL","value":"142.1","year":"2006","month":"July","quarter":"","sourceDataset":"CSDB","updateDate":"2016-01-14T16:25:13.274Z"},{"date":"2006 AUG","value":"140.1","year":"2006","month":"August","quarter":"","sourceDataset":"CSDB","updateDate":"2016-01-14T16:25:13.274Z"},{"date":"2006 SEP","value":"141.7","year":"2006","month":"September","quarter":"","sourceDataset":"CSDB","updateDate":"2016-01-14T16:25:13.274Z"},{"date":"2006 OCT","value":"143.3","year":"2006","month":"October","quarter":"","sourceDataset":"CSDB","updateDate":"2016-01-14T16:25:13.274Z"},{"date":"2006 NOV","value":"142.4","year":"2006","month":"November","quarter":"","sourceDataset":"CSDB","updateDate":"2016-01-14T16:25:13.274Z"},{"date":"2006 DEC","value":"141.7","year":"2006","month":"December","quarter":"","sourceDataset":"CSDB","updateDate":"2016-01-14T16:25:13.274Z"},{"date":"2007 JAN","value":"143.4","year":"2007","month":"January","quarter":"","sourceDataset":"CSDB","updateDate":"2016-01-14T16:25:13.274Z"},{"date":"2007 FEB","value":"141.7","year":"2007","month":"February","quarter":"","sourceDataset":"CSDB","updateDate":"2016-01-14T16:25:13.274Z"},{"date":"2007 MAR","value":"143.1","year":"2007","month":"March","quarter":"","sourceDataset":"CSDB","updateDate":"2016-01-14T16:25:13.274Z"},{"date":"2007 APR","value":"141.7","year":"2007","month":"April","quarter":"","sourceDataset":"CSDB","updateDate":"2016-01-14T16:25:13.274Z"},{"date":"2007 MAY","value":"141.1","year":"2007","month":"May","quarter":"","sourceDataset":"CSDB","updateDate":"2016-01-14T16:25:13.274Z"},{"date":"2007 JUN","value":"142.4","year":"2007","month":"June","quarter":"","sourceDataset":"CSDB","updateDate":"2016-01-14T16:25:13.274Z"},{"date":"2007 JUL","value":"141.4","year":"2007","month":"July","quarter":"","sourceDataset":"CSDB","updateDate":"2016-01-14T16:25:13.274Z"},{"date":"2007 AUG","value":"141.2","year":"2007","month":"August","quarter":"","sourceDataset":"CSDB","updateDate":"2016-01-14T16:25:13.274Z"},{"date":"2007 SEP","value":"139.8","year":"2007","month":"September","quarter":"","sourceDataset":"CSDB","updateDate":"2016-01-14T16:25:13.274Z"},{"date":"2007 OCT","value":"139.6","year":"2007","month":"October","quarter":"","sourceDataset":"CSDB","updateDate":"2016-01-14T16:25:13.274Z"},{"date":"2007 NOV","value":"140.1","year":"2007","month":"November","quarter":"","sourceDataset":"CSDB","updateDate":"2016-01-14T16:25:13.274Z"},{"date":"2007 DEC","value":"140.1","year":"2007","month":"December","quarter":"","sourceDataset":"CSDB","updateDate":"2016-01-14T16:25:13.274Z"},{"date":"2008 JAN","value":"141.2","year":"2008","month":"January","quarter":"","sourceDataset":"CSDB","updateDate":"2016-01-14T16:25:13.274Z"},{"date":"2008 FEB","value":"145.9","year":"2008","month":"February","quarter":"","sourceDataset":"CSDB","updateDate":"2016-01-14T16:25:13.274Z"},{"date":"2008 MAR","value":"148.3","year":"2008","month":"March","quarter":"","sourceDataset":"CSDB","updateDate":"2016-01-14T16:25:13.274Z"},{"date":"2008 APR","value":"154.5","year":"2008","month":"April","quarter":"","sourceDataset":"CSDB","updateDate":"2016-01-14T16:25:13.274Z"},{"date":"2008 MAY","value":"156.5","year":"2008","month":"May","quarter":"","sourceDataset":"CSDB","updateDate":"2016-01-14T16:25:13.274Z"},{"date":"2008 JUN","value":"167.5","year":"2008","month":"June","quarter":"","sourceDataset":"CSDB","updateDate":"2016-01-14T16:25:13.274Z"},{"date":"2008 JUL","value":"169.4","year":"2008","month":"July","quarter":"","sourceDataset":"CSDB","updateDate":"2016-01-14T16:25:13.274Z"},{"date":"2008 AUG","value":"171.0","year":"2008","month":"August","quarter":"","sourceDataset":"CSDB","updateDate":"2016-01-14T16:25:13.274Z"},{"date":"2008 SEP","value":"172.1","year":"2008","month":"September","quarter":"","sourceDataset":"CSDB","updateDate":"2016-01-14T16:25:13.274Z"},{"date":"2008 OCT","value":"169.1","year":"2008","month":"October","quarter":"","sourceDataset":"CSDB","updateDate":"2016-01-14T16:25:13.274Z"},{"date":"2008 NOV","value":"173.5","year":"2008","month":"November","quarter":"","sourceDataset":"CSDB","updateDate":"2016-01-14T16:25:13.274Z"},{"date":"2008 DEC","value":"173.6","year":"2008","month":"December","quarter":"","sourceDataset":"CSDB","updateDate":"2016-01-14T16:25:13.274Z"},{"date":"2009 JAN","value":"173.5","year":"2009","month":"January","quarter":"","sourceDataset":"CSDB","updateDate":"2016-01-14T16:25:13.274Z"},{"date":"2009 FEB","value":"175.9","year":"2009","month":"February","quarter":"","sourceDataset":"CSDB","updateDate":"2016-01-14T16:25:13.274Z"},{"date":"2009 MAR","value":"176.8","year":"2009","month":"March","quarter":"","sourceDataset":"CSDB","updateDate":"2016-01-14T16:25:13.274Z"},{"date":"2009 APR","value":"176.6","year":"2009","month":"April","quarter":"","sourceDataset":"CSDB","updateDate":"2016-01-14T16:25:13.274Z"},{"date":"2009 MAY","value":"175.8","year":"2009","month":"May","quarter":"","sourceDataset":"CSDB","updateDate":"2016-01-14T16:25:13.274Z"},{"date":"2009 JUN","value":"177.5","year":"2009","month":"June","quarter":"","sourceDataset":"CSDB","updateDate":"2016-01-14T16:25:13.274Z"},{"date":"2009 JUL","value":"176.1","year":"2009","month":"July","quarter":"","sourceDataset":"CSDB","updateDate":"2016-01-14T16:25:13.274Z"},{"date":"2009 AUG","value":"175.9","year":"2009","month":"August","quarter":"","sourceDataset":"CSDB","updateDate":"2016-01-14T16:25:13.274Z"},{"date":"2009 SEP","value":"174.0","year":"2009","month":"September","quarter":"","sourceDataset":"CSDB","updateDate":"2016-01-14T16:25:13.274Z"},{"date":"2009 OCT","value":"174.3","year":"2009","month":"October","quarter":"","sourceDataset":"CSDB","updateDate":"2016-01-14T16:25:13.274Z"},{"date":"2009 NOV","value":"174.6","year":"2009","month":"November","quarter":"","sourceDataset":"CSDB","updateDate":"2016-01-14T16:25:13.274Z"},{"date":"2009 DEC","value":"174.4","year":"2009","month":"December","quarter":"","sourceDataset":"CSDB","updateDate":"2016-01-14T16:25:13.274Z"},{"date":"2010 JAN","value":"176.0","year":"2010","month":"January","quarter":"","sourceDataset":"CSDB","updateDate":"2016-01-14T16:25:13.274Z"},{"date":"2010 FEB","value":"175.6","year":"2010","month":"February","quarter":"","sourceDataset":"CSDB","updateDate":"2016-01-14T16:25:13.274Z"},{"date":"2010 MAR","value":"175.6","year":"2010","month":"March","quarter":"","sourceDataset":"CSDB","updateDate":"2016-01-14T16:25:13.274Z"},{"date":"2010 APR","value":"172.9","year":"2010","month":"April","quarter":"","sourceDataset":"CSDB","updateDate":"2016-01-14T16:25:13.274Z"},{"date":"2010 MAY","value":"174.3","year":"2010","month":"May","quarter":"","sourceDataset":"CSDB","updateDate":"2016-01-14T16:25:13.274Z"},{"date":"2010 JUN","value":"175.2","year":"2010","month":"June","quarter":"","sourceDataset":"CSDB","updateDate":"2016-01-14T16:25:13.274Z"},{"date":"2010 JUL","value":"174.6","year":"2010","month":"July","quarter":"","sourceDataset":"CSDB","updateDate":"2016-01-14T16:25:13.274Z"},{"date":"2010 AUG","value":"173.1","year":"2010","month":"August","quarter":"","sourceDataset":"CSDB","updateDate":"2016-01-14T16:25:13.274Z"},{"date":"2010 SEP","value":"173.7","year":"2010","month":"September","quarter":"","sourceDataset":"CSDB","updateDate":"2016-01-14T16:25:13.274Z"},{"date":"2010 OCT","value":"174.2","year":"2010","month":"October","quarter":"","sourceDataset":"CSDB","updateDate":"2016-01-14T16:25:13.274Z"},{"date":"2010 NOV","value":"175.6","year":"2010","month":"November","quarter":"","sourceDataset":"CSDB","updateDate":"2016-01-14T16:25:13.274Z"},{"date":"2010 DEC","value":"174.8","year":"2010","month":"December","quarter":"","sourceDataset":"CSDB","updateDate":"2016-01-14T16:25:13.274Z"},{"date":"2011 JAN","value":"175.4","year":"2011","month":"January","quarter":"","sourceDataset":"CSDB","updateDate":"2016-01-14T16:25:13.274Z"},{"date":"2011 FEB","value":"177.3","year":"2011","month":"February","quarter":"","sourceDataset":"CSDB","updateDate":"2016-01-14T16:25:13.274Z"},{"date":"2011 MAR","value":"176.6","year":"2011","month":"March","quarter":"","sourceDataset":"CSDB","updateDate":"2016-01-14T16:25:13.274Z"},{"date":"2011 APR","value":"176.3","year":"2011","month":"April","quarter":"","sourceDataset":"CSDB","updateDate":"2016-01-14T16:25:13.274Z"},{"date":"2011 MAY","value":"174.9","year":"2011","month":"May","quarter":"","sourceDataset":"CSDB","updateDate":"2016-01-14T16:25:13.274Z"},{"date":"2011 JUN","value":"181.1","year":"2011","month":"June","quarter":"","sourceDataset":"CSDB","updateDate":"2016-01-14T16:25:13.274Z"},{"date":"2011 JUL","value":"181.4","year":"2011","month":"July","quarter":"","sourceDataset":"CSDB","updateDate":"2016-01-14T16:25:13.274Z"},{"date":"2011 AUG","value":"183.8","year":"2011","month":"August","quarter":"","sourceDataset":"CSDB","updateDate":"2016-01-14T16:25:13.274Z"},{"date":"2011 SEP","value":"185.1","year":"2011","month":"September","quarter":"","sourceDataset":"CSDB","updateDate":"2016-01-14T16:25:13.274Z"},{"date":"2011 OCT","value":"185.8","year":"2011","month":"October","quarter":"","sourceDataset":"CSDB","updateDate":"2016-01-14T16:25:13.274Z"},{"date":"2011 NOV","value":"190.6","year":"2011","month":"November","quarter":"","sourceDataset":"CSDB","updateDate":"2016-01-14T16:25:13.274Z"},{"date":"2011 DEC","value":"193.3","year":"2011","month":"December","quarter":"","sourceDataset":"CSDB","updateDate":"2016-01-14T16:25:13.274Z"},{"date":"2012 JAN","value":"195.7","year":"2012","month":"January","quarter":"","sourceDataset":"CSDB","updateDate":"2016-01-14T16:25:13.274Z"},{"date":"2012 FEB","value":"197.9","year":"2012","month":"February","quarter":"","sourceDataset":"CSDB","updateDate":"2016-01-14T16:25:13.274Z"},{"date":"2012 MAR","value":"201.4","year":"2012","month":"March","quarter":"","sourceDataset":"CSDB","updateDate":"2016-01-14T16:25:13.274Z"},{"date":"2012 APR","value":"198.2","year":"2012","month":"April","quarter":"","sourceDataset":"CSDB","updateDate":"2016-01-14T16:25:13.274Z"},{"date":"2012 MAY","value":"203.4","year":"2012","month":"May","quarter":"","sourceDataset":"CSDB","updateDate":"2016-01-14T16:25:13.274Z"},{"date":"2012 JUN","value":"203.8","year":"2012","month":"June","quarter":"","sourceDataset":"CSDB","updateDate":"2016-01-14T16:25:13.274Z"},{"date":"2012 JUL","value":"200.4","year":"2012","month":"July","quarter":"","sourceDataset":"CSDB","updateDate":"2016-01-14T16:25:13.274Z"},{"date":"2012 AUG","value":"202.4","year":"2012","month":"August","quarter":"","sourceDataset":"CSDB","updateDate":"2016-01-14T16:25:13.274Z"},{"date":"2012 SEP","value":"203.0","year":"2012","month":"September","quarter":"","sourceDataset":"CSDB","updateDate":"2016-01-14T16:25:13.274Z"},{"date":"2012 OCT","value":"204.3","year":"2012","month":"October","quarter":"","sourceDataset":"CSDB","updateDate":"2016-01-14T16:25:13.274Z"},{"date":"2012 NOV","value":"203.8","year":"2012","month":"November","quarter":"","sourceDataset":"CSDB","updateDate":"2016-01-14T16:25:13.274Z"},{"date":"2012 DEC","value":"206.5","year":"2012","month":"December","quarter":"","sourceDataset":"CSDB","updateDate":"2016-01-14T16:25:13.274Z"},{"date":"2013 JAN","value":"203.8","year":"2013","month":"January","quarter":"","sourceDataset":"CSDB","updateDate":"2016-01-14T16:25:13.274Z"},{"date":"2013 FEB","value":"208.1","year":"2013","month":"February","quarter":"","sourceDataset":"CSDB","updateDate":"2016-01-14T16:25:13.274Z"},{"date":"2013 MAR","value":"205.6","year":"2013","month":"March","quarter":"","sourceDataset":"CSDB","updateDate":"2016-01-14T16:25:13.274Z"},{"date":"2013 APR","value":"209.4","year":"2013","month":"April","quarter":"","sourceDataset":"CSDB","updateDate":"2016-01-14T16:25:13.274Z"},{"date":"2013 MAY","value":"208.7","year":"2013","month":"May","quarter":"","sourceDataset":"CSDB","updateDate":"2016-01-14T16:25:13.274Z"},{"date":"2013 JUN","value":"212.9","year":"2013","month":"June","quarter":"","sourceDataset":"CSDB","updateDate":"2016-01-14T16:25:13.274Z"},{"date":"2013 JUL","value":"217.1","year":"2013","month":"July","quarter":"","sourceDataset":"CSDB","updateDate":"2016-01-14T16:25:13.274Z"},{"date":"2013 AUG","value":"214.9","year":"2013","month":"August","quarter":"","sourceDataset":"CSDB","updateDate":"2016-01-14T16:25:13.274Z"},{"date":"2013 SEP","value":"220.8","year":"2013","month":"September","quarter":"","sourceDataset":"CSDB","updateDate":"2016-01-14T16:25:13.274Z"},{"date":"2013 OCT","value":"219.2","year":"2013","month":"October","quarter":"","sourceDataset":"CSDB","updateDate":"2016-01-14T16:25:13.274Z"},{"date":"2013 NOV","value":"220.9","year":"2013","month":"November","quarter":"","sourceDataset":"CSDB","updateDate":"2016-01-14T16:25:13.274Z"},{"date":"2013 DEC","value":"219.7","year":"2013","month":"December","quarter":"","sourceDataset":"CSDB","updateDate":"2016-01-14T16:25:13.274Z"},{"date":"2014 JAN","value":"219.0","year":"2014","month":"January","quarter":"","sourceDataset":"CSDB","updateDate":"2016-01-14T16:25:13.274Z"},{"date":"2014 FEB","value":"219.1","year":"2014","month":"February","quarter":"","sourceDataset":"CSDB","updateDate":"2016-01-14T16:25:13.274Z"},{"date":"2014 MAR","value":"221.2","year":"2014","month":"March","quarter":"","sourceDataset":"CSDB","updateDate":"2016-01-14T16:25:13.274Z"},{"date":"2014 APR","value":"217.6","year":"2014","month":"April","quarter":"","sourceDataset":"CSDB","updateDate":"2016-01-14T16:25:13.274Z"},{"date":"2014 MAY","value":"219.3","year":"2014","month":"May","quarter":"","sourceDataset":"CSDB","updateDate":"2016-01-14T16:25:13.274Z"},{"date":"2014 JUN","value":"220.4","year":"2014","month":"June","quarter":"","sourceDataset":"CSDB","updateDate":"2016-01-14T16:25:13.274Z"},{"date":"2014 JUL","value":"221.0","year":"2014","month":"July","quarter":"","sourceDataset":"CSDB","updateDate":"2016-01-14T16:25:13.274Z"},{"date":"2014 AUG","value":"217.9","year":"2014","month":"August","quarter":"","sourceDataset":"CSDB","updateDate":"2016-01-14T16:25:13.274Z"},{"date":"2014 SEP","value":"218.8","year":"2014","month":"September","quarter":"","sourceDataset":"CSDB","updateDate":"2016-01-14T16:25:13.274Z"},{"date":"2014 OCT","value":"217.6","year":"2014","month":"October","quarter":"","sourceDataset":"CSDB","updateDate":"2016-01-14T16:25:13.274Z"},{"date":"2014 NOV","value":"218.8","year":"2014","month":"November","quarter":"","sourceDataset":"CSDB","updateDate":"2016-01-14T16:25:13.274Z"},{"date":"2014 DEC","value":"218.5","year":"2014","month":"December","quarter":"","sourceDataset":"CSDB","updateDate":"2016-01-14T16:25:13.274Z"},{"date":"2015 JAN","value":"221.7","year":"2015","month":"January","quarter":"","sourceDataset":"CSDB","updateDate":"2016-01-14T16:25:13.274Z"},{"date":"2015 FEB","value":"222.7","year":"2015","month":"February","quarter":"","sourceDataset":"CSDB","updateDate":"2016-01-14T16:25:13.274Z"},{"date":"2015 MAR","value":"219.3","year":"2015","month":"March","quarter":"","sourceDataset":"CSDB","updateDate":"2016-01-14T16:25:13.274Z"},{"date":"2015 APR","value":"218.3","year":"2015","month":"April","quarter":"","sourceDataset":"CSDB","updateDate":"2016-01-14T16:25:13.274Z"},{"date":"2015 MAY","value":"219.4","year":"2015","month":"May","quarter":"","sourceDataset":"CSDB","updateDate":"2016-01-14T16:25:13.274Z"},{"date":"2015 JUN","value":"219.2","year":"2015","month":"June","quarter":"","sourceDataset":"CSDB","updateDate":"2016-01-14T16:25:13.274Z"},{"date":"2015 JUL","value":"217.5","year":"2015","month":"July","quarter":"","sourceDataset":"CSDB","updateDate":"2016-01-14T16:25:13.274Z"},{"date":"2015 AUG","value":"215.3","year":"2015","month":"August","quarter":"","sourceDataset":"CSDB","updateDate":"2016-01-22T20:07:43.493Z"}],"sourceDatasets":["CSDB"],"relatedDatasets":[{"uri":"/businessindustryandtrade/changestobusiness/bankruptcyinsolvency/datasets/carlsxmasrelease/2015"},{"uri":"/businessindustryandtrade/changestobusiness/bankruptcyinsolvency/datasets/wahasaqewqeqwe/2015"},{"uri":"/businessindustryandtrade/changestobusiness/bankruptcyinsolvency/datasets/releaseisreleaseygyug/2015"},{"uri":"/businessindustryandtrade/changestobusiness/bankruptcyinsolvency/datasets/releaseisreleaseadffd/2015"},{"uri":"/businessindustryandtrade/changestobusiness/bankruptcyinsolvency/datasets/pageunencrypted/2015"}],"relatedDocuments":[],"versions":[{"uri":"/businessindustryandtrade/changestobusiness/bankruptcyinsolvency/timeseries/doad/previous/v1","updateDate":"2016-01-26T00:00:00.000Z","correctionNotice":"","label":"v1"}],"type":"timeseries","description":{"title":"RPI: food: beef (Jan 1987\u003d100)                                          ","contact":{"email":"","name":"","telephone":""},"releaseDate":"2016-01-28T00:00:00.000Z","nextRelease":"","cdid":"DOAD","unit":"","preUnit":"","source":"","seasonalAdjustment":"NSA","date":"2015 AUG","number":"215.3"}}