{"years":[{"date":"1985","value":"484460","year":"1985","month":"","quarter":"","sourceDataset":"CSDB10","updateDate":"2016-01-28T09:29:38.379Z"},{"date":"1986","value":"513783","year":"1986","month":"","quarter":"","sourceDataset":"CSDB10","updateDate":"2016-01-28T09:29:38.379Z"},{"date":"1987","value":"539903","year":"1987","month":"","quarter":"","sourceDataset":"CSDB10","updateDate":"2016-01-28T09:29:38.379Z"},{"date":"1988","value":"579309","year":"1988","month":"","quarter":"","sourceDataset":"CSDB10","updateDate":"2016-01-28T09:29:38.379Z"},{"date":"1989","value":"602349","year":"1989","month":"","quarter":"","sourceDataset":"CSDB10","updateDate":"2016-01-28T09:29:38.379Z"},{"date":"1990","value":"607426","year":"1990","month":"","quarter":"","sourceDataset":"CSDB10","updateDate":"2016-01-28T09:29:38.379Z"},{"date":"1991","value":"601356","year":"1991","month":"","quarter":"","sourceDataset":"CSDB10","updateDate":"2016-01-28T09:29:38.379Z"},{"date":"1992","value":"607168","year":"1992","month":"","quarter":"","sourceDataset":"CSDB10","updateDate":"2016-01-28T09:29:38.379Z"},{"date":"1993","value":"627918","year":"1993","month":"","quarter":"","sourceDataset":"CSDB10","updateDate":"2016-01-28T09:29:38.379Z"},{"date":"1994","value":"646615","year":"1994","month":"","quarter":"","sourceDataset":"CSDB10","updateDate":"2016-01-28T09:29:38.379Z"},{"date":"1995","value":"662542","year":"1995","month":"","quarter":"","sourceDataset":"CSDB10","updateDate":"2016-01-28T09:29:38.379Z"},{"date":"1996","value":"690754","year":"1996","month":"","quarter":"","sourceDataset":"CSDB10","updateDate":"2016-01-28T09:29:38.379Z"},{"date":"1997","value":"720201","year":"1997","month":"","quarter":"","sourceDataset":"CSDB10","updateDate":"2016-01-28T09:29:38.379Z"},{"date":"1998","value":"749406","year":"1998","month":"","quarter":"","sourceDataset":"CSDB10","updateDate":"2016-01-28T09:29:38.379Z"},{"date":"1999","value":"782984","year":"1999","month":"","quarter":"","sourceDataset":"CSDB10","updateDate":"2016-01-28T09:29:38.379Z"},{"date":"2000","value":"822693","year":"2000","month":"","quarter":"","sourceDataset":"CSDB10","updateDate":"2016-01-28T09:29:38.379Z"},{"date":"2001","value":"850012","year":"2001","month":"","quarter":"","sourceDataset":"CSDB10","updateDate":"2016-01-28T09:29:38.379Z"},{"date":"2002","value":"883421","year":"2002","month":"","quarter":"","sourceDataset":"CSDB10","updateDate":"2016-01-28T09:29:38.379Z"},{"date":"2003","value":"916320","year":"2003","month":"","quarter":"","sourceDataset":"CSDB10","updateDate":"2016-01-28T09:29:38.379Z"},{"date":"2004","value":"947560","year":"2004","month":"","quarter":"","sourceDataset":"CSDB10","updateDate":"2016-01-28T09:29:38.379Z"},{"date":"2005","value":"979121","year":"2005","month":"","quarter":"","sourceDataset":"CSDB10","updateDate":"2016-01-28T09:29:38.379Z"},{"date":"2006","value":"999244","year":"2006","month":"","quarter":"","sourceDataset":"CSDB10","updateDate":"2016-01-28T09:29:38.379Z"},{"date":"2007","value":"1028629","year":"2007","month":"","quarter":"","sourceDataset":"CSDB10","updateDate":"2016-01-28T09:29:38.379Z"},{"date":"2008","value":"1024171","year":"2008","month":"","quarter":"","sourceDataset":"CSDB10","updateDate":"2016-01-28T09:29:38.379Z"},{"date":"2009","value":"996186","year":"2009","month":"","quarter":"","sourceDataset":"CSDB10","updateDate":"2016-01-28T09:29:38.379Z"},{"date":"2010","value":"998504","year":"2010","month":"","quarter":"","sourceDataset":"CSDB10","updateDate":"2016-01-28T09:29:38.379Z"},{"date":"2011","value":"999929","year":"2011","month":"","quarter":"","sourceDataset":"CSDB10","updateDate":"2016-01-28T09:29:38.379Z"},{"date":"2012","value":"1018823","year":"2012","month":"","quarter":"","sourceDataset":"CSDB10","updateDate":"2016-01-28T09:29:38.379Z"},{"date":"2013","value":"1040684","year":"2013","month":"","quarter":"","sourceDataset":"CSDB10","updateDate":"2016-01-28T09:29:38.379Z"},{"date":"2014","value":"1065768","year":"2014","month":"","quarter":"","sourceDataset":"CSDB10","updateDate":"2016-01-28T09:29:38.379Z"}],"quarters":[{"date":"1985 Q1","value":"115380","year":"1985","month":"","quarter":"Q1","sourceDataset":"CSDB10","updateDate":"2016-01-28T09:29:38.379Z"},{"date":"1985 Q2","value":"116864","year":"1985","month":"","quarter":"Q2","sourceDataset":"CSDB10","updateDate":"2016-01-28T09:29:38.379Z"},{"date":"1985 Q3","value":"122671","year":"1985","month":"","quarter":"Q3","sourceDataset":"CSDB10","updateDate":"2016-01-28T09:29:38.379Z"},{"date":"1985 Q4","value":"129545","year":"1985","month":"","quarter":"Q4","sourceDataset":"CSDB10","updateDate":"2016-01-28T09:29:38.379Z"},{"date":"1986 Q1","value":"121908","year":"1986","month":"","quarter":"Q1","sourceDataset":"CSDB10","updateDate":"2016-01-28T09:29:38.379Z"},{"date":"1986 Q2","value":"124773","year":"1986","month":"","quarter":"Q2","sourceDataset":"CSDB10","updateDate":"2016-01-28T09:29:38.379Z"},{"date":"1986 Q3","value":"129766","year":"1986","month":"","quarter":"Q3","sourceDataset":"CSDB10","updateDate":"2016-01-28T09:29:38.379Z"},{"date":"1986 Q4","value":"137336","year":"1986","month":"","quarter":"Q4","sourceDataset":"CSDB10","updateDate":"2016-01-28T09:29:38.379Z"},{"date":"1987 Q1","value":"126539","year":"1987","month":"","quarter":"Q1","sourceDataset":"CSDB10","updateDate":"2016-01-28T09:29:38.379Z"},{"date":"1987 Q2","value":"129683","year":"1987","month":"","quarter":"Q2","sourceDataset":"CSDB10","updateDate":"2016-01-28T09:29:38.379Z"},{"date":"1987 Q3","value":"137827","year":"1987","month":"","quarter":"Q3","sourceDataset":"CSDB10","updateDate":"2016-01-28T09:29:38.379Z"},{"date":"1987 Q4","value":"145854","year":"1987","month":"","quarter":"Q4","sourceDataset":"CSDB10","updateDate":"2016-01-28T09:29:38.379Z"},{"date":"1988 Q1","value":"136221","year":"1988","month":"","quarter":"Q1","sourceDataset":"CSDB10","updateDate":"2016-01-28T09:29:38.379Z"},{"date":"1988 Q2","value":"139133","year":"1988","month":"","quarter":"Q2","sourceDataset":"CSDB10","updateDate":"2016-01-28T09:29:38.379Z"},{"date":"1988 Q3","value":"148124","year":"1988","month":"","quarter":"Q3","sourceDataset":"CSDB10","updateDate":"2016-01-28T09:29:38.379Z"},{"date":"1988 Q4","value":"155831","year":"1988","month":"","quarter":"Q4","sourceDataset":"CSDB10","updateDate":"2016-01-28T09:29:38.379Z"},{"date":"1989 Q1","value":"143229","year":"1989","month":"","quarter":"Q1","sourceDataset":"CSDB10","updateDate":"2016-01-28T09:29:38.379Z"},{"date":"1989 Q2","value":"146712","year":"1989","month":"","quarter":"Q2","sourceDataset":"CSDB10","updateDate":"2016-01-28T09:29:38.379Z"},{"date":"1989 Q3","value":"152998","year":"1989","month":"","quarter":"Q3","sourceDataset":"CSDB10","updateDate":"2016-01-28T09:29:38.379Z"},{"date":"1989 Q4","value":"159410","year":"1989","month":"","quarter":"Q4","sourceDataset":"CSDB10","updateDate":"2016-01-28T09:29:38.379Z"},{"date":"1990 Q1","value":"145235","year":"1990","month":"","quarter":"Q1","sourceDataset":"CSDB10","updateDate":"2016-01-28T09:29:38.379Z"},{"date":"1990 Q2","value":"148570","year":"1990","month":"","quarter":"Q2","sourceDataset":"CSDB10","updateDate":"2016-01-28T09:29:38.379Z"},{"date":"1990 Q3","value":"154462","year":"1990","month":"","quarter":"Q3","sourceDataset":"CSDB10","updateDate":"2016-01-28T09:29:38.379Z"},{"date":"1990 Q4","value":"159159","year":"1990","month":"","quarter":"Q4","sourceDataset":"CSDB10","updateDate":"2016-01-28T09:29:38.379Z"},{"date":"1991 Q1","value":"145182","year":"1991","month":"","quarter":"Q1","sourceDataset":"CSDB10","updateDate":"2016-01-28T09:29:38.379Z"},{"date":"1991 Q2","value":"145697","year":"1991","month":"","quarter":"Q2","sourceDataset":"CSDB10","updateDate":"2016-01-28T09:29:38.379Z"},{"date":"1991 Q3","value":"152388","year":"1991","month":"","quarter":"Q3","sourceDataset":"CSDB10","updateDate":"2016-01-28T09:29:38.379Z"},{"date":"1991 Q4","value":"158089","year":"1991","month":"","quarter":"Q4","sourceDataset":"CSDB10","updateDate":"2016-01-28T09:29:38.379Z"},{"date":"1992 Q1","value":"144211","year":"1992","month":"","quarter":"Q1","sourceDataset":"CSDB10","updateDate":"2016-01-28T09:29:38.379Z"},{"date":"1992 Q2","value":"147415","year":"1992","month":"","quarter":"Q2","sourceDataset":"CSDB10","updateDate":"2016-01-28T09:29:38.379Z"},{"date":"1992 Q3","value":"155369","year":"1992","month":"","quarter":"Q3","sourceDataset":"CSDB10","updateDate":"2016-01-28T09:29:38.379Z"},{"date":"1992 Q4","value":"160173","year":"1992","month":"","quarter":"Q4","sourceDataset":"CSDB10","updateDate":"2016-01-28T09:29:38.379Z"},{"date":"1993 Q1","value":"150123","year":"1993","month":"","quarter":"Q1","sourceDataset":"CSDB10","updateDate":"2016-01-28T09:29:38.379Z"},{"date":"1993 Q2","value":"150665","year":"1993","month":"","quarter":"Q2","sourceDataset":"CSDB10","updateDate":"2016-01-28T09:29:38.379Z"},{"date":"1993 Q3","value":"160938","year":"1993","month":"","quarter":"Q3","sourceDataset":"CSDB10","updateDate":"2016-01-28T09:29:38.379Z"},{"date":"1993 Q4","value":"166192","year":"1993","month":"","quarter":"Q4","sourceDataset":"CSDB10","updateDate":"2016-01-28T09:29:38.379Z"},{"date":"1994 Q1","value":"154566","year":"1994","month":"","quarter":"Q1","sourceDataset":"CSDB10","updateDate":"2016-01-28T09:29:38.379Z"},{"date":"1994 Q2","value":"156312","year":"1994","month":"","quarter":"Q2","sourceDataset":"CSDB10","updateDate":"2016-01-28T09:29:38.379Z"},{"date":"1994 Q3","value":"165511","year":"1994","month":"","quarter":"Q3","sourceDataset":"CSDB10","updateDate":"2016-01-28T09:29:38.379Z"},{"date":"1994 Q4","value":"170226","year":"1994","month":"","quarter":"Q4","sourceDataset":"CSDB10","updateDate":"2016-01-28T09:29:38.379Z"},{"date":"1995 Q1","value":"157650","year":"1995","month":"","quarter":"Q1","sourceDataset":"CSDB10","updateDate":"2016-01-28T09:29:38.379Z"},{"date":"1995 Q2","value":"160097","year":"1995","month":"","quarter":"Q2","sourceDataset":"CSDB10","updateDate":"2016-01-28T09:29:38.379Z"},{"date":"1995 Q3","value":"169208","year":"1995","month":"","quarter":"Q3","sourceDataset":"CSDB10","updateDate":"2016-01-28T09:29:38.379Z"},{"date":"1995 Q4","value":"175587","year":"1995","month":"","quarter":"Q4","sourceDataset":"CSDB10","updateDate":"2016-01-28T09:29:38.379Z"},{"date":"1996 Q1","value":"163766","year":"1996","month":"","quarter":"Q1","sourceDataset":"CSDB10","updateDate":"2016-01-28T09:29:38.379Z"},{"date":"1996 Q2","value":"167589","year":"1996","month":"","quarter":"Q2","sourceDataset":"CSDB10","updateDate":"2016-01-28T09:29:38.379Z"},{"date":"1996 Q3","value":"176537","year":"1996","month":"","quarter":"Q3","sourceDataset":"CSDB10","updateDate":"2016-01-28T09:29:38.379Z"},{"date":"1996 Q4","value":"182862","year":"1996","month":"","quarter":"Q4","sourceDataset":"CSDB10","updateDate":"2016-01-28T09:29:38.379Z"},{"date":"1997 Q1","value":"172912","year":"1997","month":"","quarter":"Q1","sourceDataset":"CSDB10","updateDate":"2016-01-28T09:29:38.379Z"},{"date":"1997 Q2","value":"176104","year":"1997","month":"","quarter":"Q2","sourceDataset":"CSDB10","updateDate":"2016-01-28T09:29:38.379Z"},{"date":"1997 Q3","value":"183119","year":"1997","month":"","quarter":"Q3","sourceDataset":"CSDB10","updateDate":"2016-01-28T09:29:38.379Z"},{"date":"1997 Q4","value":"188066","year":"1997","month":"","quarter":"Q4","sourceDataset":"CSDB10","updateDate":"2016-01-28T09:29:38.379Z"},{"date":"1998 Q1","value":"178054","year":"1998","month":"","quarter":"Q1","sourceDataset":"CSDB10","updateDate":"2016-01-28T09:29:38.379Z"},{"date":"1998 Q2","value":"182680","year":"1998","month":"","quarter":"Q2","sourceDataset":"CSDB10","updateDate":"2016-01-28T09:29:38.379Z"},{"date":"1998 Q3","value":"191212","year":"1998","month":"","quarter":"Q3","sourceDataset":"CSDB10","updateDate":"2016-01-28T09:29:38.379Z"},{"date":"1998 Q4","value":"197460","year":"1998","month":"","quarter":"Q4","sourceDataset":"CSDB10","updateDate":"2016-01-28T09:29:38.379Z"},{"date":"1999 Q1","value":"187790","year":"1999","month":"","quarter":"Q1","sourceDataset":"CSDB10","updateDate":"2016-01-28T09:29:38.379Z"},{"date":"1999 Q2","value":"190808","year":"1999","month":"","quarter":"Q2","sourceDataset":"CSDB10","updateDate":"2016-01-28T09:29:38.379Z"},{"date":"1999 Q3","value":"197973","year":"1999","month":"","quarter":"Q3","sourceDataset":"CSDB10","updateDate":"2016-01-28T09:29:38.379Z"},{"date":"1999 Q4","value":"206413","year":"1999","month":"","quarter":"Q4","sourceDataset":"CSDB10","updateDate":"2016-01-28T09:29:38.379Z"},{"date":"2000 Q1","value":"198079","year":"2000","month":"","quarter":"Q1","sourceDataset":"CSDB10","updateDate":"2016-01-28T09:29:38.379Z"},{"date":"2000 Q2","value":"201011","year":"2000","month":"","quarter":"Q2","sourceDataset":"CSDB10","updateDate":"2016-01-28T09:29:38.379Z"},{"date":"2000 Q3","value":"206900","year":"2000","month":"","quarter":"Q3","sourceDataset":"CSDB10","updateDate":"2016-01-28T09:29:38.379Z"},{"date":"2000 Q4","value":"216703","year":"2000","month":"","quarter":"Q4","sourceDataset":"CSDB10","updateDate":"2016-01-28T09:29:38.379Z"},{"date":"2001 Q1","value":"204246","year":"2001","month":"","quarter":"Q1","sourceDataset":"CSDB10","updateDate":"2016-01-28T09:29:38.379Z"},{"date":"2001 Q2","value":"207602","year":"2001","month":"","quarter":"Q2","sourceDataset":"CSDB10","updateDate":"2016-01-28T09:29:38.379Z"},{"date":"2001 Q3","value":"213947","year":"2001","month":"","quarter":"Q3","sourceDataset":"CSDB10","updateDate":"2016-01-28T09:29:38.379Z"},{"date":"2001 Q4","value":"224217","year":"2001","month":"","quarter":"Q4","sourceDataset":"CSDB10","updateDate":"2016-01-28T09:29:38.379Z"},{"date":"2002 Q1","value":"212436","year":"2002","month":"","quarter":"Q1","sourceDataset":"CSDB10","updateDate":"2016-01-28T09:29:38.379Z"},{"date":"2002 Q2","value":"217218","year":"2002","month":"","quarter":"Q2","sourceDataset":"CSDB10","updateDate":"2016-01-28T09:29:38.379Z"},{"date":"2002 Q3","value":"221045","year":"2002","month":"","quarter":"Q3","sourceDataset":"CSDB10","updateDate":"2016-01-28T09:29:38.379Z"},{"date":"2002 Q4","value":"232722","year":"2002","month":"","quarter":"Q4","sourceDataset":"CSDB10","updateDate":"2016-01-28T09:29:38.379Z"},{"date":"2003 Q1","value":"217884","year":"2003","month":"","quarter":"Q1","sourceDataset":"CSDB10","updateDate":"2016-01-28T09:29:38.379Z"},{"date":"2003 Q2","value":"226038","year":"2003","month":"","quarter":"Q2","sourceDataset":"CSDB10","updateDate":"2016-01-28T09:29:38.379Z"},{"date":"2003 Q3","value":"231120","year":"2003","month":"","quarter":"Q3","sourceDataset":"CSDB10","updateDate":"2016-01-28T09:29:38.379Z"},{"date":"2003 Q4","value":"241278","year":"2003","month":"","quarter":"Q4","sourceDataset":"CSDB10","updateDate":"2016-01-28T09:29:38.379Z"},{"date":"2004 Q1","value":"226500","year":"2004","month":"","quarter":"Q1","sourceDataset":"CSDB10","updateDate":"2016-01-28T09:29:38.379Z"},{"date":"2004 Q2","value":"233526","year":"2004","month":"","quarter":"Q2","sourceDataset":"CSDB10","updateDate":"2016-01-28T09:29:38.379Z"},{"date":"2004 Q3","value":"237555","year":"2004","month":"","quarter":"Q3","sourceDataset":"CSDB10","updateDate":"2016-01-28T09:29:38.379Z"},{"date":"2004 Q4","value":"249979","year":"2004","month":"","quarter":"Q4","sourceDataset":"CSDB10","updateDate":"2016-01-28T09:29:38.379Z"},{"date":"2005 Q1","value":"235437","year":"2005","month":"","quarter":"Q1","sourceDataset":"CSDB10","updateDate":"2016-01-28T09:29:38.379Z"},{"date":"2005 Q2","value":"240508","year":"2005","month":"","quarter":"Q2","sourceDataset":"CSDB10","updateDate":"2016-01-28T09:29:38.379Z"},{"date":"2005 Q3","value":"244959","year":"2005","month":"","quarter":"Q3","sourceDataset":"CSDB10","updateDate":"2016-01-28T09:29:38.379Z"},{"date":"2005 Q4","value":"258217","year":"2005","month":"","quarter":"Q4","sourceDataset":"CSDB10","updateDate":"2016-01-28T09:29:38.379Z"},{"date":"2006 Q1","value":"239522","year":"2006","month":"","quarter":"Q1","sourceDataset":"CSDB10","updateDate":"2016-01-28T09:29:38.379Z"},{"date":"2006 Q2","value":"247052","year":"2006","month":"","quarter":"Q2","sourceDataset":"CSDB10","updateDate":"2016-01-28T09:29:38.379Z"},{"date":"2006 Q3","value":"251405","year":"2006","month":"","quarter":"Q3","sourceDataset":"CSDB10","updateDate":"2016-01-28T09:29:38.379Z"},{"date":"2006 Q4","value":"261265","year":"2006","month":"","quarter":"Q4","sourceDataset":"CSDB10","updateDate":"2016-01-28T09:29:38.379Z"},{"date":"2007 Q1","value":"245721","year":"2007","month":"","quarter":"Q1","sourceDataset":"CSDB10","updateDate":"2016-01-28T09:29:38.379Z"},{"date":"2007 Q2","value":"251611","year":"2007","month":"","quarter":"Q2","sourceDataset":"CSDB10","updateDate":"2016-01-28T09:29:38.379Z"},{"date":"2007 Q3","value":"259272","year":"2007","month":"","quarter":"Q3","sourceDataset":"CSDB10","updateDate":"2016-01-28T09:29:38.379Z"},{"date":"2007 Q4","value":"272025","year":"2007","month":"","quarter":"Q4","sourceDataset":"CSDB10","updateDate":"2016-01-28T09:29:38.379Z"},{"date":"2008 Q1","value":"252699","year":"2008","month":"","quarter":"Q1","sourceDataset":"CSDB10","updateDate":"2016-01-28T09:29:38.379Z"},{"date":"2008 Q2","value":"255499","year":"2008","month":"","quarter":"Q2","sourceDataset":"CSDB10","updateDate":"2016-01-28T09:29:38.379Z"},{"date":"2008 Q3","value":"254895","year":"2008","month":"","quarter":"Q3","sourceDataset":"CSDB10","updateDate":"2016-01-28T09:29:38.379Z"},{"date":"2008 Q4","value":"261078","year":"2008","month":"","quarter":"Q4","sourceDataset":"CSDB10","updateDate":"2016-01-28T09:29:38.379Z"},{"date":"2009 Q1","value":"243796","year":"2009","month":"","quarter":"Q1","sourceDataset":"CSDB10","updateDate":"2016-01-28T09:29:38.379Z"},{"date":"2009 Q2","value":"243934","year":"2009","month":"","quarter":"Q2","sourceDataset":"CSDB10","updateDate":"2016-01-28T09:29:38.379Z"},{"date":"2009 Q3","value":"248966","year":"2009","month":"","quarter":"Q3","sourceDataset":"CSDB10","updateDate":"2016-01-28T09:29:38.379Z"},{"date":"2009 Q4","value":"259490","year":"2009","month":"","quarter":"Q4","sourceDataset":"CSDB10","updateDate":"2016-01-28T09:29:38.379Z"},{"date":"2010 Q1","value":"241232","year":"2010","month":"","quarter":"Q1","sourceDataset":"CSDB10","updateDate":"2016-01-28T09:29:38.379Z"},{"date":"2010 Q2","value":"247289","year":"2010","month":"","quarter":"Q2","sourceDataset":"CSDB10","updateDate":"2016-01-28T09:29:38.379Z"},{"date":"2010 Q3","value":"250122","year":"2010","month":"","quarter":"Q3","sourceDataset":"CSDB10","updateDate":"2016-01-28T09:29:38.379Z"},{"date":"2010 Q4","value":"259861","year":"2010","month":"","quarter":"Q4","sourceDataset":"CSDB10","updateDate":"2016-01-28T09:29:38.379Z"},{"date":"2011 Q1","value":"242846","year":"2011","month":"","quarter":"Q1","sourceDataset":"CSDB10","updateDate":"2016-01-28T09:29:38.379Z"},{"date":"2011 Q2","value":"246134","year":"2011","month":"","quarter":"Q2","sourceDataset":"CSDB10","updateDate":"2016-01-28T09:29:38.379Z"},{"date":"2011 Q3","value":"250045","year":"2011","month":"","quarter":"Q3","sourceDataset":"CSDB10","updateDate":"2016-01-28T09:29:38.379Z"},{"date":"2011 Q4","value":"260904","year":"2011","month":"","quarter":"Q4","sourceDataset":"CSDB10","updateDate":"2016-01-28T09:29:38.379Z"},{"date":"2012 Q1","value":"247060","year":"2012","month":"","quarter":"Q1","sourceDataset":"CSDB10","updateDate":"2016-01-28T09:29:38.379Z"},{"date":"2012 Q2","value":"250311","year":"2012","month":"","quarter":"Q2","sourceDataset":"CSDB10","updateDate":"2016-01-28T09:29:38.379Z"},{"date":"2012 Q3","value":"255019","year":"2012","month":"","quarter":"Q3","sourceDataset":"CSDB10","updateDate":"2016-01-28T09:29:38.379Z"},{"date":"2012 Q4","value":"266433","year":"2012","month":"","quarter":"Q4","sourceDataset":"CSDB10","updateDate":"2016-01-28T09:29:38.379Z"},{"date":"2013 Q1","value":"253002","year":"2013","month":"","quarter":"Q1","sourceDataset":"CSDB10","updateDate":"2016-01-28T09:29:38.379Z"},{"date":"2013 Q2","value":"254759","year":"2013","month":"","quarter":"Q2","sourceDataset":"CSDB10","updateDate":"2016-01-28T09:29:38.379Z"},{"date":"2013 Q3","value":"260964","year":"2013","month":"","quarter":"Q3","sourceDataset":"CSDB10","updateDate":"2016-01-28T09:29:38.379Z"},{"date":"2013 Q4","value":"271959","year":"2013","month":"","quarter":"Q4","sourceDataset":"CSDB10","updateDate":"2016-01-28T09:29:38.379Z"},{"date":"2014 Q1","value":"257068","year":"2014","month":"","quarter":"Q1","sourceDataset":"CSDB10","updateDate":"2016-01-28T09:29:38.379Z"},{"date":"2014 Q2","value":"262466","year":"2014","month":"","quarter":"Q2","sourceDataset":"CSDB10","updateDate":"2016-01-28T09:29:38.379Z"},{"date":"2014 Q3","value":"268405","year":"2014","month":"","quarter":"Q3","sourceDataset":"CSDB10","updateDate":"2016-01-28T09:29:38.379Z"},{"date":"2014 Q4","value":"277829","year":"2014","month":"","quarter":"Q4","sourceDataset":"CSDB10","updateDate":"2016-01-28T09:29:38.379Z"},{"date":"2015 Q1","value":"264262","year":"2015","month":"","quarter":"Q1","sourceDataset":"CSDB10","updateDate":"2016-01-28T09:29:38.379Z"},{"date":"2015 Q2","value":"268006","year":"2015","month":"","quarter":"Q2","sourceDataset":"CSDB10","updateDate":"2016-01-28T09:29:38.379Z"},{"date":"2015 Q3","value":"274396","year":"2015","month":"","quarter":"Q3","sourceDataset":"CSDB10","updateDate":"2016-01-28T09:29:38.379Z"}],"months":[],"sourceDatasets":["CSDB10"],"relatedDatasets":[{"uri":"/economy/environmentalaccounts/datasets/werwerwerwerwerwr/2015"}],"relatedDocuments":[],"type":"timeseries","description":{"title":"Household final consumption expenditure :Domestic concept CVM NAYear NSA","contact":{"email":"","name":"","telephone":""},"releaseDate":"2016-01-27T00:00:00.000Z","nextRelease":"","cdid":"ABQJ","unit":"","preUnit":"","source":"","seasonalAdjustment":"NSA","date":"2015 Q3","number":"274396"}}