{"years":[{"date":"1987","value":"112","year":"1987","month":"","quarter":"","sourceDataset":"CSDB","updateDate":"2016-01-14T16:25:13.051Z"},{"date":"1988","value":"109","year":"1988","month":"","quarter":"","sourceDataset":"CSDB","updateDate":"2016-01-14T16:25:13.051Z"},{"date":"1989","value":"110","year":"1989","month":"","quarter":"","sourceDataset":"CSDB","updateDate":"2016-01-14T16:25:13.051Z"},{"date":"1990","value":"108","year":"1990","month":"","quarter":"","sourceDataset":"CSDB","updateDate":"2016-01-14T16:25:13.051Z"},{"date":"1991","value":"101","year":"1991","month":"","quarter":"","sourceDataset":"CSDB","updateDate":"2016-01-14T16:25:13.051Z"},{"date":"1992","value":"99","year":"1992","month":"","quarter":"","sourceDataset":"CSDB","updateDate":"2016-01-14T16:25:13.051Z"},{"date":"1993","value":"97","year":"1993","month":"","quarter":"","sourceDataset":"CSDB","updateDate":"2016-01-14T16:25:13.051Z"},{"date":"1994","value":"95","year":"1994","month":"","quarter":"","sourceDataset":"CSDB","updateDate":"2016-01-14T16:25:13.051Z"},{"date":"1995","value":"93","year":"1995","month":"","quarter":"","sourceDataset":"CSDB","updateDate":"2016-01-14T16:25:13.051Z"},{"date":"1996","value":"92","year":"1996","month":"","quarter":"","sourceDataset":"CSDB","updateDate":"2016-01-14T16:25:13.051Z"},{"date":"1997","value":"96","year":"1997","month":"","quarter":"","sourceDataset":"CSDB","updateDate":"2016-01-14T16:25:13.051Z"},{"date":"1998","value":"95","year":"1998","month":"","quarter":"","sourceDataset":"CSDB","updateDate":"2016-01-14T16:25:13.051Z"},{"date":"1999","value":"95","year":"1999","month":"","quarter":"","sourceDataset":"CSDB","updateDate":"2016-01-14T16:25:13.051Z"},{"date":"2000","value":"101","year":"2000","month":"","quarter":"","sourceDataset":"CSDB","updateDate":"2016-01-14T16:25:13.051Z"},{"date":"2001","value":"96","year":"2001","month":"","quarter":"","sourceDataset":"CSDB","updateDate":"2016-01-14T16:25:13.051Z"},{"date":"2002","value":"94","year":"2002","month":"","quarter":"","sourceDataset":"CSDB","updateDate":"2016-01-14T16:25:13.051Z"},{"date":"2003","value":"92","year":"2003","month":"","quarter":"","sourceDataset":"CSDB","updateDate":"2016-01-14T16:25:13.051Z"},{"date":"2004","value":"93","year":"2004","month":"","quarter":"","sourceDataset":"CSDB","updateDate":"2016-01-14T16:25:13.051Z"},{"date":"2005","value":"89","year":"2005","month":"","quarter":"","sourceDataset":"CSDB","updateDate":"2016-01-14T16:25:13.051Z"},{"date":"2006","value":"90","year":"2006","month":"","quarter":"","sourceDataset":"CSDB","updateDate":"2016-01-14T16:25:13.051Z"},{"date":"2007","value":"83","year":"2007","month":"","quarter":"","sourceDataset":"CSDB","updateDate":"2016-01-14T16:25:13.051Z"},{"date":"2008","value":"83","year":"2008","month":"","quarter":"","sourceDataset":"CSDB","updateDate":"2016-01-14T16:25:13.051Z"},{"date":"2009","value":"80","year":"2009","month":"","quarter":"","sourceDataset":"CSDB","updateDate":"2016-01-14T16:25:13.051Z"},{"date":"2010","value":"81","year":"2010","month":"","quarter":"","sourceDataset":"CSDB","updateDate":"2016-01-14T16:25:13.051Z"},{"date":"2011","value":"82","year":"2011","month":"","quarter":"","sourceDataset":"CSDB","updateDate":"2016-01-14T16:25:13.051Z"},{"date":"2012","value":"84","year":"2012","month":"","quarter":"","sourceDataset":"CSDB","updateDate":"2016-01-14T16:25:13.051Z"},{"date":"2013","value":"83","year":"2013","month":"","quarter":"","sourceDataset":"CSDB","updateDate":"2016-01-14T16:25:13.051Z"},{"date":"2014","value":"85","year":"2014","month":"","quarter":"","sourceDataset":"CSDB","updateDate":"2016-01-14T16:25:13.051Z"},{"date":"2015","value":"83","year":"2015","month":"","quarter":"","sourceDataset":"CSDB","updateDate":"2016-01-14T16:25:13.051Z"}],"quarters":[],"months":[],"sourceDatasets":["CSDB"],"relatedDatasets":[{"uri":"/businessindustryandtrade/changestobusiness/bankruptcyinsolvency/datasets/carlsxmasrelease/2015"},{"uri":"/businessindustryandtrade/changestobusiness/bankruptcyinsolvency/datasets/wahasaqewqeqwe/2015"},{"uri":"/businessindustryandtrade/changestobusiness/bankruptcyinsolvency/datasets/releaseisreleaseygyug/2015"},{"uri":"/businessindustryandtrade/changestobusiness/bankruptcyinsolvency/datasets/releaseisreleaseadffd/2015"},{"uri":"/businessindustryandtrade/changestobusiness/bankruptcyinsolvency/datasets/pageunencrypted/2015"}],"relatedDocuments":[],"type":"timeseries","description":{"title":"RPI:Weights (parts per 1000) - Personal Expenditure                     ","contact":{"email":"","name":"","telephone":""},"releaseDate":"2016-01-28T00:00:00.000Z","nextRelease":"","cdid":"CBVY","unit":"","preUnit":"","source":"","seasonalAdjustment":"NSA","date":"2015","number":"83"}}